0 0 0 0 00000000 2
0 0 0 1 00000000 2
0 0 0 2 00000000 2
0 0 0 3 00000000 2
0 0 0 4 00000000 2
0 0 0 5 00000000 2
0 0 0 6 00000000 2
0 0 0 7 00000000 2
0 0 0 8 00000000 2
0 0 0 9 00000000 2
0 0 0 10 00000000 2
0 0 0 11 00000000 2
0 0 0 12 00000000 2
0 0 0 13 00000000 2
0 0 0 14 00000000 2
0 0 0 15 00000000 2
0 0 0 16 00000000 2
0 0 0 17 00000000 2
0 0 0 18 00000000 2
0 0 0 19 00000000 2
0 0 0 20 00000000 2
0 0 0 21 00000000 2
0 0 0 22 00000000 2
0 0 0 23 00000000 2
0 0 0 24 00000000 2
0 0 0 25 00000000 2
0 0 0 26 00000000 2
0 0 0 27 00000000 2
0 0 0 28 00000000 2
0 0 0 29 00000000 2
0 0 0 30 00000000 2
0 0 0 31 00000000 2
0 0 0 32 00000000 2
0 0 0 33 00000000 2
0 0 0 34 00000000 2
0 0 0 35 00000000 2
0 0 0 36 00000000 2
0 0 0 37 00000000 2
0 0 0 38 00000000 2
0 0 0 39 00000000 2
0 0 0 40 00000000 2
0 0 0 41 00000000 2
0 0 0 42 00000000 2
0 0 0 43 00000000 2
0 0 0 44 00000000 2
0 0 0 45 00000000 2
0 0 0 46 00000000 2
0 0 0 47 00000000 2
0 0 0 48 00000000 2
0 0 0 49 00000000 2
0 0 0 50 00000000 2
0 0 0 51 00000000 2
0 0 0 52 00000000 2
0 0 0 53 00000000 2
0 0 0 54 00000000 2
0 0 0 55 00000000 2
0 0 0 56 00000000 2
0 0 0 57 00000000 2
0 0 0 58 00000000 2
0 0 0 59 00000000 2
0 0 0 60 00000000 2
0 0 0 61 00000000 2
0 0 0 62 00000000 2
0 0 0 63 00000000 2
0 0 0 64 00000000 2
0 0 0 65 00000000 2
0 0 0 66 00000000 2
0 0 0 67 00000000 2
0 0 0 68 00000000 2
0 0 0 69 00000000 2
0 0 0 70 00000000 2
0 0 0 71 00000000 2
0 0 0 72 00000000 2
0 0 0 73 00000000 2
0 0 0 74 00000000 2
0 0 0 75 00000000 2
0 0 0 76 00000000 2
0 0 0 77 00000000 2
0 0 0 78 00000000 2
0 0 0 79 00000000 2
0 0 0 80 00000000 2
0 0 0 81 00000000 2
0 0 0 82 00000000 2
0 0 0 83 00000000 2
0 0 0 84 00000000 2
0 0 0 85 00000000 2
0 0 0 86 00000000 2
0 0 0 87 00000000 2
0 0 0 88 00000000 2
0 0 0 89 00000000 2
0 0 0 90 00000000 2
0 0 0 91 00000000 2
0 0 0 92 00000000 2
0 0 0 93 00000000 2
0 0 0 94 00000000 2
0 0 0 95 00000000 2
0 0 0 96 00000000 2
0 0 0 97 00000000 2
0 0 0 98 00000000 2
0 0 0 99 00000000 2
0 0 0 100 00000000 2
0 0 0 101 00000000 2
0 0 0 102 00000000 2
0 0 0 103 00000000 2
0 0 0 104 00000000 2
0 0 0 105 00000000 2
0 0 0 106 00000000 2
0 0 0 107 00000000 2
0 0 0 108 00000000 2
0 0 0 109 00000000 2
0 0 0 110 00000000 2
0 0 0 111 00000000 2
0 0 0 112 00000000 2
0 0 0 113 00000000 2
0 0 0 114 00000000 2
0 0 0 115 00000000 2
0 0 0 116 00000000 2
0 0 0 117 00000000 2
0 0 0 118 00000000 2
0 0 0 119 00000000 2
0 0 0 120 00000000 2
0 0 0 121 00000000 2
0 0 0 122 00000000 2
0 0 0 123 00000000 2
0 0 0 124 00000000 2
0 0 0 125 00000000 2
0 0 0 126 00000000 2
0 0 0 127 00000000 2
0 0 0 128 00000000 2
0 0 0 129 00000000 2
0 0 0 130 00000000 2
0 0 0 131 00000000 2
0 0 0 132 00000000 2
0 0 0 133 00000000 2
0 0 0 134 00000000 2
0 0 0 135 00000000 2
0 0 0 136 00000000 2
0 0 0 137 00000000 2
0 0 0 138 00000000 2
0 0 0 139 00000000 2
0 0 0 140 00000000 2
0 0 0 141 00000000 2
0 0 0 142 00000000 2
0 0 0 143 00000000 2
0 0 0 144 00000000 2
0 0 0 145 00000000 2
0 0 0 146 00000000 2
0 0 0 147 00000000 2
0 0 0 148 00000000 2
0 0 0 149 00000000 2
0 0 0 150 00000000 2
0 0 0 151 00000000 2
0 0 0 152 00000000 2
0 0 0 153 00000000 2
0 0 0 154 00000000 2
0 0 0 155 00000000 2
0 0 0 156 00000000 2
0 0 0 157 00000000 2
0 0 0 158 00000000 2
0 0 0 159 00000000 2
0 0 0 160 00000000 2
0 0 0 161 00000000 2
0 0 0 162 00000000 2
0 0 0 163 00000000 2
0 0 0 164 00000000 2
0 0 0 165 00000000 2
0 0 0 166 00000000 2
0 0 0 167 00000000 2
0 0 0 168 00000000 2
0 0 0 169 00000000 2
0 0 0 170 00000000 2
0 0 0 171 00000000 2
0 0 0 172 00000000 2
0 0 0 173 00000000 2
0 0 0 174 00000000 2
0 0 0 175 00000000 2
0 0 0 176 00000000 2
0 0 0 177 00000000 2
0 0 0 178 00000000 2
0 0 0 179 00000000 2
0 0 0 180 00000000 2
0 0 0 181 00000000 2
0 0 0 182 00000000 2
0 0 0 183 00000000 2
0 0 0 184 00000000 2
0 0 0 185 00000000 2
0 0 0 186 00000000 2
0 0 0 187 00000000 2
0 0 0 188 00000000 2
0 0 0 189 00000000 2
0 0 0 190 00000000 2
0 0 0 191 00000000 2
0 0 0 192 00000000 2
0 0 0 193 00000000 2
0 0 0 194 00000000 2
0 0 0 195 00000000 2
0 0 0 196 00000000 2
0 0 0 197 00000000 2
0 0 0 198 00000000 2
0 0 0 199 00000000 2
0 0 0 200 00000000 2
0 0 0 201 00000000 2
0 0 0 202 00000000 2
0 0 0 203 00000000 2
0 0 0 204 00000000 2
0 0 0 205 00000000 2
0 0 0 206 00000000 2
0 0 0 207 00000000 2
0 0 0 208 00000000 2
0 0 0 209 00000000 2
0 0 0 210 00000000 2
0 0 0 211 00000000 2
0 0 0 212 00000000 2
0 0 0 213 00000000 2
0 0 0 214 00000000 2
0 0 0 215 00000000 2
0 0 0 216 00000000 2
0 0 0 217 00000000 2
0 0 0 218 00000000 2
0 0 0 219 00000000 2
0 0 0 220 00000000 2
0 0 0 221 00000000 2
0 0 0 222 00000000 2
0 0 0 223 00000000 2
0 0 0 224 00000000 2
0 0 0 225 00000000 2
0 0 0 226 00000000 2
0 0 0 227 00000000 2
0 0 0 228 00000000 2
0 0 0 229 00000000 2
0 0 0 230 00000000 2
0 0 0 231 00000000 2
0 0 0 232 00000000 2
0 0 0 233 00000000 2
0 0 0 234 00000000 2
0 0 0 235 00000000 2
0 0 0 236 00000000 2
0 0 0 237 00000000 2
0 0 0 238 00000000 2
0 0 0 239 00000000 2
0 0 0 240 00000000 2
0 0 0 241 00000000 2
0 0 0 242 00000000 2
0 0 0 243 00000000 2
0 0 0 244 00000000 2
0 0 0 245 00000000 2
0 0 0 246 00000000 2
0 0 0 247 00000000 2
0 0 0 248 00000000 2
0 0 0 249 00000000 2
0 0 0 250 00000000 2
0 0 0 251 00000000 2
0 0 0 252 00000000 2
0 0 0 253 00000000 2
0 0 0 254 00000000 2
0 0 0 255 00000000 2
0 0 0 256 00000000 2
0 0 0 257 00000000 2
0 0 0 258 00000000 2
0 0 0 259 00000000 2
0 0 0 260 00000000 2
0 0 0 261 00000000 2
0 0 0 262 00000000 2
0 0 0 263 00000000 2
0 0 0 264 00000000 2
0 0 0 265 00000000 2
0 0 0 266 00000000 2
0 0 0 267 00000000 2
0 0 0 268 00000000 2
0 0 0 269 00000000 2
0 0 0 270 00000000 2
0 0 0 271 00000000 2
0 0 0 272 00000000 2
0 0 0 273 00000000 2
0 0 0 274 00000000 2
0 0 0 275 00000000 2
0 0 0 276 00000000 2
0 0 0 277 00000000 2
0 0 0 278 00000000 2
0 0 0 279 00000000 2
0 0 0 280 00000000 2
0 0 0 281 00000000 2
0 0 0 282 00000000 2
0 0 0 283 00000000 2
0 0 0 284 00000000 2
0 0 0 285 00000000 2
0 0 0 286 00000000 2
0 0 0 287 00000000 2
0 0 0 288 00000000 2
0 0 0 289 00000000 2
0 0 0 290 00000000 2
0 0 0 291 00000000 2
0 0 0 292 00000000 2
0 0 0 293 00000000 2
0 0 0 294 00000000 2
0 0 0 295 00000000 2
0 0 0 296 00000000 2
0 0 0 297 00000000 2
0 0 0 298 00000000 2
0 0 0 299 00000000 2
0 0 0 300 00000000 2
0 0 0 301 00000000 2
0 0 0 302 00000000 2
0 0 0 303 00000000 2
0 0 0 304 00000000 2
0 0 0 305 00000000 2
0 0 0 306 00000000 2
0 0 0 307 00000000 2
0 0 0 308 00000000 2
0 0 0 309 00000000 2
0 0 0 310 00000000 2
0 0 0 311 00000000 2
0 0 0 312 00000000 2
0 0 0 313 00000000 2
0 0 0 314 00000000 2
0 0 0 315 00000000 2
0 0 0 316 00000000 2
0 0 0 317 00000000 2
0 0 0 318 00000000 2
0 0 0 319 00000000 2
0 0 0 320 00000000 2
0 0 0 321 00000000 2
0 0 0 322 00000000 2
0 0 0 323 00000000 2
0 0 0 324 00000000 2
0 0 0 325 00000000 2
0 0 0 326 00000000 2
0 0 0 327 00000000 2
0 0 0 328 00000000 2
0 0 0 329 00000000 2
0 0 0 330 00000000 2
0 0 0 331 00000000 2
0 0 0 332 00000000 2
0 0 0 333 00000000 2
0 0 0 334 00000000 2
0 0 0 335 00000000 2
0 0 0 336 00000000 2
0 0 0 337 00000000 2
0 0 0 338 00000000 2
0 0 0 339 00000000 2
0 0 0 340 00000000 2
0 0 0 341 00000000 2
0 0 0 342 00000000 2
0 0 0 343 00000000 2
0 0 0 344 00000000 2
0 0 0 345 00000000 2
0 0 0 346 00000000 2
0 0 0 347 00000000 2
0 0 0 348 00000000 2
0 0 0 349 00000000 2
0 0 0 350 00000000 2
0 0 0 351 00000000 2
0 0 0 352 00000000 2
0 0 0 353 00000000 2
0 0 0 354 00000000 2
0 0 0 355 00000000 2
0 0 0 356 00000000 2
0 0 0 357 00000000 2
0 0 0 358 00000000 2
0 0 0 359 00000000 2
0 0 0 360 00000000 2
0 0 0 361 00000000 2
0 0 0 362 00000000 2
0 0 0 363 00000000 2
0 0 0 364 00000000 2
0 0 0 365 00000000 2
0 0 0 366 00000000 2
0 0 0 367 00000000 2
0 0 0 368 00000000 2
0 0 0 369 00000000 2
0 0 0 370 00000000 2
0 0 0 371 00000000 2
0 0 0 372 00000000 2
0 0 0 373 00000000 2
0 0 0 374 00000000 2
0 0 0 375 00000000 2
0 0 0 376 00000000 2
0 0 0 377 00000000 2
0 0 0 378 00000000 2
0 0 0 379 00000000 2
0 0 0 380 00000000 2
0 0 0 381 00000000 2
0 0 0 382 00000000 2
0 0 0 383 00000000 2
0 0 0 384 00000000 2
0 0 0 385 00000000 2
0 0 0 386 00000000 2
0 0 0 387 00000000 2
0 0 0 388 00000000 2
0 0 0 389 00000000 2
0 0 0 390 00000000 2
0 0 0 391 00000000 2
0 0 0 392 00000000 2
0 0 0 393 00000000 2
0 0 0 394 00000000 2
0 0 0 395 00000000 2
0 0 0 396 00000000 2
0 0 0 397 00000000 2
0 0 0 398 00000000 2
0 0 0 399 00000000 2
0 0 0 400 00000000 2
0 0 0 401 00000000 2
0 0 0 402 00000000 2
0 0 0 403 00000000 2
0 0 0 404 00000000 2
0 0 0 405 00000000 2
0 0 0 406 00000000 2
0 0 0 407 00000000 2
0 0 0 408 00000000 2
0 0 0 409 00000000 2
0 0 0 410 00000000 2
0 0 0 411 00000000 2
0 0 0 412 00000000 2
0 0 0 413 00000000 2
0 0 0 414 00000000 2
0 0 0 415 00000000 2
0 0 0 416 00000000 2
0 0 0 417 00000000 2
0 0 0 418 00000000 2
0 0 0 419 00000000 2
0 0 0 420 00000000 2
0 0 0 421 00000000 2
0 0 0 422 00000000 2
0 0 0 423 00000000 2
0 0 0 424 00000000 2
0 0 0 425 00000000 2
0 0 0 426 00000000 2
0 0 0 427 00000000 2
0 0 0 428 00000000 2
0 0 0 429 00000000 2
0 0 0 430 00000000 2
0 0 0 431 00000000 2
0 0 0 432 00000000 2
0 0 0 433 00000000 2
0 0 0 434 00000000 2
0 0 0 435 00000000 2
0 0 0 436 00000000 2
0 0 0 437 00000000 2
0 0 0 438 00000000 2
0 0 0 439 00000000 2
0 0 0 440 00000000 2
0 0 0 441 00000000 2
0 0 0 442 00000000 2
0 0 0 443 00000000 2
0 0 0 444 00000000 2
0 0 0 445 00000000 2
0 0 0 446 00000000 2
0 0 0 447 00000000 2
0 0 0 448 00000000 2
0 0 0 449 00000000 2
0 0 0 450 00000000 2
0 0 0 451 00000000 2
0 0 0 452 00000000 2
0 0 0 453 00000000 2
0 0 0 454 00000000 2
0 0 0 455 00000000 2
0 0 0 456 00000000 2
0 0 0 457 00000000 2
0 0 0 458 00000000 2
0 0 0 459 00000000 2
0 0 0 460 00000000 2
0 0 0 461 00000000 2
0 0 0 462 00000000 2
0 0 0 463 00000000 2
0 0 0 464 00000000 2
0 0 0 465 00000000 2
0 0 0 466 00000000 2
0 0 0 467 00000000 2
0 0 0 468 00000000 2
0 0 0 469 00000000 2
0 0 0 470 00000000 2
0 0 0 471 00000000 2
0 0 0 472 00000000 2
0 0 0 473 00000000 2
0 0 0 474 00000000 2
0 0 0 475 00000000 2
0 0 0 476 00000000 2
0 0 0 477 00000000 2
0 0 0 478 00000000 2
0 0 0 479 00000000 2
0 0 0 480 00000000 2
0 0 0 481 00000000 2
0 0 0 482 00000000 2
0 0 0 483 00000000 2
0 0 0 484 00000000 2
0 0 0 485 00000000 2
0 0 0 486 00000000 2
0 0 0 487 00000000 2
0 0 0 488 00000000 2
0 0 0 489 00000000 2
0 0 0 490 00000000 2
0 0 0 491 00000000 2
0 0 0 492 00000000 2
0 0 0 493 00000000 2
0 0 0 494 00000000 2
0 0 0 495 00000000 2
0 0 0 496 00000000 2
0 0 0 497 00000000 2
0 0 0 498 00000000 2
0 0 0 499 00000000 2
0 0 0 500 00000000 2
0 0 0 501 00000000 2
0 0 0 502 00000000 2
0 0 0 503 00000000 2
0 0 0 504 00000000 2
0 0 0 505 00000000 2
0 0 0 506 00000000 2
0 0 0 507 00000000 2
0 0 0 508 00000000 2
0 0 0 509 00000000 2
0 0 0 510 00000000 2
0 0 0 511 00000000 2
0 0 0 512 00000000 2
0 0 0 513 00000000 2
0 0 0 514 00000000 2
0 0 0 515 00000000 2
0 0 0 516 00000000 2
0 0 0 517 00000000 2
0 0 0 518 00000000 2
0 0 0 519 00000000 2
0 0 0 520 00000000 2
0 0 0 521 00000000 2
0 0 0 522 00000000 2
0 0 0 523 00000000 2
0 0 0 524 00000000 2
0 0 0 525 00000000 2
0 0 0 526 00000000 2
0 0 0 527 00000000 2
0 0 0 528 00000000 2
0 0 0 529 00000000 2
0 0 0 530 00000000 2
0 0 0 531 00000000 2
0 0 0 532 00000000 2
0 0 0 533 00000000 2
0 0 0 534 00000000 2
0 0 0 535 00000000 2
0 0 0 536 00000000 2
0 0 0 537 00000000 2
0 0 0 538 00000000 2
0 0 0 539 00000000 2
0 0 0 540 00000000 2
0 0 0 541 00000000 2
0 0 0 542 00000000 2
0 0 0 543 00000000 2
0 0 0 544 00000000 2
0 0 0 545 00000000 2
0 0 0 546 00000000 2
0 0 0 547 00000000 2
0 0 0 548 00000000 2
0 0 0 549 00000000 2
0 0 0 550 00000000 2
0 0 0 551 00000000 2
0 0 0 552 00000000 2
0 0 0 553 00000000 2
0 0 0 554 00000000 2
0 0 0 555 00000000 2
0 0 0 556 00000000 2
0 0 0 557 00000000 2
0 0 0 558 00000000 2
0 0 0 559 00000000 2
0 0 0 560 00000000 2
0 0 0 561 00000000 2
0 0 0 562 00000000 2
0 0 0 563 00000000 2
0 0 0 564 00000000 2
0 0 0 565 00000000 2
0 0 0 566 00000000 2
0 0 0 567 00000000 2
0 0 0 568 00000000 2
0 0 0 569 00000000 2
0 0 0 570 00000000 2
0 0 0 571 00000000 2
0 0 0 572 00000000 2
0 0 0 573 00000000 2
0 0 0 574 00000000 2
0 0 0 575 00000000 2
0 0 0 576 00000000 2
0 0 0 577 00000000 2
0 0 0 578 00000000 2
0 0 0 579 00000000 2
0 0 0 580 00000000 2
0 0 0 581 00000000 2
0 0 0 582 00000000 2
0 0 0 583 00000000 2
0 0 0 584 00000000 2
0 0 0 585 00000000 2
0 0 0 586 00000000 2
0 0 0 587 00000000 2
0 0 0 588 00000000 2
0 0 0 589 00000000 2
0 0 0 590 00000000 2
0 0 0 591 00000000 2
0 0 0 592 00000000 2
0 0 0 593 00000000 2
0 0 0 594 00000000 2
0 0 0 595 00000000 2
0 0 0 596 00000000 2
0 0 0 597 00000000 2
0 0 0 598 00000000 2
0 0 0 599 00000000 2
0 0 0 600 00000000 2
0 0 0 601 00000000 2
0 0 0 602 00000000 2
0 0 0 603 00000000 2
0 0 0 604 00000000 2
0 0 0 605 00000000 2
0 0 0 606 00000000 2
0 0 0 607 00000000 2
0 0 0 608 00000000 2
0 0 0 609 00000000 2
0 0 0 610 00000000 2
0 0 0 611 00000000 2
0 0 0 612 00000000 2
0 0 0 613 00000000 2
0 0 0 614 00000000 2
0 0 0 615 00000000 2
0 0 0 616 00000000 2
0 0 0 617 00000000 2
0 0 0 618 00000000 2
0 0 0 619 00000000 2
0 0 0 620 00000000 2
0 0 0 621 00000000 2
0 0 0 622 00000000 2
0 0 0 623 00000000 2
0 0 0 624 00000000 2
0 0 0 625 00000000 2
0 0 0 626 00000000 2
0 0 0 627 00000000 2
0 0 0 628 00000000 2
0 0 0 629 00000000 2
0 0 0 630 00000000 2
0 0 0 631 00000000 2
0 0 0 632 00000000 2
0 0 0 633 00000000 2
0 0 0 634 00000000 2
0 0 0 635 00000000 2
0 0 0 636 00000000 2
0 0 0 637 00000000 2
0 0 0 638 00000000 2
0 0 0 639 00000000 2
0 0 0 640 00000000 2
0 0 0 641 00000000 2
0 0 0 642 00000000 2
0 0 0 643 00000000 2
0 0 0 644 00000000 2
0 0 0 645 00000000 2
0 0 0 646 00000000 2
0 0 0 647 00000000 2
0 0 0 648 00000000 2
0 0 0 649 00000000 2
0 0 0 650 00000000 2
0 0 0 651 00000000 2
0 0 0 652 00000000 2
0 0 0 653 00000000 2
0 0 0 654 00000000 2
0 0 0 655 00000000 2
0 0 0 656 00000000 2
0 0 0 657 00000000 2
0 0 0 658 00000000 2
0 0 0 659 00000000 2
0 0 0 660 00000000 2
0 0 0 661 00000000 2
0 0 0 662 00000000 2
0 0 0 663 00000000 2
0 0 0 664 00000000 2
0 0 0 665 00000000 2
0 0 0 666 00000000 2
0 0 0 667 00000000 2
0 0 0 668 00000000 2
0 0 0 669 00000000 2
0 0 0 670 00000000 2
0 0 0 671 00000000 2
0 0 0 672 00000000 2
0 0 0 673 00000000 2
0 0 0 674 00000000 2
0 0 0 675 00000000 2
0 0 0 676 00000000 2
0 0 0 677 00000000 2
0 0 0 678 00000000 2
0 0 0 679 00000000 2
0 0 0 680 00000000 2
0 0 0 681 00000000 2
0 0 0 682 00000000 2
0 0 0 683 00000000 2
0 0 0 684 00000000 2
0 0 0 685 00000000 2
0 0 0 686 00000000 2
0 0 0 687 00000000 2
0 0 0 688 00000000 2
0 0 0 689 00000000 2
0 0 0 690 00000000 2
0 0 0 691 00000000 2
0 0 0 692 00000000 2
0 0 0 693 00000000 2
0 0 0 694 00000000 2
0 0 0 695 00000000 2
0 0 0 696 00000000 2
0 0 0 697 00000000 2
0 0 0 698 00000000 2
0 0 0 699 00000000 2
0 0 0 700 00000000 2
0 0 0 701 00000000 2
0 0 0 702 00000000 2
0 0 0 703 00000000 2
0 0 0 704 00000000 2
0 0 0 705 00000000 2
0 0 0 706 00000000 2
0 0 0 707 00000000 2
0 0 0 708 00000000 2
0 0 0 709 00000000 2
0 0 0 710 00000000 2
0 0 0 711 00000000 2
0 0 0 712 00000000 2
0 0 0 713 00000000 2
0 0 0 714 00000000 2
0 0 0 715 00000000 2
0 0 0 716 00000000 2
0 0 0 717 00000000 2
0 0 0 718 00000000 2
0 0 0 719 00000000 2
0 0 0 720 00000000 2
0 0 0 721 00000000 2
0 0 0 722 00000000 2
0 0 0 723 00000000 2
0 0 0 724 00000000 2
0 0 0 725 00000000 2
0 0 0 726 00000000 2
0 0 0 727 00000000 2
0 0 0 728 00000000 2
0 0 0 729 00000000 2
0 0 0 730 00000000 2
0 0 0 731 00000000 2
0 0 0 732 00000000 2
0 0 0 733 00000000 2
0 0 0 734 00000000 2
0 0 0 735 00000000 2
0 0 0 736 00000000 2
0 0 0 737 00000000 2
0 0 0 738 00000000 2
0 0 0 739 00000000 2
0 0 0 740 00000000 2
0 0 0 741 00000000 2
0 0 0 742 00000000 2
0 0 0 743 00000000 2
0 0 0 744 00000000 2
0 0 0 745 00000000 2
0 0 0 746 00000000 2
0 0 0 747 00000000 2
0 0 0 748 00000000 2
0 0 0 749 00000000 2
0 0 0 750 00000000 2
0 0 0 751 00000000 2
0 0 0 752 00000000 2
0 0 0 753 00000000 2
0 0 0 754 00000000 2
0 0 0 755 00000000 2
0 0 0 756 00000000 2
0 0 0 757 00000000 2
0 0 0 758 00000000 2
0 0 0 759 00000000 2
0 0 0 760 00000000 2
0 0 0 761 00000000 2
0 0 0 762 00000000 2
0 0 0 763 00000000 2
0 0 0 764 00000000 2
0 0 0 765 00000000 2
0 0 0 766 00000000 2
0 0 0 767 00000000 2
0 0 0 768 00000000 2
0 0 0 769 00000000 2
0 0 0 770 00000000 2
0 0 0 771 00000000 2
0 0 0 772 00000000 2
0 0 0 773 00000000 2
0 0 0 774 00000000 2
0 0 0 775 00000000 2
0 0 0 776 00000000 2
0 0 0 777 00000000 2
0 0 0 778 00000000 2
0 0 0 779 00000000 2
0 0 0 780 00000000 2
0 0 0 781 00000000 2
0 0 0 782 00000000 2
0 0 0 783 00000000 2
0 0 0 784 00000000 2
0 0 0 785 00000000 2
0 0 0 786 00000000 2
0 0 0 787 00000000 2
0 0 0 788 00000000 2
0 0 0 789 00000000 2
0 0 0 790 00000000 2
0 0 0 791 00000000 2
0 0 0 792 00000000 2
0 0 0 793 00000000 2
0 0 0 794 00000000 2
0 0 0 795 00000000 2
0 0 0 796 00000000 2
0 0 0 797 00000000 2
0 0 0 798 00000000 2
0 0 0 799 00000000 2
0 0 0 800 00000000 2
0 0 0 801 00000000 2
0 0 0 802 00000000 2
0 0 0 803 00000000 2
0 0 0 804 00000000 2
0 0 0 805 00000000 2
0 0 0 806 00000000 2
0 0 0 807 00000000 2
0 0 0 808 00000000 2
0 0 0 809 00000000 2
0 0 0 810 00000000 2
0 0 0 811 00000000 2
0 0 0 812 00000000 2
0 0 0 813 00000000 2
0 0 0 814 00000000 2
0 0 0 815 00000000 2
0 0 0 816 00000000 2
0 0 0 817 00000000 2
0 0 0 818 00000000 2
0 0 0 819 00000000 2
0 0 0 820 00000000 2
0 0 0 821 00000000 2
0 0 0 822 00000000 2
0 0 0 823 00000000 2
0 0 0 824 00000000 2
0 0 0 825 00000000 2
0 0 0 826 00000000 2
0 0 0 827 00000000 2
0 0 0 828 00000000 2
0 0 0 829 00000000 2
0 0 0 830 00000000 2
0 0 0 831 00000000 2
0 0 0 832 00000000 2
0 0 0 833 00000000 2
0 0 0 834 00000000 2
0 0 0 835 00000000 2
0 0 0 836 00000000 2
0 0 0 837 00000000 2
0 0 0 838 00000000 2
0 0 0 839 00000000 2
0 0 0 840 00000000 2
0 0 0 841 00000000 2
0 0 0 842 00000000 2
0 0 0 843 00000000 2
0 0 0 844 00000000 2
0 0 0 845 00000000 2
0 0 0 846 00000000 2
0 0 0 847 00000000 2
0 0 0 848 00000000 2
0 0 0 849 00000000 2
0 0 0 850 00000000 2
0 0 0 851 00000000 2
0 0 0 852 00000000 2
0 0 0 853 00000000 2
0 0 0 854 00000000 2
0 0 0 855 00000000 2
0 0 0 856 00000000 2
0 0 0 857 00000000 2
0 0 0 858 00000000 2
0 0 0 859 00000000 2
0 0 0 860 00000000 2
0 0 0 861 00000000 2
0 0 0 862 00000000 2
0 0 0 863 00000000 2
0 0 0 864 00000000 2
0 0 0 865 00000000 2
0 0 0 866 00000000 2
0 0 0 867 00000000 2
0 0 0 868 00000000 2
0 0 0 869 00000000 2
0 0 0 870 00000000 2
0 0 0 871 00000000 2
0 0 0 872 00000000 2
0 0 0 873 00000000 2
0 0 0 874 00000000 2
0 0 0 875 00000000 2
0 0 0 876 00000000 2
0 0 0 877 00000000 2
0 0 0 878 00000000 2
0 0 0 879 00000000 2
0 0 0 880 00000000 2
0 0 0 881 00000000 2
0 0 0 882 00000000 2
0 0 0 883 00000000 2
0 0 0 884 00000000 2
0 0 0 885 00000000 2
0 0 0 886 00000000 2
0 0 0 887 00000000 2
0 0 0 888 00000000 2
0 0 0 889 00000000 2
0 0 0 890 00000000 2
0 0 0 891 00000000 2
0 0 0 892 00000000 2
0 0 0 893 00000000 2
0 0 0 894 00000000 2
0 0 0 895 00000000 2
0 0 0 896 00000000 2
0 0 0 897 00000000 2
0 0 0 898 00000000 2
0 0 0 899 00000000 2
0 0 0 900 00000000 2
0 0 0 901 00000000 2
0 0 0 902 00000000 2
0 0 0 903 00000000 2
0 0 0 904 00000000 2
0 0 0 905 00000000 2
0 0 0 906 00000000 2
0 0 0 907 00000000 2
0 0 0 908 00000000 2
0 0 0 909 00000000 2
0 0 0 910 00000000 2
0 0 0 911 00000000 2
0 0 0 912 00000000 2
0 0 0 913 00000000 2
0 0 0 914 00000000 2
0 0 0 915 00000000 2
0 0 0 916 00000000 2
0 0 0 917 00000000 2
0 0 0 918 00000000 2
0 0 0 919 00000000 2
0 0 0 920 00000000 2
0 0 0 921 00000000 2
0 0 0 922 00000000 2
0 0 0 923 00000000 2
0 0 0 924 00000000 2
0 0 0 925 00000000 2
0 0 0 926 00000000 2
0 0 0 927 00000000 2
0 0 0 928 00000000 2
0 0 0 929 00000000 2
0 0 0 930 00000000 2
0 0 0 931 00000000 2
0 0 0 932 00000000 2
0 0 0 933 00000000 2
0 0 0 934 00000000 2
0 0 0 935 00000000 2
0 0 0 936 00000000 2
0 0 0 937 00000000 2
0 0 0 938 00000000 2
0 0 0 939 00000000 2
0 0 0 940 00000000 2
0 0 0 941 00000000 2
0 0 0 942 00000000 2
0 0 0 943 00000000 2
0 0 0 944 00000000 2
0 0 0 945 00000000 2
0 0 0 946 00000000 2
0 0 0 947 00000000 2
0 0 0 948 00000000 2
0 0 0 949 00000000 2
0 0 0 950 00000000 2
0 0 0 951 00000000 2
0 0 0 952 00000000 2
0 0 0 953 00000000 2
0 0 0 954 00000000 2
0 0 0 955 00000000 2
0 0 0 956 00000000 2
0 0 0 957 00000000 2
0 0 0 958 00000000 2
0 0 0 959 00000000 2
0 0 0 960 00000000 2
0 0 0 961 00000000 2
0 0 0 962 00000000 2
0 0 0 963 00000000 2
0 0 0 964 00000000 2
0 0 0 965 00000000 2
0 0 0 966 00000000 2
0 0 0 967 00000000 2
0 0 0 968 00000000 2
0 0 0 969 00000000 2
0 0 0 970 00000000 2
0 0 0 971 00000000 2
0 0 0 972 00000000 2
0 0 0 973 00000000 2
0 0 0 974 00000000 2
0 0 0 975 00000000 2
0 0 0 976 00000000 2
0 0 0 977 00000000 2
0 0 0 978 00000000 2
0 0 0 979 00000000 2
0 0 0 980 00000000 2
0 0 0 981 00000000 2
0 0 0 982 00000000 2
0 0 0 983 00000000 2
0 0 0 984 00000000 2
0 0 0 985 00000000 2
0 0 0 986 00000000 2
0 0 0 987 00000000 2
0 0 0 988 00000000 2
0 0 0 989 00000000 2
0 0 0 990 00000000 2
0 0 0 991 00000000 2
0 0 0 992 00000000 2
0 0 0 993 00000000 2
0 0 0 994 00000000 2
0 0 0 995 00000000 2
0 0 0 996 00000000 2
0 0 0 997 00000000 2
0 0 0 998 00000000 2
0 0 0 999 00000000 2
0 0 0 1000 00000000 2
0 0 0 1001 00000000 2
0 0 0 1002 00000000 2
0 0 0 1003 00000000 2
0 0 0 1004 00000000 2
0 0 0 1005 00000000 2
0 0 0 1006 00000000 2
0 0 0 1007 00000000 2
0 0 0 1008 00000000 2
0 0 0 1009 00000000 2
0 0 0 1010 00000000 2
0 0 0 1011 00000000 2
0 0 0 1012 00000000 2
0 0 0 1013 00000000 2
0 0 0 1014 00000000 2
0 0 0 1015 00000000 2
0 0 0 1016 00000000 2
0 0 0 1017 00000000 2
0 0 0 1018 00000000 2
0 0 0 1019 00000000 2
0 0 0 1020 00000000 2
0 0 0 1021 00000000 2
0 0 0 1022 00000000 2
0 0 0 1023 00000000 2
0 1 0 0 00000000 2
0 1 0 1 00000000 2
0 1 0 2 00000000 2
0 1 0 3 00000000 2
0 1 0 4 00000000 2
0 1 0 5 00000000 2
0 1 0 6 00000000 2
0 1 0 7 00000000 2
0 1 0 8 00000000 2
0 1 0 9 00000000 2
0 1 0 10 00000000 2
0 1 0 11 00000000 2
0 1 0 12 00000000 2
0 1 0 13 00000000 2
0 1 0 14 00000000 2
0 1 0 15 00000000 2
0 1 0 16 00000000 2
0 1 0 17 00000000 2
0 1 0 18 00000000 2
0 1 0 19 00000000 2
0 1 0 20 00000000 2
0 1 0 21 00000000 2
0 1 0 22 00000000 2
0 1 0 23 00000000 2
0 1 0 24 00000000 2
0 1 0 25 00000000 2
0 1 0 26 00000000 2
0 1 0 27 00000000 2
0 1 0 28 00000000 2
0 1 0 29 00000000 2
0 1 0 30 00000000 2
0 1 0 31 00000000 2
0 1 0 32 00000000 2
0 1 0 33 00000000 2
0 1 0 34 00000000 2
0 1 0 35 00000000 2
0 1 0 36 00000000 2
0 1 0 37 00000000 2
0 1 0 38 00000000 2
0 1 0 39 00000000 2
0 1 0 40 00000000 2
0 1 0 41 00000000 2
0 1 0 42 00000000 2
0 1 0 43 00000000 2
0 1 0 44 00000000 2
0 1 0 45 00000000 2
0 1 0 46 00000000 2
0 1 0 47 00000000 2
0 1 0 48 00000000 2
0 1 0 49 00000000 2
0 1 0 50 00000000 2
0 1 0 51 00000000 2
0 1 0 52 00000000 2
0 1 0 53 00000000 2
0 1 0 54 00000000 2
0 1 0 55 00000000 2
0 1 0 56 00000000 2
0 1 0 57 00000000 2
0 1 0 58 00000000 2
0 1 0 59 00000000 2
0 1 0 60 00000000 2
0 1 0 61 00000000 2
0 1 0 62 00000000 2
0 1 0 63 00000000 2
0 1 0 64 00000000 2
0 1 0 65 00000000 2
0 1 0 66 00000000 2
0 1 0 67 00000000 2
0 1 0 68 00000000 2
0 1 0 69 00000000 2
0 1 0 70 00000000 2
0 1 0 71 00000000 2
0 1 0 72 00000000 2
0 1 0 73 00000000 2
0 1 0 74 00000000 2
0 1 0 75 00000000 2
0 1 0 76 00000000 2
0 1 0 77 00000000 2
0 1 0 78 00000000 2
0 1 0 79 00000000 2
0 1 0 80 00000000 2
0 1 0 81 00000000 2
0 1 0 82 00000000 2
0 1 0 83 00000000 2
0 1 0 84 00000000 2
0 1 0 85 00000000 2
0 1 0 86 00000000 2
0 1 0 87 00000000 2
0 1 0 88 00000000 2
0 1 0 89 00000000 2
0 1 0 90 00000000 2
0 1 0 91 00000000 2
0 1 0 92 00000000 2
0 1 0 93 00000000 2
0 1 0 94 00000000 2
0 1 0 95 00000000 2
0 1 0 96 00000000 2
0 1 0 97 00000000 2
0 1 0 98 00000000 2
0 1 0 99 00000000 2
0 1 0 100 00000000 2
0 1 0 101 00000000 2
0 1 0 102 00000000 2
0 1 0 103 00000000 2
0 1 0 104 00000000 2
0 1 0 105 00000000 2
0 1 0 106 00000000 2
0 1 0 107 00000000 2
0 1 0 108 00000000 2
0 1 0 109 00000000 2
0 1 0 110 00000000 2
0 1 0 111 00000000 2
0 1 0 112 00000000 2
0 1 0 113 00000000 2
0 1 0 114 00000000 2
0 1 0 115 00000000 2
0 1 0 116 00000000 2
0 1 0 117 00000000 2
0 1 0 118 00000000 2
0 1 0 119 00000000 2
0 1 0 120 00000000 2
0 1 0 121 00000000 2
0 1 0 122 00000000 2
0 1 0 123 00000000 2
0 1 0 124 00000000 2
0 1 0 125 00000000 2
0 1 0 126 00000000 2
0 1 0 127 00000000 2
0 1 0 128 00000000 2
0 1 0 129 00000000 2
0 1 0 130 00000000 2
0 1 0 131 00000000 2
0 1 0 132 00000000 2
0 1 0 133 00000000 2
0 1 0 134 00000000 2
0 1 0 135 00000000 2
0 1 0 136 00000000 2
0 1 0 137 00000000 2
0 1 0 138 00000000 2
0 1 0 139 00000000 2
0 1 0 140 00000000 2
0 1 0 141 00000000 2
0 1 0 142 00000000 2
0 1 0 143 00000000 2
0 1 0 144 00000000 2
0 1 0 145 00000000 2
0 1 0 146 00000000 2
0 1 0 147 00000000 2
0 1 0 148 00000000 2
0 1 0 149 00000000 2
0 1 0 150 00000000 2
0 1 0 151 00000000 2
0 1 0 152 00000000 2
0 1 0 153 00000000 2
0 1 0 154 00000000 2
0 1 0 155 00000000 2
0 1 0 156 00000000 2
0 1 0 157 00000000 2
0 1 0 158 00000000 2
0 1 0 159 00000000 2
0 1 0 160 00000000 2
0 1 0 161 00000000 2
0 1 0 162 00000000 2
0 1 0 163 00000000 2
0 1 0 164 00000000 2
0 1 0 165 00000000 2
0 1 0 166 00000000 2
0 1 0 167 00000000 2
0 1 0 168 00000000 2
0 1 0 169 00000000 2
0 1 0 170 00000000 2
0 1 0 171 00000000 2
0 1 0 172 00000000 2
0 1 0 173 00000000 2
0 1 0 174 00000000 2
0 1 0 175 00000000 2
0 1 0 176 00000000 2
0 1 0 177 00000000 2
0 1 0 178 00000000 2
0 1 0 179 00000000 2
0 1 0 180 00000000 2
0 1 0 181 00000000 2
0 1 0 182 00000000 2
0 1 0 183 00000000 2
0 1 0 184 00000000 2
0 1 0 185 00000000 2
0 1 0 186 00000000 2
0 1 0 187 00000000 2
0 1 0 188 00000000 2
0 1 0 189 00000000 2
0 1 0 190 00000000 2
0 1 0 191 00000000 2
0 1 0 192 00000000 2
0 1 0 193 00000000 2
0 1 0 194 00000000 2
0 1 0 195 00000000 2
0 1 0 196 00000000 2
0 1 0 197 00000000 2
0 1 0 198 00000000 2
0 1 0 199 00000000 2
0 1 0 200 00000000 2
0 1 0 201 00000000 2
0 1 0 202 00000000 2
0 1 0 203 00000000 2
0 1 0 204 00000000 2
0 1 0 205 00000000 2
0 1 0 206 00000000 2
0 1 0 207 00000000 2
0 1 0 208 00000000 2
0 1 0 209 00000000 2
0 1 0 210 00000000 2
0 1 0 211 00000000 2
0 1 0 212 00000000 2
0 1 0 213 00000000 2
0 1 0 214 00000000 2
0 1 0 215 00000000 2
0 1 0 216 00000000 2
0 1 0 217 00000000 2
0 1 0 218 00000000 2
0 1 0 219 00000000 2
0 1 0 220 00000000 2
0 1 0 221 00000000 2
0 1 0 222 00000000 2
0 1 0 223 00000000 2
0 1 0 224 00000000 2
0 1 0 225 00000000 2
0 1 0 226 00000000 2
0 1 0 227 00000000 2
0 1 0 228 00000000 2
0 1 0 229 00000000 2
0 1 0 230 00000000 2
0 1 0 231 00000000 2
0 1 0 232 00000000 2
0 1 0 233 00000000 2
0 1 0 234 00000000 2
0 1 0 235 00000000 2
0 1 0 236 00000000 2
0 1 0 237 00000000 2
0 1 0 238 00000000 2
0 1 0 239 00000000 2
0 1 0 240 00000000 2
0 1 0 241 00000000 2
0 1 0 242 00000000 2
0 1 0 243 00000000 2
0 1 0 244 00000000 2
0 1 0 245 00000000 2
0 1 0 246 00000000 2
0 1 0 247 00000000 2
0 1 0 248 00000000 2
0 1 0 249 00000000 2
0 1 0 250 00000000 2
0 1 0 251 00000000 2
0 1 0 252 00000000 2
0 1 0 253 00000000 2
0 1 0 254 00000000 2
0 1 0 255 00000000 2
0 1 0 256 00000000 2
0 1 0 257 00000000 2
0 1 0 258 00000000 2
0 1 0 259 00000000 2
0 1 0 260 00000000 2
0 1 0 261 00000000 2
0 1 0 262 00000000 2
0 1 0 263 00000000 2
0 1 0 264 00000000 2
0 1 0 265 00000000 2
0 1 0 266 00000000 2
0 1 0 267 00000000 2
0 1 0 268 00000000 2
0 1 0 269 00000000 2
0 1 0 270 00000000 2
0 1 0 271 00000000 2
0 1 0 272 00000000 2
0 1 0 273 00000000 2
0 1 0 274 00000000 2
0 1 0 275 00000000 2
0 1 0 276 00000000 2
0 1 0 277 00000000 2
0 1 0 278 00000000 2
0 1 0 279 00000000 2
0 1 0 280 00000000 2
0 1 0 281 00000000 2
0 1 0 282 00000000 2
0 1 0 283 00000000 2
0 1 0 284 00000000 2
0 1 0 285 00000000 2
0 1 0 286 00000000 2
0 1 0 287 00000000 2
0 1 0 288 00000000 2
0 1 0 289 00000000 2
0 1 0 290 00000000 2
0 1 0 291 00000000 2
0 1 0 292 00000000 2
0 1 0 293 00000000 2
0 1 0 294 00000000 2
0 1 0 295 00000000 2
0 1 0 296 00000000 2
0 1 0 297 00000000 2
0 1 0 298 00000000 2
0 1 0 299 00000000 2
0 1 0 300 00000000 2
0 1 0 301 00000000 2
0 1 0 302 00000000 2
0 1 0 303 00000000 2
0 1 0 304 00000000 2
0 1 0 305 00000000 2
0 1 0 306 00000000 2
0 1 0 307 00000000 2
0 1 0 308 00000000 2
0 1 0 309 00000000 2
0 1 0 310 00000000 2
0 1 0 311 00000000 2
0 1 0 312 00000000 2
0 1 0 313 00000000 2
0 1 0 314 00000000 2
0 1 0 315 00000000 2
0 1 0 316 00000000 2
0 1 0 317 00000000 2
0 1 0 318 00000000 2
0 1 0 319 00000000 2
0 1 0 320 00000000 2
0 1 0 321 00000000 2
0 1 0 322 00000000 2
0 1 0 323 00000000 2
0 1 0 324 00000000 2
0 1 0 325 00000000 2
0 1 0 326 00000000 2
0 1 0 327 00000000 2
0 1 0 328 00000000 2
0 1 0 329 00000000 2
0 1 0 330 00000000 2
0 1 0 331 00000000 2
0 1 0 332 00000000 2
0 1 0 333 00000000 2
0 1 0 334 00000000 2
0 1 0 335 00000000 2
0 1 0 336 00000000 2
0 1 0 337 00000000 2
0 1 0 338 00000000 2
0 1 0 339 00000000 2
0 1 0 340 00000000 2
0 1 0 341 00000000 2
0 1 0 342 00000000 2
0 1 0 343 00000000 2
0 1 0 344 00000000 2
0 1 0 345 00000000 2
0 1 0 346 00000000 2
0 1 0 347 00000000 2
0 1 0 348 00000000 2
0 1 0 349 00000000 2
0 1 0 350 00000000 2
0 1 0 351 00000000 2
0 1 0 352 00000000 2
0 1 0 353 00000000 2
0 1 0 354 00000000 2
0 1 0 355 00000000 2
0 1 0 356 00000000 2
0 1 0 357 00000000 2
0 1 0 358 00000000 2
0 1 0 359 00000000 2
0 1 0 360 00000000 2
0 1 0 361 00000000 2
0 1 0 362 00000000 2
0 1 0 363 00000000 2
0 1 0 364 00000000 2
0 1 0 365 00000000 2
0 1 0 366 00000000 2
0 1 0 367 00000000 2
0 1 0 368 00000000 2
0 1 0 369 00000000 2
0 1 0 370 00000000 2
0 1 0 371 00000000 2
0 1 0 372 00000000 2
0 1 0 373 00000000 2
0 1 0 374 00000000 2
0 1 0 375 00000000 2
0 1 0 376 00000000 2
0 1 0 377 00000000 2
0 1 0 378 00000000 2
0 1 0 379 00000000 2
0 1 0 380 00000000 2
0 1 0 381 00000000 2
0 1 0 382 00000000 2
0 1 0 383 00000000 2
0 1 0 384 00000000 2
0 1 0 385 00000000 2
0 1 0 386 00000000 2
0 1 0 387 00000000 2
0 1 0 388 00000000 2
0 1 0 389 00000000 2
0 1 0 390 00000000 2
0 1 0 391 00000000 2
0 1 0 392 00000000 2
0 1 0 393 00000000 2
0 1 0 394 00000000 2
0 1 0 395 00000000 2
0 1 0 396 00000000 2
0 1 0 397 00000000 2
0 1 0 398 00000000 2
0 1 0 399 00000000 2
0 1 0 400 00000000 2
0 1 0 401 00000000 2
0 1 0 402 00000000 2
0 1 0 403 00000000 2
0 1 0 404 00000000 2
0 1 0 405 00000000 2
0 1 0 406 00000000 2
0 1 0 407 00000000 2
0 1 0 408 00000000 2
0 1 0 409 00000000 2
0 1 0 410 00000000 2
0 1 0 411 00000000 2
0 1 0 412 00000000 2
0 1 0 413 00000000 2
0 1 0 414 00000000 2
0 1 0 415 00000000 2
0 1 0 416 00000000 2
0 1 0 417 00000000 2
0 1 0 418 00000000 2
0 1 0 419 00000000 2
0 1 0 420 00000000 2
0 1 0 421 00000000 2
0 1 0 422 00000000 2
0 1 0 423 00000000 2
0 1 0 424 00000000 2
0 1 0 425 00000000 2
0 1 0 426 00000000 2
0 1 0 427 00000000 2
0 1 0 428 00000000 2
0 1 0 429 00000000 2
0 1 0 430 00000000 2
0 1 0 431 00000000 2
0 1 0 432 00000000 2
0 1 0 433 00000000 2
0 1 0 434 00000000 2
0 1 0 435 00000000 2
0 1 0 436 00000000 2
0 1 0 437 00000000 2
0 1 0 438 00000000 2
0 1 0 439 00000000 2
0 1 0 440 00000000 2
0 1 0 441 00000000 2
0 1 0 442 00000000 2
0 1 0 443 00000000 2
0 1 0 444 00000000 2
0 1 0 445 00000000 2
0 1 0 446 00000000 2
0 1 0 447 00000000 2
0 1 0 448 00000000 2
0 1 0 449 00000000 2
0 1 0 450 00000000 2
0 1 0 451 00000000 2
0 1 0 452 00000000 2
0 1 0 453 00000000 2
0 1 0 454 00000000 2
0 1 0 455 00000000 2
0 1 0 456 00000000 2
0 1 0 457 00000000 2
0 1 0 458 00000000 2
0 1 0 459 00000000 2
0 1 0 460 00000000 2
0 1 0 461 00000000 2
0 1 0 462 00000000 2
0 1 0 463 00000000 2
0 1 0 464 00000000 2
0 1 0 465 00000000 2
0 1 0 466 00000000 2
0 1 0 467 00000000 2
0 1 0 468 00000000 2
0 1 0 469 00000000 2
0 1 0 470 00000000 2
0 1 0 471 00000000 2
0 1 0 472 00000000 2
0 1 0 473 00000000 2
0 1 0 474 00000000 2
0 1 0 475 00000000 2
0 1 0 476 00000000 2
0 1 0 477 00000000 2
0 1 0 478 00000000 2
0 1 0 479 00000000 2
0 1 0 480 00000000 2
0 1 0 481 00000000 2
0 1 0 482 00000000 2
0 1 0 483 00000000 2
0 1 0 484 00000000 2
0 1 0 485 00000000 2
0 1 0 486 00000000 2
0 1 0 487 00000000 2
0 1 0 488 00000000 2
0 1 0 489 00000000 2
0 1 0 490 00000000 2
0 1 0 491 00000000 2
0 1 0 492 00000000 2
0 1 0 493 00000000 2
0 1 0 494 00000000 2
0 1 0 495 00000000 2
0 1 0 496 00000000 2
0 1 0 497 00000000 2
0 1 0 498 00000000 2
0 1 0 499 00000000 2
0 1 0 500 00000000 2
0 1 0 501 00000000 2
0 1 0 502 00000000 2
0 1 0 503 00000000 2
0 1 0 504 00000000 2
0 1 0 505 00000000 2
0 1 0 506 00000000 2
0 1 0 507 00000000 2
0 1 0 508 00000000 2
0 1 0 509 00000000 2
0 1 0 510 00000000 2
0 1 0 511 00000000 2
0 1 0 512 00000000 2
0 1 0 513 00000000 2
0 1 0 514 00000000 2
0 1 0 515 00000000 2
0 1 0 516 00000000 2
0 1 0 517 00000000 2
0 1 0 518 00000000 2
0 1 0 519 00000000 2
0 1 0 520 00000000 2
0 1 0 521 00000000 2
0 1 0 522 00000000 2
0 1 0 523 00000000 2
0 1 0 524 00000000 2
0 1 0 525 00000000 2
0 1 0 526 00000000 2
0 1 0 527 00000000 2
0 1 0 528 00000000 2
0 1 0 529 00000000 2
0 1 0 530 00000000 2
0 1 0 531 00000000 2
0 1 0 532 00000000 2
0 1 0 533 00000000 2
0 1 0 534 00000000 2
0 1 0 535 00000000 2
0 1 0 536 00000000 2
0 1 0 537 00000000 2
0 1 0 538 00000000 2
0 1 0 539 00000000 2
0 1 0 540 00000000 2
0 1 0 541 00000000 2
0 1 0 542 00000000 2
0 1 0 543 00000000 2
0 1 0 544 00000000 2
0 1 0 545 00000000 2
0 1 0 546 00000000 2
0 1 0 547 00000000 2
0 1 0 548 00000000 2
0 1 0 549 00000000 2
0 1 0 550 00000000 2
0 1 0 551 00000000 2
0 1 0 552 00000000 2
0 1 0 553 00000000 2
0 1 0 554 00000000 2
0 1 0 555 00000000 2
0 1 0 556 00000000 2
0 1 0 557 00000000 2
0 1 0 558 00000000 2
0 1 0 559 00000000 2
0 1 0 560 00000000 2
0 1 0 561 00000000 2
0 1 0 562 00000000 2
0 1 0 563 00000000 2
0 1 0 564 00000000 2
0 1 0 565 00000000 2
0 1 0 566 00000000 2
0 1 0 567 00000000 2
0 1 0 568 00000000 2
0 1 0 569 00000000 2
0 1 0 570 00000000 2
0 1 0 571 00000000 2
0 1 0 572 00000000 2
0 1 0 573 00000000 2
0 1 0 574 00000000 2
0 1 0 575 00000000 2
0 1 0 576 00000000 2
0 1 0 577 00000000 2
0 1 0 578 00000000 2
0 1 0 579 00000000 2
0 1 0 580 00000000 2
0 1 0 581 00000000 2
0 1 0 582 00000000 2
0 1 0 583 00000000 2
0 1 0 584 00000000 2
0 1 0 585 00000000 2
0 1 0 586 00000000 2
0 1 0 587 00000000 2
0 1 0 588 00000000 2
0 1 0 589 00000000 2
0 1 0 590 00000000 2
0 1 0 591 00000000 2
0 1 0 592 00000000 2
0 1 0 593 00000000 2
0 1 0 594 00000000 2
0 1 0 595 00000000 2
0 1 0 596 00000000 2
0 1 0 597 00000000 2
0 1 0 598 00000000 2
0 1 0 599 00000000 2
0 1 0 600 00000000 2
0 1 0 601 00000000 2
0 1 0 602 00000000 2
0 1 0 603 00000000 2
0 1 0 604 00000000 2
0 1 0 605 00000000 2
0 1 0 606 00000000 2
0 1 0 607 00000000 2
0 1 0 608 00000000 2
0 1 0 609 00000000 2
0 1 0 610 00000000 2
0 1 0 611 00000000 2
0 1 0 612 00000000 2
0 1 0 613 00000000 2
0 1 0 614 00000000 2
0 1 0 615 00000000 2
0 1 0 616 00000000 2
0 1 0 617 00000000 2
0 1 0 618 00000000 2
0 1 0 619 00000000 2
0 1 0 620 00000000 2
0 1 0 621 00000000 2
0 1 0 622 00000000 2
0 1 0 623 00000000 2
0 1 0 624 00000000 2
0 1 0 625 00000000 2
0 1 0 626 00000000 2
0 1 0 627 00000000 2
0 1 0 628 00000000 2
0 1 0 629 00000000 2
0 1 0 630 00000000 2
0 1 0 631 00000000 2
0 1 0 632 00000000 2
0 1 0 633 00000000 2
0 1 0 634 00000000 2
0 1 0 635 00000000 2
0 1 0 636 00000000 2
0 1 0 637 00000000 2
0 1 0 638 00000000 2
0 1 0 639 00000000 2
0 1 0 640 00000000 2
0 1 0 641 00000000 2
0 1 0 642 00000000 2
0 1 0 643 00000000 2
0 1 0 644 00000000 2
0 1 0 645 00000000 2
0 1 0 646 00000000 2
0 1 0 647 00000000 2
0 1 0 648 00000000 2
0 1 0 649 00000000 2
0 1 0 650 00000000 2
0 1 0 651 00000000 2
0 1 0 652 00000000 2
0 1 0 653 00000000 2
0 1 0 654 00000000 2
0 1 0 655 00000000 2
0 1 0 656 00000000 2
0 1 0 657 00000000 2
0 1 0 658 00000000 2
0 1 0 659 00000000 2
0 1 0 660 00000000 2
0 1 0 661 00000000 2
0 1 0 662 00000000 2
0 1 0 663 00000000 2
0 1 0 664 00000000 2
0 1 0 665 00000000 2
0 1 0 666 00000000 2
0 1 0 667 00000000 2
0 1 0 668 00000000 2
0 1 0 669 00000000 2
0 1 0 670 00000000 2
0 1 0 671 00000000 2
0 1 0 672 00000000 2
0 1 0 673 00000000 2
0 1 0 674 00000000 2
0 1 0 675 00000000 2
0 1 0 676 00000000 2
0 1 0 677 00000000 2
0 1 0 678 00000000 2
0 1 0 679 00000000 2
0 1 0 680 00000000 2
0 1 0 681 00000000 2
0 1 0 682 00000000 2
0 1 0 683 00000000 2
0 1 0 684 00000000 2
0 1 0 685 00000000 2
0 1 0 686 00000000 2
0 1 0 687 00000000 2
0 1 0 688 00000000 2
0 1 0 689 00000000 2
0 1 0 690 00000000 2
0 1 0 691 00000000 2
0 1 0 692 00000000 2
0 1 0 693 00000000 2
0 1 0 694 00000000 2
0 1 0 695 00000000 2
0 1 0 696 00000000 2
0 1 0 697 00000000 2
0 1 0 698 00000000 2
0 1 0 699 00000000 2
0 1 0 700 00000000 2
0 1 0 701 00000000 2
0 1 0 702 00000000 2
0 1 0 703 00000000 2
0 1 0 704 00000000 2
0 1 0 705 00000000 2
0 1 0 706 00000000 2
0 1 0 707 00000000 2
0 1 0 708 00000000 2
0 1 0 709 00000000 2
0 1 0 710 00000000 2
0 1 0 711 00000000 2
0 1 0 712 00000000 2
0 1 0 713 00000000 2
0 1 0 714 00000000 2
0 1 0 715 00000000 2
0 1 0 716 00000000 2
0 1 0 717 00000000 2
0 1 0 718 00000000 2
0 1 0 719 00000000 2
0 1 0 720 00000000 2
0 1 0 721 00000000 2
0 1 0 722 00000000 2
0 1 0 723 00000000 2
0 1 0 724 00000000 2
0 1 0 725 00000000 2
0 1 0 726 00000000 2
0 1 0 727 00000000 2
0 1 0 728 00000000 2
0 1 0 729 00000000 2
0 1 0 730 00000000 2
0 1 0 731 00000000 2
0 1 0 732 00000000 2
0 1 0 733 00000000 2
0 1 0 734 00000000 2
0 1 0 735 00000000 2
0 1 0 736 00000000 2
0 1 0 737 00000000 2
0 1 0 738 00000000 2
0 1 0 739 00000000 2
0 1 0 740 00000000 2
0 1 0 741 00000000 2
0 1 0 742 00000000 2
0 1 0 743 00000000 2
0 1 0 744 00000000 2
0 1 0 745 00000000 2
0 1 0 746 00000000 2
0 1 0 747 00000000 2
0 1 0 748 00000000 2
0 1 0 749 00000000 2
0 1 0 750 00000000 2
0 1 0 751 00000000 2
0 1 0 752 00000000 2
0 1 0 753 00000000 2
0 1 0 754 00000000 2
0 1 0 755 00000000 2
0 1 0 756 00000000 2
0 1 0 757 00000000 2
0 1 0 758 00000000 2
0 1 0 759 00000000 2
0 1 0 760 00000000 2
0 1 0 761 00000000 2
0 1 0 762 00000000 2
0 1 0 763 00000000 2
0 1 0 764 00000000 2
0 1 0 765 00000000 2
0 1 0 766 00000000 2
0 1 0 767 00000000 2
0 1 0 768 00000000 2
0 1 0 769 00000000 2
0 1 0 770 00000000 2
0 1 0 771 00000000 2
0 1 0 772 00000000 2
0 1 0 773 00000000 2
0 1 0 774 00000000 2
0 1 0 775 00000000 2
0 1 0 776 00000000 2
0 1 0 777 00000000 2
0 1 0 778 00000000 2
0 1 0 779 00000000 2
0 1 0 780 00000000 2
0 1 0 781 00000000 2
0 1 0 782 00000000 2
0 1 0 783 00000000 2
0 1 0 784 00000000 2
0 1 0 785 00000000 2
0 1 0 786 00000000 2
0 1 0 787 00000000 2
0 1 0 788 00000000 2
0 1 0 789 00000000 2
0 1 0 790 00000000 2
0 1 0 791 00000000 2
0 1 0 792 00000000 2
0 1 0 793 00000000 2
0 1 0 794 00000000 2
0 1 0 795 00000000 2
0 1 0 796 00000000 2
0 1 0 797 00000000 2
0 1 0 798 00000000 2
0 1 0 799 00000000 2
0 1 0 800 00000000 2
0 1 0 801 00000000 2
0 1 0 802 00000000 2
0 1 0 803 00000000 2
0 1 0 804 00000000 2
0 1 0 805 00000000 2
0 1 0 806 00000000 2
0 1 0 807 00000000 2
0 1 0 808 00000000 2
0 1 0 809 00000000 2
0 1 0 810 00000000 2
0 1 0 811 00000000 2
0 1 0 812 00000000 2
0 1 0 813 00000000 2
0 1 0 814 00000000 2
0 1 0 815 00000000 2
0 1 0 816 00000000 2
0 1 0 817 00000000 2
0 1 0 818 00000000 2
0 1 0 819 00000000 2
0 1 0 820 00000000 2
0 1 0 821 00000000 2
0 1 0 822 00000000 2
0 1 0 823 00000000 2
0 1 0 824 00000000 2
0 1 0 825 00000000 2
0 1 0 826 00000000 2
0 1 0 827 00000000 2
0 1 0 828 00000000 2
0 1 0 829 00000000 2
0 1 0 830 00000000 2
0 1 0 831 00000000 2
0 1 0 832 00000000 2
0 1 0 833 00000000 2
0 1 0 834 00000000 2
0 1 0 835 00000000 2
0 1 0 836 00000000 2
0 1 0 837 00000000 2
0 1 0 838 00000000 2
0 1 0 839 00000000 2
0 1 0 840 00000000 2
0 1 0 841 00000000 2
0 1 0 842 00000000 2
0 1 0 843 00000000 2
0 1 0 844 00000000 2
0 1 0 845 00000000 2
0 1 0 846 00000000 2
0 1 0 847 00000000 2
0 1 0 848 00000000 2
0 1 0 849 00000000 2
0 1 0 850 00000000 2
0 1 0 851 00000000 2
0 1 0 852 00000000 2
0 1 0 853 00000000 2
0 1 0 854 00000000 2
0 1 0 855 00000000 2
0 1 0 856 00000000 2
0 1 0 857 00000000 2
0 1 0 858 00000000 2
0 1 0 859 00000000 2
0 1 0 860 00000000 2
0 1 0 861 00000000 2
0 1 0 862 00000000 2
0 1 0 863 00000000 2
0 1 0 864 00000000 2
0 1 0 865 00000000 2
0 1 0 866 00000000 2
0 1 0 867 00000000 2
0 1 0 868 00000000 2
0 1 0 869 00000000 2
0 1 0 870 00000000 2
0 1 0 871 00000000 2
0 1 0 872 00000000 2
0 1 0 873 00000000 2
0 1 0 874 00000000 2
0 1 0 875 00000000 2
0 1 0 876 00000000 2
0 1 0 877 00000000 2
0 1 0 878 00000000 2
0 1 0 879 00000000 2
0 1 0 880 00000000 2
0 1 0 881 00000000 2
0 1 0 882 00000000 2
0 1 0 883 00000000 2
0 1 0 884 00000000 2
0 1 0 885 00000000 2
0 1 0 886 00000000 2
0 1 0 887 00000000 2
0 1 0 888 00000000 2
0 1 0 889 00000000 2
0 1 0 890 00000000 2
0 1 0 891 00000000 2
0 1 0 892 00000000 2
0 1 0 893 00000000 2
0 1 0 894 00000000 2
0 1 0 895 00000000 2
0 1 0 896 00000000 2
0 1 0 897 00000000 2
0 1 0 898 00000000 2
0 1 0 899 00000000 2
0 1 0 900 00000000 2
0 1 0 901 00000000 2
0 1 0 902 00000000 2
0 1 0 903 00000000 2
0 1 0 904 00000000 2
0 1 0 905 00000000 2
0 1 0 906 00000000 2
0 1 0 907 00000000 2
0 1 0 908 00000000 2
0 1 0 909 00000000 2
0 1 0 910 00000000 2
0 1 0 911 00000000 2
0 1 0 912 00000000 2
0 1 0 913 00000000 2
0 1 0 914 00000000 2
0 1 0 915 00000000 2
0 1 0 916 00000000 2
0 1 0 917 00000000 2
0 1 0 918 00000000 2
0 1 0 919 00000000 2
0 1 0 920 00000000 2
0 1 0 921 00000000 2
0 1 0 922 00000000 2
0 1 0 923 00000000 2
0 1 0 924 00000000 2
0 1 0 925 00000000 2
0 1 0 926 00000000 2
0 1 0 927 00000000 2
0 1 0 928 00000000 2
0 1 0 929 00000000 2
0 1 0 930 00000000 2
0 1 0 931 00000000 2
0 1 0 932 00000000 2
0 1 0 933 00000000 2
0 1 0 934 00000000 2
0 1 0 935 00000000 2
0 1 0 936 00000000 2
0 1 0 937 00000000 2
0 1 0 938 00000000 2
0 1 0 939 00000000 2
0 1 0 940 00000000 2
0 1 0 941 00000000 2
0 1 0 942 00000000 2
0 1 0 943 00000000 2
0 1 0 944 00000000 2
0 1 0 945 00000000 2
0 1 0 946 00000000 2
0 1 0 947 00000000 2
0 1 0 948 00000000 2
0 1 0 949 00000000 2
0 1 0 950 00000000 2
0 1 0 951 00000000 2
0 1 0 952 00000000 2
0 1 0 953 00000000 2
0 1 0 954 00000000 2
0 1 0 955 00000000 2
0 1 0 956 00000000 2
0 1 0 957 00000000 2
0 1 0 958 00000000 2
0 1 0 959 00000000 2
0 1 0 960 00000000 2
0 1 0 961 00000000 2
0 1 0 962 00000000 2
0 1 0 963 00000000 2
0 1 0 964 00000000 2
0 1 0 965 00000000 2
0 1 0 966 00000000 2
0 1 0 967 00000000 2
0 1 0 968 00000000 2
0 1 0 969 00000000 2
0 1 0 970 00000000 2
0 1 0 971 00000000 2
0 1 0 972 00000000 2
0 1 0 973 00000000 2
0 1 0 974 00000000 2
0 1 0 975 00000000 2
0 1 0 976 00000000 2
0 1 0 977 00000000 2
0 1 0 978 00000000 2
0 1 0 979 00000000 2
0 1 0 980 00000000 2
0 1 0 981 00000000 2
0 1 0 982 00000000 2
0 1 0 983 00000000 2
0 1 0 984 00000000 2
0 1 0 985 00000000 2
0 1 0 986 00000000 2
0 1 0 987 00000000 2
0 1 0 988 00000000 2
0 1 0 989 00000000 2
0 1 0 990 00000000 2
0 1 0 991 00000000 2
0 1 0 992 00000000 2
0 1 0 993 00000000 2
0 1 0 994 00000000 2
0 1 0 995 00000000 2
0 1 0 996 00000000 2
0 1 0 997 00000000 2
0 1 0 998 00000000 2
0 1 0 999 00000000 2
0 1 0 1000 00000000 2
0 1 0 1001 00000000 2
0 1 0 1002 00000000 2
0 1 0 1003 00000000 2
0 1 0 1004 00000000 2
0 1 0 1005 00000000 2
0 1 0 1006 00000000 2
0 1 0 1007 00000000 2
0 1 0 1008 00000000 2
0 1 0 1009 00000000 2
0 1 0 1010 00000000 2
0 1 0 1011 00000000 2
0 1 0 1012 00000000 2
0 1 0 1013 00000000 2
0 1 0 1014 00000000 2
0 1 0 1015 00000000 2
0 1 0 1016 00000000 2
0 1 0 1017 00000000 2
0 1 0 1018 00000000 2
0 1 0 1019 00000000 2
0 1 0 1020 00000000 2
0 1 0 1021 00000000 2
0 1 0 1022 00000000 2
0 1 0 1023 00000000 2
0 2 0 0 00000000 2
0 2 0 1 00000000 2
0 2 0 2 00000000 2
0 2 0 3 00000000 2
0 2 0 4 00000000 2
0 2 0 5 00000000 2
0 2 0 6 00000000 2
0 2 0 7 00000000 2
0 2 0 8 00000000 2
0 2 0 9 00000000 2
0 2 0 10 00000000 2
0 2 0 11 00000000 2
0 2 0 12 00000000 2
0 2 0 13 00000000 2
0 2 0 14 00000000 2
0 2 0 15 00000000 2
0 2 0 16 00000000 2
0 2 0 17 00000000 2
0 2 0 18 00000000 2
0 2 0 19 00000000 2
0 2 0 20 00000000 2
0 2 0 21 00000000 2
0 2 0 22 00000000 2
0 2 0 23 00000000 2
0 2 0 24 00000000 2
0 2 0 25 00000000 2
0 2 0 26 00000000 2
0 2 0 27 00000000 2
0 2 0 28 00000000 2
0 2 0 29 00000000 2
0 2 0 30 00000000 2
0 2 0 31 00000000 2
0 2 0 32 00000000 2
0 2 0 33 00000000 2
0 2 0 34 00000000 2
0 2 0 35 00000000 2
0 2 0 36 00000000 2
0 2 0 37 00000000 2
0 2 0 38 00000000 2
0 2 0 39 00000000 2
0 2 0 40 00000000 2
0 2 0 41 00000000 2
0 2 0 42 00000000 2
0 2 0 43 00000000 2
0 2 0 44 00000000 2
0 2 0 45 00000000 2
0 2 0 46 00000000 2
0 2 0 47 00000000 2
0 2 0 48 00000000 2
0 2 0 49 00000000 2
0 2 0 50 00000000 2
0 2 0 51 00000000 2
0 2 0 52 00000000 2
0 2 0 53 00000000 2
0 2 0 54 00000000 2
0 2 0 55 00000000 2
0 2 0 56 00000000 2
0 2 0 57 00000000 2
0 2 0 58 00000000 2
0 2 0 59 00000000 2
0 2 0 60 00000000 2
0 2 0 61 00000000 2
0 2 0 62 00000000 2
0 2 0 63 00000000 2
0 2 0 64 00000000 2
0 2 0 65 00000000 2
0 2 0 66 00000000 2
0 2 0 67 00000000 2
0 2 0 68 00000000 2
0 2 0 69 00000000 2
0 2 0 70 00000000 2
0 2 0 71 00000000 2
0 2 0 72 00000000 2
0 2 0 73 00000000 2
0 2 0 74 00000000 2
0 2 0 75 00000000 2
0 2 0 76 00000000 2
0 2 0 77 00000000 2
0 2 0 78 00000000 2
0 2 0 79 00000000 2
0 2 0 80 00000000 2
0 2 0 81 00000000 2
0 2 0 82 00000000 2
0 2 0 83 00000000 2
0 2 0 84 00000000 2
0 2 0 85 00000000 2
0 2 0 86 00000000 2
0 2 0 87 00000000 2
0 2 0 88 00000000 2
0 2 0 89 00000000 2
0 2 0 90 00000000 2
0 2 0 91 00000000 2
0 2 0 92 00000000 2
0 2 0 93 00000000 2
0 2 0 94 00000000 2
0 2 0 95 00000000 2
0 2 0 96 00000000 2
0 2 0 97 00000000 2
0 2 0 98 00000000 2
0 2 0 99 00000000 2
0 2 0 100 00000000 2
0 2 0 101 00000000 2
0 2 0 102 00000000 2
0 2 0 103 00000000 2
0 2 0 104 00000000 2
0 2 0 105 00000000 2
0 2 0 106 00000000 2
0 2 0 107 00000000 2
0 2 0 108 00000000 2
0 2 0 109 00000000 2
0 2 0 110 00000000 2
0 2 0 111 00000000 2
0 2 0 112 00000000 2
0 2 0 113 00000000 2
0 2 0 114 00000000 2
0 2 0 115 00000000 2
0 2 0 116 00000000 2
0 2 0 117 00000000 2
0 2 0 118 00000000 2
0 2 0 119 00000000 2
0 2 0 120 00000000 2
0 2 0 121 00000000 2
0 2 0 122 00000000 2
0 2 0 123 00000000 2
0 2 0 124 00000000 2
0 2 0 125 00000000 2
0 2 0 126 00000000 2
0 2 0 127 00000000 2
0 2 0 128 00000000 2
0 2 0 129 00000000 2
0 2 0 130 00000000 2
0 2 0 131 00000000 2
0 2 0 132 00000000 2
0 2 0 133 00000000 2
0 2 0 134 00000000 2
0 2 0 135 00000000 2
0 2 0 136 00000000 2
0 2 0 137 00000000 2
0 2 0 138 00000000 2
0 2 0 139 00000000 2
0 2 0 140 00000000 2
0 2 0 141 00000000 2
0 2 0 142 00000000 2
0 2 0 143 00000000 2
0 2 0 144 00000000 2
0 2 0 145 00000000 2
0 2 0 146 00000000 2
0 2 0 147 00000000 2
0 2 0 148 00000000 2
0 2 0 149 00000000 2
0 2 0 150 00000000 2
0 2 0 151 00000000 2
0 2 0 152 00000000 2
0 2 0 153 00000000 2
0 2 0 154 00000000 2
0 2 0 155 00000000 2
0 2 0 156 00000000 2
0 2 0 157 00000000 2
0 2 0 158 00000000 2
0 2 0 159 00000000 2
0 2 0 160 00000000 2
0 2 0 161 00000000 2
0 2 0 162 00000000 2
0 2 0 163 00000000 2
0 2 0 164 00000000 2
0 2 0 165 00000000 2
0 2 0 166 00000000 2
0 2 0 167 00000000 2
0 2 0 168 00000000 2
0 2 0 169 00000000 2
0 2 0 170 00000000 2
0 2 0 171 00000000 2
0 2 0 172 00000000 2
0 2 0 173 00000000 2
0 2 0 174 00000000 2
0 2 0 175 00000000 2
0 2 0 176 00000000 2
0 2 0 177 00000000 2
0 2 0 178 00000000 2
0 2 0 179 00000000 2
0 2 0 180 00000000 2
0 2 0 181 00000000 2
0 2 0 182 00000000 2
0 2 0 183 00000000 2
0 2 0 184 00000000 2
0 2 0 185 00000000 2
0 2 0 186 00000000 2
0 2 0 187 00000000 2
0 2 0 188 00000000 2
0 2 0 189 00000000 2
0 2 0 190 00000000 2
0 2 0 191 00000000 2
0 2 0 192 00000000 2
0 2 0 193 00000000 2
0 2 0 194 00000000 2
0 2 0 195 00000000 2
0 2 0 196 00000000 2
0 2 0 197 00000000 2
0 2 0 198 00000000 2
0 2 0 199 00000000 2
0 2 0 200 00000000 2
0 2 0 201 00000000 2
0 2 0 202 00000000 2
0 2 0 203 00000000 2
0 2 0 204 00000000 2
0 2 0 205 00000000 2
0 2 0 206 00000000 2
0 2 0 207 00000000 2
0 2 0 208 00000000 2
0 2 0 209 00000000 2
0 2 0 210 00000000 2
0 2 0 211 00000000 2
0 2 0 212 00000000 2
0 2 0 213 00000000 2
0 2 0 214 00000000 2
0 2 0 215 00000000 2
0 2 0 216 00000000 2
0 2 0 217 00000000 2
0 2 0 218 00000000 2
0 2 0 219 00000000 2
0 2 0 220 00000000 2
0 2 0 221 00000000 2
0 2 0 222 00000000 2
0 2 0 223 00000000 2
0 2 0 224 00000000 2
0 2 0 225 00000000 2
0 2 0 226 00000000 2
0 2 0 227 00000000 2
0 2 0 228 00000000 2
0 2 0 229 00000000 2
0 2 0 230 00000000 2
0 2 0 231 00000000 2
0 2 0 232 00000000 2
0 2 0 233 00000000 2
0 2 0 234 00000000 2
0 2 0 235 00000000 2
0 2 0 236 00000000 2
0 2 0 237 00000000 2
0 2 0 238 00000000 2
0 2 0 239 00000000 2
0 2 0 240 00000000 2
0 2 0 241 00000000 2
0 2 0 242 00000000 2
0 2 0 243 00000000 2
0 2 0 244 00000000 2
0 2 0 245 00000000 2
0 2 0 246 00000000 2
0 2 0 247 00000000 2
0 2 0 248 00000000 2
0 2 0 249 00000000 2
0 2 0 250 00000000 2
0 2 0 251 00000000 2
0 2 0 252 00000000 2
0 2 0 253 00000000 2
0 2 0 254 00000000 2
0 2 0 255 00000000 2
0 2 0 256 00000000 2
0 2 0 257 00000000 2
0 2 0 258 00000000 2
0 2 0 259 00000000 2
0 2 0 260 00000000 2
0 2 0 261 00000000 2
0 2 0 262 00000000 2
0 2 0 263 00000000 2
0 2 0 264 00000000 2
0 2 0 265 00000000 2
0 2 0 266 00000000 2
0 2 0 267 00000000 2
0 2 0 268 00000000 2
0 2 0 269 00000000 2
0 2 0 270 00000000 2
0 2 0 271 00000000 2
0 2 0 272 00000000 2
0 2 0 273 00000000 2
0 2 0 274 00000000 2
0 2 0 275 00000000 2
0 2 0 276 00000000 2
0 2 0 277 00000000 2
0 2 0 278 00000000 2
0 2 0 279 00000000 2
0 2 0 280 00000000 2
0 2 0 281 00000000 2
0 2 0 282 00000000 2
0 2 0 283 00000000 2
0 2 0 284 00000000 2
0 2 0 285 00000000 2
0 2 0 286 00000000 2
0 2 0 287 00000000 2
0 2 0 288 00000000 2
0 2 0 289 00000000 2
0 2 0 290 00000000 2
0 2 0 291 00000000 2
0 2 0 292 00000000 2
0 2 0 293 00000000 2
0 2 0 294 00000000 2
0 2 0 295 00000000 2
0 2 0 296 00000000 2
0 2 0 297 00000000 2
0 2 0 298 00000000 2
0 2 0 299 00000000 2
0 2 0 300 00000000 2
0 2 0 301 00000000 2
0 2 0 302 00000000 2
0 2 0 303 00000000 2
0 2 0 304 00000000 2
0 2 0 305 00000000 2
0 2 0 306 00000000 2
0 2 0 307 00000000 2
0 2 0 308 00000000 2
0 2 0 309 00000000 2
0 2 0 310 00000000 2
0 2 0 311 00000000 2
0 2 0 312 00000000 2
0 2 0 313 00000000 2
0 2 0 314 00000000 2
0 2 0 315 00000000 2
0 2 0 316 00000000 2
0 2 0 317 00000000 2
0 2 0 318 00000000 2
0 2 0 319 00000000 2
0 2 0 320 00000000 2
0 2 0 321 00000000 2
0 2 0 322 00000000 2
0 2 0 323 00000000 2
0 2 0 324 00000000 2
0 2 0 325 00000000 2
0 2 0 326 00000000 2
0 2 0 327 00000000 2
0 2 0 328 00000000 2
0 2 0 329 00000000 2
0 2 0 330 00000000 2
0 2 0 331 00000000 2
0 2 0 332 00000000 2
0 2 0 333 00000000 2
0 2 0 334 00000000 2
0 2 0 335 00000000 2
0 2 0 336 00000000 2
0 2 0 337 00000000 2
0 2 0 338 00000000 2
0 2 0 339 00000000 2
0 2 0 340 00000000 2
0 2 0 341 00000000 2
0 2 0 342 00000000 2
0 2 0 343 00000000 2
0 2 0 344 00000000 2
0 2 0 345 00000000 2
0 2 0 346 00000000 2
0 2 0 347 00000000 2
0 2 0 348 00000000 2
0 2 0 349 00000000 2
0 2 0 350 00000000 2
0 2 0 351 00000000 2
0 2 0 352 00000000 2
0 2 0 353 00000000 2
0 2 0 354 00000000 2
0 2 0 355 00000000 2
0 2 0 356 00000000 2
0 2 0 357 00000000 2
0 2 0 358 00000000 2
0 2 0 359 00000000 2
0 2 0 360 00000000 2
0 2 0 361 00000000 2
0 2 0 362 00000000 2
0 2 0 363 00000000 2
0 2 0 364 00000000 2
0 2 0 365 00000000 2
0 2 0 366 00000000 2
0 2 0 367 00000000 2
0 2 0 368 00000000 2
0 2 0 369 00000000 2
0 2 0 370 00000000 2
0 2 0 371 00000000 2
0 2 0 372 00000000 2
0 2 0 373 00000000 2
0 2 0 374 00000000 2
0 2 0 375 00000000 2
0 2 0 376 00000000 2
0 2 0 377 00000000 2
0 2 0 378 00000000 2
0 2 0 379 00000000 2
0 2 0 380 00000000 2
0 2 0 381 00000000 2
0 2 0 382 00000000 2
0 2 0 383 00000000 2
0 2 0 384 00000000 2
0 2 0 385 00000000 2
0 2 0 386 00000000 2
0 2 0 387 00000000 2
0 2 0 388 00000000 2
0 2 0 389 00000000 2
0 2 0 390 00000000 2
0 2 0 391 00000000 2
0 2 0 392 00000000 2
0 2 0 393 00000000 2
0 2 0 394 00000000 2
0 2 0 395 00000000 2
0 2 0 396 00000000 2
0 2 0 397 00000000 2
0 2 0 398 00000000 2
0 2 0 399 00000000 2
0 2 0 400 00000000 2
0 2 0 401 00000000 2
0 2 0 402 00000000 2
0 2 0 403 00000000 2
0 2 0 404 00000000 2
0 2 0 405 00000000 2
0 2 0 406 00000000 2
0 2 0 407 00000000 2
0 2 0 408 00000000 2
0 2 0 409 00000000 2
0 2 0 410 00000000 2
0 2 0 411 00000000 2
0 2 0 412 00000000 2
0 2 0 413 00000000 2
0 2 0 414 00000000 2
0 2 0 415 00000000 2
0 2 0 416 00000000 2
0 2 0 417 00000000 2
0 2 0 418 00000000 2
0 2 0 419 00000000 2
0 2 0 420 00000000 2
0 2 0 421 00000000 2
0 2 0 422 00000000 2
0 2 0 423 00000000 2
0 2 0 424 00000000 2
0 2 0 425 00000000 2
0 2 0 426 00000000 2
0 2 0 427 00000000 2
0 2 0 428 00000000 2
0 2 0 429 00000000 2
0 2 0 430 00000000 2
0 2 0 431 00000000 2
0 2 0 432 00000000 2
0 2 0 433 00000000 2
0 2 0 434 00000000 2
0 2 0 435 00000000 2
0 2 0 436 00000000 2
0 2 0 437 00000000 2
0 2 0 438 00000000 2
0 2 0 439 00000000 2
0 2 0 440 00000000 2
0 2 0 441 00000000 2
0 2 0 442 00000000 2
0 2 0 443 00000000 2
0 2 0 444 00000000 2
0 2 0 445 00000000 2
0 2 0 446 00000000 2
0 2 0 447 00000000 2
0 2 0 448 00000000 2
0 2 0 449 00000000 2
0 2 0 450 00000000 2
0 2 0 451 00000000 2
0 2 0 452 00000000 2
0 2 0 453 00000000 2
0 2 0 454 00000000 2
0 2 0 455 00000000 2
0 2 0 456 00000000 2
0 2 0 457 00000000 2
0 2 0 458 00000000 2
0 2 0 459 00000000 2
0 2 0 460 00000000 2
0 2 0 461 00000000 2
0 2 0 462 00000000 2
0 2 0 463 00000000 2
0 2 0 464 00000000 2
0 2 0 465 00000000 2
0 2 0 466 00000000 2
0 2 0 467 00000000 2
0 2 0 468 00000000 2
0 2 0 469 00000000 2
0 2 0 470 00000000 2
0 2 0 471 00000000 2
0 2 0 472 00000000 2
0 2 0 473 00000000 2
0 2 0 474 00000000 2
0 2 0 475 00000000 2
0 2 0 476 00000000 2
0 2 0 477 00000000 2
0 2 0 478 00000000 2
0 2 0 479 00000000 2
0 2 0 480 00000000 2
0 2 0 481 00000000 2
0 2 0 482 00000000 2
0 2 0 483 00000000 2
0 2 0 484 00000000 2
0 2 0 485 00000000 2
0 2 0 486 00000000 2
0 2 0 487 00000000 2
0 2 0 488 00000000 2
0 2 0 489 00000000 2
0 2 0 490 00000000 2
0 2 0 491 00000000 2
0 2 0 492 00000000 2
0 2 0 493 00000000 2
0 2 0 494 00000000 2
0 2 0 495 00000000 2
0 2 0 496 00000000 2
0 2 0 497 00000000 2
0 2 0 498 00000000 2
0 2 0 499 00000000 2
0 2 0 500 00000000 2
0 2 0 501 00000000 2
0 2 0 502 00000000 2
0 2 0 503 00000000 2
0 2 0 504 00000000 2
0 2 0 505 00000000 2
0 2 0 506 00000000 2
0 2 0 507 00000000 2
0 2 0 508 00000000 2
0 2 0 509 00000000 2
0 2 0 510 00000000 2
0 2 0 511 00000000 2
0 2 0 512 00000000 2
0 2 0 513 00000000 2
0 2 0 514 00000000 2
0 2 0 515 00000000 2
0 2 0 516 00000000 2
0 2 0 517 00000000 2
0 2 0 518 00000000 2
0 2 0 519 00000000 2
0 2 0 520 00000000 2
0 2 0 521 00000000 2
0 2 0 522 00000000 2
0 2 0 523 00000000 2
0 2 0 524 00000000 2
0 2 0 525 00000000 2
0 2 0 526 00000000 2
0 2 0 527 00000000 2
0 2 0 528 00000000 2
0 2 0 529 00000000 2
0 2 0 530 00000000 2
0 2 0 531 00000000 2
0 2 0 532 00000000 2
0 2 0 533 00000000 2
0 2 0 534 00000000 2
0 2 0 535 00000000 2
0 2 0 536 00000000 2
0 2 0 537 00000000 2
0 2 0 538 00000000 2
0 2 0 539 00000000 2
0 2 0 540 00000000 2
0 2 0 541 00000000 2
0 2 0 542 00000000 2
0 2 0 543 00000000 2
0 2 0 544 00000000 2
0 2 0 545 00000000 2
0 2 0 546 00000000 2
0 2 0 547 00000000 2
0 2 0 548 00000000 2
0 2 0 549 00000000 2
0 2 0 550 00000000 2
0 2 0 551 00000000 2
0 2 0 552 00000000 2
0 2 0 553 00000000 2
0 2 0 554 00000000 2
0 2 0 555 00000000 2
0 2 0 556 00000000 2
0 2 0 557 00000000 2
0 2 0 558 00000000 2
0 2 0 559 00000000 2
0 2 0 560 00000000 2
0 2 0 561 00000000 2
0 2 0 562 00000000 2
0 2 0 563 00000000 2
0 2 0 564 00000000 2
0 2 0 565 00000000 2
0 2 0 566 00000000 2
0 2 0 567 00000000 2
0 2 0 568 00000000 2
0 2 0 569 00000000 2
0 2 0 570 00000000 2
0 2 0 571 00000000 2
0 2 0 572 00000000 2
0 2 0 573 00000000 2
0 2 0 574 00000000 2
0 2 0 575 00000000 2
0 2 0 576 00000000 2
0 2 0 577 00000000 2
0 2 0 578 00000000 2
0 2 0 579 00000000 2
0 2 0 580 00000000 2
0 2 0 581 00000000 2
0 2 0 582 00000000 2
0 2 0 583 00000000 2
0 2 0 584 00000000 2
0 2 0 585 00000000 2
0 2 0 586 00000000 2
0 2 0 587 00000000 2
0 2 0 588 00000000 2
0 2 0 589 00000000 2
0 2 0 590 00000000 2
0 2 0 591 00000000 2
0 2 0 592 00000000 2
0 2 0 593 00000000 2
0 2 0 594 00000000 2
0 2 0 595 00000000 2
0 2 0 596 00000000 2
0 2 0 597 00000000 2
0 2 0 598 00000000 2
0 2 0 599 00000000 2
0 2 0 600 00000000 2
0 2 0 601 00000000 2
0 2 0 602 00000000 2
0 2 0 603 00000000 2
0 2 0 604 00000000 2
0 2 0 605 00000000 2
0 2 0 606 00000000 2
0 2 0 607 00000000 2
0 2 0 608 00000000 2
0 2 0 609 00000000 2
0 2 0 610 00000000 2
0 2 0 611 00000000 2
0 2 0 612 00000000 2
0 2 0 613 00000000 2
0 2 0 614 00000000 2
0 2 0 615 00000000 2
0 2 0 616 00000000 2
0 2 0 617 00000000 2
0 2 0 618 00000000 2
0 2 0 619 00000000 2
0 2 0 620 00000000 2
0 2 0 621 00000000 2
0 2 0 622 00000000 2
0 2 0 623 00000000 2
0 2 0 624 00000000 2
0 2 0 625 00000000 2
0 2 0 626 00000000 2
0 2 0 627 00000000 2
0 2 0 628 00000000 2
0 2 0 629 00000000 2
0 2 0 630 00000000 2
0 2 0 631 00000000 2
0 2 0 632 00000000 2
0 2 0 633 00000000 2
0 2 0 634 00000000 2
0 2 0 635 00000000 2
0 2 0 636 00000000 2
0 2 0 637 00000000 2
0 2 0 638 00000000 2
0 2 0 639 00000000 2
0 2 0 640 00000000 2
0 2 0 641 00000000 2
0 2 0 642 00000000 2
0 2 0 643 00000000 2
0 2 0 644 00000000 2
0 2 0 645 00000000 2
0 2 0 646 00000000 2
0 2 0 647 00000000 2
0 2 0 648 00000000 2
0 2 0 649 00000000 2
0 2 0 650 00000000 2
0 2 0 651 00000000 2
0 2 0 652 00000000 2
0 2 0 653 00000000 2
0 2 0 654 00000000 2
0 2 0 655 00000000 2
0 2 0 656 00000000 2
0 2 0 657 00000000 2
0 2 0 658 00000000 2
0 2 0 659 00000000 2
0 2 0 660 00000000 2
0 2 0 661 00000000 2
0 2 0 662 00000000 2
0 2 0 663 00000000 2
0 2 0 664 00000000 2
0 2 0 665 00000000 2
0 2 0 666 00000000 2
0 2 0 667 00000000 2
0 2 0 668 00000000 2
0 2 0 669 00000000 2
0 2 0 670 00000000 2
0 2 0 671 00000000 2
0 2 0 672 00000000 2
0 2 0 673 00000000 2
0 2 0 674 00000000 2
0 2 0 675 00000000 2
0 2 0 676 00000000 2
0 2 0 677 00000000 2
0 2 0 678 00000000 2
0 2 0 679 00000000 2
0 2 0 680 00000000 2
0 2 0 681 00000000 2
0 2 0 682 00000000 2
0 2 0 683 00000000 2
0 2 0 684 00000000 2
0 2 0 685 00000000 2
0 2 0 686 00000000 2
0 2 0 687 00000000 2
0 2 0 688 00000000 2
0 2 0 689 00000000 2
0 2 0 690 00000000 2
0 2 0 691 00000000 2
0 2 0 692 00000000 2
0 2 0 693 00000000 2
0 2 0 694 00000000 2
0 2 0 695 00000000 2
0 2 0 696 00000000 2
0 2 0 697 00000000 2
0 2 0 698 00000000 2
0 2 0 699 00000000 2
0 2 0 700 00000000 2
0 2 0 701 00000000 2
0 2 0 702 00000000 2
0 2 0 703 00000000 2
0 2 0 704 00000000 2
0 2 0 705 00000000 2
0 2 0 706 00000000 2
0 2 0 707 00000000 2
0 2 0 708 00000000 2
0 2 0 709 00000000 2
0 2 0 710 00000000 2
0 2 0 711 00000000 2
0 2 0 712 00000000 2
0 2 0 713 00000000 2
0 2 0 714 00000000 2
0 2 0 715 00000000 2
0 2 0 716 00000000 2
0 2 0 717 00000000 2
0 2 0 718 00000000 2
0 2 0 719 00000000 2
0 2 0 720 00000000 2
0 2 0 721 00000000 2
0 2 0 722 00000000 2
0 2 0 723 00000000 2
0 2 0 724 00000000 2
0 2 0 725 00000000 2
0 2 0 726 00000000 2
0 2 0 727 00000000 2
0 2 0 728 00000000 2
0 2 0 729 00000000 2
0 2 0 730 00000000 2
0 2 0 731 00000000 2
0 2 0 732 00000000 2
0 2 0 733 00000000 2
0 2 0 734 00000000 2
0 2 0 735 00000000 2
0 2 0 736 00000000 2
0 2 0 737 00000000 2
0 2 0 738 00000000 2
0 2 0 739 00000000 2
0 2 0 740 00000000 2
0 2 0 741 00000000 2
0 2 0 742 00000000 2
0 2 0 743 00000000 2
0 2 0 744 00000000 2
0 2 0 745 00000000 2
0 2 0 746 00000000 2
0 2 0 747 00000000 2
0 2 0 748 00000000 2
0 2 0 749 00000000 2
0 2 0 750 00000000 2
0 2 0 751 00000000 2
0 2 0 752 00000000 2
0 2 0 753 00000000 2
0 2 0 754 00000000 2
0 2 0 755 00000000 2
0 2 0 756 00000000 2
0 2 0 757 00000000 2
0 2 0 758 00000000 2
0 2 0 759 00000000 2
0 2 0 760 00000000 2
0 2 0 761 00000000 2
0 2 0 762 00000000 2
0 2 0 763 00000000 2
0 2 0 764 00000000 2
0 2 0 765 00000000 2
0 2 0 766 00000000 2
0 2 0 767 00000000 2
0 2 0 768 00000000 2
0 2 0 769 00000000 2
0 2 0 770 00000000 2
0 2 0 771 00000000 2
0 2 0 772 00000000 2
0 2 0 773 00000000 2
0 2 0 774 00000000 2
0 2 0 775 00000000 2
0 2 0 776 00000000 2
0 2 0 777 00000000 2
0 2 0 778 00000000 2
0 2 0 779 00000000 2
0 2 0 780 00000000 2
0 2 0 781 00000000 2
0 2 0 782 00000000 2
0 2 0 783 00000000 2
0 2 0 784 00000000 2
0 2 0 785 00000000 2
0 2 0 786 00000000 2
0 2 0 787 00000000 2
0 2 0 788 00000000 2
0 2 0 789 00000000 2
0 2 0 790 00000000 2
0 2 0 791 00000000 2
0 2 0 792 00000000 2
0 2 0 793 00000000 2
0 2 0 794 00000000 2
0 2 0 795 00000000 2
0 2 0 796 00000000 2
0 2 0 797 00000000 2
0 2 0 798 00000000 2
0 2 0 799 00000000 2
0 2 0 800 00000000 2
0 2 0 801 00000000 2
0 2 0 802 00000000 2
0 2 0 803 00000000 2
0 2 0 804 00000000 2
0 2 0 805 00000000 2
0 2 0 806 00000000 2
0 2 0 807 00000000 2
0 2 0 808 00000000 2
0 2 0 809 00000000 2
0 2 0 810 00000000 2
0 2 0 811 00000000 2
0 2 0 812 00000000 2
0 2 0 813 00000000 2
0 2 0 814 00000000 2
0 2 0 815 00000000 2
0 2 0 816 00000000 2
0 2 0 817 00000000 2
0 2 0 818 00000000 2
0 2 0 819 00000000 2
0 2 0 820 00000000 2
0 2 0 821 00000000 2
0 2 0 822 00000000 2
0 2 0 823 00000000 2
0 2 0 824 00000000 2
0 2 0 825 00000000 2
0 2 0 826 00000000 2
0 2 0 827 00000000 2
0 2 0 828 00000000 2
0 2 0 829 00000000 2
0 2 0 830 00000000 2
0 2 0 831 00000000 2
0 2 0 832 00000000 2
0 2 0 833 00000000 2
0 2 0 834 00000000 2
0 2 0 835 00000000 2
0 2 0 836 00000000 2
0 2 0 837 00000000 2
0 2 0 838 00000000 2
0 2 0 839 00000000 2
0 2 0 840 00000000 2
0 2 0 841 00000000 2
0 2 0 842 00000000 2
0 2 0 843 00000000 2
0 2 0 844 00000000 2
0 2 0 845 00000000 2
0 2 0 846 00000000 2
0 2 0 847 00000000 2
0 2 0 848 00000000 2
0 2 0 849 00000000 2
0 2 0 850 00000000 2
0 2 0 851 00000000 2
0 2 0 852 00000000 2
0 2 0 853 00000000 2
0 2 0 854 00000000 2
0 2 0 855 00000000 2
0 2 0 856 00000000 2
0 2 0 857 00000000 2
0 2 0 858 00000000 2
0 2 0 859 00000000 2
0 2 0 860 00000000 2
0 2 0 861 00000000 2
0 2 0 862 00000000 2
0 2 0 863 00000000 2
0 2 0 864 00000000 2
0 2 0 865 00000000 2
0 2 0 866 00000000 2
0 2 0 867 00000000 2
0 2 0 868 00000000 2
0 2 0 869 00000000 2
0 2 0 870 00000000 2
0 2 0 871 00000000 2
0 2 0 872 00000000 2
0 2 0 873 00000000 2
0 2 0 874 00000000 2
0 2 0 875 00000000 2
0 2 0 876 00000000 2
0 2 0 877 00000000 2
0 2 0 878 00000000 2
0 2 0 879 00000000 2
0 2 0 880 00000000 2
0 2 0 881 00000000 2
0 2 0 882 00000000 2
0 2 0 883 00000000 2
0 2 0 884 00000000 2
0 2 0 885 00000000 2
0 2 0 886 00000000 2
0 2 0 887 00000000 2
0 2 0 888 00000000 2
0 2 0 889 00000000 2
0 2 0 890 00000000 2
0 2 0 891 00000000 2
0 2 0 892 00000000 2
0 2 0 893 00000000 2
0 2 0 894 00000000 2
0 2 0 895 00000000 2
0 2 0 896 00000000 2
0 2 0 897 00000000 2
0 2 0 898 00000000 2
0 2 0 899 00000000 2
0 2 0 900 00000000 2
0 2 0 901 00000000 2
0 2 0 902 00000000 2
0 2 0 903 00000000 2
0 2 0 904 00000000 2
0 2 0 905 00000000 2
0 2 0 906 00000000 2
0 2 0 907 00000000 2
0 2 0 908 00000000 2
0 2 0 909 00000000 2
0 2 0 910 00000000 2
0 2 0 911 00000000 2
0 2 0 912 00000000 2
0 2 0 913 00000000 2
0 2 0 914 00000000 2
0 2 0 915 00000000 2
0 2 0 916 00000000 2
0 2 0 917 00000000 2
0 2 0 918 00000000 2
0 2 0 919 00000000 2
0 2 0 920 00000000 2
0 2 0 921 00000000 2
0 2 0 922 00000000 2
0 2 0 923 00000000 2
0 2 0 924 00000000 2
0 2 0 925 00000000 2
0 2 0 926 00000000 2
0 2 0 927 00000000 2
0 2 0 928 00000000 2
0 2 0 929 00000000 2
0 2 0 930 00000000 2
0 2 0 931 00000000 2
0 2 0 932 00000000 2
0 2 0 933 00000000 2
0 2 0 934 00000000 2
0 2 0 935 00000000 2
0 2 0 936 00000000 2
0 2 0 937 00000000 2
0 2 0 938 00000000 2
0 2 0 939 00000000 2
0 2 0 940 00000000 2
0 2 0 941 00000000 2
0 2 0 942 00000000 2
0 2 0 943 00000000 2
0 2 0 944 00000000 2
0 2 0 945 00000000 2
0 2 0 946 00000000 2
0 2 0 947 00000000 2
0 2 0 948 00000000 2
0 2 0 949 00000000 2
0 2 0 950 00000000 2
0 2 0 951 00000000 2
0 2 0 952 00000000 2
0 2 0 953 00000000 2
0 2 0 954 00000000 2
0 2 0 955 00000000 2
0 2 0 956 00000000 2
0 2 0 957 00000000 2
0 2 0 958 00000000 2
0 2 0 959 00000000 2
0 2 0 960 00000000 2
0 2 0 961 00000000 2
0 2 0 962 00000000 2
0 2 0 963 00000000 2
0 2 0 964 00000000 2
0 2 0 965 00000000 2
0 2 0 966 00000000 2
0 2 0 967 00000000 2
0 2 0 968 00000000 2
0 2 0 969 00000000 2
0 2 0 970 00000000 2
0 2 0 971 00000000 2
0 2 0 972 00000000 2
0 2 0 973 00000000 2
0 2 0 974 00000000 2
0 2 0 975 00000000 2
0 2 0 976 00000000 2
0 2 0 977 00000000 2
0 2 0 978 00000000 2
0 2 0 979 00000000 2
0 2 0 980 00000000 2
0 2 0 981 00000000 2
0 2 0 982 00000000 2
0 2 0 983 00000000 2
0 2 0 984 00000000 2
0 2 0 985 00000000 2
0 2 0 986 00000000 2
0 2 0 987 00000000 2
0 2 0 988 00000000 2
0 2 0 989 00000000 2
0 2 0 990 00000000 2
0 2 0 991 00000000 2
0 2 0 992 00000000 2
0 2 0 993 00000000 2
0 2 0 994 00000000 2
0 2 0 995 00000000 2
0 2 0 996 00000000 2
0 2 0 997 00000000 2
0 2 0 998 00000000 2
0 2 0 999 00000000 2
0 2 0 1000 00000000 2
0 2 0 1001 00000000 2
0 2 0 1002 00000000 2
0 2 0 1003 00000000 2
0 2 0 1004 00000000 2
0 2 0 1005 00000000 2
0 2 0 1006 00000000 2
0 2 0 1007 00000000 2
0 2 0 1008 00000000 2
0 2 0 1009 00000000 2
0 2 0 1010 00000000 2
0 2 0 1011 00000000 2
0 2 0 1012 00000000 2
0 2 0 1013 00000000 2
0 2 0 1014 00000000 2
0 2 0 1015 00000000 2
0 2 0 1016 00000000 2
0 2 0 1017 00000000 2
0 2 0 1018 00000000 2
0 2 0 1019 00000000 2
0 2 0 1020 00000000 2
0 2 0 1021 00000000 2
0 2 0 1022 00000000 2
0 2 0 1023 00000000 2
0 3 0 0 00000000 2
0 3 0 1 00000000 2
0 3 0 2 00000000 2
0 3 0 3 00000000 2
0 3 0 4 00000000 2
0 3 0 5 00000000 2
0 3 0 6 00000000 2
0 3 0 7 00000000 2
0 3 0 8 00000000 2
0 3 0 9 00000000 2
0 3 0 10 00000000 2
0 3 0 11 00000000 2
0 3 0 12 00000000 2
0 3 0 13 00000000 2
0 3 0 14 00000000 2
0 3 0 15 00000000 2
0 3 0 16 00000000 2
0 3 0 17 00000000 2
0 3 0 18 00000000 2
0 3 0 19 00000000 2
0 3 0 20 00000000 2
0 3 0 21 00000000 2
0 3 0 22 00000000 2
0 3 0 23 00000000 2
0 3 0 24 00000000 2
0 3 0 25 00000000 2
0 3 0 26 00000000 2
0 3 0 27 00000000 2
0 3 0 28 00000000 2
0 3 0 29 00000000 2
0 3 0 30 00000000 2
0 3 0 31 00000000 2
0 3 0 32 00000000 2
0 3 0 33 00000000 2
0 3 0 34 00000000 2
0 3 0 35 00000000 2
0 3 0 36 00000000 2
0 3 0 37 00000000 2
0 3 0 38 00000000 2
0 3 0 39 00000000 2
0 3 0 40 00000000 2
0 3 0 41 00000000 2
0 3 0 42 00000000 2
0 3 0 43 00000000 2
0 3 0 44 00000000 2
0 3 0 45 00000000 2
0 3 0 46 00000000 2
0 3 0 47 00000000 2
0 3 0 48 00000000 2
0 3 0 49 00000000 2
0 3 0 50 00000000 2
0 3 0 51 00000000 2
0 3 0 52 00000000 2
0 3 0 53 00000000 2
0 3 0 54 00000000 2
0 3 0 55 00000000 2
0 3 0 56 00000000 2
0 3 0 57 00000000 2
0 3 0 58 00000000 2
0 3 0 59 00000000 2
0 3 0 60 00000000 2
0 3 0 61 00000000 2
0 3 0 62 00000000 2
0 3 0 63 00000000 2
0 3 0 64 00000000 2
0 3 0 65 00000000 2
0 3 0 66 00000000 2
0 3 0 67 00000000 2
0 3 0 68 00000000 2
0 3 0 69 00000000 2
0 3 0 70 00000000 2
0 3 0 71 00000000 2
0 3 0 72 00000000 2
0 3 0 73 00000000 2
0 3 0 74 00000000 2
0 3 0 75 00000000 2
0 3 0 76 00000000 2
0 3 0 77 00000000 2
0 3 0 78 00000000 2
0 3 0 79 00000000 2
0 3 0 80 00000000 2
0 3 0 81 00000000 2
0 3 0 82 00000000 2
0 3 0 83 00000000 2
0 3 0 84 00000000 2
0 3 0 85 00000000 2
0 3 0 86 00000000 2
0 3 0 87 00000000 2
0 3 0 88 00000000 2
0 3 0 89 00000000 2
0 3 0 90 00000000 2
0 3 0 91 00000000 2
0 3 0 92 00000000 2
0 3 0 93 00000000 2
0 3 0 94 00000000 2
0 3 0 95 00000000 2
0 3 0 96 00000000 2
0 3 0 97 00000000 2
0 3 0 98 00000000 2
0 3 0 99 00000000 2
0 3 0 100 00000000 2
0 3 0 101 00000000 2
0 3 0 102 00000000 2
0 3 0 103 00000000 2
0 3 0 104 00000000 2
0 3 0 105 00000000 2
0 3 0 106 00000000 2
0 3 0 107 00000000 2
0 3 0 108 00000000 2
0 3 0 109 00000000 2
0 3 0 110 00000000 2
0 3 0 111 00000000 2
0 3 0 112 00000000 2
0 3 0 113 00000000 2
0 3 0 114 00000000 2
0 3 0 115 00000000 2
0 3 0 116 00000000 2
0 3 0 117 00000000 2
0 3 0 118 00000000 2
0 3 0 119 00000000 2
0 3 0 120 00000000 2
0 3 0 121 00000000 2
0 3 0 122 00000000 2
0 3 0 123 00000000 2
0 3 0 124 00000000 2
0 3 0 125 00000000 2
0 3 0 126 00000000 2
0 3 0 127 00000000 2
0 3 1 0 00000000 2
0 3 1 1 00000000 2
0 3 1 2 00000000 2
0 3 1 3 00000000 2
0 3 1 4 00000000 2
0 3 1 5 00000000 2
0 3 1 6 00000000 2
0 3 1 7 00000000 2
0 3 1 8 00000000 2
0 3 1 9 00000000 2
0 3 1 10 00000000 2
0 3 1 11 00000000 2
0 3 1 12 00000000 2
0 3 1 13 00000000 2
0 3 1 14 00000000 2
0 3 1 15 00000000 2
0 3 1 16 00000000 2
0 3 1 17 00000000 2
0 3 1 18 00000000 2
0 3 1 19 00000000 2
0 3 1 20 00000000 2
0 3 1 21 00000000 2
0 3 1 22 00000000 2
0 3 1 23 00000000 2
0 3 1 24 00000000 2
0 3 1 25 00000000 2
0 3 1 26 00000000 2
0 3 1 27 00000000 2
0 3 1 28 00000000 2
0 3 1 29 00000000 2
0 3 1 30 00000000 2
0 3 1 31 00000000 2
0 3 1 32 00000000 2
0 3 1 33 00000000 2
0 3 1 34 00000000 2
0 3 1 35 00000000 2
0 3 1 36 00000000 2
0 3 1 37 00000000 2
0 3 1 38 00000000 2
0 3 1 39 00000000 2
0 3 1 40 00000000 2
0 3 1 41 00000000 2
0 3 1 42 00000000 2
0 3 1 43 00000000 2
0 3 1 44 00000000 2
0 3 1 45 00000000 2
0 3 1 46 00000000 2
0 3 1 47 00000000 2
0 3 1 48 00000000 2
0 3 1 49 00000000 2
0 3 1 50 00000000 2
0 3 1 51 00000000 2
0 3 1 52 00000000 2
0 3 1 53 00000000 2
0 3 1 54 00000000 2
0 3 1 55 00000000 2
0 3 1 56 00000000 2
0 3 1 57 00000000 2
0 3 1 58 00000000 2
0 3 1 59 00000000 2
0 3 1 60 00000000 2
0 3 1 61 00000000 2
0 3 1 62 00000000 2
0 3 1 63 00000000 2
0 3 1 64 00000000 2
0 3 1 65 00000000 2
0 3 1 66 00000000 2
0 3 1 67 00000000 2
0 3 1 68 00000000 2
0 3 1 69 00000000 2
0 3 1 70 00000000 2
0 3 1 71 00000000 2
0 3 1 72 00000000 2
0 3 1 73 00000000 2
0 3 1 74 00000000 2
0 3 1 75 00000000 2
0 3 1 76 00000000 2
0 3 1 77 00000000 2
0 3 1 78 00000000 2
0 3 1 79 00000000 2
0 3 1 80 00000000 2
0 3 1 81 00000000 2
0 3 1 82 00000000 2
0 3 1 83 00000000 2
0 3 1 84 00000000 2
0 3 1 85 00000000 2
0 3 1 86 00000000 2
0 3 1 87 00000000 2
0 3 1 88 00000000 2
0 3 1 89 00000000 2
0 3 1 90 00000000 2
0 3 1 91 00000000 2
0 3 1 92 00000000 2
0 3 1 93 00000000 2
0 3 1 94 00000000 2
0 3 1 95 00000000 2
0 3 1 96 00000000 2
0 3 1 97 00000000 2
0 3 1 98 00000000 2
0 3 1 99 00000000 2
0 3 1 100 00000000 2
0 3 1 101 00000000 2
0 3 1 102 00000000 2
0 3 1 103 00000000 2
0 3 1 104 00000000 2
0 3 1 105 00000000 2
0 3 1 106 00000000 2
0 3 1 107 00000000 2
0 3 1 108 00000000 2
0 3 1 109 00000000 2
0 3 1 110 00000000 2
0 3 1 111 00000000 2
0 3 1 112 00000000 2
0 3 1 113 00000000 2
0 3 1 114 00000000 2
0 3 1 115 00000000 2
0 3 1 116 00000000 2
0 3 1 117 00000000 2
0 3 1 118 00000000 2
0 3 1 119 00000000 2
0 3 1 120 00000000 2
0 3 1 121 00000000 2
0 3 1 122 00000000 2
0 3 1 123 00000000 2
0 3 1 124 00000000 2
0 3 1 125 00000000 2
0 3 1 126 00000000 2
0 3 1 127 00000000 2
0 3 2 0 00000000 2
0 3 2 1 00000000 2
0 3 2 2 00000000 2
0 3 2 3 00000000 2
0 3 2 4 00000000 2
0 3 2 5 00000000 2
0 3 2 6 00000000 2
0 3 2 7 00000000 2
0 3 2 8 00000000 2
0 3 2 9 00000000 2
0 3 2 10 00000000 2
0 3 2 11 00000000 2
0 3 2 12 00000000 2
0 3 2 13 00000000 2
0 3 2 14 00000000 2
0 3 2 15 00000000 2
0 3 2 16 00000000 2
0 3 2 17 00000000 2
0 3 2 18 00000000 2
0 3 2 19 00000000 2
0 3 2 20 00000000 2
0 3 2 21 00000000 2
0 3 2 22 00000000 2
0 3 2 23 00000000 2
0 3 2 24 00000000 2
0 3 2 25 00000000 2
0 3 2 26 00000000 2
0 3 2 27 00000000 2
0 3 2 28 00000000 2
0 3 2 29 00000000 2
0 3 2 30 00000000 2
0 3 2 31 00000000 2
0 3 2 32 00000000 2
0 3 2 33 00000000 2
0 3 2 34 00000000 2
0 3 2 35 00000000 2
0 3 2 36 00000000 2
0 3 2 37 00000000 2
0 3 2 38 00000000 2
0 3 2 39 00000000 2
0 3 2 40 00000000 2
0 3 2 41 00000000 2
0 3 2 42 00000000 2
0 3 2 43 00000000 2
0 3 2 44 00000000 2
0 3 2 45 00000000 2
0 3 2 46 00000000 2
0 3 2 47 00000000 2
0 3 2 48 00000000 2
0 3 2 49 00000000 2
0 3 2 50 00000000 2
0 3 2 51 00000000 2
0 3 2 52 00000000 2
0 3 2 53 00000000 2
0 3 2 54 00000000 2
0 3 2 55 00000000 2
0 3 2 56 00000000 2
0 3 2 57 00000000 2
0 3 2 58 00000000 2
0 3 2 59 00000000 2
0 3 2 60 00000000 2
0 3 2 61 00000000 2
0 3 2 62 00000000 2
0 3 2 63 00000000 2
0 3 2 64 00000000 2
0 3 2 65 00000000 2
0 3 2 66 00000000 2
0 3 2 67 00000000 2
0 3 2 68 00000000 2
0 3 2 69 00000000 2
0 3 2 70 00000000 2
0 3 2 71 00000000 2
0 3 2 72 00000000 2
0 3 2 73 00000000 2
0 3 2 74 00000000 2
0 3 2 75 00000000 2
0 3 2 76 00000000 2
0 3 2 77 00000000 2
0 3 2 78 00000000 2
0 3 2 79 00000000 2
0 3 2 80 00000000 2
0 3 2 81 00000000 2
0 3 2 82 00000000 2
0 3 2 83 00000000 2
0 3 2 84 00000000 2
0 3 2 85 00000000 2
0 3 2 86 00000000 2
0 3 2 87 00000000 2
0 3 2 88 00000000 2
0 3 2 89 00000000 2
0 3 2 90 00000000 2
0 3 2 91 00000000 2
0 3 2 92 00000000 2
0 3 2 93 00000000 2
0 3 2 94 00000000 2
0 3 2 95 00000000 2
0 3 2 96 00000000 2
0 3 2 97 00000000 2
0 3 2 98 00000000 2
0 3 2 99 00000000 2
0 3 2 100 00000000 2
0 3 2 101 00000000 2
0 3 2 102 00000000 2
0 3 2 103 00000000 2
0 3 2 104 00000000 2
0 3 2 105 00000000 2
0 3 2 106 00000000 2
0 3 2 107 00000000 2
0 3 2 108 00000000 2
0 3 2 109 00000000 2
0 3 2 110 00000000 2
0 3 2 111 00000000 2
0 3 2 112 00000000 2
0 3 2 113 00000000 2
0 3 2 114 00000000 2
0 3 2 115 00000000 2
0 3 2 116 00000000 2
0 3 2 117 00000000 2
0 3 2 118 00000000 2
0 3 2 119 00000000 2
0 3 2 120 00000000 2
0 3 2 121 00000000 2
0 3 2 122 00000000 2
0 3 2 123 00000000 2
0 3 2 124 00000000 2
0 3 2 125 00000000 2
0 3 2 126 00000000 2
0 3 2 127 00000000 2
0 3 3 0 00000000 2
0 3 3 1 00000000 2
0 3 3 2 00000000 2
0 3 3 3 00000000 2
0 3 3 4 00000000 2
0 3 3 5 00000000 2
0 3 3 6 00000000 2
0 3 3 7 00000000 2
0 3 3 8 00000000 2
0 3 3 9 00000000 2
0 3 3 10 00000000 2
0 3 3 11 00000000 2
0 3 3 12 00000000 2
0 3 3 13 00000000 2
0 3 3 14 00000000 2
0 3 3 15 00000000 2
0 3 3 16 00000000 2
0 3 3 17 00000000 2
0 3 3 18 00000000 2
0 3 3 19 00000000 2
0 3 3 20 00000000 2
0 3 3 21 00000000 2
0 3 3 22 00000000 2
0 3 3 23 00000000 2
0 3 3 24 00000000 2
0 3 3 25 00000000 2
0 3 3 26 00000000 2
0 3 3 27 00000000 2
0 3 3 28 00000000 2
0 3 3 29 00000000 2
0 3 3 30 00000000 2
0 3 3 31 00000000 2
0 3 3 32 00000000 2
0 3 3 33 00000000 2
0 3 3 34 00000000 2
0 3 3 35 00000000 2
0 3 3 36 00000000 2
0 3 3 37 00000000 2
0 3 3 38 00000000 2
0 3 3 39 00000000 2
0 3 3 40 00000000 2
0 3 3 41 00000000 2
0 3 3 42 00000000 2
0 3 3 43 00000000 2
0 3 3 44 00000000 2
0 3 3 45 00000000 2
0 3 3 46 00000000 2
0 3 3 47 00000000 2
0 3 3 48 00000000 2
0 3 3 49 00000000 2
0 3 3 50 00000000 2
0 3 3 51 00000000 2
0 3 3 52 00000000 2
0 3 3 53 00000000 2
0 3 3 54 00000000 2
0 3 3 55 00000000 2
0 3 3 56 00000000 2
0 3 3 57 00000000 2
0 3 3 58 00000000 2
0 3 3 59 00000000 2
0 3 3 60 00000000 2
0 3 3 61 00000000 2
0 3 3 62 00000000 2
0 3 3 63 00000000 2
0 3 3 64 00000000 2
0 3 3 65 00000000 2
0 3 3 66 00000000 2
0 3 3 67 00000000 2
0 3 3 68 00000000 2
0 3 3 69 00000000 2
0 3 3 70 00000000 2
0 3 3 71 00000000 2
0 3 3 72 00000000 2
0 3 3 73 00000000 2
0 3 3 74 00000000 2
0 3 3 75 00000000 2
0 3 3 76 00000000 2
0 3 3 77 00000000 2
0 3 3 78 00000000 2
0 3 3 79 00000000 2
0 3 3 80 00000000 2
0 3 3 81 00000000 2
0 3 3 82 00000000 2
0 3 3 83 00000000 2
0 3 3 84 00000000 2
0 3 3 85 00000000 2
0 3 3 86 00000000 2
0 3 3 87 00000000 2
0 3 3 88 00000000 2
0 3 3 89 00000000 2
0 3 3 90 00000000 2
0 3 3 91 00000000 2
0 3 3 92 00000000 2
0 3 3 93 00000000 2
0 3 3 94 00000000 2
0 3 3 95 00000000 2
0 3 3 96 00000000 2
0 3 3 97 00000000 2
0 3 3 98 00000000 2
0 3 3 99 00000000 2
0 3 3 100 00000000 2
0 3 3 101 00000000 2
0 3 3 102 00000000 2
0 3 3 103 00000000 2
0 3 3 104 00000000 2
0 3 3 105 00000000 2
0 3 3 106 00000000 2
0 3 3 107 00000000 2
0 3 3 108 00000000 2
0 3 3 109 00000000 2
0 3 3 110 00000000 2
0 3 3 111 00000000 2
0 3 3 112 00000000 2
0 3 3 113 00000000 2
0 3 3 114 00000000 2
0 3 3 115 00000000 2
0 3 3 116 00000000 2
0 3 3 117 00000000 2
0 3 3 118 00000000 2
0 3 3 119 00000000 2
0 3 3 120 00000000 2
0 3 3 121 00000000 2
0 3 3 122 00000000 2
0 3 3 123 00000000 2
0 3 3 124 00000000 2
0 3 3 125 00000000 2
0 3 3 126 00000000 2
0 3 3 127 00000000 2
0 3 4 0 00000000 2
0 3 4 1 00000000 2
0 3 4 2 00000000 2
0 3 4 3 00000000 2
0 3 4 4 00000000 2
0 3 4 5 00000000 2
0 3 4 6 00000000 2
0 3 4 7 00000000 2
0 3 4 8 00000000 2
0 3 4 9 00000000 2
0 3 4 10 00000000 2
0 3 4 11 00000000 2
0 3 4 12 00000000 2
0 3 4 13 00000000 2
0 3 4 14 00000000 2
0 3 4 15 00000000 2
0 3 4 16 00000000 2
0 3 4 17 00000000 2
0 3 4 18 00000000 2
0 3 4 19 00000000 2
0 3 4 20 00000000 2
0 3 4 21 00000000 2
0 3 4 22 00000000 2
0 3 4 23 00000000 2
0 3 4 24 00000000 2
0 3 4 25 00000000 2
0 3 4 26 00000000 2
0 3 4 27 00000000 2
0 3 4 28 00000000 2
0 3 4 29 00000000 2
0 3 4 30 00000000 2
0 3 4 31 00000000 2
0 3 4 32 00000000 2
0 3 4 33 00000000 2
0 3 4 34 00000000 2
0 3 4 35 00000000 2
0 3 4 36 00000000 2
0 3 4 37 00000000 2
0 3 4 38 00000000 2
0 3 4 39 00000000 2
0 3 4 40 00000000 2
0 3 4 41 00000000 2
0 3 4 42 00000000 2
0 3 4 43 00000000 2
0 3 4 44 00000000 2
0 3 4 45 00000000 2
0 3 4 46 00000000 2
0 3 4 47 00000000 2
0 3 4 48 00000000 2
0 3 4 49 00000000 2
0 3 4 50 00000000 2
0 3 4 51 00000000 2
0 3 4 52 00000000 2
0 3 4 53 00000000 2
0 3 4 54 00000000 2
0 3 4 55 00000000 2
0 3 4 56 00000000 2
0 3 4 57 00000000 2
0 3 4 58 00000000 2
0 3 4 59 00000000 2
0 3 4 60 00000000 2
0 3 4 61 00000000 2
0 3 4 62 00000000 2
0 3 4 63 00000000 2
0 3 4 64 00000000 2
0 3 4 65 00000000 2
0 3 4 66 00000000 2
0 3 4 67 00000000 2
0 3 4 68 00000000 2
0 3 4 69 00000000 2
0 3 4 70 00000000 2
0 3 4 71 00000000 2
0 3 4 72 00000000 2
0 3 4 73 00000000 2
0 3 4 74 00000000 2
0 3 4 75 00000000 2
0 3 4 76 00000000 2
0 3 4 77 00000000 2
0 3 4 78 00000000 2
0 3 4 79 00000000 2
0 3 4 80 00000000 2
0 3 4 81 00000000 2
0 3 4 82 00000000 2
0 3 4 83 00000000 2
0 3 4 84 00000000 2
0 3 4 85 00000000 2
0 3 4 86 00000000 2
0 3 4 87 00000000 2
0 3 4 88 00000000 2
0 3 4 89 00000000 2
0 3 4 90 00000000 2
0 3 4 91 00000000 2
0 3 4 92 00000000 2
0 3 4 93 00000000 2
0 3 4 94 00000000 2
0 3 4 95 00000000 2
0 3 4 96 00000000 2
0 3 4 97 00000000 2
0 3 4 98 00000000 2
0 3 4 99 00000000 2
0 3 4 100 00000000 2
0 3 4 101 00000000 2
0 3 4 102 00000000 2
0 3 4 103 00000000 2
0 3 4 104 00000000 2
0 3 4 105 00000000 2
0 3 4 106 00000000 2
0 3 4 107 00000000 2
0 3 4 108 00000000 2
0 3 4 109 00000000 2
0 3 4 110 00000000 2
0 3 4 111 00000000 2
0 3 4 112 00000000 2
0 3 4 113 00000000 2
0 3 4 114 00000000 2
0 3 4 115 00000000 2
0 3 4 116 00000000 2
0 3 4 117 00000000 2
0 3 4 118 00000000 2
0 3 4 119 00000000 2
0 3 4 120 00000000 2
0 3 4 121 00000000 2
0 3 4 122 00000000 2
0 3 4 123 00000000 2
0 3 4 124 00000000 2
0 3 4 125 00000000 2
0 3 4 126 00000000 2
0 3 4 127 00000000 2
0 3 5 0 00000000 2
0 3 5 1 00000000 2
0 3 5 2 00000000 2
0 3 5 3 00000000 2
0 3 5 4 00000000 2
0 3 5 5 00000000 2
0 3 5 6 00000000 2
0 3 5 7 00000000 2
0 3 5 8 00000000 2
0 3 5 9 00000000 2
0 3 5 10 00000000 2
0 3 5 11 00000000 2
0 3 5 12 00000000 2
0 3 5 13 00000000 2
0 3 5 14 00000000 2
0 3 5 15 00000000 2
0 3 5 16 00000000 2
0 3 5 17 00000000 2
0 3 5 18 00000000 2
0 3 5 19 00000000 2
0 3 5 20 00000000 2
0 3 5 21 00000000 2
0 3 5 22 00000000 2
0 3 5 23 00000000 2
0 3 5 24 00000000 2
0 3 5 25 00000000 2
0 3 5 26 00000000 2
0 3 5 27 00000000 2
0 3 5 28 00000000 2
0 3 5 29 00000000 2
0 3 5 30 00000000 2
0 3 5 31 00000000 2
0 3 5 32 00000000 2
0 3 5 33 00000000 2
0 3 5 34 00000000 2
0 3 5 35 00000000 2
0 3 5 36 00000000 2
0 3 5 37 00000000 2
0 3 5 38 00000000 2
0 3 5 39 00000000 2
0 3 5 40 00000000 2
0 3 5 41 00000000 2
0 3 5 42 00000000 2
0 3 5 43 00000000 2
0 3 5 44 00000000 2
0 3 5 45 00000000 2
0 3 5 46 00000000 2
0 3 5 47 00000000 2
0 3 5 48 00000000 2
0 3 5 49 00000000 2
0 3 5 50 00000000 2
0 3 5 51 00000000 2
0 3 5 52 00000000 2
0 3 5 53 00000000 2
0 3 5 54 00000000 2
0 3 5 55 00000000 2
0 3 5 56 00000000 2
0 3 5 57 00000000 2
0 3 5 58 00000000 2
0 3 5 59 00000000 2
0 3 5 60 00000000 2
0 3 5 61 00000000 2
0 3 5 62 00000000 2
0 3 5 63 00000000 2
0 3 5 64 00000000 2
0 3 5 65 00000000 2
0 3 5 66 00000000 2
0 3 5 67 00000000 2
0 3 5 68 00000000 2
0 3 5 69 00000000 2
0 3 5 70 00000000 2
0 3 5 71 00000000 2
0 3 5 72 00000000 2
0 3 5 73 00000000 2
0 3 5 74 00000000 2
0 3 5 75 00000000 2
0 3 5 76 00000000 2
0 3 5 77 00000000 2
0 3 5 78 00000000 2
0 3 5 79 00000000 2
0 3 5 80 00000000 2
0 3 5 81 00000000 2
0 3 5 82 00000000 2
0 3 5 83 00000000 2
0 3 5 84 00000000 2
0 3 5 85 00000000 2
0 3 5 86 00000000 2
0 3 5 87 00000000 2
0 3 5 88 00000000 2
0 3 5 89 00000000 2
0 3 5 90 00000000 2
0 3 5 91 00000000 2
0 3 5 92 00000000 2
0 3 5 93 00000000 2
0 3 5 94 00000000 2
0 3 5 95 00000000 2
0 3 5 96 00000000 2
0 3 5 97 00000000 2
0 3 5 98 00000000 2
0 3 5 99 00000000 2
0 3 5 100 00000000 2
0 3 5 101 00000000 2
0 3 5 102 00000000 2
0 3 5 103 00000000 2
0 3 5 104 00000000 2
0 3 5 105 00000000 2
0 3 5 106 00000000 2
0 3 5 107 00000000 2
0 3 5 108 00000000 2
0 3 5 109 00000000 2
0 3 5 110 00000000 2
0 3 5 111 00000000 2
0 3 5 112 00000000 2
0 3 5 113 00000000 2
0 3 5 114 00000000 2
0 3 5 115 00000000 2
0 3 5 116 00000000 2
0 3 5 117 00000000 2
0 3 5 118 00000000 2
0 3 5 119 00000000 2
0 3 5 120 00000000 2
0 3 5 121 00000000 2
0 3 5 122 00000000 2
0 3 5 123 00000000 2
0 3 5 124 00000000 2
0 3 5 125 00000000 2
0 3 5 126 00000000 2
0 3 5 127 00000000 2
0 3 6 0 00000000 2
0 3 6 1 00000000 2
0 3 6 2 00000000 2
0 3 6 3 00000000 2
0 3 6 4 00000000 2
0 3 6 5 00000000 2
0 3 6 6 00000000 2
0 3 6 7 00000000 2
0 3 6 8 00000000 2
0 3 6 9 00000000 2
0 3 6 10 00000000 2
0 3 6 11 00000000 2
0 3 6 12 00000000 2
0 3 6 13 00000000 2
0 3 6 14 00000000 2
0 3 6 15 00000000 2
0 3 6 16 00000000 2
0 3 6 17 00000000 2
0 3 6 18 00000000 2
0 3 6 19 00000000 2
0 3 6 20 00000000 2
0 3 6 21 00000000 2
0 3 6 22 00000000 2
0 3 6 23 00000000 2
0 3 6 24 00000000 2
0 3 6 25 00000000 2
0 3 6 26 00000000 2
0 3 6 27 00000000 2
0 3 6 28 00000000 2
0 3 6 29 00000000 2
0 3 6 30 00000000 2
0 3 6 31 00000000 2
0 3 6 32 00000000 2
0 3 6 33 00000000 2
0 3 6 34 00000000 2
0 3 6 35 00000000 2
0 3 6 36 00000000 2
0 3 6 37 00000000 2
0 3 6 38 00000000 2
0 3 6 39 00000000 2
0 3 6 40 00000000 2
0 3 6 41 00000000 2
0 3 6 42 00000000 2
0 3 6 43 00000000 2
0 3 6 44 00000000 2
0 3 6 45 00000000 2
0 3 6 46 00000000 2
0 3 6 47 00000000 2
0 3 6 48 00000000 2
0 3 6 49 00000000 2
0 3 6 50 00000000 2
0 3 6 51 00000000 2
0 3 6 52 00000000 2
0 3 6 53 00000000 2
0 3 6 54 00000000 2
0 3 6 55 00000000 2
0 3 6 56 00000000 2
0 3 6 57 00000000 2
0 3 6 58 00000000 2
0 3 6 59 00000000 2
0 3 6 60 00000000 2
0 3 6 61 00000000 2
0 3 6 62 00000000 2
0 3 6 63 00000000 2
0 3 6 64 00000000 2
0 3 6 65 00000000 2
0 3 6 66 00000000 2
0 3 6 67 00000000 2
0 3 6 68 00000000 2
0 3 6 69 00000000 2
0 3 6 70 00000000 2
0 3 6 71 00000000 2
0 3 6 72 00000000 2
0 3 6 73 00000000 2
0 3 6 74 00000000 2
0 3 6 75 00000000 2
0 3 6 76 00000000 2
0 3 6 77 00000000 2
0 3 6 78 00000000 2
0 3 6 79 00000000 2
0 3 6 80 00000000 2
0 3 6 81 00000000 2
0 3 6 82 00000000 2
0 3 6 83 00000000 2
0 3 6 84 00000000 2
0 3 6 85 00000000 2
0 3 6 86 00000000 2
0 3 6 87 00000000 2
0 3 6 88 00000000 2
0 3 6 89 00000000 2
0 3 6 90 00000000 2
0 3 6 91 00000000 2
0 3 6 92 00000000 2
0 3 6 93 00000000 2
0 3 6 94 00000000 2
0 3 6 95 00000000 2
0 3 6 96 00000000 2
0 3 6 97 00000000 2
0 3 6 98 00000000 2
0 3 6 99 00000000 2
0 3 6 100 00000000 2
0 3 6 101 00000000 2
0 3 6 102 00000000 2
0 3 6 103 00000000 2
0 3 6 104 00000000 2
0 3 6 105 00000000 2
0 3 6 106 00000000 2
0 3 6 107 00000000 2
0 3 6 108 00000000 2
0 3 6 109 00000000 2
0 3 6 110 00000000 2
0 3 6 111 00000000 2
0 3 6 112 00000000 2
0 3 6 113 00000000 2
0 3 6 114 00000000 2
0 3 6 115 00000000 2
0 3 6 116 00000000 2
0 3 6 117 00000000 2
0 3 6 118 00000000 2
0 3 6 119 00000000 2
0 3 6 120 00000000 2
0 3 6 121 00000000 2
0 3 6 122 00000000 2
0 3 6 123 00000000 2
0 3 6 124 00000000 2
0 3 6 125 00000000 2
0 3 6 126 00000000 2
0 3 6 127 00000000 2
0 3 7 0 00000000 2
0 3 7 1 00000000 2
0 3 7 2 00000000 2
0 3 7 3 00000000 2
0 3 7 4 00000000 2
0 3 7 5 00000000 2
0 3 7 6 00000000 2
0 3 7 7 00000000 2
0 3 7 8 00000000 2
0 3 7 9 00000000 2
0 3 7 10 00000000 2
0 3 7 11 00000000 2
0 3 7 12 00000000 2
0 3 7 13 00000000 2
0 3 7 14 00000000 2
0 3 7 15 00000000 2
0 3 7 16 00000000 2
0 3 7 17 00000000 2
0 3 7 18 00000000 2
0 3 7 19 00000000 2
0 3 7 20 00000000 2
0 3 7 21 00000000 2
0 3 7 22 00000000 2
0 3 7 23 00000000 2
0 3 7 24 00000000 2
0 3 7 25 00000000 2
0 3 7 26 00000000 2
0 3 7 27 00000000 2
0 3 7 28 00000000 2
0 3 7 29 00000000 2
0 3 7 30 00000000 2
0 3 7 31 00000000 2
0 3 7 32 00000000 2
0 3 7 33 00000000 2
0 3 7 34 00000000 2
0 3 7 35 00000000 2
0 3 7 36 00000000 2
0 3 7 37 00000000 2
0 3 7 38 00000000 2
0 3 7 39 00000000 2
0 3 7 40 00000000 2
0 3 7 41 00000000 2
0 3 7 42 00000000 2
0 3 7 43 00000000 2
0 3 7 44 00000000 2
0 3 7 45 00000000 2
0 3 7 46 00000000 2
0 3 7 47 00000000 2
0 3 7 48 00000000 2
0 3 7 49 00000000 2
0 3 7 50 00000000 2
0 3 7 51 00000000 2
0 3 7 52 00000000 2
0 3 7 53 00000000 2
0 3 7 54 00000000 2
0 3 7 55 00000000 2
0 3 7 56 00000000 2
0 3 7 57 00000000 2
0 3 7 58 00000000 2
0 3 7 59 00000000 2
0 3 7 60 00000000 2
0 3 7 61 00000000 2
0 3 7 62 00000000 2
0 3 7 63 00000000 2
0 3 7 64 00000000 2
0 3 7 65 00000000 2
0 3 7 66 00000000 2
0 3 7 67 00000000 2
0 3 7 68 00000000 2
0 3 7 69 00000000 2
0 3 7 70 00000000 2
0 3 7 71 00000000 2
0 3 7 72 00000000 2
0 3 7 73 00000000 2
0 3 7 74 00000000 2
0 3 7 75 00000000 2
0 3 7 76 00000000 2
0 3 7 77 00000000 2
0 3 7 78 00000000 2
0 3 7 79 00000000 2
0 3 7 80 00000000 2
0 3 7 81 00000000 2
0 3 7 82 00000000 2
0 3 7 83 00000000 2
0 3 7 84 00000000 2
0 3 7 85 00000000 2
0 3 7 86 00000000 2
0 3 7 87 00000000 2
0 3 7 88 00000000 2
0 3 7 89 00000000 2
0 3 7 90 00000000 2
0 3 7 91 00000000 2
0 3 7 92 00000000 2
0 3 7 93 00000000 2
0 3 7 94 00000000 2
0 3 7 95 00000000 2
0 3 7 96 00000000 2
0 3 7 97 00000000 2
0 3 7 98 00000000 2
0 3 7 99 00000000 2
0 3 7 100 00000000 2
0 3 7 101 00000000 2
0 3 7 102 00000000 2
0 3 7 103 00000000 2
0 3 7 104 00000000 2
0 3 7 105 00000000 2
0 3 7 106 00000000 2
0 3 7 107 00000000 2
0 3 7 108 00000000 2
0 3 7 109 00000000 2
0 3 7 110 00000000 2
0 3 7 111 00000000 2
0 3 7 112 00000000 2
0 3 7 113 00000000 2
0 3 7 114 00000000 2
0 3 7 115 00000000 2
0 3 7 116 00000000 2
0 3 7 117 00000000 2
0 3 7 118 00000000 2
0 3 7 119 00000000 2
0 3 7 120 00000000 2
0 3 7 121 00000000 2
0 3 7 122 00000000 2
0 3 7 123 00000000 2
0 3 7 124 00000000 2
0 3 7 125 00000000 2
0 3 7 126 00000000 2
0 3 7 127 00000000 2
0 4 0 0 00000000 2
0 4 0 1 00000000 2
0 4 0 2 00000000 2
0 4 0 3 00000000 2
0 4 0 4 00000000 2
0 4 0 5 00000000 2
0 4 0 6 00000000 2
0 4 0 7 00000000 2
0 4 0 8 00000000 2
0 4 0 9 00000000 2
0 4 0 10 00000000 2
0 4 0 11 00000000 2
0 4 0 12 00000000 2
0 4 0 13 00000000 2
0 4 0 14 00000000 2
0 4 0 15 00000000 2
0 4 0 16 00000000 2
0 4 0 17 00000000 2
0 4 0 18 00000000 2
0 4 0 19 00000000 2
0 4 0 20 00000000 2
0 4 0 21 00000000 2
0 4 0 22 00000000 2
0 4 0 23 00000000 2
0 4 0 24 00000000 2
0 4 0 25 00000000 2
0 4 0 26 00000000 2
0 4 0 27 00000000 2
0 4 0 28 00000000 2
0 4 0 29 00000000 2
0 4 0 30 00000000 2
0 4 0 31 00000000 2
0 4 0 32 00000000 2
0 4 0 33 00000000 2
0 4 0 34 00000000 2
0 4 0 35 00000000 2
0 4 0 36 00000000 2
0 4 0 37 00000000 2
0 4 0 38 00000000 2
0 4 0 39 00000000 2
0 4 0 40 00000000 2
0 4 0 41 00000000 2
0 4 0 42 00000000 2
0 4 0 43 00000000 2
0 4 0 44 00000000 2
0 4 0 45 00000000 2
0 4 0 46 00000000 2
0 4 0 47 00000000 2
0 4 0 48 00000000 2
0 4 0 49 00000000 2
0 4 0 50 00000000 2
0 4 0 51 00000000 2
0 4 0 52 00000000 2
0 4 0 53 00000000 2
0 4 0 54 00000000 2
0 4 0 55 00000000 2
0 4 0 56 00000000 2
0 4 0 57 00000000 2
0 4 0 58 00000000 2
0 4 0 59 00000000 2
0 4 0 60 00000000 2
0 4 0 61 00000000 2
0 4 0 62 00000000 2
0 4 0 63 00000000 2
0 4 0 64 00000000 2
0 4 0 65 00000000 2
0 4 0 66 00000000 2
0 4 0 67 00000000 2
0 4 0 68 00000000 2
0 4 0 69 00000000 2
0 4 0 70 00000000 2
0 4 0 71 00000000 2
0 4 0 72 00000000 2
0 4 0 73 00000000 2
0 4 0 74 00000000 2
0 4 0 75 00000000 2
0 4 0 76 00000000 2
0 4 0 77 00000000 2
0 4 0 78 00000000 2
0 4 0 79 00000000 2
0 4 0 80 00000000 2
0 4 0 81 00000000 2
0 4 0 82 00000000 2
0 4 0 83 00000000 2
0 4 0 84 00000000 2
0 4 0 85 00000000 2
0 4 0 86 00000000 2
0 4 0 87 00000000 2
0 4 0 88 00000000 2
0 4 0 89 00000000 2
0 4 0 90 00000000 2
0 4 0 91 00000000 2
0 4 0 92 00000000 2
0 4 0 93 00000000 2
0 4 0 94 00000000 2
0 4 0 95 00000000 2
0 4 0 96 00000000 2
0 4 0 97 00000000 2
0 4 0 98 00000000 2
0 4 0 99 00000000 2
0 4 0 100 00000000 2
0 4 0 101 00000000 2
0 4 0 102 00000000 2
0 4 0 103 00000000 2
0 4 0 104 00000000 2
0 4 0 105 00000000 2
0 4 0 106 00000000 2
0 4 0 107 00000000 2
0 4 0 108 00000000 2
0 4 0 109 00000000 2
0 4 0 110 00000000 2
0 4 0 111 00000000 2
0 4 0 112 00000000 2
0 4 0 113 00000000 2
0 4 0 114 00000000 2
0 4 0 115 00000000 2
0 4 0 116 00000000 2
0 4 0 117 00000000 2
0 4 0 118 00000000 2
0 4 0 119 00000000 2
0 4 0 120 00000000 2
0 4 0 121 00000000 2
0 4 0 122 00000000 2
0 4 0 123 00000000 2
0 4 0 124 00000000 2
0 4 0 125 00000000 2
0 4 0 126 00000000 2
0 4 0 127 00000000 2
0 4 0 128 00000000 2
0 4 0 129 00000000 2
0 4 0 130 00000000 2
0 4 0 131 00000000 2
0 4 0 132 00000000 2
0 4 0 133 00000000 2
0 4 0 134 00000000 2
0 4 0 135 00000000 2
0 4 0 136 00000000 2
0 4 0 137 00000000 2
0 4 0 138 00000000 2
0 4 0 139 00000000 2
0 4 0 140 00000000 2
0 4 0 141 00000000 2
0 4 0 142 00000000 2
0 4 0 143 00000000 2
0 4 0 144 00000000 2
0 4 0 145 00000000 2
0 4 0 146 00000000 2
0 4 0 147 00000000 2
0 4 0 148 00000000 2
0 4 0 149 00000000 2
0 4 0 150 00000000 2
0 4 0 151 00000000 2
0 4 0 152 00000000 2
0 4 0 153 00000000 2
0 4 0 154 00000000 2
0 4 0 155 00000000 2
0 4 0 156 00000000 2
0 4 0 157 00000000 2
0 4 0 158 00000000 2
0 4 0 159 00000000 2
0 4 0 160 00000000 2
0 4 0 161 00000000 2
0 4 0 162 00000000 2
0 4 0 163 00000000 2
0 4 0 164 00000000 2
0 4 0 165 00000000 2
0 4 0 166 00000000 2
0 4 0 167 00000000 2
0 4 0 168 00000000 2
0 4 0 169 00000000 2
0 4 0 170 00000000 2
0 4 0 171 00000000 2
0 4 0 172 00000000 2
0 4 0 173 00000000 2
0 4 0 174 00000000 2
0 4 0 175 00000000 2
0 4 0 176 00000000 2
0 4 0 177 00000000 2
0 4 0 178 00000000 2
0 4 0 179 00000000 2
0 4 0 180 00000000 2
0 4 0 181 00000000 2
0 4 0 182 00000000 2
0 4 0 183 00000000 2
0 4 0 184 00000000 2
0 4 0 185 00000000 2
0 4 0 186 00000000 2
0 4 0 187 00000000 2
0 4 0 188 00000000 2
0 4 0 189 00000000 2
0 4 0 190 00000000 2
0 4 0 191 00000000 2
0 4 0 192 00000000 2
0 4 0 193 00000000 2
0 4 0 194 00000000 2
0 4 0 195 00000000 2
0 4 0 196 00000000 2
0 4 0 197 00000000 2
0 4 0 198 00000000 2
0 4 0 199 00000000 2
0 4 0 200 00000000 2
0 4 0 201 00000000 2
0 4 0 202 00000000 2
0 4 0 203 00000000 2
0 4 0 204 00000000 2
0 4 0 205 00000000 2
0 4 0 206 00000000 2
0 4 0 207 00000000 2
0 4 0 208 00000000 2
0 4 0 209 00000000 2
0 4 0 210 00000000 2
0 4 0 211 00000000 2
0 4 0 212 00000000 2
0 4 0 213 00000000 2
0 4 0 214 00000000 2
0 4 0 215 00000000 2
0 4 0 216 00000000 2
0 4 0 217 00000000 2
0 4 0 218 00000000 2
0 4 0 219 00000000 2
0 4 0 220 00000000 2
0 4 0 221 00000000 2
0 4 0 222 00000000 2
0 4 0 223 00000000 2
0 4 0 224 00000000 2
0 4 0 225 00000000 2
0 4 0 226 00000000 2
0 4 0 227 00000000 2
0 4 0 228 00000000 2
0 4 0 229 00000000 2
0 4 0 230 00000000 2
0 4 0 231 00000000 2
0 4 0 232 00000000 2
0 4 0 233 00000000 2
0 4 0 234 00000000 2
0 4 0 235 00000000 2
0 4 0 236 00000000 2
0 4 0 237 00000000 2
0 4 0 238 00000000 2
0 4 0 239 00000000 2
0 4 0 240 00000000 2
0 4 0 241 00000000 2
0 4 0 242 00000000 2
0 4 0 243 00000000 2
0 4 0 244 00000000 2
0 4 0 245 00000000 2
0 4 0 246 00000000 2
0 4 0 247 00000000 2
0 4 0 248 00000000 2
0 4 0 249 00000000 2
0 4 0 250 00000000 2
0 4 0 251 00000000 2
0 4 0 252 00000000 2
0 4 0 253 00000000 2
0 4 0 254 00000000 2
0 4 0 255 00000000 2
0 4 0 256 00000000 2
0 4 0 257 00000000 2
0 4 0 258 00000000 2
0 4 0 259 00000000 2
0 4 0 260 00000000 2
0 4 0 261 00000000 2
0 4 0 262 00000000 2
0 4 0 263 00000000 2
0 4 0 264 00000000 2
0 4 0 265 00000000 2
0 4 0 266 00000000 2
0 4 0 267 00000000 2
0 4 0 268 00000000 2
0 4 0 269 00000000 2
0 4 0 270 00000000 2
0 4 0 271 00000000 2
0 4 0 272 00000000 2
0 4 0 273 00000000 2
0 4 0 274 00000000 2
0 4 0 275 00000000 2
0 4 0 276 00000000 2
0 4 0 277 00000000 2
0 4 0 278 00000000 2
0 4 0 279 00000000 2
0 4 0 280 00000000 2
0 4 0 281 00000000 2
0 4 0 282 00000000 2
0 4 0 283 00000000 2
0 4 0 284 00000000 2
0 4 0 285 00000000 2
0 4 0 286 00000000 2
0 4 0 287 00000000 2
0 4 0 288 00000000 2
0 4 0 289 00000000 2
0 4 0 290 00000000 2
0 4 0 291 00000000 2
0 4 0 292 00000000 2
0 4 0 293 00000000 2
0 4 0 294 00000000 2
0 4 0 295 00000000 2
0 4 0 296 00000000 2
0 4 0 297 00000000 2
0 4 0 298 00000000 2
0 4 0 299 00000000 2
0 4 0 300 00000000 2
0 4 0 301 00000000 2
0 4 0 302 00000000 2
0 4 0 303 00000000 2
0 4 0 304 00000000 2
0 4 0 305 00000000 2
0 4 0 306 00000000 2
0 4 0 307 00000000 2
0 4 0 308 00000000 2
0 4 0 309 00000000 2
0 4 0 310 00000000 2
0 4 0 311 00000000 2
0 4 0 312 00000000 2
0 4 0 313 00000000 2
0 4 0 314 00000000 2
0 4 0 315 00000000 2
0 4 0 316 00000000 2
0 4 0 317 00000000 2
0 4 0 318 00000000 2
0 4 0 319 00000000 2
0 4 0 320 00000000 2
0 4 0 321 00000000 2
0 4 0 322 00000000 2
0 4 0 323 00000000 2
0 4 0 324 00000000 2
0 4 0 325 00000000 2
0 4 0 326 00000000 2
0 4 0 327 00000000 2
0 4 0 328 00000000 2
0 4 0 329 00000000 2
0 4 0 330 00000000 2
0 4 0 331 00000000 2
0 4 0 332 00000000 2
0 4 0 333 00000000 2
0 4 0 334 00000000 2
0 4 0 335 00000000 2
0 4 0 336 00000000 2
0 4 0 337 00000000 2
0 4 0 338 00000000 2
0 4 0 339 00000000 2
0 4 0 340 00000000 2
0 4 0 341 00000000 2
0 4 0 342 00000000 2
0 4 0 343 00000000 2
0 4 0 344 00000000 2
0 4 0 345 00000000 2
0 4 0 346 00000000 2
0 4 0 347 00000000 2
0 4 0 348 00000000 2
0 4 0 349 00000000 2
0 4 0 350 00000000 2
0 4 0 351 00000000 2
0 4 0 352 00000000 2
0 4 0 353 00000000 2
0 4 0 354 00000000 2
0 4 0 355 00000000 2
0 4 0 356 00000000 2
0 4 0 357 00000000 2
0 4 0 358 00000000 2
0 4 0 359 00000000 2
0 4 0 360 00000000 2
0 4 0 361 00000000 2
0 4 0 362 00000000 2
0 4 0 363 00000000 2
0 4 0 364 00000000 2
0 4 0 365 00000000 2
0 4 0 366 00000000 2
0 4 0 367 00000000 2
0 4 0 368 00000000 2
0 4 0 369 00000000 2
0 4 0 370 00000000 2
0 4 0 371 00000000 2
0 4 0 372 00000000 2
0 4 0 373 00000000 2
0 4 0 374 00000000 2
0 4 0 375 00000000 2
0 4 0 376 00000000 2
0 4 0 377 00000000 2
0 4 0 378 00000000 2
0 4 0 379 00000000 2
0 4 0 380 00000000 2
0 4 0 381 00000000 2
0 4 0 382 00000000 2
0 4 0 383 00000000 2
0 4 0 384 00000000 2
0 4 0 385 00000000 2
0 4 0 386 00000000 2
0 4 0 387 00000000 2
0 4 0 388 00000000 2
0 4 0 389 00000000 2
0 4 0 390 00000000 2
0 4 0 391 00000000 2
0 4 0 392 00000000 2
0 4 0 393 00000000 2
0 4 0 394 00000000 2
0 4 0 395 00000000 2
0 4 0 396 00000000 2
0 4 0 397 00000000 2
0 4 0 398 00000000 2
0 4 0 399 00000000 2
0 4 0 400 00000000 2
0 4 0 401 00000000 2
0 4 0 402 00000000 2
0 4 0 403 00000000 2
0 4 0 404 00000000 2
0 4 0 405 00000000 2
0 4 0 406 00000000 2
0 4 0 407 00000000 2
0 4 0 408 00000000 2
0 4 0 409 00000000 2
0 4 0 410 00000000 2
0 4 0 411 00000000 2
0 4 0 412 00000000 2
0 4 0 413 00000000 2
0 4 0 414 00000000 2
0 4 0 415 00000000 2
0 4 0 416 00000000 2
0 4 0 417 00000000 2
0 4 0 418 00000000 2
0 4 0 419 00000000 2
0 4 0 420 00000000 2
0 4 0 421 00000000 2
0 4 0 422 00000000 2
0 4 0 423 00000000 2
0 4 0 424 00000000 2
0 4 0 425 00000000 2
0 4 0 426 00000000 2
0 4 0 427 00000000 2
0 4 0 428 00000000 2
0 4 0 429 00000000 2
0 4 0 430 00000000 2
0 4 0 431 00000000 2
0 4 0 432 00000000 2
0 4 0 433 00000000 2
0 4 0 434 00000000 2
0 4 0 435 00000000 2
0 4 0 436 00000000 2
0 4 0 437 00000000 2
0 4 0 438 00000000 2
0 4 0 439 00000000 2
0 4 0 440 00000000 2
0 4 0 441 00000000 2
0 4 0 442 00000000 2
0 4 0 443 00000000 2
0 4 0 444 00000000 2
0 4 0 445 00000000 2
0 4 0 446 00000000 2
0 4 0 447 00000000 2
0 4 0 448 00000000 2
0 4 0 449 00000000 2
0 4 0 450 00000000 2
0 4 0 451 00000000 2
0 4 0 452 00000000 2
0 4 0 453 00000000 2
0 4 0 454 00000000 2
0 4 0 455 00000000 2
0 4 0 456 00000000 2
0 4 0 457 00000000 2
0 4 0 458 00000000 2
0 4 0 459 00000000 2
0 4 0 460 00000000 2
0 4 0 461 00000000 2
0 4 0 462 00000000 2
0 4 0 463 00000000 2
0 4 0 464 00000000 2
0 4 0 465 00000000 2
0 4 0 466 00000000 2
0 4 0 467 00000000 2
0 4 0 468 00000000 2
0 4 0 469 00000000 2
0 4 0 470 00000000 2
0 4 0 471 00000000 2
0 4 0 472 00000000 2
0 4 0 473 00000000 2
0 4 0 474 00000000 2
0 4 0 475 00000000 2
0 4 0 476 00000000 2
0 4 0 477 00000000 2
0 4 0 478 00000000 2
0 4 0 479 00000000 2
0 4 0 480 00000000 2
0 4 0 481 00000000 2
0 4 0 482 00000000 2
0 4 0 483 00000000 2
0 4 0 484 00000000 2
0 4 0 485 00000000 2
0 4 0 486 00000000 2
0 4 0 487 00000000 2
0 4 0 488 00000000 2
0 4 0 489 00000000 2
0 4 0 490 00000000 2
0 4 0 491 00000000 2
0 4 0 492 00000000 2
0 4 0 493 00000000 2
0 4 0 494 00000000 2
0 4 0 495 00000000 2
0 4 0 496 00000000 2
0 4 0 497 00000000 2
0 4 0 498 00000000 2
0 4 0 499 00000000 2
0 4 0 500 00000000 2
0 4 0 501 00000000 2
0 4 0 502 00000000 2
0 4 0 503 00000000 2
0 4 0 504 00000000 2
0 4 0 505 00000000 2
0 4 0 506 00000000 2
0 4 0 507 00000000 2
0 4 0 508 00000000 2
0 4 0 509 00000000 2
0 4 0 510 00000000 2
0 4 0 511 00000000 2
0 4 0 512 00000000 2
0 4 0 513 00000000 2
0 4 0 514 00000000 2
0 4 0 515 00000000 2
0 4 0 516 00000000 2
0 4 0 517 00000000 2
0 4 0 518 00000000 2
0 4 0 519 00000000 2
0 4 0 520 00000000 2
0 4 0 521 00000000 2
0 4 0 522 00000000 2
0 4 0 523 00000000 2
0 4 0 524 00000000 2
0 4 0 525 00000000 2
0 4 0 526 00000000 2
0 4 0 527 00000000 2
0 4 0 528 00000000 2
0 4 0 529 00000000 2
0 4 0 530 00000000 2
0 4 0 531 00000000 2
0 4 0 532 00000000 2
0 4 0 533 00000000 2
0 4 0 534 00000000 2
0 4 0 535 00000000 2
0 4 0 536 00000000 2
0 4 0 537 00000000 2
0 4 0 538 00000000 2
0 4 0 539 00000000 2
0 4 0 540 00000000 2
0 4 0 541 00000000 2
0 4 0 542 00000000 2
0 4 0 543 00000000 2
0 4 0 544 00000000 2
0 4 0 545 00000000 2
0 4 0 546 00000000 2
0 4 0 547 00000000 2
0 4 0 548 00000000 2
0 4 0 549 00000000 2
0 4 0 550 00000000 2
0 4 0 551 00000000 2
0 4 0 552 00000000 2
0 4 0 553 00000000 2
0 4 0 554 00000000 2
0 4 0 555 00000000 2
0 4 0 556 00000000 2
0 4 0 557 00000000 2
0 4 0 558 00000000 2
0 4 0 559 00000000 2
0 4 0 560 00000000 2
0 4 0 561 00000000 2
0 4 0 562 00000000 2
0 4 0 563 00000000 2
0 4 0 564 00000000 2
0 4 0 565 00000000 2
0 4 0 566 00000000 2
0 4 0 567 00000000 2
0 4 0 568 00000000 2
0 4 0 569 00000000 2
0 4 0 570 00000000 2
0 4 0 571 00000000 2
0 4 0 572 00000000 2
0 4 0 573 00000000 2
0 4 0 574 00000000 2
0 4 0 575 00000000 2
0 4 0 576 00000000 2
0 4 0 577 00000000 2
0 4 0 578 00000000 2
0 4 0 579 00000000 2
0 4 0 580 00000000 2
0 4 0 581 00000000 2
0 4 0 582 00000000 2
0 4 0 583 00000000 2
0 4 0 584 00000000 2
0 4 0 585 00000000 2
0 4 0 586 00000000 2
0 4 0 587 00000000 2
0 4 0 588 00000000 2
0 4 0 589 00000000 2
0 4 0 590 00000000 2
0 4 0 591 00000000 2
0 4 0 592 00000000 2
0 4 0 593 00000000 2
0 4 0 594 00000000 2
0 4 0 595 00000000 2
0 4 0 596 00000000 2
0 4 0 597 00000000 2
0 4 0 598 00000000 2
0 4 0 599 00000000 2
0 4 0 600 00000000 2
0 4 0 601 00000000 2
0 4 0 602 00000000 2
0 4 0 603 00000000 2
0 4 0 604 00000000 2
0 4 0 605 00000000 2
0 4 0 606 00000000 2
0 4 0 607 00000000 2
0 4 0 608 00000000 2
0 4 0 609 00000000 2
0 4 0 610 00000000 2
0 4 0 611 00000000 2
0 4 0 612 00000000 2
0 4 0 613 00000000 2
0 4 0 614 00000000 2
0 4 0 615 00000000 2
0 4 0 616 00000000 2
0 4 0 617 00000000 2
0 4 0 618 00000000 2
0 4 0 619 00000000 2
0 4 0 620 00000000 2
0 4 0 621 00000000 2
0 4 0 622 00000000 2
0 4 0 623 00000000 2
0 4 0 624 00000000 2
0 4 0 625 00000000 2
0 4 0 626 00000000 2
0 4 0 627 00000000 2
0 4 0 628 00000000 2
0 4 0 629 00000000 2
0 4 0 630 00000000 2
0 4 0 631 00000000 2
0 4 0 632 00000000 2
0 4 0 633 00000000 2
0 4 0 634 00000000 2
0 4 0 635 00000000 2
0 4 0 636 00000000 2
0 4 0 637 00000000 2
0 4 0 638 00000000 2
0 4 0 639 00000000 2
0 4 0 640 00000000 2
0 4 0 641 00000000 2
0 4 0 642 00000000 2
0 4 0 643 00000000 2
0 4 0 644 00000000 2
0 4 0 645 00000000 2
0 4 0 646 00000000 2
0 4 0 647 00000000 2
0 4 0 648 00000000 2
0 4 0 649 00000000 2
0 4 0 650 00000000 2
0 4 0 651 00000000 2
0 4 0 652 00000000 2
0 4 0 653 00000000 2
0 4 0 654 00000000 2
0 4 0 655 00000000 2
0 4 0 656 00000000 2
0 4 0 657 00000000 2
0 4 0 658 00000000 2
0 4 0 659 00000000 2
0 4 0 660 00000000 2
0 4 0 661 00000000 2
0 4 0 662 00000000 2
0 4 0 663 00000000 2
0 4 0 664 00000000 2
0 4 0 665 00000000 2
0 4 0 666 00000000 2
0 4 0 667 00000000 2
0 4 0 668 00000000 2
0 4 0 669 00000000 2
0 4 0 670 00000000 2
0 4 0 671 00000000 2
0 4 0 672 00000000 2
0 4 0 673 00000000 2
0 4 0 674 00000000 2
0 4 0 675 00000000 2
0 4 0 676 00000000 2
0 4 0 677 00000000 2
0 4 0 678 00000000 2
0 4 0 679 00000000 2
0 4 0 680 00000000 2
0 4 0 681 00000000 2
0 4 0 682 00000000 2
0 4 0 683 00000000 2
0 4 0 684 00000000 2
0 4 0 685 00000000 2
0 4 0 686 00000000 2
0 4 0 687 00000000 2
0 4 0 688 00000000 2
0 4 0 689 00000000 2
0 4 0 690 00000000 2
0 4 0 691 00000000 2
0 4 0 692 00000000 2
0 4 0 693 00000000 2
0 4 0 694 00000000 2
0 4 0 695 00000000 2
0 4 0 696 00000000 2
0 4 0 697 00000000 2
0 4 0 698 00000000 2
0 4 0 699 00000000 2
0 4 0 700 00000000 2
0 4 0 701 00000000 2
0 4 0 702 00000000 2
0 4 0 703 00000000 2
0 4 0 704 00000000 2
0 4 0 705 00000000 2
0 4 0 706 00000000 2
0 4 0 707 00000000 2
0 4 0 708 00000000 2
0 4 0 709 00000000 2
0 4 0 710 00000000 2
0 4 0 711 00000000 2
0 4 0 712 00000000 2
0 4 0 713 00000000 2
0 4 0 714 00000000 2
0 4 0 715 00000000 2
0 4 0 716 00000000 2
0 4 0 717 00000000 2
0 4 0 718 00000000 2
0 4 0 719 00000000 2
0 4 0 720 00000000 2
0 4 0 721 00000000 2
0 4 0 722 00000000 2
0 4 0 723 00000000 2
0 4 0 724 00000000 2
0 4 0 725 00000000 2
0 4 0 726 00000000 2
0 4 0 727 00000000 2
0 4 0 728 00000000 2
0 4 0 729 00000000 2
0 4 0 730 00000000 2
0 4 0 731 00000000 2
0 4 0 732 00000000 2
0 4 0 733 00000000 2
0 4 0 734 00000000 2
0 4 0 735 00000000 2
0 4 0 736 00000000 2
0 4 0 737 00000000 2
0 4 0 738 00000000 2
0 4 0 739 00000000 2
0 4 0 740 00000000 2
0 4 0 741 00000000 2
0 4 0 742 00000000 2
0 4 0 743 00000000 2
0 4 0 744 00000000 2
0 4 0 745 00000000 2
0 4 0 746 00000000 2
0 4 0 747 00000000 2
0 4 0 748 00000000 2
0 4 0 749 00000000 2
0 4 0 750 00000000 2
0 4 0 751 00000000 2
0 4 0 752 00000000 2
0 4 0 753 00000000 2
0 4 0 754 00000000 2
0 4 0 755 00000000 2
0 4 0 756 00000000 2
0 4 0 757 00000000 2
0 4 0 758 00000000 2
0 4 0 759 00000000 2
0 4 0 760 00000000 2
0 4 0 761 00000000 2
0 4 0 762 00000000 2
0 4 0 763 00000000 2
0 4 0 764 00000000 2
0 4 0 765 00000000 2
0 4 0 766 00000000 2
0 4 0 767 00000000 2
0 4 0 768 00000000 2
0 4 0 769 00000000 2
0 4 0 770 00000000 2
0 4 0 771 00000000 2
0 4 0 772 00000000 2
0 4 0 773 00000000 2
0 4 0 774 00000000 2
0 4 0 775 00000000 2
0 4 0 776 00000000 2
0 4 0 777 00000000 2
0 4 0 778 00000000 2
0 4 0 779 00000000 2
0 4 0 780 00000000 2
0 4 0 781 00000000 2
0 4 0 782 00000000 2
0 4 0 783 00000000 2
0 4 0 784 00000000 2
0 4 0 785 00000000 2
0 4 0 786 00000000 2
0 4 0 787 00000000 2
0 4 0 788 00000000 2
0 4 0 789 00000000 2
0 4 0 790 00000000 2
0 4 0 791 00000000 2
0 4 0 792 00000000 2
0 4 0 793 00000000 2
0 4 0 794 00000000 2
0 4 0 795 00000000 2
0 4 0 796 00000000 2
0 4 0 797 00000000 2
0 4 0 798 00000000 2
0 4 0 799 00000000 2
0 4 0 800 00000000 2
0 4 0 801 00000000 2
0 4 0 802 00000000 2
0 4 0 803 00000000 2
0 4 0 804 00000000 2
0 4 0 805 00000000 2
0 4 0 806 00000000 2
0 4 0 807 00000000 2
0 4 0 808 00000000 2
0 4 0 809 00000000 2
0 4 0 810 00000000 2
0 4 0 811 00000000 2
0 4 0 812 00000000 2
0 4 0 813 00000000 2
0 4 0 814 00000000 2
0 4 0 815 00000000 2
0 4 0 816 00000000 2
0 4 0 817 00000000 2
0 4 0 818 00000000 2
0 4 0 819 00000000 2
0 4 0 820 00000000 2
0 4 0 821 00000000 2
0 4 0 822 00000000 2
0 4 0 823 00000000 2
0 4 0 824 00000000 2
0 4 0 825 00000000 2
0 4 0 826 00000000 2
0 4 0 827 00000000 2
0 4 0 828 00000000 2
0 4 0 829 00000000 2
0 4 0 830 00000000 2
0 4 0 831 00000000 2
0 4 0 832 00000000 2
0 4 0 833 00000000 2
0 4 0 834 00000000 2
0 4 0 835 00000000 2
0 4 0 836 00000000 2
0 4 0 837 00000000 2
0 4 0 838 00000000 2
0 4 0 839 00000000 2
0 4 0 840 00000000 2
0 4 0 841 00000000 2
0 4 0 842 00000000 2
0 4 0 843 00000000 2
0 4 0 844 00000000 2
0 4 0 845 00000000 2
0 4 0 846 00000000 2
0 4 0 847 00000000 2
0 4 0 848 00000000 2
0 4 0 849 00000000 2
0 4 0 850 00000000 2
0 4 0 851 00000000 2
0 4 0 852 00000000 2
0 4 0 853 00000000 2
0 4 0 854 00000000 2
0 4 0 855 00000000 2
0 4 0 856 00000000 2
0 4 0 857 00000000 2
0 4 0 858 00000000 2
0 4 0 859 00000000 2
0 4 0 860 00000000 2
0 4 0 861 00000000 2
0 4 0 862 00000000 2
0 4 0 863 00000000 2
0 4 0 864 00000000 2
0 4 0 865 00000000 2
0 4 0 866 00000000 2
0 4 0 867 00000000 2
0 4 0 868 00000000 2
0 4 0 869 00000000 2
0 4 0 870 00000000 2
0 4 0 871 00000000 2
0 4 0 872 00000000 2
0 4 0 873 00000000 2
0 4 0 874 00000000 2
0 4 0 875 00000000 2
0 4 0 876 00000000 2
0 4 0 877 00000000 2
0 4 0 878 00000000 2
0 4 0 879 00000000 2
0 4 0 880 00000000 2
0 4 0 881 00000000 2
0 4 0 882 00000000 2
0 4 0 883 00000000 2
0 4 0 884 00000000 2
0 4 0 885 00000000 2
0 4 0 886 00000000 2
0 4 0 887 00000000 2
0 4 0 888 00000000 2
0 4 0 889 00000000 2
0 4 0 890 00000000 2
0 4 0 891 00000000 2
0 4 0 892 00000000 2
0 4 0 893 00000000 2
0 4 0 894 00000000 2
0 4 0 895 00000000 2
0 4 0 896 00000000 2
0 4 0 897 00000000 2
0 4 0 898 00000000 2
0 4 0 899 00000000 2
0 4 0 900 00000000 2
0 4 0 901 00000000 2
0 4 0 902 00000000 2
0 4 0 903 00000000 2
0 4 0 904 00000000 2
0 4 0 905 00000000 2
0 4 0 906 00000000 2
0 4 0 907 00000000 2
0 4 0 908 00000000 2
0 4 0 909 00000000 2
0 4 0 910 00000000 2
0 4 0 911 00000000 2
0 4 0 912 00000000 2
0 4 0 913 00000000 2
0 4 0 914 00000000 2
0 4 0 915 00000000 2
0 4 0 916 00000000 2
0 4 0 917 00000000 2
0 4 0 918 00000000 2
0 4 0 919 00000000 2
0 4 0 920 00000000 2
0 4 0 921 00000000 2
0 4 0 922 00000000 2
0 4 0 923 00000000 2
0 4 0 924 00000000 2
0 4 0 925 00000000 2
0 4 0 926 00000000 2
0 4 0 927 00000000 2
0 4 0 928 00000000 2
0 4 0 929 00000000 2
0 4 0 930 00000000 2
0 4 0 931 00000000 2
0 4 0 932 00000000 2
0 4 0 933 00000000 2
0 4 0 934 00000000 2
0 4 0 935 00000000 2
0 4 0 936 00000000 2
0 4 0 937 00000000 2
0 4 0 938 00000000 2
0 4 0 939 00000000 2
0 4 0 940 00000000 2
0 4 0 941 00000000 2
0 4 0 942 00000000 2
0 4 0 943 00000000 2
0 4 0 944 00000000 2
0 4 0 945 00000000 2
0 4 0 946 00000000 2
0 4 0 947 00000000 2
0 4 0 948 00000000 2
0 4 0 949 00000000 2
0 4 0 950 00000000 2
0 4 0 951 00000000 2
0 4 0 952 00000000 2
0 4 0 953 00000000 2
0 4 0 954 00000000 2
0 4 0 955 00000000 2
0 4 0 956 00000000 2
0 4 0 957 00000000 2
0 4 0 958 00000000 2
0 4 0 959 00000000 2
0 4 0 960 00000000 2
0 4 0 961 00000000 2
0 4 0 962 00000000 2
0 4 0 963 00000000 2
0 4 0 964 00000000 2
0 4 0 965 00000000 2
0 4 0 966 00000000 2
0 4 0 967 00000000 2
0 4 0 968 00000000 2
0 4 0 969 00000000 2
0 4 0 970 00000000 2
0 4 0 971 00000000 2
0 4 0 972 00000000 2
0 4 0 973 00000000 2
0 4 0 974 00000000 2
0 4 0 975 00000000 2
0 4 0 976 00000000 2
0 4 0 977 00000000 2
0 4 0 978 00000000 2
0 4 0 979 00000000 2
0 4 0 980 00000000 2
0 4 0 981 00000000 2
0 4 0 982 00000000 2
0 4 0 983 00000000 2
0 4 0 984 00000000 2
0 4 0 985 00000000 2
0 4 0 986 00000000 2
0 4 0 987 00000000 2
0 4 0 988 00000000 2
0 4 0 989 00000000 2
0 4 0 990 00000000 2
0 4 0 991 00000000 2
0 4 0 992 00000000 2
0 4 0 993 00000000 2
0 4 0 994 00000000 2
0 4 0 995 00000000 2
0 4 0 996 00000000 2
0 4 0 997 00000000 2
0 4 0 998 00000000 2
0 4 0 999 00000000 2
0 4 0 1000 00000000 2
0 4 0 1001 00000000 2
0 4 0 1002 00000000 2
0 4 0 1003 00000000 2
0 4 0 1004 00000000 2
0 4 0 1005 00000000 2
0 4 0 1006 00000000 2
0 4 0 1007 00000000 2
0 4 0 1008 00000000 2
0 4 0 1009 00000000 2
0 4 0 1010 00000000 2
0 4 0 1011 00000000 2
0 4 0 1012 00000000 2
0 4 0 1013 00000000 2
0 4 0 1014 00000000 2
0 4 0 1015 00000000 2
0 4 0 1016 00000000 2
0 4 0 1017 00000000 2
0 4 0 1018 00000000 2
0 4 0 1019 00000000 2
0 4 0 1020 00000000 2
0 4 0 1021 00000000 2
0 4 0 1022 00000000 2
0 4 0 1023 00000000 2
0 5 0 0 00000000 2
0 5 0 1 00000000 2
0 5 0 2 00000000 2
0 5 0 3 00000000 2
0 5 0 4 00000000 2
0 5 0 5 00000000 2
0 5 0 6 00000000 2
0 5 0 7 00000000 2
0 5 0 8 00000000 2
0 5 0 9 00000000 2
0 5 0 10 00000000 2
0 5 0 11 00000000 2
0 5 0 12 00000000 2
0 5 0 13 00000000 2
0 5 0 14 00000000 2
0 5 0 15 00000000 2
0 5 0 16 00000000 2
0 5 0 17 00000000 2
0 5 0 18 00000000 2
0 5 0 19 00000000 2
0 5 0 20 00000000 2
0 5 0 21 00000000 2
0 5 0 22 00000000 2
0 5 0 23 00000000 2
0 5 0 24 00000000 2
0 5 0 25 00000000 2
0 5 0 26 00000000 2
0 5 0 27 00000000 2
0 5 0 28 00000000 2
0 5 0 29 00000000 2
0 5 0 30 00000000 2
0 5 0 31 00000000 2
0 5 0 32 00000000 2
0 5 0 33 00000000 2
0 5 0 34 00000000 2
0 5 0 35 00000000 2
0 5 0 36 00000000 2
0 5 0 37 00000000 2
0 5 0 38 00000000 2
0 5 0 39 00000000 2
0 5 0 40 00000000 2
0 5 0 41 00000000 2
0 5 0 42 00000000 2
0 5 0 43 00000000 2
0 5 0 44 00000000 2
0 5 0 45 00000000 2
0 5 0 46 00000000 2
0 5 0 47 00000000 2
0 5 0 48 00000000 2
0 5 0 49 00000000 2
0 5 0 50 00000000 2
0 5 0 51 00000000 2
0 5 0 52 00000000 2
0 5 0 53 00000000 2
0 5 0 54 00000000 2
0 5 0 55 00000000 2
0 5 0 56 00000000 2
0 5 0 57 00000000 2
0 5 0 58 00000000 2
0 5 0 59 00000000 2
0 5 0 60 00000000 2
0 5 0 61 00000000 2
0 5 0 62 00000000 2
0 5 0 63 00000000 2
0 5 0 64 00000000 2
0 5 0 65 00000000 2
0 5 0 66 00000000 2
0 5 0 67 00000000 2
0 5 0 68 00000000 2
0 5 0 69 00000000 2
0 5 0 70 00000000 2
0 5 0 71 00000000 2
0 5 0 72 00000000 2
0 5 0 73 00000000 2
0 5 0 74 00000000 2
0 5 0 75 00000000 2
0 5 0 76 00000000 2
0 5 0 77 00000000 2
0 5 0 78 00000000 2
0 5 0 79 00000000 2
0 5 0 80 00000000 2
0 5 0 81 00000000 2
0 5 0 82 00000000 2
0 5 0 83 00000000 2
0 5 0 84 00000000 2
0 5 0 85 00000000 2
0 5 0 86 00000000 2
0 5 0 87 00000000 2
0 5 0 88 00000000 2
0 5 0 89 00000000 2
0 5 0 90 00000000 2
0 5 0 91 00000000 2
0 5 0 92 00000000 2
0 5 0 93 00000000 2
0 5 0 94 00000000 2
0 5 0 95 00000000 2
0 5 0 96 00000000 2
0 5 0 97 00000000 2
0 5 0 98 00000000 2
0 5 0 99 00000000 2
0 5 0 100 00000000 2
0 5 0 101 00000000 2
0 5 0 102 00000000 2
0 5 0 103 00000000 2
0 5 0 104 00000000 2
0 5 0 105 00000000 2
0 5 0 106 00000000 2
0 5 0 107 00000000 2
0 5 0 108 00000000 2
0 5 0 109 00000000 2
0 5 0 110 00000000 2
0 5 0 111 00000000 2
0 5 0 112 00000000 2
0 5 0 113 00000000 2
0 5 0 114 00000000 2
0 5 0 115 00000000 2
0 5 0 116 00000000 2
0 5 0 117 00000000 2
0 5 0 118 00000000 2
0 5 0 119 00000000 2
0 5 0 120 00000000 2
0 5 0 121 00000000 2
0 5 0 122 00000000 2
0 5 0 123 00000000 2
0 5 0 124 00000000 2
0 5 0 125 00000000 2
0 5 0 126 00000000 2
0 5 0 127 00000000 2
0 5 0 128 00000000 2
0 5 0 129 00000000 2
0 5 0 130 00000000 2
0 5 0 131 00000000 2
0 5 0 132 00000000 2
0 5 0 133 00000000 2
0 5 0 134 00000000 2
0 5 0 135 00000000 2
0 5 0 136 00000000 2
0 5 0 137 00000000 2
0 5 0 138 00000000 2
0 5 0 139 00000000 2
0 5 0 140 00000000 2
0 5 0 141 00000000 2
0 5 0 142 00000000 2
0 5 0 143 00000000 2
0 5 0 144 00000000 2
0 5 0 145 00000000 2
0 5 0 146 00000000 2
0 5 0 147 00000000 2
0 5 0 148 00000000 2
0 5 0 149 00000000 2
0 5 0 150 00000000 2
0 5 0 151 00000000 2
0 5 0 152 00000000 2
0 5 0 153 00000000 2
0 5 0 154 00000000 2
0 5 0 155 00000000 2
0 5 0 156 00000000 2
0 5 0 157 00000000 2
0 5 0 158 00000000 2
0 5 0 159 00000000 2
0 5 0 160 00000000 2
0 5 0 161 00000000 2
0 5 0 162 00000000 2
0 5 0 163 00000000 2
0 5 0 164 00000000 2
0 5 0 165 00000000 2
0 5 0 166 00000000 2
0 5 0 167 00000000 2
0 5 0 168 00000000 2
0 5 0 169 00000000 2
0 5 0 170 00000000 2
0 5 0 171 00000000 2
0 5 0 172 00000000 2
0 5 0 173 00000000 2
0 5 0 174 00000000 2
0 5 0 175 00000000 2
0 5 0 176 00000000 2
0 5 0 177 00000000 2
0 5 0 178 00000000 2
0 5 0 179 00000000 2
0 5 0 180 00000000 2
0 5 0 181 00000000 2
0 5 0 182 00000000 2
0 5 0 183 00000000 2
0 5 0 184 00000000 2
0 5 0 185 00000000 2
0 5 0 186 00000000 2
0 5 0 187 00000000 2
0 5 0 188 00000000 2
0 5 0 189 00000000 2
0 5 0 190 00000000 2
0 5 0 191 00000000 2
0 5 0 192 00000000 2
0 5 0 193 00000000 2
0 5 0 194 00000000 2
0 5 0 195 00000000 2
0 5 0 196 00000000 2
0 5 0 197 00000000 2
0 5 0 198 00000000 2
0 5 0 199 00000000 2
0 5 0 200 00000000 2
0 5 0 201 00000000 2
0 5 0 202 00000000 2
0 5 0 203 00000000 2
0 5 0 204 00000000 2
0 5 0 205 00000000 2
0 5 0 206 00000000 2
0 5 0 207 00000000 2
0 5 0 208 00000000 2
0 5 0 209 00000000 2
0 5 0 210 00000000 2
0 5 0 211 00000000 2
0 5 0 212 00000000 2
0 5 0 213 00000000 2
0 5 0 214 00000000 2
0 5 0 215 00000000 2
0 5 0 216 00000000 2
0 5 0 217 00000000 2
0 5 0 218 00000000 2
0 5 0 219 00000000 2
0 5 0 220 00000000 2
0 5 0 221 00000000 2
0 5 0 222 00000000 2
0 5 0 223 00000000 2
0 5 0 224 00000000 2
0 5 0 225 00000000 2
0 5 0 226 00000000 2
0 5 0 227 00000000 2
0 5 0 228 00000000 2
0 5 0 229 00000000 2
0 5 0 230 00000000 2
0 5 0 231 00000000 2
0 5 0 232 00000000 2
0 5 0 233 00000000 2
0 5 0 234 00000000 2
0 5 0 235 00000000 2
0 5 0 236 00000000 2
0 5 0 237 00000000 2
0 5 0 238 00000000 2
0 5 0 239 00000000 2
0 5 0 240 00000000 2
0 5 0 241 00000000 2
0 5 0 242 00000000 2
0 5 0 243 00000000 2
0 5 0 244 00000000 2
0 5 0 245 00000000 2
0 5 0 246 00000000 2
0 5 0 247 00000000 2
0 5 0 248 00000000 2
0 5 0 249 00000000 2
0 5 0 250 00000000 2
0 5 0 251 00000000 2
0 5 0 252 00000000 2
0 5 0 253 00000000 2
0 5 0 254 00000000 2
0 5 0 255 00000000 2
0 5 0 256 00000000 2
0 5 0 257 00000000 2
0 5 0 258 00000000 2
0 5 0 259 00000000 2
0 5 0 260 00000000 2
0 5 0 261 00000000 2
0 5 0 262 00000000 2
0 5 0 263 00000000 2
0 5 0 264 00000000 2
0 5 0 265 00000000 2
0 5 0 266 00000000 2
0 5 0 267 00000000 2
0 5 0 268 00000000 2
0 5 0 269 00000000 2
0 5 0 270 00000000 2
0 5 0 271 00000000 2
0 5 0 272 00000000 2
0 5 0 273 00000000 2
0 5 0 274 00000000 2
0 5 0 275 00000000 2
0 5 0 276 00000000 2
0 5 0 277 00000000 2
0 5 0 278 00000000 2
0 5 0 279 00000000 2
0 5 0 280 00000000 2
0 5 0 281 00000000 2
0 5 0 282 00000000 2
0 5 0 283 00000000 2
0 5 0 284 00000000 2
0 5 0 285 00000000 2
0 5 0 286 00000000 2
0 5 0 287 00000000 2
0 5 0 288 00000000 2
0 5 0 289 00000000 2
0 5 0 290 00000000 2
0 5 0 291 00000000 2
0 5 0 292 00000000 2
0 5 0 293 00000000 2
0 5 0 294 00000000 2
0 5 0 295 00000000 2
0 5 0 296 00000000 2
0 5 0 297 00000000 2
0 5 0 298 00000000 2
0 5 0 299 00000000 2
0 5 0 300 00000000 2
0 5 0 301 00000000 2
0 5 0 302 00000000 2
0 5 0 303 00000000 2
0 5 0 304 00000000 2
0 5 0 305 00000000 2
0 5 0 306 00000000 2
0 5 0 307 00000000 2
0 5 0 308 00000000 2
0 5 0 309 00000000 2
0 5 0 310 00000000 2
0 5 0 311 00000000 2
0 5 0 312 00000000 2
0 5 0 313 00000000 2
0 5 0 314 00000000 2
0 5 0 315 00000000 2
0 5 0 316 00000000 2
0 5 0 317 00000000 2
0 5 0 318 00000000 2
0 5 0 319 00000000 2
0 5 0 320 00000000 2
0 5 0 321 00000000 2
0 5 0 322 00000000 2
0 5 0 323 00000000 2
0 5 0 324 00000000 2
0 5 0 325 00000000 2
0 5 0 326 00000000 2
0 5 0 327 00000000 2
0 5 0 328 00000000 2
0 5 0 329 00000000 2
0 5 0 330 00000000 2
0 5 0 331 00000000 2
0 5 0 332 00000000 2
0 5 0 333 00000000 2
0 5 0 334 00000000 2
0 5 0 335 00000000 2
0 5 0 336 00000000 2
0 5 0 337 00000000 2
0 5 0 338 00000000 2
0 5 0 339 00000000 2
0 5 0 340 00000000 2
0 5 0 341 00000000 2
0 5 0 342 00000000 2
0 5 0 343 00000000 2
0 5 0 344 00000000 2
0 5 0 345 00000000 2
0 5 0 346 00000000 2
0 5 0 347 00000000 2
0 5 0 348 00000000 2
0 5 0 349 00000000 2
0 5 0 350 00000000 2
0 5 0 351 00000000 2
0 5 0 352 00000000 2
0 5 0 353 00000000 2
0 5 0 354 00000000 2
0 5 0 355 00000000 2
0 5 0 356 00000000 2
0 5 0 357 00000000 2
0 5 0 358 00000000 2
0 5 0 359 00000000 2
0 5 0 360 00000000 2
0 5 0 361 00000000 2
0 5 0 362 00000000 2
0 5 0 363 00000000 2
0 5 0 364 00000000 2
0 5 0 365 00000000 2
0 5 0 366 00000000 2
0 5 0 367 00000000 2
0 5 0 368 00000000 2
0 5 0 369 00000000 2
0 5 0 370 00000000 2
0 5 0 371 00000000 2
0 5 0 372 00000000 2
0 5 0 373 00000000 2
0 5 0 374 00000000 2
0 5 0 375 00000000 2
0 5 0 376 00000000 2
0 5 0 377 00000000 2
0 5 0 378 00000000 2
0 5 0 379 00000000 2
0 5 0 380 00000000 2
0 5 0 381 00000000 2
0 5 0 382 00000000 2
0 5 0 383 00000000 2
0 5 0 384 00000000 2
0 5 0 385 00000000 2
0 5 0 386 00000000 2
0 5 0 387 00000000 2
0 5 0 388 00000000 2
0 5 0 389 00000000 2
0 5 0 390 00000000 2
0 5 0 391 00000000 2
0 5 0 392 00000000 2
0 5 0 393 00000000 2
0 5 0 394 00000000 2
0 5 0 395 00000000 2
0 5 0 396 00000000 2
0 5 0 397 00000000 2
0 5 0 398 00000000 2
0 5 0 399 00000000 2
0 5 0 400 00000000 2
0 5 0 401 00000000 2
0 5 0 402 00000000 2
0 5 0 403 00000000 2
0 5 0 404 00000000 2
0 5 0 405 00000000 2
0 5 0 406 00000000 2
0 5 0 407 00000000 2
0 5 0 408 00000000 2
0 5 0 409 00000000 2
0 5 0 410 00000000 2
0 5 0 411 00000000 2
0 5 0 412 00000000 2
0 5 0 413 00000000 2
0 5 0 414 00000000 2
0 5 0 415 00000000 2
0 5 0 416 00000000 2
0 5 0 417 00000000 2
0 5 0 418 00000000 2
0 5 0 419 00000000 2
0 5 0 420 00000000 2
0 5 0 421 00000000 2
0 5 0 422 00000000 2
0 5 0 423 00000000 2
0 5 0 424 00000000 2
0 5 0 425 00000000 2
0 5 0 426 00000000 2
0 5 0 427 00000000 2
0 5 0 428 00000000 2
0 5 0 429 00000000 2
0 5 0 430 00000000 2
0 5 0 431 00000000 2
0 5 0 432 00000000 2
0 5 0 433 00000000 2
0 5 0 434 00000000 2
0 5 0 435 00000000 2
0 5 0 436 00000000 2
0 5 0 437 00000000 2
0 5 0 438 00000000 2
0 5 0 439 00000000 2
0 5 0 440 00000000 2
0 5 0 441 00000000 2
0 5 0 442 00000000 2
0 5 0 443 00000000 2
0 5 0 444 00000000 2
0 5 0 445 00000000 2
0 5 0 446 00000000 2
0 5 0 447 00000000 2
0 5 0 448 00000000 2
0 5 0 449 00000000 2
0 5 0 450 00000000 2
0 5 0 451 00000000 2
0 5 0 452 00000000 2
0 5 0 453 00000000 2
0 5 0 454 00000000 2
0 5 0 455 00000000 2
0 5 0 456 00000000 2
0 5 0 457 00000000 2
0 5 0 458 00000000 2
0 5 0 459 00000000 2
0 5 0 460 00000000 2
0 5 0 461 00000000 2
0 5 0 462 00000000 2
0 5 0 463 00000000 2
0 5 0 464 00000000 2
0 5 0 465 00000000 2
0 5 0 466 00000000 2
0 5 0 467 00000000 2
0 5 0 468 00000000 2
0 5 0 469 00000000 2
0 5 0 470 00000000 2
0 5 0 471 00000000 2
0 5 0 472 00000000 2
0 5 0 473 00000000 2
0 5 0 474 00000000 2
0 5 0 475 00000000 2
0 5 0 476 00000000 2
0 5 0 477 00000000 2
0 5 0 478 00000000 2
0 5 0 479 00000000 2
0 5 0 480 00000000 2
0 5 0 481 00000000 2
0 5 0 482 00000000 2
0 5 0 483 00000000 2
0 5 0 484 00000000 2
0 5 0 485 00000000 2
0 5 0 486 00000000 2
0 5 0 487 00000000 2
0 5 0 488 00000000 2
0 5 0 489 00000000 2
0 5 0 490 00000000 2
0 5 0 491 00000000 2
0 5 0 492 00000000 2
0 5 0 493 00000000 2
0 5 0 494 00000000 2
0 5 0 495 00000000 2
0 5 0 496 00000000 2
0 5 0 497 00000000 2
0 5 0 498 00000000 2
0 5 0 499 00000000 2
0 5 0 500 00000000 2
0 5 0 501 00000000 2
0 5 0 502 00000000 2
0 5 0 503 00000000 2
0 5 0 504 00000000 2
0 5 0 505 00000000 2
0 5 0 506 00000000 2
0 5 0 507 00000000 2
0 5 0 508 00000000 2
0 5 0 509 00000000 2
0 5 0 510 00000000 2
0 5 0 511 00000000 2
0 5 0 512 00000000 2
0 5 0 513 00000000 2
0 5 0 514 00000000 2
0 5 0 515 00000000 2
0 5 0 516 00000000 2
0 5 0 517 00000000 2
0 5 0 518 00000000 2
0 5 0 519 00000000 2
0 5 0 520 00000000 2
0 5 0 521 00000000 2
0 5 0 522 00000000 2
0 5 0 523 00000000 2
0 5 0 524 00000000 2
0 5 0 525 00000000 2
0 5 0 526 00000000 2
0 5 0 527 00000000 2
0 5 0 528 00000000 2
0 5 0 529 00000000 2
0 5 0 530 00000000 2
0 5 0 531 00000000 2
0 5 0 532 00000000 2
0 5 0 533 00000000 2
0 5 0 534 00000000 2
0 5 0 535 00000000 2
0 5 0 536 00000000 2
0 5 0 537 00000000 2
0 5 0 538 00000000 2
0 5 0 539 00000000 2
0 5 0 540 00000000 2
0 5 0 541 00000000 2
0 5 0 542 00000000 2
0 5 0 543 00000000 2
0 5 0 544 00000000 2
0 5 0 545 00000000 2
0 5 0 546 00000000 2
0 5 0 547 00000000 2
0 5 0 548 00000000 2
0 5 0 549 00000000 2
0 5 0 550 00000000 2
0 5 0 551 00000000 2
0 5 0 552 00000000 2
0 5 0 553 00000000 2
0 5 0 554 00000000 2
0 5 0 555 00000000 2
0 5 0 556 00000000 2
0 5 0 557 00000000 2
0 5 0 558 00000000 2
0 5 0 559 00000000 2
0 5 0 560 00000000 2
0 5 0 561 00000000 2
0 5 0 562 00000000 2
0 5 0 563 00000000 2
0 5 0 564 00000000 2
0 5 0 565 00000000 2
0 5 0 566 00000000 2
0 5 0 567 00000000 2
0 5 0 568 00000000 2
0 5 0 569 00000000 2
0 5 0 570 00000000 2
0 5 0 571 00000000 2
0 5 0 572 00000000 2
0 5 0 573 00000000 2
0 5 0 574 00000000 2
0 5 0 575 00000000 2
0 5 0 576 00000000 2
0 5 0 577 00000000 2
0 5 0 578 00000000 2
0 5 0 579 00000000 2
0 5 0 580 00000000 2
0 5 0 581 00000000 2
0 5 0 582 00000000 2
0 5 0 583 00000000 2
0 5 0 584 00000000 2
0 5 0 585 00000000 2
0 5 0 586 00000000 2
0 5 0 587 00000000 2
0 5 0 588 00000000 2
0 5 0 589 00000000 2
0 5 0 590 00000000 2
0 5 0 591 00000000 2
0 5 0 592 00000000 2
0 5 0 593 00000000 2
0 5 0 594 00000000 2
0 5 0 595 00000000 2
0 5 0 596 00000000 2
0 5 0 597 00000000 2
0 5 0 598 00000000 2
0 5 0 599 00000000 2
0 5 0 600 00000000 2
0 5 0 601 00000000 2
0 5 0 602 00000000 2
0 5 0 603 00000000 2
0 5 0 604 00000000 2
0 5 0 605 00000000 2
0 5 0 606 00000000 2
0 5 0 607 00000000 2
0 5 0 608 00000000 2
0 5 0 609 00000000 2
0 5 0 610 00000000 2
0 5 0 611 00000000 2
0 5 0 612 00000000 2
0 5 0 613 00000000 2
0 5 0 614 00000000 2
0 5 0 615 00000000 2
0 5 0 616 00000000 2
0 5 0 617 00000000 2
0 5 0 618 00000000 2
0 5 0 619 00000000 2
0 5 0 620 00000000 2
0 5 0 621 00000000 2
0 5 0 622 00000000 2
0 5 0 623 00000000 2
0 5 0 624 00000000 2
0 5 0 625 00000000 2
0 5 0 626 00000000 2
0 5 0 627 00000000 2
0 5 0 628 00000000 2
0 5 0 629 00000000 2
0 5 0 630 00000000 2
0 5 0 631 00000000 2
0 5 0 632 00000000 2
0 5 0 633 00000000 2
0 5 0 634 00000000 2
0 5 0 635 00000000 2
0 5 0 636 00000000 2
0 5 0 637 00000000 2
0 5 0 638 00000000 2
0 5 0 639 00000000 2
0 5 0 640 00000000 2
0 5 0 641 00000000 2
0 5 0 642 00000000 2
0 5 0 643 00000000 2
0 5 0 644 00000000 2
0 5 0 645 00000000 2
0 5 0 646 00000000 2
0 5 0 647 00000000 2
0 5 0 648 00000000 2
0 5 0 649 00000000 2
0 5 0 650 00000000 2
0 5 0 651 00000000 2
0 5 0 652 00000000 2
0 5 0 653 00000000 2
0 5 0 654 00000000 2
0 5 0 655 00000000 2
0 5 0 656 00000000 2
0 5 0 657 00000000 2
0 5 0 658 00000000 2
0 5 0 659 00000000 2
0 5 0 660 00000000 2
0 5 0 661 00000000 2
0 5 0 662 00000000 2
0 5 0 663 00000000 2
0 5 0 664 00000000 2
0 5 0 665 00000000 2
0 5 0 666 00000000 2
0 5 0 667 00000000 2
0 5 0 668 00000000 2
0 5 0 669 00000000 2
0 5 0 670 00000000 2
0 5 0 671 00000000 2
0 5 0 672 00000000 2
0 5 0 673 00000000 2
0 5 0 674 00000000 2
0 5 0 675 00000000 2
0 5 0 676 00000000 2
0 5 0 677 00000000 2
0 5 0 678 00000000 2
0 5 0 679 00000000 2
0 5 0 680 00000000 2
0 5 0 681 00000000 2
0 5 0 682 00000000 2
0 5 0 683 00000000 2
0 5 0 684 00000000 2
0 5 0 685 00000000 2
0 5 0 686 00000000 2
0 5 0 687 00000000 2
0 5 0 688 00000000 2
0 5 0 689 00000000 2
0 5 0 690 00000000 2
0 5 0 691 00000000 2
0 5 0 692 00000000 2
0 5 0 693 00000000 2
0 5 0 694 00000000 2
0 5 0 695 00000000 2
0 5 0 696 00000000 2
0 5 0 697 00000000 2
0 5 0 698 00000000 2
0 5 0 699 00000000 2
0 5 0 700 00000000 2
0 5 0 701 00000000 2
0 5 0 702 00000000 2
0 5 0 703 00000000 2
0 5 0 704 00000000 2
0 5 0 705 00000000 2
0 5 0 706 00000000 2
0 5 0 707 00000000 2
0 5 0 708 00000000 2
0 5 0 709 00000000 2
0 5 0 710 00000000 2
0 5 0 711 00000000 2
0 5 0 712 00000000 2
0 5 0 713 00000000 2
0 5 0 714 00000000 2
0 5 0 715 00000000 2
0 5 0 716 00000000 2
0 5 0 717 00000000 2
0 5 0 718 00000000 2
0 5 0 719 00000000 2
0 5 0 720 00000000 2
0 5 0 721 00000000 2
0 5 0 722 00000000 2
0 5 0 723 00000000 2
0 5 0 724 00000000 2
0 5 0 725 00000000 2
0 5 0 726 00000000 2
0 5 0 727 00000000 2
0 5 0 728 00000000 2
0 5 0 729 00000000 2
0 5 0 730 00000000 2
0 5 0 731 00000000 2
0 5 0 732 00000000 2
0 5 0 733 00000000 2
0 5 0 734 00000000 2
0 5 0 735 00000000 2
0 5 0 736 00000000 2
0 5 0 737 00000000 2
0 5 0 738 00000000 2
0 5 0 739 00000000 2
0 5 0 740 00000000 2
0 5 0 741 00000000 2
0 5 0 742 00000000 2
0 5 0 743 00000000 2
0 5 0 744 00000000 2
0 5 0 745 00000000 2
0 5 0 746 00000000 2
0 5 0 747 00000000 2
0 5 0 748 00000000 2
0 5 0 749 00000000 2
0 5 0 750 00000000 2
0 5 0 751 00000000 2
0 5 0 752 00000000 2
0 5 0 753 00000000 2
0 5 0 754 00000000 2
0 5 0 755 00000000 2
0 5 0 756 00000000 2
0 5 0 757 00000000 2
0 5 0 758 00000000 2
0 5 0 759 00000000 2
0 5 0 760 00000000 2
0 5 0 761 00000000 2
0 5 0 762 00000000 2
0 5 0 763 00000000 2
0 5 0 764 00000000 2
0 5 0 765 00000000 2
0 5 0 766 00000000 2
0 5 0 767 00000000 2
0 5 0 768 00000000 2
0 5 0 769 00000000 2
0 5 0 770 00000000 2
0 5 0 771 00000000 2
0 5 0 772 00000000 2
0 5 0 773 00000000 2
0 5 0 774 00000000 2
0 5 0 775 00000000 2
0 5 0 776 00000000 2
0 5 0 777 00000000 2
0 5 0 778 00000000 2
0 5 0 779 00000000 2
0 5 0 780 00000000 2
0 5 0 781 00000000 2
0 5 0 782 00000000 2
0 5 0 783 00000000 2
0 5 0 784 00000000 2
0 5 0 785 00000000 2
0 5 0 786 00000000 2
0 5 0 787 00000000 2
0 5 0 788 00000000 2
0 5 0 789 00000000 2
0 5 0 790 00000000 2
0 5 0 791 00000000 2
0 5 0 792 00000000 2
0 5 0 793 00000000 2
0 5 0 794 00000000 2
0 5 0 795 00000000 2
0 5 0 796 00000000 2
0 5 0 797 00000000 2
0 5 0 798 00000000 2
0 5 0 799 00000000 2
0 5 0 800 00000000 2
0 5 0 801 00000000 2
0 5 0 802 00000000 2
0 5 0 803 00000000 2
0 5 0 804 00000000 2
0 5 0 805 00000000 2
0 5 0 806 00000000 2
0 5 0 807 00000000 2
0 5 0 808 00000000 2
0 5 0 809 00000000 2
0 5 0 810 00000000 2
0 5 0 811 00000000 2
0 5 0 812 00000000 2
0 5 0 813 00000000 2
0 5 0 814 00000000 2
0 5 0 815 00000000 2
0 5 0 816 00000000 2
0 5 0 817 00000000 2
0 5 0 818 00000000 2
0 5 0 819 00000000 2
0 5 0 820 00000000 2
0 5 0 821 00000000 2
0 5 0 822 00000000 2
0 5 0 823 00000000 2
0 5 0 824 00000000 2
0 5 0 825 00000000 2
0 5 0 826 00000000 2
0 5 0 827 00000000 2
0 5 0 828 00000000 2
0 5 0 829 00000000 2
0 5 0 830 00000000 2
0 5 0 831 00000000 2
0 5 0 832 00000000 2
0 5 0 833 00000000 2
0 5 0 834 00000000 2
0 5 0 835 00000000 2
0 5 0 836 00000000 2
0 5 0 837 00000000 2
0 5 0 838 00000000 2
0 5 0 839 00000000 2
0 5 0 840 00000000 2
0 5 0 841 00000000 2
0 5 0 842 00000000 2
0 5 0 843 00000000 2
0 5 0 844 00000000 2
0 5 0 845 00000000 2
0 5 0 846 00000000 2
0 5 0 847 00000000 2
0 5 0 848 00000000 2
0 5 0 849 00000000 2
0 5 0 850 00000000 2
0 5 0 851 00000000 2
0 5 0 852 00000000 2
0 5 0 853 00000000 2
0 5 0 854 00000000 2
0 5 0 855 00000000 2
0 5 0 856 00000000 2
0 5 0 857 00000000 2
0 5 0 858 00000000 2
0 5 0 859 00000000 2
0 5 0 860 00000000 2
0 5 0 861 00000000 2
0 5 0 862 00000000 2
0 5 0 863 00000000 2
0 5 0 864 00000000 2
0 5 0 865 00000000 2
0 5 0 866 00000000 2
0 5 0 867 00000000 2
0 5 0 868 00000000 2
0 5 0 869 00000000 2
0 5 0 870 00000000 2
0 5 0 871 00000000 2
0 5 0 872 00000000 2
0 5 0 873 00000000 2
0 5 0 874 00000000 2
0 5 0 875 00000000 2
0 5 0 876 00000000 2
0 5 0 877 00000000 2
0 5 0 878 00000000 2
0 5 0 879 00000000 2
0 5 0 880 00000000 2
0 5 0 881 00000000 2
0 5 0 882 00000000 2
0 5 0 883 00000000 2
0 5 0 884 00000000 2
0 5 0 885 00000000 2
0 5 0 886 00000000 2
0 5 0 887 00000000 2
0 5 0 888 00000000 2
0 5 0 889 00000000 2
0 5 0 890 00000000 2
0 5 0 891 00000000 2
0 5 0 892 00000000 2
0 5 0 893 00000000 2
0 5 0 894 00000000 2
0 5 0 895 00000000 2
0 5 0 896 00000000 2
0 5 0 897 00000000 2
0 5 0 898 00000000 2
0 5 0 899 00000000 2
0 5 0 900 00000000 2
0 5 0 901 00000000 2
0 5 0 902 00000000 2
0 5 0 903 00000000 2
0 5 0 904 00000000 2
0 5 0 905 00000000 2
0 5 0 906 00000000 2
0 5 0 907 00000000 2
0 5 0 908 00000000 2
0 5 0 909 00000000 2
0 5 0 910 00000000 2
0 5 0 911 00000000 2
0 5 0 912 00000000 2
0 5 0 913 00000000 2
0 5 0 914 00000000 2
0 5 0 915 00000000 2
0 5 0 916 00000000 2
0 5 0 917 00000000 2
0 5 0 918 00000000 2
0 5 0 919 00000000 2
0 5 0 920 00000000 2
0 5 0 921 00000000 2
0 5 0 922 00000000 2
0 5 0 923 00000000 2
0 5 0 924 00000000 2
0 5 0 925 00000000 2
0 5 0 926 00000000 2
0 5 0 927 00000000 2
0 5 0 928 00000000 2
0 5 0 929 00000000 2
0 5 0 930 00000000 2
0 5 0 931 00000000 2
0 5 0 932 00000000 2
0 5 0 933 00000000 2
0 5 0 934 00000000 2
0 5 0 935 00000000 2
0 5 0 936 00000000 2
0 5 0 937 00000000 2
0 5 0 938 00000000 2
0 5 0 939 00000000 2
0 5 0 940 00000000 2
0 5 0 941 00000000 2
0 5 0 942 00000000 2
0 5 0 943 00000000 2
0 5 0 944 00000000 2
0 5 0 945 00000000 2
0 5 0 946 00000000 2
0 5 0 947 00000000 2
0 5 0 948 00000000 2
0 5 0 949 00000000 2
0 5 0 950 00000000 2
0 5 0 951 00000000 2
0 5 0 952 00000000 2
0 5 0 953 00000000 2
0 5 0 954 00000000 2
0 5 0 955 00000000 2
0 5 0 956 00000000 2
0 5 0 957 00000000 2
0 5 0 958 00000000 2
0 5 0 959 00000000 2
0 5 0 960 00000000 2
0 5 0 961 00000000 2
0 5 0 962 00000000 2
0 5 0 963 00000000 2
0 5 0 964 00000000 2
0 5 0 965 00000000 2
0 5 0 966 00000000 2
0 5 0 967 00000000 2
0 5 0 968 00000000 2
0 5 0 969 00000000 2
0 5 0 970 00000000 2
0 5 0 971 00000000 2
0 5 0 972 00000000 2
0 5 0 973 00000000 2
0 5 0 974 00000000 2
0 5 0 975 00000000 2
0 5 0 976 00000000 2
0 5 0 977 00000000 2
0 5 0 978 00000000 2
0 5 0 979 00000000 2
0 5 0 980 00000000 2
0 5 0 981 00000000 2
0 5 0 982 00000000 2
0 5 0 983 00000000 2
0 5 0 984 00000000 2
0 5 0 985 00000000 2
0 5 0 986 00000000 2
0 5 0 987 00000000 2
0 5 0 988 00000000 2
0 5 0 989 00000000 2
0 5 0 990 00000000 2
0 5 0 991 00000000 2
0 5 0 992 00000000 2
0 5 0 993 00000000 2
0 5 0 994 00000000 2
0 5 0 995 00000000 2
0 5 0 996 00000000 2
0 5 0 997 00000000 2
0 5 0 998 00000000 2
0 5 0 999 00000000 2
0 5 0 1000 00000000 2
0 5 0 1001 00000000 2
0 5 0 1002 00000000 2
0 5 0 1003 00000000 2
0 5 0 1004 00000000 2
0 5 0 1005 00000000 2
0 5 0 1006 00000000 2
0 5 0 1007 00000000 2
0 5 0 1008 00000000 2
0 5 0 1009 00000000 2
0 5 0 1010 00000000 2
0 5 0 1011 00000000 2
0 5 0 1012 00000000 2
0 5 0 1013 00000000 2
0 5 0 1014 00000000 2
0 5 0 1015 00000000 2
0 5 0 1016 00000000 2
0 5 0 1017 00000000 2
0 5 0 1018 00000000 2
0 5 0 1019 00000000 2
0 5 0 1020 00000000 2
0 5 0 1021 00000000 2
0 5 0 1022 00000000 2
0 5 0 1023 00000000 2
1 0 0 0 00000000 2
1 0 0 1 00000000 2
1 0 0 2 00000000 2
1 0 0 3 00000000 2
1 0 0 4 00000000 2
1 0 0 5 00000000 2
1 0 0 6 00000000 2
1 0 0 7 00000000 2
1 0 0 8 00000000 2
1 0 0 9 00000000 2
1 0 0 10 00000000 2
1 0 0 11 00000000 2
1 0 0 12 00000000 2
1 0 0 13 00000000 2
1 0 0 14 00000000 2
1 0 0 15 00000000 2
1 0 0 16 00000000 2
1 0 0 17 00000000 2
1 0 0 18 00000000 2
1 0 0 19 00000000 2
1 0 0 20 00000000 2
1 0 0 21 00000000 2
1 0 0 22 00000000 2
1 0 0 23 00000000 2
1 0 0 24 00000000 2
1 0 0 25 00000000 2
1 0 0 26 00000000 2
1 0 0 27 00000000 2
1 0 0 28 00000000 2
1 0 0 29 00000000 2
1 0 0 30 00000000 2
1 0 0 31 00000000 2
1 0 0 32 00000000 2
1 0 0 33 00000000 2
1 0 0 34 00000000 2
1 0 0 35 00000000 2
1 0 0 36 00000000 2
1 0 0 37 00000000 2
1 0 0 38 00000000 2
1 0 0 39 00000000 2
1 0 0 40 00000000 2
1 0 0 41 00000000 2
1 0 0 42 00000000 2
1 0 0 43 00000000 2
1 0 0 44 00000000 2
1 0 0 45 00000000 2
1 0 0 46 00000000 2
1 0 0 47 00000000 2
1 0 0 48 00000000 2
1 0 0 49 00000000 2
1 0 0 50 00000000 2
1 0 0 51 00000000 2
1 0 0 52 00000000 2
1 0 0 53 00000000 2
1 0 0 54 00000000 2
1 0 0 55 00000000 2
1 0 0 56 00000000 2
1 0 0 57 00000000 2
1 0 0 58 00000000 2
1 0 0 59 00000000 2
1 0 0 60 00000000 2
1 0 0 61 00000000 2
1 0 0 62 00000000 2
1 0 0 63 00000000 2
1 0 0 64 00000000 2
1 0 0 65 00000000 2
1 0 0 66 00000000 2
1 0 0 67 00000000 2
1 0 0 68 00000000 2
1 0 0 69 00000000 2
1 0 0 70 00000000 2
1 0 0 71 00000000 2
1 0 0 72 00000000 2
1 0 0 73 00000000 2
1 0 0 74 00000000 2
1 0 0 75 00000000 2
1 0 0 76 00000000 2
1 0 0 77 00000000 2
1 0 0 78 00000000 2
1 0 0 79 00000000 2
1 0 0 80 00000000 2
1 0 0 81 00000000 2
1 0 0 82 00000000 2
1 0 0 83 00000000 2
1 0 0 84 00000000 2
1 0 0 85 00000000 2
1 0 0 86 00000000 2
1 0 0 87 00000000 2
1 0 0 88 00000000 2
1 0 0 89 00000000 2
1 0 0 90 00000000 2
1 0 0 91 00000000 2
1 0 0 92 00000000 2
1 0 0 93 00000000 2
1 0 0 94 00000000 2
1 0 0 95 00000000 2
1 0 0 96 00000000 2
1 0 0 97 00000000 2
1 0 0 98 00000000 2
1 0 0 99 00000000 2
1 0 0 100 00000000 2
1 0 0 101 00000000 2
1 0 0 102 00000000 2
1 0 0 103 00000000 2
1 0 0 104 00000000 2
1 0 0 105 00000000 2
1 0 0 106 00000000 2
1 0 0 107 00000000 2
1 0 0 108 00000000 2
1 0 0 109 00000000 2
1 0 0 110 00000000 2
1 0 0 111 00000000 2
1 0 0 112 00000000 2
1 0 0 113 00000000 2
1 0 0 114 00000000 2
1 0 0 115 00000000 2
1 0 0 116 00000000 2
1 0 0 117 00000000 2
1 0 0 118 00000000 2
1 0 0 119 00000000 2
1 0 0 120 00000000 2
1 0 0 121 00000000 2
1 0 0 122 00000000 2
1 0 0 123 00000000 2
1 0 0 124 00000000 2
1 0 0 125 00000000 2
1 0 0 126 00000000 2
1 0 0 127 00000000 2
1 0 0 128 00000000 2
1 0 0 129 00000000 2
1 0 0 130 00000000 2
1 0 0 131 00000000 2
1 0 0 132 00000000 2
1 0 0 133 00000000 2
1 0 0 134 00000000 2
1 0 0 135 00000000 2
1 0 0 136 00000000 2
1 0 0 137 00000000 2
1 0 0 138 00000000 2
1 0 0 139 00000000 2
1 0 0 140 00000000 2
1 0 0 141 00000000 2
1 0 0 142 00000000 2
1 0 0 143 00000000 2
1 0 0 144 00000000 2
1 0 0 145 00000000 2
1 0 0 146 00000000 2
1 0 0 147 00000000 2
1 0 0 148 00000000 2
1 0 0 149 00000000 2
1 0 0 150 00000000 2
1 0 0 151 00000000 2
1 0 0 152 00000000 2
1 0 0 153 00000000 2
1 0 0 154 00000000 2
1 0 0 155 00000000 2
1 0 0 156 00000000 2
1 0 0 157 00000000 2
1 0 0 158 00000000 2
1 0 0 159 00000000 2
1 0 0 160 00000000 2
1 0 0 161 00000000 2
1 0 0 162 00000000 2
1 0 0 163 00000000 2
1 0 0 164 00000000 2
1 0 0 165 00000000 2
1 0 0 166 00000000 2
1 0 0 167 00000000 2
1 0 0 168 00000000 2
1 0 0 169 00000000 2
1 0 0 170 00000000 2
1 0 0 171 00000000 2
1 0 0 172 00000000 2
1 0 0 173 00000000 2
1 0 0 174 00000000 2
1 0 0 175 00000000 2
1 0 0 176 00000000 2
1 0 0 177 00000000 2
1 0 0 178 00000000 2
1 0 0 179 00000000 2
1 0 0 180 00000000 2
1 0 0 181 00000000 2
1 0 0 182 00000000 2
1 0 0 183 00000000 2
1 0 0 184 00000000 2
1 0 0 185 00000000 2
1 0 0 186 00000000 2
1 0 0 187 00000000 2
1 0 0 188 00000000 2
1 0 0 189 00000000 2
1 0 0 190 00000000 2
1 0 0 191 00000000 2
1 0 0 192 00000000 2
1 0 0 193 00000000 2
1 0 0 194 00000000 2
1 0 0 195 00000000 2
1 0 0 196 00000000 2
1 0 0 197 00000000 2
1 0 0 198 00000000 2
1 0 0 199 00000000 2
1 0 0 200 00000000 2
1 0 0 201 00000000 2
1 0 0 202 00000000 2
1 0 0 203 00000000 2
1 0 0 204 00000000 2
1 0 0 205 00000000 2
1 0 0 206 00000000 2
1 0 0 207 00000000 2
1 0 0 208 00000000 2
1 0 0 209 00000000 2
1 0 0 210 00000000 2
1 0 0 211 00000000 2
1 0 0 212 00000000 2
1 0 0 213 00000000 2
1 0 0 214 00000000 2
1 0 0 215 00000000 2
1 0 0 216 00000000 2
1 0 0 217 00000000 2
1 0 0 218 00000000 2
1 0 0 219 00000000 2
1 0 0 220 00000000 2
1 0 0 221 00000000 2
1 0 0 222 00000000 2
1 0 0 223 00000000 2
1 0 0 224 00000000 2
1 0 0 225 00000000 2
1 0 0 226 00000000 2
1 0 0 227 00000000 2
1 0 0 228 00000000 2
1 0 0 229 00000000 2
1 0 0 230 00000000 2
1 0 0 231 00000000 2
1 0 0 232 00000000 2
1 0 0 233 00000000 2
1 0 0 234 00000000 2
1 0 0 235 00000000 2
1 0 0 236 00000000 2
1 0 0 237 00000000 2
1 0 0 238 00000000 2
1 0 0 239 00000000 2
1 0 0 240 00000000 2
1 0 0 241 00000000 2
1 0 0 242 00000000 2
1 0 0 243 00000000 2
1 0 0 244 00000000 2
1 0 0 245 00000000 2
1 0 0 246 00000000 2
1 0 0 247 00000000 2
1 0 0 248 00000000 2
1 0 0 249 00000000 2
1 0 0 250 00000000 2
1 0 0 251 00000000 2
1 0 0 252 00000000 2
1 0 0 253 00000000 2
1 0 0 254 00000000 2
1 0 0 255 00000000 2
1 0 0 256 00000000 2
1 0 0 257 00000000 2
1 0 0 258 00000000 2
1 0 0 259 00000000 2
1 0 0 260 00000000 2
1 0 0 261 00000000 2
1 0 0 262 00000000 2
1 0 0 263 00000000 2
1 0 0 264 00000000 2
1 0 0 265 00000000 2
1 0 0 266 00000000 2
1 0 0 267 00000000 2
1 0 0 268 00000000 2
1 0 0 269 00000000 2
1 0 0 270 00000000 2
1 0 0 271 00000000 2
1 0 0 272 00000000 2
1 0 0 273 00000000 2
1 0 0 274 00000000 2
1 0 0 275 00000000 2
1 0 0 276 00000000 2
1 0 0 277 00000000 2
1 0 0 278 00000000 2
1 0 0 279 00000000 2
1 0 0 280 00000000 2
1 0 0 281 00000000 2
1 0 0 282 00000000 2
1 0 0 283 00000000 2
1 0 0 284 00000000 2
1 0 0 285 00000000 2
1 0 0 286 00000000 2
1 0 0 287 00000000 2
1 0 0 288 00000000 2
1 0 0 289 00000000 2
1 0 0 290 00000000 2
1 0 0 291 00000000 2
1 0 0 292 00000000 2
1 0 0 293 00000000 2
1 0 0 294 00000000 2
1 0 0 295 00000000 2
1 0 0 296 00000000 2
1 0 0 297 00000000 2
1 0 0 298 00000000 2
1 0 0 299 00000000 2
1 0 0 300 00000000 2
1 0 0 301 00000000 2
1 0 0 302 00000000 2
1 0 0 303 00000000 2
1 0 0 304 00000000 2
1 0 0 305 00000000 2
1 0 0 306 00000000 2
1 0 0 307 00000000 2
1 0 0 308 00000000 2
1 0 0 309 00000000 2
1 0 0 310 00000000 2
1 0 0 311 00000000 2
1 0 0 312 00000000 2
1 0 0 313 00000000 2
1 0 0 314 00000000 2
1 0 0 315 00000000 2
1 0 0 316 00000000 2
1 0 0 317 00000000 2
1 0 0 318 00000000 2
1 0 0 319 00000000 2
1 0 0 320 00000000 2
1 0 0 321 00000000 2
1 0 0 322 00000000 2
1 0 0 323 00000000 2
1 0 0 324 00000000 2
1 0 0 325 00000000 2
1 0 0 326 00000000 2
1 0 0 327 00000000 2
1 0 0 328 00000000 2
1 0 0 329 00000000 2
1 0 0 330 00000000 2
1 0 0 331 00000000 2
1 0 0 332 00000000 2
1 0 0 333 00000000 2
1 0 0 334 00000000 2
1 0 0 335 00000000 2
1 0 0 336 00000000 2
1 0 0 337 00000000 2
1 0 0 338 00000000 2
1 0 0 339 00000000 2
1 0 0 340 00000000 2
1 0 0 341 00000000 2
1 0 0 342 00000000 2
1 0 0 343 00000000 2
1 0 0 344 00000000 2
1 0 0 345 00000000 2
1 0 0 346 00000000 2
1 0 0 347 00000000 2
1 0 0 348 00000000 2
1 0 0 349 00000000 2
1 0 0 350 00000000 2
1 0 0 351 00000000 2
1 0 0 352 00000000 2
1 0 0 353 00000000 2
1 0 0 354 00000000 2
1 0 0 355 00000000 2
1 0 0 356 00000000 2
1 0 0 357 00000000 2
1 0 0 358 00000000 2
1 0 0 359 00000000 2
1 0 0 360 00000000 2
1 0 0 361 00000000 2
1 0 0 362 00000000 2
1 0 0 363 00000000 2
1 0 0 364 00000000 2
1 0 0 365 00000000 2
1 0 0 366 00000000 2
1 0 0 367 00000000 2
1 0 0 368 00000000 2
1 0 0 369 00000000 2
1 0 0 370 00000000 2
1 0 0 371 00000000 2
1 0 0 372 00000000 2
1 0 0 373 00000000 2
1 0 0 374 00000000 2
1 0 0 375 00000000 2
1 0 0 376 00000000 2
1 0 0 377 00000000 2
1 0 0 378 00000000 2
1 0 0 379 00000000 2
1 0 0 380 00000000 2
1 0 0 381 00000000 2
1 0 0 382 00000000 2
1 0 0 383 00000000 2
1 0 0 384 00000000 2
1 0 0 385 00000000 2
1 0 0 386 00000000 2
1 0 0 387 00000000 2
1 0 0 388 00000000 2
1 0 0 389 00000000 2
1 0 0 390 00000000 2
1 0 0 391 00000000 2
1 0 0 392 00000000 2
1 0 0 393 00000000 2
1 0 0 394 00000000 2
1 0 0 395 00000000 2
1 0 0 396 00000000 2
1 0 0 397 00000000 2
1 0 0 398 00000000 2
1 0 0 399 00000000 2
1 0 0 400 00000000 2
1 0 0 401 00000000 2
1 0 0 402 00000000 2
1 0 0 403 00000000 2
1 0 0 404 00000000 2
1 0 0 405 00000000 2
1 0 0 406 00000000 2
1 0 0 407 00000000 2
1 0 0 408 00000000 2
1 0 0 409 00000000 2
1 0 0 410 00000000 2
1 0 0 411 00000000 2
1 0 0 412 00000000 2
1 0 0 413 00000000 2
1 0 0 414 00000000 2
1 0 0 415 00000000 2
1 0 0 416 00000000 2
1 0 0 417 00000000 2
1 0 0 418 00000000 2
1 0 0 419 00000000 2
1 0 0 420 00000000 2
1 0 0 421 00000000 2
1 0 0 422 00000000 2
1 0 0 423 00000000 2
1 0 0 424 00000000 2
1 0 0 425 00000000 2
1 0 0 426 00000000 2
1 0 0 427 00000000 2
1 0 0 428 00000000 2
1 0 0 429 00000000 2
1 0 0 430 00000000 2
1 0 0 431 00000000 2
1 0 0 432 00000000 2
1 0 0 433 00000000 2
1 0 0 434 00000000 2
1 0 0 435 00000000 2
1 0 0 436 00000000 2
1 0 0 437 00000000 2
1 0 0 438 00000000 2
1 0 0 439 00000000 2
1 0 0 440 00000000 2
1 0 0 441 00000000 2
1 0 0 442 00000000 2
1 0 0 443 00000000 2
1 0 0 444 00000000 2
1 0 0 445 00000000 2
1 0 0 446 00000000 2
1 0 0 447 00000000 2
1 0 0 448 00000000 2
1 0 0 449 00000000 2
1 0 0 450 00000000 2
1 0 0 451 00000000 2
1 0 0 452 00000000 2
1 0 0 453 00000000 2
1 0 0 454 00000000 2
1 0 0 455 00000000 2
1 0 0 456 00000000 2
1 0 0 457 00000000 2
1 0 0 458 00000000 2
1 0 0 459 00000000 2
1 0 0 460 00000000 2
1 0 0 461 00000000 2
1 0 0 462 00000000 2
1 0 0 463 00000000 2
1 0 0 464 00000000 2
1 0 0 465 00000000 2
1 0 0 466 00000000 2
1 0 0 467 00000000 2
1 0 0 468 00000000 2
1 0 0 469 00000000 2
1 0 0 470 00000000 2
1 0 0 471 00000000 2
1 0 0 472 00000000 2
1 0 0 473 00000000 2
1 0 0 474 00000000 2
1 0 0 475 00000000 2
1 0 0 476 00000000 2
1 0 0 477 00000000 2
1 0 0 478 00000000 2
1 0 0 479 00000000 2
1 0 0 480 00000000 2
1 0 0 481 00000000 2
1 0 0 482 00000000 2
1 0 0 483 00000000 2
1 0 0 484 00000000 2
1 0 0 485 00000000 2
1 0 0 486 00000000 2
1 0 0 487 00000000 2
1 0 0 488 00000000 2
1 0 0 489 00000000 2
1 0 0 490 00000000 2
1 0 0 491 00000000 2
1 0 0 492 00000000 2
1 0 0 493 00000000 2
1 0 0 494 00000000 2
1 0 0 495 00000000 2
1 0 0 496 00000000 2
1 0 0 497 00000000 2
1 0 0 498 00000000 2
1 0 0 499 00000000 2
1 0 0 500 00000000 2
1 0 0 501 00000000 2
1 0 0 502 00000000 2
1 0 0 503 00000000 2
1 0 0 504 00000000 2
1 0 0 505 00000000 2
1 0 0 506 00000000 2
1 0 0 507 00000000 2
1 0 0 508 00000000 2
1 0 0 509 00000000 2
1 0 0 510 00000000 2
1 0 0 511 00000000 2
1 0 0 512 000C7FE7 2
1 0 0 513 00000000 2
1 0 0 514 00000000 2
1 0 0 515 00000000 2
1 0 0 516 00000000 2
1 0 0 517 00000000 2
1 0 0 518 00000000 2
1 0 0 519 00000000 2
1 0 0 520 00000000 2
1 0 0 521 00000000 2
1 0 0 522 00000000 2
1 0 0 523 00000000 2
1 0 0 524 00000000 2
1 0 0 525 00000000 2
1 0 0 526 00000000 2
1 0 0 527 00000000 2
1 0 0 528 00000000 2
1 0 0 529 00000000 2
1 0 0 530 00000000 2
1 0 0 531 00000000 2
1 0 0 532 00000000 2
1 0 0 533 00000000 2
1 0 0 534 00000000 2
1 0 0 535 00000000 2
1 0 0 536 00000000 2
1 0 0 537 00000000 2
1 0 0 538 00000000 2
1 0 0 539 00000000 2
1 0 0 540 00000000 2
1 0 0 541 00000000 2
1 0 0 542 00000000 2
1 0 0 543 00000000 2
1 0 0 544 00000000 2
1 0 0 545 00000000 2
1 0 0 546 00000000 2
1 0 0 547 00000000 2
1 0 0 548 00000000 2
1 0 0 549 00000000 2
1 0 0 550 00000000 2
1 0 0 551 00000000 2
1 0 0 552 00000000 2
1 0 0 553 00000000 2
1 0 0 554 00000000 2
1 0 0 555 00000000 2
1 0 0 556 00000000 2
1 0 0 557 00000000 2
1 0 0 558 00000000 2
1 0 0 559 00000000 2
1 0 0 560 00000000 2
1 0 0 561 00000000 2
1 0 0 562 00000000 2
1 0 0 563 00000000 2
1 0 0 564 00000000 2
1 0 0 565 00000000 2
1 0 0 566 00000000 2
1 0 0 567 00000000 2
1 0 0 568 00000000 2
1 0 0 569 00000000 2
1 0 0 570 00000000 2
1 0 0 571 00000000 2
1 0 0 572 00000000 2
1 0 0 573 00000000 2
1 0 0 574 00000000 2
1 0 0 575 00000000 2
1 0 0 576 00000000 2
1 0 0 577 00000000 2
1 0 0 578 00000000 2
1 0 0 579 00000000 2
1 0 0 580 00000000 2
1 0 0 581 00000000 2
1 0 0 582 00000000 2
1 0 0 583 00000000 2
1 0 0 584 00000000 2
1 0 0 585 00000000 2
1 0 0 586 00000000 2
1 0 0 587 00000000 2
1 0 0 588 00000000 2
1 0 0 589 00000000 2
1 0 0 590 00000000 2
1 0 0 591 00000000 2
1 0 0 592 00000000 2
1 0 0 593 00000000 2
1 0 0 594 00000000 2
1 0 0 595 00000000 2
1 0 0 596 00000000 2
1 0 0 597 00000000 2
1 0 0 598 00000000 2
1 0 0 599 00000000 2
1 0 0 600 00000000 2
1 0 0 601 00000000 2
1 0 0 602 00000000 2
1 0 0 603 00000000 2
1 0 0 604 00000000 2
1 0 0 605 00000000 2
1 0 0 606 00000000 2
1 0 0 607 00000000 2
1 0 0 608 00000000 2
1 0 0 609 00000000 2
1 0 0 610 00000000 2
1 0 0 611 00000000 2
1 0 0 612 00000000 2
1 0 0 613 00000000 2
1 0 0 614 00000000 2
1 0 0 615 00000000 2
1 0 0 616 00000000 2
1 0 0 617 00000000 2
1 0 0 618 00000000 2
1 0 0 619 00000000 2
1 0 0 620 00000000 2
1 0 0 621 00000000 2
1 0 0 622 00000000 2
1 0 0 623 00000000 2
1 0 0 624 00000000 2
1 0 0 625 00000000 2
1 0 0 626 00000000 2
1 0 0 627 00000000 2
1 0 0 628 00000000 2
1 0 0 629 00000000 2
1 0 0 630 00000000 2
1 0 0 631 00000000 2
1 0 0 632 00000000 2
1 0 0 633 00000000 2
1 0 0 634 00000000 2
1 0 0 635 00000000 2
1 0 0 636 00000000 2
1 0 0 637 00000000 2
1 0 0 638 00000000 2
1 0 0 639 00000000 2
1 0 0 640 00000000 2
1 0 0 641 00000000 2
1 0 0 642 00000000 2
1 0 0 643 00000000 2
1 0 0 644 00000000 2
1 0 0 645 00000000 2
1 0 0 646 00000000 2
1 0 0 647 00000000 2
1 0 0 648 00000000 2
1 0 0 649 00000000 2
1 0 0 650 00000000 2
1 0 0 651 00000000 2
1 0 0 652 00000000 2
1 0 0 653 00000000 2
1 0 0 654 00000000 2
1 0 0 655 00000000 2
1 0 0 656 00000000 2
1 0 0 657 00000000 2
1 0 0 658 00000000 2
1 0 0 659 00000000 2
1 0 0 660 00000000 2
1 0 0 661 00000000 2
1 0 0 662 00000000 2
1 0 0 663 00000000 2
1 0 0 664 00000000 2
1 0 0 665 00000000 2
1 0 0 666 00000000 2
1 0 0 667 00000000 2
1 0 0 668 00000000 2
1 0 0 669 00000000 2
1 0 0 670 00000000 2
1 0 0 671 00000000 2
1 0 0 672 00000000 2
1 0 0 673 00000000 2
1 0 0 674 00000000 2
1 0 0 675 00000000 2
1 0 0 676 00000000 2
1 0 0 677 00000000 2
1 0 0 678 00000000 2
1 0 0 679 00000000 2
1 0 0 680 00000000 2
1 0 0 681 00000000 2
1 0 0 682 00000000 2
1 0 0 683 00000000 2
1 0 0 684 00000000 2
1 0 0 685 00000000 2
1 0 0 686 00000000 2
1 0 0 687 00000000 2
1 0 0 688 00000000 2
1 0 0 689 00000000 2
1 0 0 690 00000000 2
1 0 0 691 00000000 2
1 0 0 692 00000000 2
1 0 0 693 00000000 2
1 0 0 694 00000000 2
1 0 0 695 00000000 2
1 0 0 696 00000000 2
1 0 0 697 00000000 2
1 0 0 698 00000000 2
1 0 0 699 00000000 2
1 0 0 700 00000000 2
1 0 0 701 00000000 2
1 0 0 702 00000000 2
1 0 0 703 00000000 2
1 0 0 704 00000000 2
1 0 0 705 00000000 2
1 0 0 706 00000000 2
1 0 0 707 00000000 2
1 0 0 708 00000000 2
1 0 0 709 00000000 2
1 0 0 710 00000000 2
1 0 0 711 00000000 2
1 0 0 712 00000000 2
1 0 0 713 00000000 2
1 0 0 714 00000000 2
1 0 0 715 00000000 2
1 0 0 716 00000000 2
1 0 0 717 00000000 2
1 0 0 718 00000000 2
1 0 0 719 00000000 2
1 0 0 720 00000000 2
1 0 0 721 00000000 2
1 0 0 722 00000000 2
1 0 0 723 00000000 2
1 0 0 724 00000000 2
1 0 0 725 00000000 2
1 0 0 726 00000000 2
1 0 0 727 00000000 2
1 0 0 728 00000000 2
1 0 0 729 00000000 2
1 0 0 730 00000000 2
1 0 0 731 00000000 2
1 0 0 732 00000000 2
1 0 0 733 00000000 2
1 0 0 734 00000000 2
1 0 0 735 00000000 2
1 0 0 736 00000000 2
1 0 0 737 00000000 2
1 0 0 738 00000000 2
1 0 0 739 00000000 2
1 0 0 740 00000000 2
1 0 0 741 00000000 2
1 0 0 742 00000000 2
1 0 0 743 00000000 2
1 0 0 744 00000000 2
1 0 0 745 00000000 2
1 0 0 746 00000000 2
1 0 0 747 00000000 2
1 0 0 748 00000000 2
1 0 0 749 00000000 2
1 0 0 750 00000000 2
1 0 0 751 00000000 2
1 0 0 752 00000000 2
1 0 0 753 00000000 2
1 0 0 754 00000000 2
1 0 0 755 00000000 2
1 0 0 756 00000000 2
1 0 0 757 00000000 2
1 0 0 758 00000000 2
1 0 0 759 00000000 2
1 0 0 760 00000000 2
1 0 0 761 00000000 2
1 0 0 762 00000000 2
1 0 0 763 00000000 2
1 0 0 764 00000000 2
1 0 0 765 00000000 2
1 0 0 766 00000000 2
1 0 0 767 00000000 2
1 0 0 768 00000000 2
1 0 0 769 00000000 2
1 0 0 770 00000000 2
1 0 0 771 00000000 2
1 0 0 772 00000000 2
1 0 0 773 00000000 2
1 0 0 774 00000000 2
1 0 0 775 00000000 2
1 0 0 776 00000000 2
1 0 0 777 00000000 2
1 0 0 778 00000000 2
1 0 0 779 00000000 2
1 0 0 780 00000000 2
1 0 0 781 00000000 2
1 0 0 782 00000000 2
1 0 0 783 00000000 2
1 0 0 784 00000000 2
1 0 0 785 00000000 2
1 0 0 786 00000000 2
1 0 0 787 00000000 2
1 0 0 788 00000000 2
1 0 0 789 00000000 2
1 0 0 790 00000000 2
1 0 0 791 00000000 2
1 0 0 792 00000000 2
1 0 0 793 00000000 2
1 0 0 794 00000000 2
1 0 0 795 00000000 2
1 0 0 796 00000000 2
1 0 0 797 00000000 2
1 0 0 798 00000000 2
1 0 0 799 00000000 2
1 0 0 800 00000000 2
1 0 0 801 00000000 2
1 0 0 802 00000000 2
1 0 0 803 00000000 2
1 0 0 804 00000000 2
1 0 0 805 00000000 2
1 0 0 806 00000000 2
1 0 0 807 00000000 2
1 0 0 808 00000000 2
1 0 0 809 00000000 2
1 0 0 810 00000000 2
1 0 0 811 00000000 2
1 0 0 812 00000000 2
1 0 0 813 00000000 2
1 0 0 814 00000000 2
1 0 0 815 00000000 2
1 0 0 816 00000000 2
1 0 0 817 00000000 2
1 0 0 818 00000000 2
1 0 0 819 00000000 2
1 0 0 820 00000000 2
1 0 0 821 00000000 2
1 0 0 822 00000000 2
1 0 0 823 00000000 2
1 0 0 824 00000000 2
1 0 0 825 00000000 2
1 0 0 826 00000000 2
1 0 0 827 00000000 2
1 0 0 828 00000000 2
1 0 0 829 00000000 2
1 0 0 830 00000000 2
1 0 0 831 00000000 2
1 0 0 832 00000000 2
1 0 0 833 00000000 2
1 0 0 834 00000000 2
1 0 0 835 00000000 2
1 0 0 836 00000000 2
1 0 0 837 00000000 2
1 0 0 838 00000000 2
1 0 0 839 00000000 2
1 0 0 840 00000000 2
1 0 0 841 00000000 2
1 0 0 842 00000000 2
1 0 0 843 00000000 2
1 0 0 844 00000000 2
1 0 0 845 00000000 2
1 0 0 846 00000000 2
1 0 0 847 00000000 2
1 0 0 848 00000000 2
1 0 0 849 00000000 2
1 0 0 850 00000000 2
1 0 0 851 00000000 2
1 0 0 852 00000000 2
1 0 0 853 00000000 2
1 0 0 854 00000000 2
1 0 0 855 00000000 2
1 0 0 856 00000000 2
1 0 0 857 00000000 2
1 0 0 858 00000000 2
1 0 0 859 00000000 2
1 0 0 860 00000000 2
1 0 0 861 00000000 2
1 0 0 862 00000000 2
1 0 0 863 00000000 2
1 0 0 864 00000000 2
1 0 0 865 00000000 2
1 0 0 866 00000000 2
1 0 0 867 00000000 2
1 0 0 868 00000000 2
1 0 0 869 00000000 2
1 0 0 870 00000000 2
1 0 0 871 00000000 2
1 0 0 872 00000000 2
1 0 0 873 00000000 2
1 0 0 874 00000000 2
1 0 0 875 00000000 2
1 0 0 876 00000000 2
1 0 0 877 00000000 2
1 0 0 878 00000000 2
1 0 0 879 00000000 2
1 0 0 880 00000000 2
1 0 0 881 00000000 2
1 0 0 882 00000000 2
1 0 0 883 00000000 2
1 0 0 884 00000000 2
1 0 0 885 00000000 2
1 0 0 886 00000000 2
1 0 0 887 00000000 2
1 0 0 888 00000000 2
1 0 0 889 00000000 2
1 0 0 890 00000000 2
1 0 0 891 00000000 2
1 0 0 892 00000000 2
1 0 0 893 00000000 2
1 0 0 894 00000000 2
1 0 0 895 00000000 2
1 0 0 896 00000000 2
1 0 0 897 00000000 2
1 0 0 898 00000000 2
1 0 0 899 00000000 2
1 0 0 900 00000000 2
1 0 0 901 00000000 2
1 0 0 902 00000000 2
1 0 0 903 00000000 2
1 0 0 904 00000000 2
1 0 0 905 00000000 2
1 0 0 906 00000000 2
1 0 0 907 00000000 2
1 0 0 908 00000000 2
1 0 0 909 00000000 2
1 0 0 910 00000000 2
1 0 0 911 00000000 2
1 0 0 912 00000000 2
1 0 0 913 00000000 2
1 0 0 914 00000000 2
1 0 0 915 00000000 2
1 0 0 916 00000000 2
1 0 0 917 00000000 2
1 0 0 918 00000000 2
1 0 0 919 00000000 2
1 0 0 920 00000000 2
1 0 0 921 00000000 2
1 0 0 922 00000000 2
1 0 0 923 00000000 2
1 0 0 924 00000000 2
1 0 0 925 00000000 2
1 0 0 926 00000000 2
1 0 0 927 00000000 2
1 0 0 928 00000000 2
1 0 0 929 00000000 2
1 0 0 930 00000000 2
1 0 0 931 00000000 2
1 0 0 932 00000000 2
1 0 0 933 00000000 2
1 0 0 934 00000000 2
1 0 0 935 00000000 2
1 0 0 936 00000000 2
1 0 0 937 00000000 2
1 0 0 938 00000000 2
1 0 0 939 00000000 2
1 0 0 940 00000000 2
1 0 0 941 00000000 2
1 0 0 942 00000000 2
1 0 0 943 00000000 2
1 0 0 944 00000000 2
1 0 0 945 00000000 2
1 0 0 946 00000000 2
1 0 0 947 00000000 2
1 0 0 948 00000000 2
1 0 0 949 00000000 2
1 0 0 950 00000000 2
1 0 0 951 00000000 2
1 0 0 952 00000000 2
1 0 0 953 00000000 2
1 0 0 954 00000000 2
1 0 0 955 00000000 2
1 0 0 956 00000000 2
1 0 0 957 00000000 2
1 0 0 958 00000000 2
1 0 0 959 00000000 2
1 0 0 960 00000000 2
1 0 0 961 00000000 2
1 0 0 962 00000000 2
1 0 0 963 00000000 2
1 0 0 964 00000000 2
1 0 0 965 00000000 2
1 0 0 966 00000000 2
1 0 0 967 00000000 2
1 0 0 968 00000000 2
1 0 0 969 00000000 2
1 0 0 970 00000000 2
1 0 0 971 00000000 2
1 0 0 972 00000000 2
1 0 0 973 00000000 2
1 0 0 974 00000000 2
1 0 0 975 00000000 2
1 0 0 976 00000000 2
1 0 0 977 00000000 2
1 0 0 978 00000000 2
1 0 0 979 00000000 2
1 0 0 980 00000000 2
1 0 0 981 00000000 2
1 0 0 982 00000000 2
1 0 0 983 00000000 2
1 0 0 984 00000000 2
1 0 0 985 00000000 2
1 0 0 986 00000000 2
1 0 0 987 00000000 2
1 0 0 988 00000000 2
1 0 0 989 00000000 2
1 0 0 990 00000000 2
1 0 0 991 00000000 2
1 0 0 992 00000000 2
1 0 0 993 00000000 2
1 0 0 994 00000000 2
1 0 0 995 00000000 2
1 0 0 996 00000000 2
1 0 0 997 00000000 2
1 0 0 998 00000000 2
1 0 0 999 00000000 2
1 0 0 1000 00000000 2
1 0 0 1001 00000000 2
1 0 0 1002 00000000 2
1 0 0 1003 00000000 2
1 0 0 1004 00000000 2
1 0 0 1005 00000000 2
1 0 0 1006 00000000 2
1 0 0 1007 00000000 2
1 0 0 1008 00000000 2
1 0 0 1009 00000000 2
1 0 0 1010 00000000 2
1 0 0 1011 00000000 2
1 0 0 1012 00000000 2
1 0 0 1013 00000000 2
1 0 0 1014 00000000 2
1 0 0 1015 00000000 2
1 0 0 1016 00000000 2
1 0 0 1017 00000000 2
1 0 0 1018 00000000 2
1 0 0 1019 00000000 2
1 0 0 1020 00000000 2
1 0 0 1021 00000000 2
1 0 0 1022 00000000 2
1 0 0 1023 00000000 2
1 1 0 0 00000000 2
1 1 0 1 00000000 2
1 1 0 2 00000000 2
1 1 0 3 00000000 2
1 1 0 4 00000000 2
1 1 0 5 00000000 2
1 1 0 6 00000000 2
1 1 0 7 00000000 2
1 1 0 8 00000000 2
1 1 0 9 00000000 2
1 1 0 10 00000000 2
1 1 0 11 00000000 2
1 1 0 12 00000000 2
1 1 0 13 00000000 2
1 1 0 14 00000000 2
1 1 0 15 00000000 2
1 1 0 16 00000000 2
1 1 0 17 00000000 2
1 1 0 18 00000000 2
1 1 0 19 00000000 2
1 1 0 20 00000000 2
1 1 0 21 00000000 2
1 1 0 22 00000000 2
1 1 0 23 00000000 2
1 1 0 24 00000000 2
1 1 0 25 00000000 2
1 1 0 26 00000000 2
1 1 0 27 00000000 2
1 1 0 28 00000000 2
1 1 0 29 00000000 2
1 1 0 30 00000000 2
1 1 0 31 00000000 2
1 1 0 32 00000000 2
1 1 0 33 00000000 2
1 1 0 34 00000000 2
1 1 0 35 00000000 2
1 1 0 36 00000000 2
1 1 0 37 00000000 2
1 1 0 38 00000000 2
1 1 0 39 00000000 2
1 1 0 40 00000000 2
1 1 0 41 00000000 2
1 1 0 42 00000000 2
1 1 0 43 00000000 2
1 1 0 44 00000000 2
1 1 0 45 00000000 2
1 1 0 46 00000000 2
1 1 0 47 00000000 2
1 1 0 48 00000000 2
1 1 0 49 00000000 2
1 1 0 50 00000000 2
1 1 0 51 00000000 2
1 1 0 52 00000000 2
1 1 0 53 00000000 2
1 1 0 54 00000000 2
1 1 0 55 00000000 2
1 1 0 56 00000000 2
1 1 0 57 00000000 2
1 1 0 58 00000000 2
1 1 0 59 00000000 2
1 1 0 60 00000000 2
1 1 0 61 00000000 2
1 1 0 62 00000000 2
1 1 0 63 00000000 2
1 1 0 64 00000000 2
1 1 0 65 00000000 2
1 1 0 66 00000000 2
1 1 0 67 00000000 2
1 1 0 68 00000000 2
1 1 0 69 00000000 2
1 1 0 70 00000000 2
1 1 0 71 00000000 2
1 1 0 72 00000000 2
1 1 0 73 00000000 2
1 1 0 74 00000000 2
1 1 0 75 00000000 2
1 1 0 76 00000000 2
1 1 0 77 00000000 2
1 1 0 78 00000000 2
1 1 0 79 00000000 2
1 1 0 80 00000000 2
1 1 0 81 00000000 2
1 1 0 82 00000000 2
1 1 0 83 00000000 2
1 1 0 84 00000000 2
1 1 0 85 00000000 2
1 1 0 86 00000000 2
1 1 0 87 00000000 2
1 1 0 88 00000000 2
1 1 0 89 00000000 2
1 1 0 90 00000000 2
1 1 0 91 00000000 2
1 1 0 92 00000000 2
1 1 0 93 00000000 2
1 1 0 94 00000000 2
1 1 0 95 00000000 2
1 1 0 96 00000000 2
1 1 0 97 00000000 2
1 1 0 98 00000000 2
1 1 0 99 00000000 2
1 1 0 100 00000000 2
1 1 0 101 00000000 2
1 1 0 102 00000000 2
1 1 0 103 00000000 2
1 1 0 104 00000000 2
1 1 0 105 00000000 2
1 1 0 106 00000000 2
1 1 0 107 00000000 2
1 1 0 108 00000000 2
1 1 0 109 00000000 2
1 1 0 110 00000000 2
1 1 0 111 00000000 2
1 1 0 112 00000000 2
1 1 0 113 00000000 2
1 1 0 114 00000000 2
1 1 0 115 00000000 2
1 1 0 116 00000000 2
1 1 0 117 00000000 2
1 1 0 118 00000000 2
1 1 0 119 00000000 2
1 1 0 120 00000000 2
1 1 0 121 00000000 2
1 1 0 122 00000000 2
1 1 0 123 00000000 2
1 1 0 124 00000000 2
1 1 0 125 00000000 2
1 1 0 126 00000000 2
1 1 0 127 00000000 2
1 1 0 128 00000000 2
1 1 0 129 00000000 2
1 1 0 130 00000000 2
1 1 0 131 00000000 2
1 1 0 132 00000000 2
1 1 0 133 00000000 2
1 1 0 134 00000000 2
1 1 0 135 00000000 2
1 1 0 136 00000000 2
1 1 0 137 00000000 2
1 1 0 138 00000000 2
1 1 0 139 00000000 2
1 1 0 140 00000000 2
1 1 0 141 00000000 2
1 1 0 142 00000000 2
1 1 0 143 00000000 2
1 1 0 144 00000000 2
1 1 0 145 00000000 2
1 1 0 146 00000000 2
1 1 0 147 00000000 2
1 1 0 148 00000000 2
1 1 0 149 00000000 2
1 1 0 150 00000000 2
1 1 0 151 00000000 2
1 1 0 152 00000000 2
1 1 0 153 00000000 2
1 1 0 154 00000000 2
1 1 0 155 00000000 2
1 1 0 156 00000000 2
1 1 0 157 00000000 2
1 1 0 158 00000000 2
1 1 0 159 00000000 2
1 1 0 160 00000000 2
1 1 0 161 00000000 2
1 1 0 162 00000000 2
1 1 0 163 00000000 2
1 1 0 164 00000000 2
1 1 0 165 00000000 2
1 1 0 166 00000000 2
1 1 0 167 00000000 2
1 1 0 168 00000000 2
1 1 0 169 00000000 2
1 1 0 170 00000000 2
1 1 0 171 00000000 2
1 1 0 172 00000000 2
1 1 0 173 00000000 2
1 1 0 174 00000000 2
1 1 0 175 00000000 2
1 1 0 176 00000000 2
1 1 0 177 00000000 2
1 1 0 178 00000000 2
1 1 0 179 00000000 2
1 1 0 180 00000000 2
1 1 0 181 00000000 2
1 1 0 182 00000000 2
1 1 0 183 00000000 2
1 1 0 184 00000000 2
1 1 0 185 00000000 2
1 1 0 186 00000000 2
1 1 0 187 00000000 2
1 1 0 188 00000000 2
1 1 0 189 00000000 2
1 1 0 190 00000000 2
1 1 0 191 00000000 2
1 1 0 192 00000000 2
1 1 0 193 00000000 2
1 1 0 194 00000000 2
1 1 0 195 00000000 2
1 1 0 196 00000000 2
1 1 0 197 00000000 2
1 1 0 198 00000000 2
1 1 0 199 00000000 2
1 1 0 200 00000000 2
1 1 0 201 00000000 2
1 1 0 202 00000000 2
1 1 0 203 00000000 2
1 1 0 204 00000000 2
1 1 0 205 00000000 2
1 1 0 206 00000000 2
1 1 0 207 00000000 2
1 1 0 208 00000000 2
1 1 0 209 00000000 2
1 1 0 210 00000000 2
1 1 0 211 00000000 2
1 1 0 212 00000000 2
1 1 0 213 00000000 2
1 1 0 214 00000000 2
1 1 0 215 00000000 2
1 1 0 216 00000000 2
1 1 0 217 00000000 2
1 1 0 218 00000000 2
1 1 0 219 00000000 2
1 1 0 220 00000000 2
1 1 0 221 00000000 2
1 1 0 222 00000000 2
1 1 0 223 00000000 2
1 1 0 224 00000000 2
1 1 0 225 00000000 2
1 1 0 226 00000000 2
1 1 0 227 00000000 2
1 1 0 228 00000000 2
1 1 0 229 00000000 2
1 1 0 230 00000000 2
1 1 0 231 00000000 2
1 1 0 232 00000000 2
1 1 0 233 00000000 2
1 1 0 234 00000000 2
1 1 0 235 00000000 2
1 1 0 236 00000000 2
1 1 0 237 00000000 2
1 1 0 238 00000000 2
1 1 0 239 00000000 2
1 1 0 240 00000000 2
1 1 0 241 00000000 2
1 1 0 242 00000000 2
1 1 0 243 00000000 2
1 1 0 244 00000000 2
1 1 0 245 00000000 2
1 1 0 246 00000000 2
1 1 0 247 00000000 2
1 1 0 248 00000000 2
1 1 0 249 00000000 2
1 1 0 250 00000000 2
1 1 0 251 00000000 2
1 1 0 252 00000000 2
1 1 0 253 00000000 2
1 1 0 254 00000000 2
1 1 0 255 00000000 2
1 1 0 256 00000000 2
1 1 0 257 00000000 2
1 1 0 258 00000000 2
1 1 0 259 00000000 2
1 1 0 260 00000000 2
1 1 0 261 00000000 2
1 1 0 262 00000000 2
1 1 0 263 00000000 2
1 1 0 264 00000000 2
1 1 0 265 00000000 2
1 1 0 266 00000000 2
1 1 0 267 00000000 2
1 1 0 268 00000000 2
1 1 0 269 00000000 2
1 1 0 270 00000000 2
1 1 0 271 00000000 2
1 1 0 272 00000000 2
1 1 0 273 00000000 2
1 1 0 274 00000000 2
1 1 0 275 00000000 2
1 1 0 276 00000000 2
1 1 0 277 00000000 2
1 1 0 278 00000000 2
1 1 0 279 00000000 2
1 1 0 280 00000000 2
1 1 0 281 00000000 2
1 1 0 282 00000000 2
1 1 0 283 00000000 2
1 1 0 284 00000000 2
1 1 0 285 00000000 2
1 1 0 286 00000000 2
1 1 0 287 00000000 2
1 1 0 288 00000000 2
1 1 0 289 00000000 2
1 1 0 290 00000000 2
1 1 0 291 00000000 2
1 1 0 292 00000000 2
1 1 0 293 00000000 2
1 1 0 294 00000000 2
1 1 0 295 00000000 2
1 1 0 296 00000000 2
1 1 0 297 00000000 2
1 1 0 298 00000000 2
1 1 0 299 00000000 2
1 1 0 300 00000000 2
1 1 0 301 00000000 2
1 1 0 302 00000000 2
1 1 0 303 00000000 2
1 1 0 304 00000000 2
1 1 0 305 00000000 2
1 1 0 306 00000000 2
1 1 0 307 00000000 2
1 1 0 308 00000000 2
1 1 0 309 00000000 2
1 1 0 310 00000000 2
1 1 0 311 00000000 2
1 1 0 312 00000000 2
1 1 0 313 00000000 2
1 1 0 314 00000000 2
1 1 0 315 00000000 2
1 1 0 316 00000000 2
1 1 0 317 00000000 2
1 1 0 318 00000000 2
1 1 0 319 00000000 2
1 1 0 320 00000000 2
1 1 0 321 00000000 2
1 1 0 322 00000000 2
1 1 0 323 00000000 2
1 1 0 324 00000000 2
1 1 0 325 00000000 2
1 1 0 326 00000000 2
1 1 0 327 00000000 2
1 1 0 328 00000000 2
1 1 0 329 00000000 2
1 1 0 330 00000000 2
1 1 0 331 00000000 2
1 1 0 332 00000000 2
1 1 0 333 00000000 2
1 1 0 334 00000000 2
1 1 0 335 00000000 2
1 1 0 336 00000000 2
1 1 0 337 00000000 2
1 1 0 338 00000000 2
1 1 0 339 00000000 2
1 1 0 340 00000000 2
1 1 0 341 00000000 2
1 1 0 342 00000000 2
1 1 0 343 00000000 2
1 1 0 344 00000000 2
1 1 0 345 00000000 2
1 1 0 346 00000000 2
1 1 0 347 00000000 2
1 1 0 348 00000000 2
1 1 0 349 00000000 2
1 1 0 350 00000000 2
1 1 0 351 00000000 2
1 1 0 352 00000000 2
1 1 0 353 00000000 2
1 1 0 354 00000000 2
1 1 0 355 00000000 2
1 1 0 356 00000000 2
1 1 0 357 00000000 2
1 1 0 358 00000000 2
1 1 0 359 00000000 2
1 1 0 360 00000000 2
1 1 0 361 00000000 2
1 1 0 362 00000000 2
1 1 0 363 00000000 2
1 1 0 364 00000000 2
1 1 0 365 00000000 2
1 1 0 366 00000000 2
1 1 0 367 00000000 2
1 1 0 368 00000000 2
1 1 0 369 00000000 2
1 1 0 370 00000000 2
1 1 0 371 00000000 2
1 1 0 372 00000000 2
1 1 0 373 00000000 2
1 1 0 374 00000000 2
1 1 0 375 00000000 2
1 1 0 376 00000000 2
1 1 0 377 00000000 2
1 1 0 378 00000000 2
1 1 0 379 00000000 2
1 1 0 380 00000000 2
1 1 0 381 00000000 2
1 1 0 382 00000000 2
1 1 0 383 00000000 2
1 1 0 384 00000000 2
1 1 0 385 00000000 2
1 1 0 386 00000000 2
1 1 0 387 00000000 2
1 1 0 388 00000000 2
1 1 0 389 00000000 2
1 1 0 390 00000000 2
1 1 0 391 00000000 2
1 1 0 392 00000000 2
1 1 0 393 00000000 2
1 1 0 394 00000000 2
1 1 0 395 00000000 2
1 1 0 396 00000000 2
1 1 0 397 00000000 2
1 1 0 398 00000000 2
1 1 0 399 00000000 2
1 1 0 400 00000000 2
1 1 0 401 00000000 2
1 1 0 402 00000000 2
1 1 0 403 00000000 2
1 1 0 404 00000000 2
1 1 0 405 00000000 2
1 1 0 406 00000000 2
1 1 0 407 00000000 2
1 1 0 408 00000000 2
1 1 0 409 00000000 2
1 1 0 410 00000000 2
1 1 0 411 00000000 2
1 1 0 412 00000000 2
1 1 0 413 00000000 2
1 1 0 414 00000000 2
1 1 0 415 00000000 2
1 1 0 416 00000000 2
1 1 0 417 00000000 2
1 1 0 418 00000000 2
1 1 0 419 00000000 2
1 1 0 420 00000000 2
1 1 0 421 00000000 2
1 1 0 422 00000000 2
1 1 0 423 00000000 2
1 1 0 424 00000000 2
1 1 0 425 00000000 2
1 1 0 426 00000000 2
1 1 0 427 00000000 2
1 1 0 428 00000000 2
1 1 0 429 00000000 2
1 1 0 430 00000000 2
1 1 0 431 00000000 2
1 1 0 432 00000000 2
1 1 0 433 00000000 2
1 1 0 434 00000000 2
1 1 0 435 00000000 2
1 1 0 436 00000000 2
1 1 0 437 00000000 2
1 1 0 438 00000000 2
1 1 0 439 00000000 2
1 1 0 440 00000000 2
1 1 0 441 00000000 2
1 1 0 442 00000000 2
1 1 0 443 00000000 2
1 1 0 444 00000000 2
1 1 0 445 00000000 2
1 1 0 446 00000000 2
1 1 0 447 00000000 2
1 1 0 448 00000000 2
1 1 0 449 00000000 2
1 1 0 450 00000000 2
1 1 0 451 00000000 2
1 1 0 452 00000000 2
1 1 0 453 00000000 2
1 1 0 454 00000000 2
1 1 0 455 00000000 2
1 1 0 456 00000000 2
1 1 0 457 00000000 2
1 1 0 458 00000000 2
1 1 0 459 00000000 2
1 1 0 460 00000000 2
1 1 0 461 00000000 2
1 1 0 462 00000000 2
1 1 0 463 00000000 2
1 1 0 464 00000000 2
1 1 0 465 00000000 2
1 1 0 466 00000000 2
1 1 0 467 00000000 2
1 1 0 468 00000000 2
1 1 0 469 00000000 2
1 1 0 470 00000000 2
1 1 0 471 00000000 2
1 1 0 472 00000000 2
1 1 0 473 00000000 2
1 1 0 474 00000000 2
1 1 0 475 00000000 2
1 1 0 476 00000000 2
1 1 0 477 00000000 2
1 1 0 478 00000000 2
1 1 0 479 00000000 2
1 1 0 480 00000000 2
1 1 0 481 00000000 2
1 1 0 482 00000000 2
1 1 0 483 00000000 2
1 1 0 484 00000000 2
1 1 0 485 00000000 2
1 1 0 486 00000000 2
1 1 0 487 00000000 2
1 1 0 488 00000000 2
1 1 0 489 00000000 2
1 1 0 490 00000000 2
1 1 0 491 00000000 2
1 1 0 492 00000000 2
1 1 0 493 00000000 2
1 1 0 494 00000000 2
1 1 0 495 00000000 2
1 1 0 496 00000000 2
1 1 0 497 00000000 2
1 1 0 498 00000000 2
1 1 0 499 00000000 2
1 1 0 500 00000000 2
1 1 0 501 00000000 2
1 1 0 502 00000000 2
1 1 0 503 00000000 2
1 1 0 504 00000000 2
1 1 0 505 00000000 2
1 1 0 506 00000000 2
1 1 0 507 00000000 2
1 1 0 508 00000000 2
1 1 0 509 00000000 2
1 1 0 510 00000000 2
1 1 0 511 00000000 2
1 1 0 512 00000000 2
1 1 0 513 00000000 2
1 1 0 514 00000000 2
1 1 0 515 00000000 2
1 1 0 516 00000000 2
1 1 0 517 00000000 2
1 1 0 518 00000000 2
1 1 0 519 00000000 2
1 1 0 520 00000000 2
1 1 0 521 00000000 2
1 1 0 522 00000000 2
1 1 0 523 00000000 2
1 1 0 524 00000000 2
1 1 0 525 00000000 2
1 1 0 526 00000000 2
1 1 0 527 00000000 2
1 1 0 528 00000000 2
1 1 0 529 00000000 2
1 1 0 530 00000000 2
1 1 0 531 00000000 2
1 1 0 532 00000000 2
1 1 0 533 00000000 2
1 1 0 534 00000000 2
1 1 0 535 00000000 2
1 1 0 536 00000000 2
1 1 0 537 00000000 2
1 1 0 538 00000000 2
1 1 0 539 00000000 2
1 1 0 540 00000000 2
1 1 0 541 00000000 2
1 1 0 542 00000000 2
1 1 0 543 00000000 2
1 1 0 544 00000000 2
1 1 0 545 00000000 2
1 1 0 546 00000000 2
1 1 0 547 00000000 2
1 1 0 548 00000000 2
1 1 0 549 00000000 2
1 1 0 550 00000000 2
1 1 0 551 00000000 2
1 1 0 552 00000000 2
1 1 0 553 00000000 2
1 1 0 554 00000000 2
1 1 0 555 00000000 2
1 1 0 556 00000000 2
1 1 0 557 00000000 2
1 1 0 558 00000000 2
1 1 0 559 00000000 2
1 1 0 560 00000000 2
1 1 0 561 00000000 2
1 1 0 562 00000000 2
1 1 0 563 00000000 2
1 1 0 564 00000000 2
1 1 0 565 00000000 2
1 1 0 566 00000000 2
1 1 0 567 00000000 2
1 1 0 568 00000000 2
1 1 0 569 00000000 2
1 1 0 570 00000000 2
1 1 0 571 00000000 2
1 1 0 572 00000000 2
1 1 0 573 00000000 2
1 1 0 574 00000000 2
1 1 0 575 00000000 2
1 1 0 576 00000000 2
1 1 0 577 00000000 2
1 1 0 578 00000000 2
1 1 0 579 00000000 2
1 1 0 580 00000000 2
1 1 0 581 00000000 2
1 1 0 582 00000000 2
1 1 0 583 00000000 2
1 1 0 584 00000000 2
1 1 0 585 00000000 2
1 1 0 586 00000000 2
1 1 0 587 00000000 2
1 1 0 588 00000000 2
1 1 0 589 00000000 2
1 1 0 590 00000000 2
1 1 0 591 00000000 2
1 1 0 592 00000000 2
1 1 0 593 00000000 2
1 1 0 594 00000000 2
1 1 0 595 00000000 2
1 1 0 596 00000000 2
1 1 0 597 00000000 2
1 1 0 598 00000000 2
1 1 0 599 00000000 2
1 1 0 600 00000000 2
1 1 0 601 00000000 2
1 1 0 602 00000000 2
1 1 0 603 00000000 2
1 1 0 604 00000000 2
1 1 0 605 00000000 2
1 1 0 606 00000000 2
1 1 0 607 00000000 2
1 1 0 608 00000000 2
1 1 0 609 00000000 2
1 1 0 610 00000000 2
1 1 0 611 00000000 2
1 1 0 612 00000000 2
1 1 0 613 00000000 2
1 1 0 614 00000000 2
1 1 0 615 00000000 2
1 1 0 616 00000000 2
1 1 0 617 00000000 2
1 1 0 618 00000000 2
1 1 0 619 00000000 2
1 1 0 620 00000000 2
1 1 0 621 00000000 2
1 1 0 622 00000000 2
1 1 0 623 00000000 2
1 1 0 624 00000000 2
1 1 0 625 00000000 2
1 1 0 626 00000000 2
1 1 0 627 00000000 2
1 1 0 628 00000000 2
1 1 0 629 00000000 2
1 1 0 630 00000000 2
1 1 0 631 00000000 2
1 1 0 632 00000000 2
1 1 0 633 00000000 2
1 1 0 634 00000000 2
1 1 0 635 00000000 2
1 1 0 636 00000000 2
1 1 0 637 00000000 2
1 1 0 638 00000000 2
1 1 0 639 00000000 2
1 1 0 640 00000000 2
1 1 0 641 00000000 2
1 1 0 642 00000000 2
1 1 0 643 00000000 2
1 1 0 644 00000000 2
1 1 0 645 00000000 2
1 1 0 646 00000000 2
1 1 0 647 00000000 2
1 1 0 648 00000000 2
1 1 0 649 00000000 2
1 1 0 650 00000000 2
1 1 0 651 00000000 2
1 1 0 652 00000000 2
1 1 0 653 00000000 2
1 1 0 654 00000000 2
1 1 0 655 00000000 2
1 1 0 656 00000000 2
1 1 0 657 00000000 2
1 1 0 658 00000000 2
1 1 0 659 00000000 2
1 1 0 660 00000000 2
1 1 0 661 00000000 2
1 1 0 662 00000000 2
1 1 0 663 00000000 2
1 1 0 664 00000000 2
1 1 0 665 00000000 2
1 1 0 666 00000000 2
1 1 0 667 00000000 2
1 1 0 668 00000000 2
1 1 0 669 00000000 2
1 1 0 670 00000000 2
1 1 0 671 00000000 2
1 1 0 672 00000000 2
1 1 0 673 00000000 2
1 1 0 674 00000000 2
1 1 0 675 00000000 2
1 1 0 676 00000000 2
1 1 0 677 00000000 2
1 1 0 678 00000000 2
1 1 0 679 00000000 2
1 1 0 680 00000000 2
1 1 0 681 00000000 2
1 1 0 682 00000000 2
1 1 0 683 00000000 2
1 1 0 684 00000000 2
1 1 0 685 00000000 2
1 1 0 686 00000000 2
1 1 0 687 00000000 2
1 1 0 688 00000000 2
1 1 0 689 00000000 2
1 1 0 690 00000000 2
1 1 0 691 00000000 2
1 1 0 692 00000000 2
1 1 0 693 00000000 2
1 1 0 694 00000000 2
1 1 0 695 00000000 2
1 1 0 696 00000000 2
1 1 0 697 00000000 2
1 1 0 698 00000000 2
1 1 0 699 00000000 2
1 1 0 700 00000000 2
1 1 0 701 00000000 2
1 1 0 702 00000000 2
1 1 0 703 00000000 2
1 1 0 704 00000000 2
1 1 0 705 00000000 2
1 1 0 706 00000000 2
1 1 0 707 00000000 2
1 1 0 708 00000000 2
1 1 0 709 00000000 2
1 1 0 710 00000000 2
1 1 0 711 00000000 2
1 1 0 712 00000000 2
1 1 0 713 00000000 2
1 1 0 714 00000000 2
1 1 0 715 00000000 2
1 1 0 716 00000000 2
1 1 0 717 00000000 2
1 1 0 718 00000000 2
1 1 0 719 00000000 2
1 1 0 720 00000000 2
1 1 0 721 00000000 2
1 1 0 722 00000000 2
1 1 0 723 00000000 2
1 1 0 724 00000000 2
1 1 0 725 00000000 2
1 1 0 726 00000000 2
1 1 0 727 00000000 2
1 1 0 728 00000000 2
1 1 0 729 00000000 2
1 1 0 730 00000000 2
1 1 0 731 00000000 2
1 1 0 732 00000000 2
1 1 0 733 00000000 2
1 1 0 734 00000000 2
1 1 0 735 00000000 2
1 1 0 736 00000000 2
1 1 0 737 00000000 2
1 1 0 738 00000000 2
1 1 0 739 00000000 2
1 1 0 740 00000000 2
1 1 0 741 00000000 2
1 1 0 742 00000000 2
1 1 0 743 00000000 2
1 1 0 744 00000000 2
1 1 0 745 00000000 2
1 1 0 746 00000000 2
1 1 0 747 00000000 2
1 1 0 748 00000000 2
1 1 0 749 00000000 2
1 1 0 750 00000000 2
1 1 0 751 00000000 2
1 1 0 752 00000000 2
1 1 0 753 00000000 2
1 1 0 754 00000000 2
1 1 0 755 00000000 2
1 1 0 756 00000000 2
1 1 0 757 00000000 2
1 1 0 758 00000000 2
1 1 0 759 00000000 2
1 1 0 760 00000000 2
1 1 0 761 00000000 2
1 1 0 762 00000000 2
1 1 0 763 00000000 2
1 1 0 764 00000000 2
1 1 0 765 00000000 2
1 1 0 766 00000000 2
1 1 0 767 00000000 2
1 1 0 768 00000000 2
1 1 0 769 00000000 2
1 1 0 770 00000000 2
1 1 0 771 00000000 2
1 1 0 772 00000000 2
1 1 0 773 00000000 2
1 1 0 774 00000000 2
1 1 0 775 00000000 2
1 1 0 776 00000000 2
1 1 0 777 00000000 2
1 1 0 778 00000000 2
1 1 0 779 00000000 2
1 1 0 780 00000000 2
1 1 0 781 00000000 2
1 1 0 782 00000000 2
1 1 0 783 00000000 2
1 1 0 784 00000000 2
1 1 0 785 00000000 2
1 1 0 786 00000000 2
1 1 0 787 00000000 2
1 1 0 788 00000000 2
1 1 0 789 00000000 2
1 1 0 790 00000000 2
1 1 0 791 00000000 2
1 1 0 792 00000000 2
1 1 0 793 00000000 2
1 1 0 794 00000000 2
1 1 0 795 00000000 2
1 1 0 796 00000000 2
1 1 0 797 00000000 2
1 1 0 798 00000000 2
1 1 0 799 00000000 2
1 1 0 800 00000000 2
1 1 0 801 00000000 2
1 1 0 802 00000000 2
1 1 0 803 00000000 2
1 1 0 804 00000000 2
1 1 0 805 00000000 2
1 1 0 806 00000000 2
1 1 0 807 00000000 2
1 1 0 808 00000000 2
1 1 0 809 00000000 2
1 1 0 810 00000000 2
1 1 0 811 00000000 2
1 1 0 812 00000000 2
1 1 0 813 00000000 2
1 1 0 814 00000000 2
1 1 0 815 00000000 2
1 1 0 816 00000000 2
1 1 0 817 00000000 2
1 1 0 818 00000000 2
1 1 0 819 00000000 2
1 1 0 820 00000000 2
1 1 0 821 00000000 2
1 1 0 822 00000000 2
1 1 0 823 00000000 2
1 1 0 824 00000000 2
1 1 0 825 00000000 2
1 1 0 826 00000000 2
1 1 0 827 00000000 2
1 1 0 828 00000000 2
1 1 0 829 00000000 2
1 1 0 830 00000000 2
1 1 0 831 00000000 2
1 1 0 832 00000000 2
1 1 0 833 00000000 2
1 1 0 834 00000000 2
1 1 0 835 00000000 2
1 1 0 836 00000000 2
1 1 0 837 00000000 2
1 1 0 838 00000000 2
1 1 0 839 00000000 2
1 1 0 840 00000000 2
1 1 0 841 00000000 2
1 1 0 842 00000000 2
1 1 0 843 00000000 2
1 1 0 844 00000000 2
1 1 0 845 00000000 2
1 1 0 846 00000000 2
1 1 0 847 00000000 2
1 1 0 848 00000000 2
1 1 0 849 00000000 2
1 1 0 850 00000000 2
1 1 0 851 00000000 2
1 1 0 852 00000000 2
1 1 0 853 00000000 2
1 1 0 854 00000000 2
1 1 0 855 00000000 2
1 1 0 856 00000000 2
1 1 0 857 00000000 2
1 1 0 858 00000000 2
1 1 0 859 00000000 2
1 1 0 860 00000000 2
1 1 0 861 00000000 2
1 1 0 862 00000000 2
1 1 0 863 00000000 2
1 1 0 864 00000000 2
1 1 0 865 00000000 2
1 1 0 866 00000000 2
1 1 0 867 00000000 2
1 1 0 868 00000000 2
1 1 0 869 00000000 2
1 1 0 870 00000000 2
1 1 0 871 00000000 2
1 1 0 872 00000000 2
1 1 0 873 00000000 2
1 1 0 874 00000000 2
1 1 0 875 00000000 2
1 1 0 876 00000000 2
1 1 0 877 00000000 2
1 1 0 878 00000000 2
1 1 0 879 00000000 2
1 1 0 880 00000000 2
1 1 0 881 00000000 2
1 1 0 882 00000000 2
1 1 0 883 00000000 2
1 1 0 884 00000000 2
1 1 0 885 00000000 2
1 1 0 886 00000000 2
1 1 0 887 00000000 2
1 1 0 888 00000000 2
1 1 0 889 00000000 2
1 1 0 890 00000000 2
1 1 0 891 00000000 2
1 1 0 892 00000000 2
1 1 0 893 00000000 2
1 1 0 894 00000000 2
1 1 0 895 00000000 2
1 1 0 896 00000000 2
1 1 0 897 00000000 2
1 1 0 898 00000000 2
1 1 0 899 00000000 2
1 1 0 900 00000000 2
1 1 0 901 00000000 2
1 1 0 902 00000000 2
1 1 0 903 00000000 2
1 1 0 904 00000000 2
1 1 0 905 00000000 2
1 1 0 906 00000000 2
1 1 0 907 00000000 2
1 1 0 908 00000000 2
1 1 0 909 00000000 2
1 1 0 910 00000000 2
1 1 0 911 00000000 2
1 1 0 912 00000000 2
1 1 0 913 00000000 2
1 1 0 914 00000000 2
1 1 0 915 00000000 2
1 1 0 916 00000000 2
1 1 0 917 00000000 2
1 1 0 918 00000000 2
1 1 0 919 00000000 2
1 1 0 920 00000000 2
1 1 0 921 00000000 2
1 1 0 922 00000000 2
1 1 0 923 00000000 2
1 1 0 924 00000000 2
1 1 0 925 00000000 2
1 1 0 926 00000000 2
1 1 0 927 00000000 2
1 1 0 928 00000000 2
1 1 0 929 00000000 2
1 1 0 930 00000000 2
1 1 0 931 00000000 2
1 1 0 932 00000000 2
1 1 0 933 00000000 2
1 1 0 934 00000000 2
1 1 0 935 00000000 2
1 1 0 936 00000000 2
1 1 0 937 00000000 2
1 1 0 938 00000000 2
1 1 0 939 00000000 2
1 1 0 940 00000000 2
1 1 0 941 00000000 2
1 1 0 942 00000000 2
1 1 0 943 00000000 2
1 1 0 944 00000000 2
1 1 0 945 00000000 2
1 1 0 946 00000000 2
1 1 0 947 00000000 2
1 1 0 948 00000000 2
1 1 0 949 00000000 2
1 1 0 950 00000000 2
1 1 0 951 00000000 2
1 1 0 952 00000000 2
1 1 0 953 00000000 2
1 1 0 954 00000000 2
1 1 0 955 00000000 2
1 1 0 956 00000000 2
1 1 0 957 00000000 2
1 1 0 958 00000000 2
1 1 0 959 D7700000 2
1 1 0 960 00000000 2
1 1 0 961 00000000 2
1 1 0 962 00000000 2
1 1 0 963 00000000 2
1 1 0 964 00000000 2
1 1 0 965 00000000 2
1 1 0 966 00000000 2
1 1 0 967 00000000 2
1 1 0 968 00000000 2
1 1 0 969 00000000 2
1 1 0 970 00000000 2
1 1 0 971 00000000 2
1 1 0 972 00000000 2
1 1 0 973 00000000 2
1 1 0 974 00000000 2
1 1 0 975 00000000 2
1 1 0 976 00000000 2
1 1 0 977 00000000 2
1 1 0 978 00000000 2
1 1 0 979 00000000 2
1 1 0 980 00000000 2
1 1 0 981 00000000 2
1 1 0 982 00000000 2
1 1 0 983 00000000 2
1 1 0 984 00000000 2
1 1 0 985 00000000 2
1 1 0 986 00000000 2
1 1 0 987 00000000 2
1 1 0 988 00000000 2
1 1 0 989 00000000 2
1 1 0 990 00000000 2
1 1 0 991 00000000 2
1 1 0 992 00000000 2
1 1 0 993 00000000 2
1 1 0 994 00000000 2
1 1 0 995 00000000 2
1 1 0 996 00000000 2
1 1 0 997 00000000 2
1 1 0 998 00000000 2
1 1 0 999 00000000 2
1 1 0 1000 00000000 2
1 1 0 1001 00000000 2
1 1 0 1002 00000000 2
1 1 0 1003 00000000 2
1 1 0 1004 00000000 2
1 1 0 1005 00000000 2
1 1 0 1006 00000000 2
1 1 0 1007 00000000 2
1 1 0 1008 00000000 2
1 1 0 1009 00000000 2
1 1 0 1010 00000000 2
1 1 0 1011 00000000 2
1 1 0 1012 00000000 2
1 1 0 1013 00000000 2
1 1 0 1014 00000000 2
1 1 0 1015 00000000 2
1 1 0 1016 00000000 2
1 1 0 1017 00000000 2
1 1 0 1018 00000000 2
1 1 0 1019 00000000 2
1 1 0 1020 00000000 2
1 1 0 1021 00000000 2
1 1 0 1022 00000000 2
1 1 0 1023 00000000 2
1 2 0 0 00000000 2
1 2 0 1 00000000 2
1 2 0 2 00000000 2
1 2 0 3 00000000 2
1 2 0 4 00000000 2
1 2 0 5 00000000 2
1 2 0 6 00000000 2
1 2 0 7 00000000 2
1 2 0 8 00000000 2
1 2 0 9 00000000 2
1 2 0 10 00000000 2
1 2 0 11 00000000 2
1 2 0 12 00000000 2
1 2 0 13 00000000 2
1 2 0 14 00000000 2
1 2 0 15 00000000 2
1 2 0 16 00000000 2
1 2 0 17 00000000 2
1 2 0 18 00000000 2
1 2 0 19 00000000 2
1 2 0 20 00000000 2
1 2 0 21 00000000 2
1 2 0 22 00000000 2
1 2 0 23 00000000 2
1 2 0 24 00000000 2
1 2 0 25 00000000 2
1 2 0 26 00000000 2
1 2 0 27 00000000 2
1 2 0 28 00000000 2
1 2 0 29 00000000 2
1 2 0 30 00000000 2
1 2 0 31 00000000 2
1 2 0 32 00000000 2
1 2 0 33 00000000 2
1 2 0 34 00000000 2
1 2 0 35 00000000 2
1 2 0 36 00000000 2
1 2 0 37 00000000 2
1 2 0 38 00000000 2
1 2 0 39 00000000 2
1 2 0 40 00000000 2
1 2 0 41 00000000 2
1 2 0 42 00000000 2
1 2 0 43 00000000 2
1 2 0 44 00000000 2
1 2 0 45 00000000 2
1 2 0 46 00000000 2
1 2 0 47 00000000 2
1 2 0 48 00000000 2
1 2 0 49 00000000 2
1 2 0 50 00000000 2
1 2 0 51 00000000 2
1 2 0 52 00000000 2
1 2 0 53 00000000 2
1 2 0 54 00000000 2
1 2 0 55 00000000 2
1 2 0 56 00000000 2
1 2 0 57 00000000 2
1 2 0 58 00000000 2
1 2 0 59 00000000 2
1 2 0 60 00000000 2
1 2 0 61 00000000 2
1 2 0 62 00000000 2
1 2 0 63 00000000 2
1 2 0 64 00000000 2
1 2 0 65 00000000 2
1 2 0 66 00000000 2
1 2 0 67 00000000 2
1 2 0 68 00000000 2
1 2 0 69 00000000 2
1 2 0 70 00000000 2
1 2 0 71 00000000 2
1 2 0 72 00000000 2
1 2 0 73 00000000 2
1 2 0 74 00000000 2
1 2 0 75 00000000 2
1 2 0 76 00000000 2
1 2 0 77 00000000 2
1 2 0 78 00000000 2
1 2 0 79 00000000 2
1 2 0 80 00000000 2
1 2 0 81 00000000 2
1 2 0 82 00000000 2
1 2 0 83 00000000 2
1 2 0 84 00000000 2
1 2 0 85 00000000 2
1 2 0 86 00000000 2
1 2 0 87 00000000 2
1 2 0 88 00000000 2
1 2 0 89 00000000 2
1 2 0 90 00000000 2
1 2 0 91 00000000 2
1 2 0 92 00000000 2
1 2 0 93 00000000 2
1 2 0 94 00000000 2
1 2 0 95 00000000 2
1 2 0 96 00000000 2
1 2 0 97 00000000 2
1 2 0 98 00000000 2
1 2 0 99 00000000 2
1 2 0 100 00000000 2
1 2 0 101 00000000 2
1 2 0 102 00000000 2
1 2 0 103 00000000 2
1 2 0 104 00000000 2
1 2 0 105 00000000 2
1 2 0 106 00000000 2
1 2 0 107 00000000 2
1 2 0 108 00000000 2
1 2 0 109 00000000 2
1 2 0 110 00000000 2
1 2 0 111 00000000 2
1 2 0 112 00000000 2
1 2 0 113 00000000 2
1 2 0 114 00000000 2
1 2 0 115 00000000 2
1 2 0 116 00000000 2
1 2 0 117 00000000 2
1 2 0 118 00000000 2
1 2 0 119 00000000 2
1 2 0 120 00000000 2
1 2 0 121 00000000 2
1 2 0 122 00000000 2
1 2 0 123 00000000 2
1 2 0 124 00000000 2
1 2 0 125 00000000 2
1 2 0 126 00000000 2
1 2 0 127 00000000 2
1 2 0 128 00000000 2
1 2 0 129 00000000 2
1 2 0 130 00000000 2
1 2 0 131 00000000 2
1 2 0 132 00000000 2
1 2 0 133 00000000 2
1 2 0 134 00000000 2
1 2 0 135 00000000 2
1 2 0 136 00000000 2
1 2 0 137 00000000 2
1 2 0 138 00000000 2
1 2 0 139 00000000 2
1 2 0 140 00000000 2
1 2 0 141 00000000 2
1 2 0 142 00000000 2
1 2 0 143 00000000 2
1 2 0 144 00000000 2
1 2 0 145 00000000 2
1 2 0 146 00000000 2
1 2 0 147 00000000 2
1 2 0 148 00000000 2
1 2 0 149 00000000 2
1 2 0 150 00000000 2
1 2 0 151 00000000 2
1 2 0 152 00000000 2
1 2 0 153 00000000 2
1 2 0 154 00000000 2
1 2 0 155 00000000 2
1 2 0 156 00000000 2
1 2 0 157 00000000 2
1 2 0 158 00000000 2
1 2 0 159 00000000 2
1 2 0 160 00000000 2
1 2 0 161 00000000 2
1 2 0 162 00000000 2
1 2 0 163 00000000 2
1 2 0 164 00000000 2
1 2 0 165 00000000 2
1 2 0 166 00000000 2
1 2 0 167 00000000 2
1 2 0 168 00000000 2
1 2 0 169 00000000 2
1 2 0 170 00000000 2
1 2 0 171 00000000 2
1 2 0 172 00000000 2
1 2 0 173 00000000 2
1 2 0 174 00000000 2
1 2 0 175 00000000 2
1 2 0 176 00000000 2
1 2 0 177 00000000 2
1 2 0 178 00000000 2
1 2 0 179 00000000 2
1 2 0 180 00000000 2
1 2 0 181 00000000 2
1 2 0 182 00000000 2
1 2 0 183 00000000 2
1 2 0 184 00000000 2
1 2 0 185 00000000 2
1 2 0 186 00000000 2
1 2 0 187 00000000 2
1 2 0 188 00000000 2
1 2 0 189 00000000 2
1 2 0 190 00000000 2
1 2 0 191 00000000 2
1 2 0 192 00000000 2
1 2 0 193 00000000 2
1 2 0 194 00000000 2
1 2 0 195 00000000 2
1 2 0 196 00000000 2
1 2 0 197 00000000 2
1 2 0 198 00000000 2
1 2 0 199 00000000 2
1 2 0 200 00000000 2
1 2 0 201 00000000 2
1 2 0 202 00000000 2
1 2 0 203 00000000 2
1 2 0 204 00000000 2
1 2 0 205 00000000 2
1 2 0 206 00000000 2
1 2 0 207 00000000 2
1 2 0 208 00000000 2
1 2 0 209 00000000 2
1 2 0 210 00000000 2
1 2 0 211 00000000 2
1 2 0 212 00000000 2
1 2 0 213 00000000 2
1 2 0 214 00000000 2
1 2 0 215 00000000 2
1 2 0 216 00000000 2
1 2 0 217 00000000 2
1 2 0 218 00000000 2
1 2 0 219 00000000 2
1 2 0 220 00000000 2
1 2 0 221 00000000 2
1 2 0 222 00000000 2
1 2 0 223 00000000 2
1 2 0 224 00000000 2
1 2 0 225 00000000 2
1 2 0 226 00000000 2
1 2 0 227 00000000 2
1 2 0 228 00000000 2
1 2 0 229 00000000 2
1 2 0 230 00000000 2
1 2 0 231 00000000 2
1 2 0 232 00000000 2
1 2 0 233 00000000 2
1 2 0 234 00000000 2
1 2 0 235 00000000 2
1 2 0 236 00000000 2
1 2 0 237 00000000 2
1 2 0 238 00000000 2
1 2 0 239 00000000 2
1 2 0 240 00000000 2
1 2 0 241 00000000 2
1 2 0 242 00000000 2
1 2 0 243 00000000 2
1 2 0 244 00000000 2
1 2 0 245 00000000 2
1 2 0 246 00000000 2
1 2 0 247 00000000 2
1 2 0 248 00000000 2
1 2 0 249 00000000 2
1 2 0 250 00000000 2
1 2 0 251 00000000 2
1 2 0 252 00000000 2
1 2 0 253 00000000 2
1 2 0 254 00000000 2
1 2 0 255 00000000 2
1 2 0 256 00000000 2
1 2 0 257 00000000 2
1 2 0 258 00000000 2
1 2 0 259 00000000 2
1 2 0 260 00000000 2
1 2 0 261 00000000 2
1 2 0 262 00000000 2
1 2 0 263 00000000 2
1 2 0 264 00000000 2
1 2 0 265 00000000 2
1 2 0 266 00000000 2
1 2 0 267 00000000 2
1 2 0 268 00000000 2
1 2 0 269 00000000 2
1 2 0 270 00000000 2
1 2 0 271 00000000 2
1 2 0 272 00000000 2
1 2 0 273 00000000 2
1 2 0 274 00000000 2
1 2 0 275 00000000 2
1 2 0 276 00000000 2
1 2 0 277 00000000 2
1 2 0 278 00000000 2
1 2 0 279 00000000 2
1 2 0 280 00000000 2
1 2 0 281 00000000 2
1 2 0 282 00000000 2
1 2 0 283 00000000 2
1 2 0 284 00000000 2
1 2 0 285 00000000 2
1 2 0 286 00000000 2
1 2 0 287 00000000 2
1 2 0 288 00000000 2
1 2 0 289 00000000 2
1 2 0 290 00000000 2
1 2 0 291 00000000 2
1 2 0 292 00000000 2
1 2 0 293 00000000 2
1 2 0 294 00000000 2
1 2 0 295 00000000 2
1 2 0 296 00000000 2
1 2 0 297 00000000 2
1 2 0 298 00000000 2
1 2 0 299 00000000 2
1 2 0 300 00000000 2
1 2 0 301 00000000 2
1 2 0 302 00000000 2
1 2 0 303 00000000 2
1 2 0 304 00000000 2
1 2 0 305 00000000 2
1 2 0 306 00000000 2
1 2 0 307 00000000 2
1 2 0 308 00000000 2
1 2 0 309 00000000 2
1 2 0 310 00000000 2
1 2 0 311 00000000 2
1 2 0 312 00000000 2
1 2 0 313 00000000 2
1 2 0 314 00000000 2
1 2 0 315 00000000 2
1 2 0 316 00000000 2
1 2 0 317 00000000 2
1 2 0 318 00000000 2
1 2 0 319 00000000 2
1 2 0 320 00000000 2
1 2 0 321 00000000 2
1 2 0 322 00000000 2
1 2 0 323 00000000 2
1 2 0 324 00000000 2
1 2 0 325 00000000 2
1 2 0 326 00000000 2
1 2 0 327 00000000 2
1 2 0 328 00000000 2
1 2 0 329 00000000 2
1 2 0 330 00000000 2
1 2 0 331 00000000 2
1 2 0 332 00000000 2
1 2 0 333 00000000 2
1 2 0 334 00000000 2
1 2 0 335 00000000 2
1 2 0 336 00000000 2
1 2 0 337 00000000 2
1 2 0 338 00000000 2
1 2 0 339 00000000 2
1 2 0 340 00000000 2
1 2 0 341 00000000 2
1 2 0 342 00000000 2
1 2 0 343 00000000 2
1 2 0 344 00000000 2
1 2 0 345 00000000 2
1 2 0 346 00000000 2
1 2 0 347 00000000 2
1 2 0 348 00000000 2
1 2 0 349 00000000 2
1 2 0 350 00000000 2
1 2 0 351 00000000 2
1 2 0 352 00000000 2
1 2 0 353 00000000 2
1 2 0 354 00000000 2
1 2 0 355 00000000 2
1 2 0 356 00000000 2
1 2 0 357 00000000 2
1 2 0 358 00000000 2
1 2 0 359 00000000 2
1 2 0 360 00000000 2
1 2 0 361 00000000 2
1 2 0 362 00000000 2
1 2 0 363 00000000 2
1 2 0 364 00000000 2
1 2 0 365 00000000 2
1 2 0 366 00000000 2
1 2 0 367 00000000 2
1 2 0 368 00000000 2
1 2 0 369 00000000 2
1 2 0 370 00000000 2
1 2 0 371 00000000 2
1 2 0 372 00000000 2
1 2 0 373 00000000 2
1 2 0 374 00000000 2
1 2 0 375 00000000 2
1 2 0 376 00000000 2
1 2 0 377 00000000 2
1 2 0 378 00000000 2
1 2 0 379 00000000 2
1 2 0 380 00000000 2
1 2 0 381 00000000 2
1 2 0 382 00000000 2
1 2 0 383 00000000 2
1 2 0 384 00000000 2
1 2 0 385 00000000 2
1 2 0 386 00000000 2
1 2 0 387 00000000 2
1 2 0 388 00000000 2
1 2 0 389 00000000 2
1 2 0 390 00000000 2
1 2 0 391 00000000 2
1 2 0 392 00000000 2
1 2 0 393 00000000 2
1 2 0 394 00000000 2
1 2 0 395 00000000 2
1 2 0 396 00000000 2
1 2 0 397 00000000 2
1 2 0 398 00000000 2
1 2 0 399 00000000 2
1 2 0 400 00000000 2
1 2 0 401 00000000 2
1 2 0 402 00000000 2
1 2 0 403 00000000 2
1 2 0 404 00000000 2
1 2 0 405 00000000 2
1 2 0 406 00000000 2
1 2 0 407 00000000 2
1 2 0 408 00000000 2
1 2 0 409 00000000 2
1 2 0 410 00000000 2
1 2 0 411 00000000 2
1 2 0 412 00000000 2
1 2 0 413 00000000 2
1 2 0 414 00000000 2
1 2 0 415 00000000 2
1 2 0 416 00000000 2
1 2 0 417 00000000 2
1 2 0 418 00000000 2
1 2 0 419 00000000 2
1 2 0 420 00000000 2
1 2 0 421 00000000 2
1 2 0 422 00000000 2
1 2 0 423 00000000 2
1 2 0 424 00000000 2
1 2 0 425 00000000 2
1 2 0 426 00000000 2
1 2 0 427 00000000 2
1 2 0 428 00000000 2
1 2 0 429 00000000 2
1 2 0 430 00000000 2
1 2 0 431 00000000 2
1 2 0 432 00000000 2
1 2 0 433 00000000 2
1 2 0 434 00000000 2
1 2 0 435 00000000 2
1 2 0 436 00000000 2
1 2 0 437 00000000 2
1 2 0 438 00000000 2
1 2 0 439 00000000 2
1 2 0 440 00000000 2
1 2 0 441 00000000 2
1 2 0 442 00000000 2
1 2 0 443 00000000 2
1 2 0 444 00000000 2
1 2 0 445 00000000 2
1 2 0 446 00000000 2
1 2 0 447 00000000 2
1 2 0 448 00000000 2
1 2 0 449 00000000 2
1 2 0 450 00000000 2
1 2 0 451 00000000 2
1 2 0 452 00000000 2
1 2 0 453 00000000 2
1 2 0 454 00000000 2
1 2 0 455 00000000 2
1 2 0 456 00000000 2
1 2 0 457 00000000 2
1 2 0 458 00000000 2
1 2 0 459 00000000 2
1 2 0 460 00000000 2
1 2 0 461 00000000 2
1 2 0 462 00000000 2
1 2 0 463 00000000 2
1 2 0 464 00000000 2
1 2 0 465 00000000 2
1 2 0 466 00000000 2
1 2 0 467 00000000 2
1 2 0 468 00000000 2
1 2 0 469 00000000 2
1 2 0 470 00000000 2
1 2 0 471 00000000 2
1 2 0 472 00000000 2
1 2 0 473 00000000 2
1 2 0 474 00000000 2
1 2 0 475 00000000 2
1 2 0 476 00000000 2
1 2 0 477 00000000 2
1 2 0 478 00000000 2
1 2 0 479 00000000 2
1 2 0 480 00000000 2
1 2 0 481 00000000 2
1 2 0 482 00000000 2
1 2 0 483 00000000 2
1 2 0 484 00000000 2
1 2 0 485 00000000 2
1 2 0 486 00000000 2
1 2 0 487 00000000 2
1 2 0 488 00000000 2
1 2 0 489 00000000 2
1 2 0 490 00000000 2
1 2 0 491 00000000 2
1 2 0 492 00000000 2
1 2 0 493 00000000 2
1 2 0 494 00000000 2
1 2 0 495 00000000 2
1 2 0 496 00000000 2
1 2 0 497 00000000 2
1 2 0 498 00000000 2
1 2 0 499 00000000 2
1 2 0 500 00000000 2
1 2 0 501 00000000 2
1 2 0 502 00000000 2
1 2 0 503 00000000 2
1 2 0 504 00000000 2
1 2 0 505 00000000 2
1 2 0 506 00000000 2
1 2 0 507 00000000 2
1 2 0 508 00000000 2
1 2 0 509 00000000 2
1 2 0 510 00000000 2
1 2 0 511 00000000 2
1 2 0 512 00000000 2
1 2 0 513 00000000 2
1 2 0 514 00000000 2
1 2 0 515 00000000 2
1 2 0 516 00000000 2
1 2 0 517 00000000 2
1 2 0 518 00000000 2
1 2 0 519 00000000 2
1 2 0 520 00000000 2
1 2 0 521 00000000 2
1 2 0 522 00000000 2
1 2 0 523 00000000 2
1 2 0 524 00000000 2
1 2 0 525 00000000 2
1 2 0 526 00000000 2
1 2 0 527 00000000 2
1 2 0 528 00000000 2
1 2 0 529 00000000 2
1 2 0 530 00000000 2
1 2 0 531 00000000 2
1 2 0 532 00000000 2
1 2 0 533 00000000 2
1 2 0 534 00000000 2
1 2 0 535 00000000 2
1 2 0 536 00000000 2
1 2 0 537 00000000 2
1 2 0 538 00000000 2
1 2 0 539 00000000 2
1 2 0 540 00000000 2
1 2 0 541 00000000 2
1 2 0 542 00000000 2
1 2 0 543 00000000 2
1 2 0 544 00000000 2
1 2 0 545 00000000 2
1 2 0 546 00000000 2
1 2 0 547 00000000 2
1 2 0 548 00000000 2
1 2 0 549 00000000 2
1 2 0 550 00000000 2
1 2 0 551 00000000 2
1 2 0 552 00000000 2
1 2 0 553 00000000 2
1 2 0 554 00000000 2
1 2 0 555 00000000 2
1 2 0 556 00000000 2
1 2 0 557 00000000 2
1 2 0 558 00000000 2
1 2 0 559 00000000 2
1 2 0 560 00000000 2
1 2 0 561 00000000 2
1 2 0 562 00000000 2
1 2 0 563 00000000 2
1 2 0 564 00000000 2
1 2 0 565 00000000 2
1 2 0 566 00000000 2
1 2 0 567 00000000 2
1 2 0 568 00000000 2
1 2 0 569 00000000 2
1 2 0 570 00000000 2
1 2 0 571 00000000 2
1 2 0 572 00000000 2
1 2 0 573 00000000 2
1 2 0 574 00000000 2
1 2 0 575 00000000 2
1 2 0 576 00000000 2
1 2 0 577 00000000 2
1 2 0 578 00000000 2
1 2 0 579 00000000 2
1 2 0 580 00000000 2
1 2 0 581 00000000 2
1 2 0 582 00000000 2
1 2 0 583 00000000 2
1 2 0 584 00000000 2
1 2 0 585 00000000 2
1 2 0 586 00000000 2
1 2 0 587 00000000 2
1 2 0 588 00000000 2
1 2 0 589 00000000 2
1 2 0 590 00000000 2
1 2 0 591 00000000 2
1 2 0 592 00000000 2
1 2 0 593 00000000 2
1 2 0 594 00000000 2
1 2 0 595 00000000 2
1 2 0 596 00000000 2
1 2 0 597 00000000 2
1 2 0 598 00000000 2
1 2 0 599 00000000 2
1 2 0 600 00000000 2
1 2 0 601 00000000 2
1 2 0 602 00000000 2
1 2 0 603 00000000 2
1 2 0 604 00000000 2
1 2 0 605 00000000 2
1 2 0 606 00000000 2
1 2 0 607 00000000 2
1 2 0 608 00000000 2
1 2 0 609 00000000 2
1 2 0 610 00000000 2
1 2 0 611 00000000 2
1 2 0 612 00000000 2
1 2 0 613 00000000 2
1 2 0 614 00000000 2
1 2 0 615 00000000 2
1 2 0 616 00000000 2
1 2 0 617 00000000 2
1 2 0 618 00000000 2
1 2 0 619 00000000 2
1 2 0 620 00000000 2
1 2 0 621 00000000 2
1 2 0 622 00000000 2
1 2 0 623 00000000 2
1 2 0 624 00000000 2
1 2 0 625 00000000 2
1 2 0 626 00000000 2
1 2 0 627 00000000 2
1 2 0 628 00000000 2
1 2 0 629 00000000 2
1 2 0 630 00000000 2
1 2 0 631 00000000 2
1 2 0 632 00000000 2
1 2 0 633 00000000 2
1 2 0 634 00000000 2
1 2 0 635 00000000 2
1 2 0 636 00000000 2
1 2 0 637 00000000 2
1 2 0 638 00000000 2
1 2 0 639 00000000 2
1 2 0 640 00000000 2
1 2 0 641 00000000 2
1 2 0 642 00000000 2
1 2 0 643 00000000 2
1 2 0 644 00000000 2
1 2 0 645 00000000 2
1 2 0 646 00000000 2
1 2 0 647 00000000 2
1 2 0 648 00000000 2
1 2 0 649 00000000 2
1 2 0 650 00000000 2
1 2 0 651 00000000 2
1 2 0 652 00000000 2
1 2 0 653 00000000 2
1 2 0 654 00000000 2
1 2 0 655 00000000 2
1 2 0 656 00000000 2
1 2 0 657 00000000 2
1 2 0 658 00000000 2
1 2 0 659 00000000 2
1 2 0 660 00000000 2
1 2 0 661 00000000 2
1 2 0 662 00000000 2
1 2 0 663 00000000 2
1 2 0 664 00000000 2
1 2 0 665 00000000 2
1 2 0 666 00000000 2
1 2 0 667 00000000 2
1 2 0 668 00000000 2
1 2 0 669 00000000 2
1 2 0 670 00000000 2
1 2 0 671 00000000 2
1 2 0 672 00000000 2
1 2 0 673 00000000 2
1 2 0 674 00000000 2
1 2 0 675 00000000 2
1 2 0 676 00000000 2
1 2 0 677 00000000 2
1 2 0 678 00000000 2
1 2 0 679 00000000 2
1 2 0 680 00000000 2
1 2 0 681 00000000 2
1 2 0 682 00000000 2
1 2 0 683 00000000 2
1 2 0 684 00000000 2
1 2 0 685 00000000 2
1 2 0 686 00000000 2
1 2 0 687 00000000 2
1 2 0 688 00000000 2
1 2 0 689 00000000 2
1 2 0 690 00000000 2
1 2 0 691 00000000 2
1 2 0 692 00000000 2
1 2 0 693 00000000 2
1 2 0 694 00000000 2
1 2 0 695 00000000 2
1 2 0 696 00000000 2
1 2 0 697 00000000 2
1 2 0 698 00000000 2
1 2 0 699 00000000 2
1 2 0 700 00000000 2
1 2 0 701 00000000 2
1 2 0 702 00000000 2
1 2 0 703 00000000 2
1 2 0 704 00000000 2
1 2 0 705 00000000 2
1 2 0 706 00000000 2
1 2 0 707 00000000 2
1 2 0 708 00000000 2
1 2 0 709 00000000 2
1 2 0 710 00000000 2
1 2 0 711 00000000 2
1 2 0 712 00000000 2
1 2 0 713 00000000 2
1 2 0 714 00000000 2
1 2 0 715 00000000 2
1 2 0 716 00000000 2
1 2 0 717 00000000 2
1 2 0 718 00000000 2
1 2 0 719 00000000 2
1 2 0 720 00000000 2
1 2 0 721 00000000 2
1 2 0 722 00000000 2
1 2 0 723 00000000 2
1 2 0 724 00000000 2
1 2 0 725 00000000 2
1 2 0 726 00000000 2
1 2 0 727 00000000 2
1 2 0 728 00000000 2
1 2 0 729 00000000 2
1 2 0 730 00000000 2
1 2 0 731 00000000 2
1 2 0 732 00000000 2
1 2 0 733 00000000 2
1 2 0 734 00000000 2
1 2 0 735 00000000 2
1 2 0 736 00000000 2
1 2 0 737 00000000 2
1 2 0 738 00000000 2
1 2 0 739 00000000 2
1 2 0 740 00000000 2
1 2 0 741 00000000 2
1 2 0 742 00000000 2
1 2 0 743 00000000 2
1 2 0 744 00000000 2
1 2 0 745 00000000 2
1 2 0 746 00000000 2
1 2 0 747 00000000 2
1 2 0 748 00000000 2
1 2 0 749 00000000 2
1 2 0 750 00000000 2
1 2 0 751 00000000 2
1 2 0 752 00000000 2
1 2 0 753 00000000 2
1 2 0 754 00000000 2
1 2 0 755 00000000 2
1 2 0 756 00000000 2
1 2 0 757 00000000 2
1 2 0 758 00000000 2
1 2 0 759 00000000 2
1 2 0 760 00000000 2
1 2 0 761 00000000 2
1 2 0 762 00000000 2
1 2 0 763 00000000 2
1 2 0 764 00000000 2
1 2 0 765 00000000 2
1 2 0 766 00000000 2
1 2 0 767 00000000 2
1 2 0 768 00000000 2
1 2 0 769 00000000 2
1 2 0 770 00000000 2
1 2 0 771 00000000 2
1 2 0 772 00000000 2
1 2 0 773 00000000 2
1 2 0 774 00000000 2
1 2 0 775 00000000 2
1 2 0 776 00000000 2
1 2 0 777 00000000 2
1 2 0 778 00000000 2
1 2 0 779 00000000 2
1 2 0 780 00000000 2
1 2 0 781 00000000 2
1 2 0 782 00000000 2
1 2 0 783 00000000 2
1 2 0 784 00000000 2
1 2 0 785 00000000 2
1 2 0 786 00000000 2
1 2 0 787 00000000 2
1 2 0 788 00000000 2
1 2 0 789 00000000 2
1 2 0 790 00000000 2
1 2 0 791 00000000 2
1 2 0 792 00000000 2
1 2 0 793 00000000 2
1 2 0 794 00000000 2
1 2 0 795 00000000 2
1 2 0 796 00000000 2
1 2 0 797 00000000 2
1 2 0 798 00000000 2
1 2 0 799 00000000 2
1 2 0 800 00000000 2
1 2 0 801 00000000 2
1 2 0 802 00000000 2
1 2 0 803 00000000 2
1 2 0 804 00000000 2
1 2 0 805 00000000 2
1 2 0 806 00000000 2
1 2 0 807 00000000 2
1 2 0 808 00000000 2
1 2 0 809 00000000 2
1 2 0 810 00000000 2
1 2 0 811 00000000 2
1 2 0 812 00000000 2
1 2 0 813 00000000 2
1 2 0 814 00000000 2
1 2 0 815 00000000 2
1 2 0 816 00000000 2
1 2 0 817 00000000 2
1 2 0 818 00000000 2
1 2 0 819 00000000 2
1 2 0 820 00000000 2
1 2 0 821 00000000 2
1 2 0 822 00000000 2
1 2 0 823 00000000 2
1 2 0 824 00000000 2
1 2 0 825 00000000 2
1 2 0 826 00000000 2
1 2 0 827 00000000 2
1 2 0 828 00000000 2
1 2 0 829 00000000 2
1 2 0 830 00000000 2
1 2 0 831 00000000 2
1 2 0 832 00000000 2
1 2 0 833 00000000 2
1 2 0 834 00000000 2
1 2 0 835 00000000 2
1 2 0 836 00000000 2
1 2 0 837 00000000 2
1 2 0 838 00000000 2
1 2 0 839 00000000 2
1 2 0 840 00000000 2
1 2 0 841 00000000 2
1 2 0 842 00000000 2
1 2 0 843 00000000 2
1 2 0 844 00000000 2
1 2 0 845 00000000 2
1 2 0 846 00000000 2
1 2 0 847 00000000 2
1 2 0 848 00000000 2
1 2 0 849 00000000 2
1 2 0 850 00000000 2
1 2 0 851 00000000 2
1 2 0 852 00000000 2
1 2 0 853 00000000 2
1 2 0 854 00000000 2
1 2 0 855 00000000 2
1 2 0 856 00000000 2
1 2 0 857 00000000 2
1 2 0 858 00000000 2
1 2 0 859 00000000 2
1 2 0 860 00000000 2
1 2 0 861 00000000 2
1 2 0 862 00000000 2
1 2 0 863 00000000 2
1 2 0 864 00000000 2
1 2 0 865 00000000 2
1 2 0 866 00000000 2
1 2 0 867 00000000 2
1 2 0 868 00000000 2
1 2 0 869 00000000 2
1 2 0 870 00000000 2
1 2 0 871 00000000 2
1 2 0 872 00000000 2
1 2 0 873 00000000 2
1 2 0 874 00000000 2
1 2 0 875 00000000 2
1 2 0 876 00000000 2
1 2 0 877 00000000 2
1 2 0 878 00000000 2
1 2 0 879 00000000 2
1 2 0 880 00000000 2
1 2 0 881 00000000 2
1 2 0 882 00000000 2
1 2 0 883 00000000 2
1 2 0 884 00000000 2
1 2 0 885 00000000 2
1 2 0 886 00000000 2
1 2 0 887 00000000 2
1 2 0 888 00000000 2
1 2 0 889 00000000 2
1 2 0 890 00000000 2
1 2 0 891 00000000 2
1 2 0 892 00000000 2
1 2 0 893 00000000 2
1 2 0 894 00000000 2
1 2 0 895 00000000 2
1 2 0 896 00000000 2
1 2 0 897 00000000 2
1 2 0 898 00000000 2
1 2 0 899 00000000 2
1 2 0 900 00000000 2
1 2 0 901 00000000 2
1 2 0 902 00000000 2
1 2 0 903 00000000 2
1 2 0 904 00000000 2
1 2 0 905 00000000 2
1 2 0 906 00000000 2
1 2 0 907 00000000 2
1 2 0 908 00000000 2
1 2 0 909 00000000 2
1 2 0 910 00000000 2
1 2 0 911 00000000 2
1 2 0 912 00000000 2
1 2 0 913 00000000 2
1 2 0 914 00000000 2
1 2 0 915 00000000 2
1 2 0 916 00000000 2
1 2 0 917 00000000 2
1 2 0 918 00000000 2
1 2 0 919 00000000 2
1 2 0 920 00000000 2
1 2 0 921 00000000 2
1 2 0 922 00000000 2
1 2 0 923 00000000 2
1 2 0 924 00000000 2
1 2 0 925 00000000 2
1 2 0 926 00000000 2
1 2 0 927 00000000 2
1 2 0 928 00000000 2
1 2 0 929 00000000 2
1 2 0 930 00000000 2
1 2 0 931 00000000 2
1 2 0 932 00000000 2
1 2 0 933 00000000 2
1 2 0 934 00000000 2
1 2 0 935 00000000 2
1 2 0 936 00000000 2
1 2 0 937 00000000 2
1 2 0 938 00000000 2
1 2 0 939 00000000 2
1 2 0 940 00000000 2
1 2 0 941 00000000 2
1 2 0 942 00000000 2
1 2 0 943 00000000 2
1 2 0 944 00000000 2
1 2 0 945 00000000 2
1 2 0 946 00000000 2
1 2 0 947 00000000 2
1 2 0 948 00000000 2
1 2 0 949 00000000 2
1 2 0 950 00000000 2
1 2 0 951 00000000 2
1 2 0 952 00000000 2
1 2 0 953 00000000 2
1 2 0 954 00000000 2
1 2 0 955 00000000 2
1 2 0 956 00000000 2
1 2 0 957 00000000 2
1 2 0 958 00000000 2
1 2 0 959 00000000 2
1 2 0 960 24A8B6AE 2
1 2 0 961 00000000 2
1 2 0 962 00000000 2
1 2 0 963 00000000 2
1 2 0 964 00000000 2
1 2 0 965 00000000 2
1 2 0 966 00000000 2
1 2 0 967 00000000 2
1 2 0 968 00000000 2
1 2 0 969 00000000 2
1 2 0 970 00000000 2
1 2 0 971 00000000 2
1 2 0 972 00000000 2
1 2 0 973 00000000 2
1 2 0 974 00000000 2
1 2 0 975 00000000 2
1 2 0 976 00000000 2
1 2 0 977 00000000 2
1 2 0 978 00000000 2
1 2 0 979 00000000 2
1 2 0 980 00000000 2
1 2 0 981 00000000 2
1 2 0 982 00000000 2
1 2 0 983 00000000 2
1 2 0 984 00000000 2
1 2 0 985 00000000 2
1 2 0 986 00000000 2
1 2 0 987 00000000 2
1 2 0 988 00000000 2
1 2 0 989 00000000 2
1 2 0 990 00000000 2
1 2 0 991 00000000 2
1 2 0 992 00000000 2
1 2 0 993 00000000 2
1 2 0 994 00000000 2
1 2 0 995 00000000 2
1 2 0 996 00000000 2
1 2 0 997 00000000 2
1 2 0 998 00000000 2
1 2 0 999 00000000 2
1 2 0 1000 00000000 2
1 2 0 1001 00000000 2
1 2 0 1002 00000000 2
1 2 0 1003 00000000 2
1 2 0 1004 00000000 2
1 2 0 1005 00000000 2
1 2 0 1006 00000000 2
1 2 0 1007 00000000 2
1 2 0 1008 00000000 2
1 2 0 1009 00000000 2
1 2 0 1010 00000000 2
1 2 0 1011 00000000 2
1 2 0 1012 00000000 2
1 2 0 1013 00000000 2
1 2 0 1014 00000000 2
1 2 0 1015 00000000 2
1 2 0 1016 00000000 2
1 2 0 1017 00000000 2
1 2 0 1018 00000000 2
1 2 0 1019 00000000 2
1 2 0 1020 00000000 2
1 2 0 1021 00000000 2
1 2 0 1022 00000000 2
1 2 0 1023 00000000 2
1 3 0 0 00000000 2
1 3 0 1 00000000 2
1 3 0 2 00000000 2
1 3 0 3 00000000 2
1 3 0 4 00000000 2
1 3 0 5 00000000 2
1 3 0 6 00000000 2
1 3 0 7 00000000 2
1 3 0 8 00000000 2
1 3 0 9 00000000 2
1 3 0 10 00000000 2
1 3 0 11 00000000 2
1 3 0 12 00000000 2
1 3 0 13 00000000 2
1 3 0 14 00000000 2
1 3 0 15 00000000 2
1 3 0 16 00000000 2
1 3 0 17 00000000 2
1 3 0 18 00000000 2
1 3 0 19 00000000 2
1 3 0 20 00000000 2
1 3 0 21 00000000 2
1 3 0 22 00000000 2
1 3 0 23 00000000 2
1 3 0 24 00000000 2
1 3 0 25 00000000 2
1 3 0 26 00000000 2
1 3 0 27 00000000 2
1 3 0 28 00000000 2
1 3 0 29 00000000 2
1 3 0 30 00000000 2
1 3 0 31 00000000 2
1 3 0 32 00000000 2
1 3 0 33 00000000 2
1 3 0 34 00000000 2
1 3 0 35 00000000 2
1 3 0 36 00000000 2
1 3 0 37 00000000 2
1 3 0 38 00000000 2
1 3 0 39 00000000 2
1 3 0 40 00000000 2
1 3 0 41 00000000 2
1 3 0 42 00000000 2
1 3 0 43 00000000 2
1 3 0 44 00000000 2
1 3 0 45 00000000 2
1 3 0 46 00000000 2
1 3 0 47 00000000 2
1 3 0 48 00000000 2
1 3 0 49 00000000 2
1 3 0 50 00000000 2
1 3 0 51 00000000 2
1 3 0 52 00000000 2
1 3 0 53 00000000 2
1 3 0 54 00000000 2
1 3 0 55 00000000 2
1 3 0 56 00000000 2
1 3 0 57 00000000 2
1 3 0 58 00000000 2
1 3 0 59 00000000 2
1 3 0 60 00000000 2
1 3 0 61 00000000 2
1 3 0 62 00000000 2
1 3 0 63 00000000 2
1 3 0 64 00000000 2
1 3 0 65 00000000 2
1 3 0 66 00000000 2
1 3 0 67 00000000 2
1 3 0 68 00000000 2
1 3 0 69 00000000 2
1 3 0 70 00000000 2
1 3 0 71 00000000 2
1 3 0 72 00000000 2
1 3 0 73 00000000 2
1 3 0 74 00000000 2
1 3 0 75 00000000 2
1 3 0 76 00000000 2
1 3 0 77 00000000 2
1 3 0 78 00000000 2
1 3 0 79 00000000 2
1 3 0 80 00000000 2
1 3 0 81 00000000 2
1 3 0 82 00000000 2
1 3 0 83 00000000 2
1 3 0 84 00000000 2
1 3 0 85 00000000 2
1 3 0 86 00000000 2
1 3 0 87 00000000 2
1 3 0 88 00000000 2
1 3 0 89 00000000 2
1 3 0 90 00000000 2
1 3 0 91 00000000 2
1 3 0 92 00000000 2
1 3 0 93 00000000 2
1 3 0 94 00000000 2
1 3 0 95 00000000 2
1 3 0 96 00000000 2
1 3 0 97 00000000 2
1 3 0 98 00000000 2
1 3 0 99 00000000 2
1 3 0 100 00000000 2
1 3 0 101 00000000 2
1 3 0 102 00000000 2
1 3 0 103 00000000 2
1 3 0 104 00000000 2
1 3 0 105 00000000 2
1 3 0 106 00000000 2
1 3 0 107 00000000 2
1 3 0 108 00000000 2
1 3 0 109 00000000 2
1 3 0 110 00000000 2
1 3 0 111 00000000 2
1 3 0 112 00000000 2
1 3 0 113 00000000 2
1 3 0 114 00000000 2
1 3 0 115 00000000 2
1 3 0 116 00000000 2
1 3 0 117 00000000 2
1 3 0 118 00000000 2
1 3 0 119 00000000 2
1 3 0 120 00000000 2
1 3 0 121 00000000 2
1 3 0 122 00000000 2
1 3 0 123 00000000 2
1 3 0 124 00000000 2
1 3 0 125 00000000 2
1 3 0 126 00000000 2
1 3 0 127 00000000 2
1 3 1 0 00000000 2
1 3 1 1 00000000 2
1 3 1 2 00000000 2
1 3 1 3 00000000 2
1 3 1 4 00000000 2
1 3 1 5 00000000 2
1 3 1 6 00000000 2
1 3 1 7 00000000 2
1 3 1 8 00000000 2
1 3 1 9 00000000 2
1 3 1 10 00000000 2
1 3 1 11 00000000 2
1 3 1 12 00000000 2
1 3 1 13 00000000 2
1 3 1 14 00000000 2
1 3 1 15 00000000 2
1 3 1 16 00000000 2
1 3 1 17 00000000 2
1 3 1 18 00000000 2
1 3 1 19 00000000 2
1 3 1 20 00000000 2
1 3 1 21 00000000 2
1 3 1 22 00000000 2
1 3 1 23 00000000 2
1 3 1 24 00000000 2
1 3 1 25 00000000 2
1 3 1 26 00000000 2
1 3 1 27 00000000 2
1 3 1 28 00000000 2
1 3 1 29 00000000 2
1 3 1 30 00000000 2
1 3 1 31 00000000 2
1 3 1 32 00000000 2
1 3 1 33 00000000 2
1 3 1 34 00000000 2
1 3 1 35 00000000 2
1 3 1 36 00000000 2
1 3 1 37 00000000 2
1 3 1 38 00000000 2
1 3 1 39 00000000 2
1 3 1 40 00000000 2
1 3 1 41 00000000 2
1 3 1 42 00000000 2
1 3 1 43 00000000 2
1 3 1 44 00000000 2
1 3 1 45 00000000 2
1 3 1 46 00000000 2
1 3 1 47 00000000 2
1 3 1 48 00000000 2
1 3 1 49 00000000 2
1 3 1 50 00000000 2
1 3 1 51 00000000 2
1 3 1 52 00000000 2
1 3 1 53 00000000 2
1 3 1 54 00000000 2
1 3 1 55 00000000 2
1 3 1 56 00000000 2
1 3 1 57 00000000 2
1 3 1 58 00000000 2
1 3 1 59 00000000 2
1 3 1 60 00000000 2
1 3 1 61 00000000 2
1 3 1 62 00000000 2
1 3 1 63 00000000 2
1 3 1 64 00000000 2
1 3 1 65 00000000 2
1 3 1 66 00000000 2
1 3 1 67 00000000 2
1 3 1 68 00000000 2
1 3 1 69 00000000 2
1 3 1 70 00000000 2
1 3 1 71 00000000 2
1 3 1 72 00000000 2
1 3 1 73 00000000 2
1 3 1 74 00000000 2
1 3 1 75 00000000 2
1 3 1 76 00000000 2
1 3 1 77 00000000 2
1 3 1 78 00000000 2
1 3 1 79 00000000 2
1 3 1 80 00000000 2
1 3 1 81 00000000 2
1 3 1 82 00000000 2
1 3 1 83 00000000 2
1 3 1 84 00000000 2
1 3 1 85 00000000 2
1 3 1 86 00000000 2
1 3 1 87 00000000 2
1 3 1 88 00000000 2
1 3 1 89 00000000 2
1 3 1 90 00000000 2
1 3 1 91 00000000 2
1 3 1 92 00000000 2
1 3 1 93 00000000 2
1 3 1 94 00000000 2
1 3 1 95 00000000 2
1 3 1 96 00000000 2
1 3 1 97 00000000 2
1 3 1 98 00000000 2
1 3 1 99 00000000 2
1 3 1 100 00000000 2
1 3 1 101 00000000 2
1 3 1 102 00000000 2
1 3 1 103 00000000 2
1 3 1 104 00000000 2
1 3 1 105 00000000 2
1 3 1 106 00000000 2
1 3 1 107 00000000 2
1 3 1 108 00000000 2
1 3 1 109 00000000 2
1 3 1 110 00000000 2
1 3 1 111 00000000 2
1 3 1 112 00000000 2
1 3 1 113 00000000 2
1 3 1 114 00000000 2
1 3 1 115 00000000 2
1 3 1 116 00000000 2
1 3 1 117 00000000 2
1 3 1 118 00000000 2
1 3 1 119 00000000 2
1 3 1 120 00000000 2
1 3 1 121 00000000 2
1 3 1 122 00000000 2
1 3 1 123 00000000 2
1 3 1 124 00000000 2
1 3 1 125 00000000 2
1 3 1 126 00000000 2
1 3 1 127 00000000 2
1 3 2 0 00000000 2
1 3 2 1 00000000 2
1 3 2 2 00000000 2
1 3 2 3 00000000 2
1 3 2 4 00000000 2
1 3 2 5 00000000 2
1 3 2 6 00000000 2
1 3 2 7 00000000 2
1 3 2 8 00000000 2
1 3 2 9 00000000 2
1 3 2 10 00000000 2
1 3 2 11 00000000 2
1 3 2 12 00000000 2
1 3 2 13 00000000 2
1 3 2 14 00000000 2
1 3 2 15 00000000 2
1 3 2 16 00000000 2
1 3 2 17 00000000 2
1 3 2 18 00000000 2
1 3 2 19 00000000 2
1 3 2 20 00000000 2
1 3 2 21 00000000 2
1 3 2 22 00000000 2
1 3 2 23 00000000 2
1 3 2 24 00000000 2
1 3 2 25 00000000 2
1 3 2 26 00000000 2
1 3 2 27 00000000 2
1 3 2 28 00000000 2
1 3 2 29 00000000 2
1 3 2 30 00000000 2
1 3 2 31 00000000 2
1 3 2 32 00000000 2
1 3 2 33 00000000 2
1 3 2 34 00000000 2
1 3 2 35 00000000 2
1 3 2 36 00000000 2
1 3 2 37 00000000 2
1 3 2 38 00000000 2
1 3 2 39 00000000 2
1 3 2 40 00000000 2
1 3 2 41 00000000 2
1 3 2 42 00000000 2
1 3 2 43 00000000 2
1 3 2 44 00000000 2
1 3 2 45 00000000 2
1 3 2 46 00000000 2
1 3 2 47 00000000 2
1 3 2 48 00000000 2
1 3 2 49 00000000 2
1 3 2 50 00000000 2
1 3 2 51 00000000 2
1 3 2 52 00000000 2
1 3 2 53 00000000 2
1 3 2 54 00000000 2
1 3 2 55 00000000 2
1 3 2 56 00000000 2
1 3 2 57 00000000 2
1 3 2 58 00000000 2
1 3 2 59 00000000 2
1 3 2 60 00000000 2
1 3 2 61 00000000 2
1 3 2 62 00000000 2
1 3 2 63 00000000 2
1 3 2 64 00000000 2
1 3 2 65 00000000 2
1 3 2 66 00000000 2
1 3 2 67 00000000 2
1 3 2 68 00000000 2
1 3 2 69 00000000 2
1 3 2 70 00000000 2
1 3 2 71 00000000 2
1 3 2 72 00000000 2
1 3 2 73 00000000 2
1 3 2 74 00000000 2
1 3 2 75 00000000 2
1 3 2 76 00000000 2
1 3 2 77 00000000 2
1 3 2 78 00000000 2
1 3 2 79 00000000 2
1 3 2 80 00000000 2
1 3 2 81 00000000 2
1 3 2 82 00000000 2
1 3 2 83 00000000 2
1 3 2 84 00000000 2
1 3 2 85 00000000 2
1 3 2 86 00000000 2
1 3 2 87 00000000 2
1 3 2 88 00000000 2
1 3 2 89 00000000 2
1 3 2 90 00000000 2
1 3 2 91 00000000 2
1 3 2 92 00000000 2
1 3 2 93 00000000 2
1 3 2 94 00000000 2
1 3 2 95 00000000 2
1 3 2 96 00000000 2
1 3 2 97 00000000 2
1 3 2 98 00000000 2
1 3 2 99 00000000 2
1 3 2 100 00000000 2
1 3 2 101 00000000 2
1 3 2 102 00000000 2
1 3 2 103 00000000 2
1 3 2 104 00000000 2
1 3 2 105 00000000 2
1 3 2 106 00000000 2
1 3 2 107 00000000 2
1 3 2 108 00000000 2
1 3 2 109 00000000 2
1 3 2 110 00000000 2
1 3 2 111 00000000 2
1 3 2 112 00000000 2
1 3 2 113 00000000 2
1 3 2 114 00000000 2
1 3 2 115 00000000 2
1 3 2 116 00000000 2
1 3 2 117 00000000 2
1 3 2 118 00000000 2
1 3 2 119 00000000 2
1 3 2 120 00000000 2
1 3 2 121 00000000 2
1 3 2 122 00000000 2
1 3 2 123 00000000 2
1 3 2 124 00000000 2
1 3 2 125 00000000 2
1 3 2 126 00000000 2
1 3 2 127 00000000 2
1 3 3 0 00000000 2
1 3 3 1 00000000 2
1 3 3 2 00000000 2
1 3 3 3 00000000 2
1 3 3 4 00000000 2
1 3 3 5 00000000 2
1 3 3 6 00000000 2
1 3 3 7 00000000 2
1 3 3 8 00000000 2
1 3 3 9 00000000 2
1 3 3 10 00000000 2
1 3 3 11 00000000 2
1 3 3 12 00000000 2
1 3 3 13 00000000 2
1 3 3 14 00000000 2
1 3 3 15 00000000 2
1 3 3 16 00000000 2
1 3 3 17 00000000 2
1 3 3 18 00000000 2
1 3 3 19 00000000 2
1 3 3 20 00000000 2
1 3 3 21 00000000 2
1 3 3 22 00000000 2
1 3 3 23 00000000 2
1 3 3 24 00000000 2
1 3 3 25 00000000 2
1 3 3 26 00000000 2
1 3 3 27 00000000 2
1 3 3 28 00000000 2
1 3 3 29 00000000 2
1 3 3 30 00000000 2
1 3 3 31 00000000 2
1 3 3 32 00000000 2
1 3 3 33 00000000 2
1 3 3 34 00000000 2
1 3 3 35 00000000 2
1 3 3 36 00000000 2
1 3 3 37 00000000 2
1 3 3 38 00000000 2
1 3 3 39 00000000 2
1 3 3 40 00000000 2
1 3 3 41 00000000 2
1 3 3 42 00000000 2
1 3 3 43 00000000 2
1 3 3 44 00000000 2
1 3 3 45 00000000 2
1 3 3 46 00000000 2
1 3 3 47 00000000 2
1 3 3 48 00000000 2
1 3 3 49 00000000 2
1 3 3 50 00000000 2
1 3 3 51 00000000 2
1 3 3 52 00000000 2
1 3 3 53 00000000 2
1 3 3 54 00000000 2
1 3 3 55 00000000 2
1 3 3 56 00000000 2
1 3 3 57 00000000 2
1 3 3 58 00000000 2
1 3 3 59 00000000 2
1 3 3 60 00000000 2
1 3 3 61 00000000 2
1 3 3 62 00000000 2
1 3 3 63 00000000 2
1 3 3 64 00000000 2
1 3 3 65 00000000 2
1 3 3 66 00000000 2
1 3 3 67 00000000 2
1 3 3 68 00000000 2
1 3 3 69 00000000 2
1 3 3 70 00000000 2
1 3 3 71 00000000 2
1 3 3 72 00000000 2
1 3 3 73 00000000 2
1 3 3 74 00000000 2
1 3 3 75 00000000 2
1 3 3 76 00000000 2
1 3 3 77 00000000 2
1 3 3 78 00000000 2
1 3 3 79 00000000 2
1 3 3 80 00000000 2
1 3 3 81 00000000 2
1 3 3 82 00000000 2
1 3 3 83 00000000 2
1 3 3 84 00000000 2
1 3 3 85 00000000 2
1 3 3 86 00000000 2
1 3 3 87 00000000 2
1 3 3 88 00000000 2
1 3 3 89 00000000 2
1 3 3 90 00000000 2
1 3 3 91 00000000 2
1 3 3 92 00000000 2
1 3 3 93 00000000 2
1 3 3 94 00000000 2
1 3 3 95 00000000 2
1 3 3 96 00000000 2
1 3 3 97 00000000 2
1 3 3 98 00000000 2
1 3 3 99 00000000 2
1 3 3 100 00000000 2
1 3 3 101 00000000 2
1 3 3 102 00000000 2
1 3 3 103 00000000 2
1 3 3 104 00000000 2
1 3 3 105 00000000 2
1 3 3 106 00000000 2
1 3 3 107 00000000 2
1 3 3 108 00000000 2
1 3 3 109 00000000 2
1 3 3 110 00000000 2
1 3 3 111 00000000 2
1 3 3 112 00000000 2
1 3 3 113 00000000 2
1 3 3 114 00000000 2
1 3 3 115 00000000 2
1 3 3 116 00000000 2
1 3 3 117 00000000 2
1 3 3 118 00000000 2
1 3 3 119 00000000 2
1 3 3 120 00000000 2
1 3 3 121 00000000 2
1 3 3 122 00000000 2
1 3 3 123 00000000 2
1 3 3 124 00000000 2
1 3 3 125 00000000 2
1 3 3 126 00000000 2
1 3 3 127 00000000 2
1 3 4 0 00000000 2
1 3 4 1 00000000 2
1 3 4 2 00000000 2
1 3 4 3 00000000 2
1 3 4 4 00000000 2
1 3 4 5 00000000 2
1 3 4 6 00000000 2
1 3 4 7 00000000 2
1 3 4 8 00000000 2
1 3 4 9 00000000 2
1 3 4 10 00000000 2
1 3 4 11 00000000 2
1 3 4 12 00000000 2
1 3 4 13 00000000 2
1 3 4 14 00000000 2
1 3 4 15 00000000 2
1 3 4 16 00000000 2
1 3 4 17 00000000 2
1 3 4 18 00000000 2
1 3 4 19 00000000 2
1 3 4 20 00000000 2
1 3 4 21 00000000 2
1 3 4 22 00000000 2
1 3 4 23 00000000 2
1 3 4 24 00000000 2
1 3 4 25 00000000 2
1 3 4 26 00000000 2
1 3 4 27 00000000 2
1 3 4 28 00000000 2
1 3 4 29 00000000 2
1 3 4 30 00000000 2
1 3 4 31 00000000 2
1 3 4 32 00000000 2
1 3 4 33 00000000 2
1 3 4 34 00000000 2
1 3 4 35 00000000 2
1 3 4 36 00000000 2
1 3 4 37 00000000 2
1 3 4 38 00000000 2
1 3 4 39 00000000 2
1 3 4 40 00000000 2
1 3 4 41 00000000 2
1 3 4 42 00000000 2
1 3 4 43 00000000 2
1 3 4 44 00000000 2
1 3 4 45 00000000 2
1 3 4 46 00000000 2
1 3 4 47 00000000 2
1 3 4 48 00000000 2
1 3 4 49 00000000 2
1 3 4 50 00000000 2
1 3 4 51 00000000 2
1 3 4 52 00000000 2
1 3 4 53 00000000 2
1 3 4 54 00000000 2
1 3 4 55 00000000 2
1 3 4 56 00000000 2
1 3 4 57 00000000 2
1 3 4 58 00000000 2
1 3 4 59 00000000 2
1 3 4 60 00000000 2
1 3 4 61 00000000 2
1 3 4 62 00000000 2
1 3 4 63 00000000 2
1 3 4 64 00000000 2
1 3 4 65 00000000 2
1 3 4 66 00000000 2
1 3 4 67 00000000 2
1 3 4 68 00000000 2
1 3 4 69 00000000 2
1 3 4 70 00000000 2
1 3 4 71 00000000 2
1 3 4 72 00000000 2
1 3 4 73 00000000 2
1 3 4 74 00000000 2
1 3 4 75 00000000 2
1 3 4 76 00000000 2
1 3 4 77 00000000 2
1 3 4 78 00000000 2
1 3 4 79 00000000 2
1 3 4 80 00000000 2
1 3 4 81 00000000 2
1 3 4 82 00000000 2
1 3 4 83 00000000 2
1 3 4 84 00000000 2
1 3 4 85 00000000 2
1 3 4 86 00000000 2
1 3 4 87 00000000 2
1 3 4 88 00000000 2
1 3 4 89 00000000 2
1 3 4 90 00000000 2
1 3 4 91 00000000 2
1 3 4 92 00000000 2
1 3 4 93 00000000 2
1 3 4 94 00000000 2
1 3 4 95 00000000 2
1 3 4 96 00000000 2
1 3 4 97 00000000 2
1 3 4 98 00000000 2
1 3 4 99 00000000 2
1 3 4 100 00000000 2
1 3 4 101 00000000 2
1 3 4 102 00000000 2
1 3 4 103 00000000 2
1 3 4 104 00000000 2
1 3 4 105 00000000 2
1 3 4 106 00000000 2
1 3 4 107 00000000 2
1 3 4 108 00000000 2
1 3 4 109 00000000 2
1 3 4 110 00000000 2
1 3 4 111 00000000 2
1 3 4 112 00000000 2
1 3 4 113 00000000 2
1 3 4 114 00000000 2
1 3 4 115 00000000 2
1 3 4 116 00000000 2
1 3 4 117 00000000 2
1 3 4 118 00000000 2
1 3 4 119 00000000 2
1 3 4 120 00000000 2
1 3 4 121 00000000 2
1 3 4 122 00000000 2
1 3 4 123 00000000 2
1 3 4 124 00000000 2
1 3 4 125 00000000 2
1 3 4 126 00000000 2
1 3 4 127 00000000 2
1 3 5 0 00000000 2
1 3 5 1 00000000 2
1 3 5 2 00000000 2
1 3 5 3 00000000 2
1 3 5 4 00000000 2
1 3 5 5 00000000 2
1 3 5 6 00000000 2
1 3 5 7 00000000 2
1 3 5 8 00000000 2
1 3 5 9 00000000 2
1 3 5 10 00000000 2
1 3 5 11 00000000 2
1 3 5 12 00000000 2
1 3 5 13 00000000 2
1 3 5 14 00000000 2
1 3 5 15 00000000 2
1 3 5 16 00000000 2
1 3 5 17 00000000 2
1 3 5 18 00000000 2
1 3 5 19 00000000 2
1 3 5 20 00000000 2
1 3 5 21 00000000 2
1 3 5 22 00000000 2
1 3 5 23 00000000 2
1 3 5 24 00000000 2
1 3 5 25 00000000 2
1 3 5 26 00000000 2
1 3 5 27 00000000 2
1 3 5 28 00000000 2
1 3 5 29 00000000 2
1 3 5 30 00000000 2
1 3 5 31 00000000 2
1 3 5 32 00000000 2
1 3 5 33 00000000 2
1 3 5 34 00000000 2
1 3 5 35 00000000 2
1 3 5 36 00000000 2
1 3 5 37 00000000 2
1 3 5 38 00000000 2
1 3 5 39 00000000 2
1 3 5 40 00000000 2
1 3 5 41 00000000 2
1 3 5 42 00000000 2
1 3 5 43 00000000 2
1 3 5 44 00000000 2
1 3 5 45 00000000 2
1 3 5 46 00000000 2
1 3 5 47 00000000 2
1 3 5 48 00000000 2
1 3 5 49 00000000 2
1 3 5 50 00000000 2
1 3 5 51 00000000 2
1 3 5 52 00000000 2
1 3 5 53 00000000 2
1 3 5 54 00000000 2
1 3 5 55 00000000 2
1 3 5 56 00000000 2
1 3 5 57 00000000 2
1 3 5 58 00000000 2
1 3 5 59 00000000 2
1 3 5 60 00000000 2
1 3 5 61 00000000 2
1 3 5 62 00000000 2
1 3 5 63 00000000 2
1 3 5 64 00000000 2
1 3 5 65 00000000 2
1 3 5 66 00000000 2
1 3 5 67 00000000 2
1 3 5 68 00000000 2
1 3 5 69 00000000 2
1 3 5 70 00000000 2
1 3 5 71 00000000 2
1 3 5 72 00000000 2
1 3 5 73 00000000 2
1 3 5 74 00000000 2
1 3 5 75 00000000 2
1 3 5 76 00000000 2
1 3 5 77 00000000 2
1 3 5 78 00000000 2
1 3 5 79 00000000 2
1 3 5 80 00000000 2
1 3 5 81 00000000 2
1 3 5 82 00000000 2
1 3 5 83 00000000 2
1 3 5 84 00000000 2
1 3 5 85 00000000 2
1 3 5 86 00000000 2
1 3 5 87 00000000 2
1 3 5 88 00000000 2
1 3 5 89 00000000 2
1 3 5 90 00000000 2
1 3 5 91 00000000 2
1 3 5 92 00000000 2
1 3 5 93 00000000 2
1 3 5 94 00000000 2
1 3 5 95 00000000 2
1 3 5 96 00000000 2
1 3 5 97 00000000 2
1 3 5 98 00000000 2
1 3 5 99 00000000 2
1 3 5 100 00000000 2
1 3 5 101 00000000 2
1 3 5 102 00000000 2
1 3 5 103 00000000 2
1 3 5 104 00000000 2
1 3 5 105 00000000 2
1 3 5 106 00000000 2
1 3 5 107 00000000 2
1 3 5 108 00000000 2
1 3 5 109 00000000 2
1 3 5 110 00000000 2
1 3 5 111 00000000 2
1 3 5 112 00000000 2
1 3 5 113 00000000 2
1 3 5 114 00000000 2
1 3 5 115 00000000 2
1 3 5 116 00000000 2
1 3 5 117 00000000 2
1 3 5 118 00000000 2
1 3 5 119 00000000 2
1 3 5 120 00000000 2
1 3 5 121 00000000 2
1 3 5 122 00000000 2
1 3 5 123 00000000 2
1 3 5 124 00000000 2
1 3 5 125 00000000 2
1 3 5 126 00000000 2
1 3 5 127 00000000 2
1 3 6 0 00000000 2
1 3 6 1 00000000 2
1 3 6 2 00000000 2
1 3 6 3 00000000 2
1 3 6 4 00000000 2
1 3 6 5 00000000 2
1 3 6 6 00000000 2
1 3 6 7 00000000 2
1 3 6 8 00000000 2
1 3 6 9 00000000 2
1 3 6 10 00000000 2
1 3 6 11 00000000 2
1 3 6 12 00000000 2
1 3 6 13 00000000 2
1 3 6 14 00000000 2
1 3 6 15 00000000 2
1 3 6 16 00000000 2
1 3 6 17 00000000 2
1 3 6 18 00000000 2
1 3 6 19 00000000 2
1 3 6 20 00000000 2
1 3 6 21 00000000 2
1 3 6 22 00000000 2
1 3 6 23 00000000 2
1 3 6 24 00000000 2
1 3 6 25 00000000 2
1 3 6 26 00000000 2
1 3 6 27 00000000 2
1 3 6 28 00000000 2
1 3 6 29 00000000 2
1 3 6 30 00000000 2
1 3 6 31 00000000 2
1 3 6 32 00000000 2
1 3 6 33 00000000 2
1 3 6 34 00000000 2
1 3 6 35 00000000 2
1 3 6 36 00000000 2
1 3 6 37 00000000 2
1 3 6 38 00000000 2
1 3 6 39 00000000 2
1 3 6 40 00000000 2
1 3 6 41 00000000 2
1 3 6 42 00000000 2
1 3 6 43 00000000 2
1 3 6 44 00000000 2
1 3 6 45 00000000 2
1 3 6 46 00000000 2
1 3 6 47 00000000 2
1 3 6 48 00000000 2
1 3 6 49 00000000 2
1 3 6 50 00000000 2
1 3 6 51 00000000 2
1 3 6 52 00000000 2
1 3 6 53 00000000 2
1 3 6 54 00000000 2
1 3 6 55 00000000 2
1 3 6 56 00000000 2
1 3 6 57 00000000 2
1 3 6 58 00000000 2
1 3 6 59 00000000 2
1 3 6 60 00000000 2
1 3 6 61 00000000 2
1 3 6 62 00000000 2
1 3 6 63 00000000 2
1 3 6 64 00000000 2
1 3 6 65 00000000 2
1 3 6 66 00000000 2
1 3 6 67 00000000 2
1 3 6 68 00000000 2
1 3 6 69 00000000 2
1 3 6 70 00000000 2
1 3 6 71 00000000 2
1 3 6 72 00000000 2
1 3 6 73 00000000 2
1 3 6 74 00000000 2
1 3 6 75 00000000 2
1 3 6 76 00000000 2
1 3 6 77 00000000 2
1 3 6 78 00000000 2
1 3 6 79 00000000 2
1 3 6 80 00000000 2
1 3 6 81 00000000 2
1 3 6 82 00000000 2
1 3 6 83 00000000 2
1 3 6 84 00000000 2
1 3 6 85 00000000 2
1 3 6 86 00000000 2
1 3 6 87 00000000 2
1 3 6 88 00000000 2
1 3 6 89 00000000 2
1 3 6 90 00000000 2
1 3 6 91 00000000 2
1 3 6 92 00000000 2
1 3 6 93 00000000 2
1 3 6 94 00000000 2
1 3 6 95 00000000 2
1 3 6 96 00000000 2
1 3 6 97 00000000 2
1 3 6 98 00000000 2
1 3 6 99 00000000 2
1 3 6 100 00000000 2
1 3 6 101 00000000 2
1 3 6 102 00000000 2
1 3 6 103 00000000 2
1 3 6 104 00000000 2
1 3 6 105 00000000 2
1 3 6 106 00000000 2
1 3 6 107 00000000 2
1 3 6 108 00000000 2
1 3 6 109 00000000 2
1 3 6 110 00000000 2
1 3 6 111 00000000 2
1 3 6 112 00000000 2
1 3 6 113 00000000 2
1 3 6 114 00000000 2
1 3 6 115 00000000 2
1 3 6 116 00000000 2
1 3 6 117 00000000 2
1 3 6 118 00000000 2
1 3 6 119 00000000 2
1 3 6 120 00000000 2
1 3 6 121 00000000 2
1 3 6 122 00000000 2
1 3 6 123 00000000 2
1 3 6 124 00000000 2
1 3 6 125 00000000 2
1 3 6 126 00000000 2
1 3 6 127 00000000 2
1 3 7 0 00000000 2
1 3 7 1 00000000 2
1 3 7 2 00000000 2
1 3 7 3 00000000 2
1 3 7 4 00000000 2
1 3 7 5 00000000 2
1 3 7 6 00000000 2
1 3 7 7 00000000 2
1 3 7 8 00000000 2
1 3 7 9 00000000 2
1 3 7 10 00000000 2
1 3 7 11 00000000 2
1 3 7 12 00000000 2
1 3 7 13 00000000 2
1 3 7 14 00000000 2
1 3 7 15 00000000 2
1 3 7 16 00000000 2
1 3 7 17 00000000 2
1 3 7 18 00000000 2
1 3 7 19 00000000 2
1 3 7 20 00000000 2
1 3 7 21 00000000 2
1 3 7 22 00000000 2
1 3 7 23 00000000 2
1 3 7 24 00000000 2
1 3 7 25 00000000 2
1 3 7 26 00000000 2
1 3 7 27 00000000 2
1 3 7 28 00000000 2
1 3 7 29 00000000 2
1 3 7 30 00000000 2
1 3 7 31 00000000 2
1 3 7 32 00000000 2
1 3 7 33 00000000 2
1 3 7 34 00000000 2
1 3 7 35 00000000 2
1 3 7 36 00000000 2
1 3 7 37 00000000 2
1 3 7 38 00000000 2
1 3 7 39 00000000 2
1 3 7 40 00000000 2
1 3 7 41 00000000 2
1 3 7 42 00000000 2
1 3 7 43 00000000 2
1 3 7 44 00000000 2
1 3 7 45 00000000 2
1 3 7 46 00000000 2
1 3 7 47 00000000 2
1 3 7 48 00000000 2
1 3 7 49 00000000 2
1 3 7 50 00000000 2
1 3 7 51 00000000 2
1 3 7 52 00000000 2
1 3 7 53 00000000 2
1 3 7 54 00000000 2
1 3 7 55 00000000 2
1 3 7 56 00000000 2
1 3 7 57 00000000 2
1 3 7 58 00000000 2
1 3 7 59 00000000 2
1 3 7 60 00000000 2
1 3 7 61 00000000 2
1 3 7 62 00000000 2
1 3 7 63 00008000 2
1 3 7 64 00000000 2
1 3 7 65 00000000 2
1 3 7 66 00000000 2
1 3 7 67 00000000 2
1 3 7 68 00000000 2
1 3 7 69 00000000 2
1 3 7 70 00000000 2
1 3 7 71 00000000 2
1 3 7 72 00000000 2
1 3 7 73 00000000 2
1 3 7 74 00000000 2
1 3 7 75 00000000 2
1 3 7 76 00000000 2
1 3 7 77 00000000 2
1 3 7 78 00000000 2
1 3 7 79 00000000 2
1 3 7 80 00000000 2
1 3 7 81 00000000 2
1 3 7 82 00000000 2
1 3 7 83 00000000 2
1 3 7 84 00000000 2
1 3 7 85 00000000 2
1 3 7 86 00000000 2
1 3 7 87 00000000 2
1 3 7 88 00000000 2
1 3 7 89 00000000 2
1 3 7 90 00000000 2
1 3 7 91 00000000 2
1 3 7 92 00000000 2
1 3 7 93 00000000 2
1 3 7 94 00000000 2
1 3 7 95 00000000 2
1 3 7 96 00000000 2
1 3 7 97 00000000 2
1 3 7 98 00000000 2
1 3 7 99 00000000 2
1 3 7 100 00000000 2
1 3 7 101 00000000 2
1 3 7 102 00000000 2
1 3 7 103 00000000 2
1 3 7 104 00000000 2
1 3 7 105 00000000 2
1 3 7 106 00000000 2
1 3 7 107 00000000 2
1 3 7 108 00000000 2
1 3 7 109 00000000 2
1 3 7 110 00000000 2
1 3 7 111 00000000 2
1 3 7 112 00000000 2
1 3 7 113 00000000 2
1 3 7 114 00000000 2
1 3 7 115 00000000 2
1 3 7 116 00000000 2
1 3 7 117 00000000 2
1 3 7 118 00000000 2
1 3 7 119 00000000 2
1 3 7 120 00000000 2
1 3 7 121 00000000 2
1 3 7 122 00000000 2
1 3 7 123 00000000 2
1 3 7 124 00000000 2
1 3 7 125 00000000 2
1 3 7 126 00000000 2
1 3 7 127 00000000 2
1 4 0 0 00000000 2
1 4 0 1 00000000 2
1 4 0 2 00000000 2
1 4 0 3 00000000 2
1 4 0 4 00000000 2
1 4 0 5 00000000 2
1 4 0 6 00000000 2
1 4 0 7 00000000 2
1 4 0 8 00000000 2
1 4 0 9 00000000 2
1 4 0 10 00000000 2
1 4 0 11 00000000 2
1 4 0 12 00000000 2
1 4 0 13 00000000 2
1 4 0 14 00000000 2
1 4 0 15 00000000 2
1 4 0 16 00000000 2
1 4 0 17 00000000 2
1 4 0 18 00000000 2
1 4 0 19 00000000 2
1 4 0 20 00000000 2
1 4 0 21 00000000 2
1 4 0 22 00000000 2
1 4 0 23 00000000 2
1 4 0 24 00000000 2
1 4 0 25 00000000 2
1 4 0 26 00000000 2
1 4 0 27 00000000 2
1 4 0 28 00000000 2
1 4 0 29 00000000 2
1 4 0 30 00000000 2
1 4 0 31 00000000 2
1 4 0 32 00000000 2
1 4 0 33 00000000 2
1 4 0 34 00000000 2
1 4 0 35 00000000 2
1 4 0 36 00000000 2
1 4 0 37 00000000 2
1 4 0 38 00000000 2
1 4 0 39 00000000 2
1 4 0 40 00000000 2
1 4 0 41 00000000 2
1 4 0 42 00000000 2
1 4 0 43 00000000 2
1 4 0 44 00000000 2
1 4 0 45 00000000 2
1 4 0 46 00000000 2
1 4 0 47 00000000 2
1 4 0 48 00000000 2
1 4 0 49 00000000 2
1 4 0 50 00000000 2
1 4 0 51 00000000 2
1 4 0 52 00000000 2
1 4 0 53 00000000 2
1 4 0 54 00000000 2
1 4 0 55 00000000 2
1 4 0 56 00000000 2
1 4 0 57 00000000 2
1 4 0 58 00000000 2
1 4 0 59 00000000 2
1 4 0 60 00000000 2
1 4 0 61 00000000 2
1 4 0 62 00000000 2
1 4 0 63 00000000 2
1 4 0 64 D7705120 2
1 4 0 65 00000000 2
1 4 0 66 00000000 2
1 4 0 67 00000000 2
1 4 0 68 00000000 2
1 4 0 69 00000000 2
1 4 0 70 00000000 2
1 4 0 71 00000000 2
1 4 0 72 00000000 2
1 4 0 73 00000000 2
1 4 0 74 00000000 2
1 4 0 75 00000000 2
1 4 0 76 00000000 2
1 4 0 77 00000000 2
1 4 0 78 00000000 2
1 4 0 79 00000000 2
1 4 0 80 00000000 2
1 4 0 81 00000000 2
1 4 0 82 00000000 2
1 4 0 83 00000000 2
1 4 0 84 00000000 2
1 4 0 85 00000000 2
1 4 0 86 00000000 2
1 4 0 87 00000000 2
1 4 0 88 00000000 2
1 4 0 89 00000000 2
1 4 0 90 00000000 2
1 4 0 91 00000000 2
1 4 0 92 00000000 2
1 4 0 93 00000000 2
1 4 0 94 00000000 2
1 4 0 95 00000000 2
1 4 0 96 00000000 2
1 4 0 97 00000000 2
1 4 0 98 00000000 2
1 4 0 99 00000000 2
1 4 0 100 00000000 2
1 4 0 101 00000000 2
1 4 0 102 00000000 2
1 4 0 103 00000000 2
1 4 0 104 00000000 2
1 4 0 105 00000000 2
1 4 0 106 00000000 2
1 4 0 107 00000000 2
1 4 0 108 00000000 2
1 4 0 109 00000000 2
1 4 0 110 00000000 2
1 4 0 111 00000000 2
1 4 0 112 00000000 2
1 4 0 113 00000000 2
1 4 0 114 00000000 2
1 4 0 115 00000000 2
1 4 0 116 00000000 2
1 4 0 117 00000000 2
1 4 0 118 00000000 2
1 4 0 119 00000000 2
1 4 0 120 00000000 2
1 4 0 121 00000000 2
1 4 0 122 00000000 2
1 4 0 123 00000000 2
1 4 0 124 00000000 2
1 4 0 125 00000000 2
1 4 0 126 00000000 2
1 4 0 127 00000000 2
1 4 0 128 00000000 2
1 4 0 129 00000000 2
1 4 0 130 00000000 2
1 4 0 131 00000000 2
1 4 0 132 00000000 2
1 4 0 133 00000000 2
1 4 0 134 00000000 2
1 4 0 135 00000000 2
1 4 0 136 00000000 2
1 4 0 137 00000000 2
1 4 0 138 00000000 2
1 4 0 139 00000000 2
1 4 0 140 00000000 2
1 4 0 141 00000000 2
1 4 0 142 00000000 2
1 4 0 143 00000000 2
1 4 0 144 00000000 2
1 4 0 145 00000000 2
1 4 0 146 00000000 2
1 4 0 147 00000000 2
1 4 0 148 00000000 2
1 4 0 149 00000000 2
1 4 0 150 00000000 2
1 4 0 151 00000000 2
1 4 0 152 00000000 2
1 4 0 153 00000000 2
1 4 0 154 00000000 2
1 4 0 155 00000000 2
1 4 0 156 00000000 2
1 4 0 157 00000000 2
1 4 0 158 00000000 2
1 4 0 159 00000000 2
1 4 0 160 00000000 2
1 4 0 161 00000000 2
1 4 0 162 00000000 2
1 4 0 163 00000000 2
1 4 0 164 00000000 2
1 4 0 165 00000000 2
1 4 0 166 00000000 2
1 4 0 167 00000000 2
1 4 0 168 00000000 2
1 4 0 169 00000000 2
1 4 0 170 00000000 2
1 4 0 171 00000000 2
1 4 0 172 00000000 2
1 4 0 173 00000000 2
1 4 0 174 00000000 2
1 4 0 175 00000000 2
1 4 0 176 00000000 2
1 4 0 177 00000000 2
1 4 0 178 00000000 2
1 4 0 179 00000000 2
1 4 0 180 00000000 2
1 4 0 181 00000000 2
1 4 0 182 00000000 2
1 4 0 183 00000000 2
1 4 0 184 00000000 2
1 4 0 185 00000000 2
1 4 0 186 00000000 2
1 4 0 187 00000000 2
1 4 0 188 00000000 2
1 4 0 189 00000000 2
1 4 0 190 00000000 2
1 4 0 191 00000000 2
1 4 0 192 00000000 2
1 4 0 193 00000000 2
1 4 0 194 00000000 2
1 4 0 195 00000000 2
1 4 0 196 00000000 2
1 4 0 197 00000000 2
1 4 0 198 00000000 2
1 4 0 199 00000000 2
1 4 0 200 00000000 2
1 4 0 201 00000000 2
1 4 0 202 00000000 2
1 4 0 203 00000000 2
1 4 0 204 00000000 2
1 4 0 205 00000000 2
1 4 0 206 00000000 2
1 4 0 207 00000000 2
1 4 0 208 00000000 2
1 4 0 209 00000000 2
1 4 0 210 00000000 2
1 4 0 211 00000000 2
1 4 0 212 00000000 2
1 4 0 213 00000000 2
1 4 0 214 00000000 2
1 4 0 215 00000000 2
1 4 0 216 00000000 2
1 4 0 217 00000000 2
1 4 0 218 00000000 2
1 4 0 219 00000000 2
1 4 0 220 00000000 2
1 4 0 221 00000000 2
1 4 0 222 00000000 2
1 4 0 223 00000000 2
1 4 0 224 00000000 2
1 4 0 225 00000000 2
1 4 0 226 00000000 2
1 4 0 227 00000000 2
1 4 0 228 00000000 2
1 4 0 229 00000000 2
1 4 0 230 00000000 2
1 4 0 231 00000000 2
1 4 0 232 00000000 2
1 4 0 233 00000000 2
1 4 0 234 00000000 2
1 4 0 235 00000000 2
1 4 0 236 00000000 2
1 4 0 237 00000000 2
1 4 0 238 00000000 2
1 4 0 239 00000000 2
1 4 0 240 00000000 2
1 4 0 241 00000000 2
1 4 0 242 00000000 2
1 4 0 243 00000000 2
1 4 0 244 00000000 2
1 4 0 245 00000000 2
1 4 0 246 00000000 2
1 4 0 247 00000000 2
1 4 0 248 00000000 2
1 4 0 249 00000000 2
1 4 0 250 00000000 2
1 4 0 251 00000000 2
1 4 0 252 00000000 2
1 4 0 253 00000000 2
1 4 0 254 00000000 2
1 4 0 255 00000000 2
1 4 0 256 00000000 2
1 4 0 257 00000000 2
1 4 0 258 00000000 2
1 4 0 259 00000000 2
1 4 0 260 00000000 2
1 4 0 261 00000000 2
1 4 0 262 00000000 2
1 4 0 263 00000000 2
1 4 0 264 00000000 2
1 4 0 265 00000000 2
1 4 0 266 00000000 2
1 4 0 267 00000000 2
1 4 0 268 00000000 2
1 4 0 269 00000000 2
1 4 0 270 00000000 2
1 4 0 271 00000000 2
1 4 0 272 00000000 2
1 4 0 273 00000000 2
1 4 0 274 00000000 2
1 4 0 275 00000000 2
1 4 0 276 00000000 2
1 4 0 277 00000000 2
1 4 0 278 00000000 2
1 4 0 279 00000000 2
1 4 0 280 00000000 2
1 4 0 281 00000000 2
1 4 0 282 00000000 2
1 4 0 283 00000000 2
1 4 0 284 00000000 2
1 4 0 285 00000000 2
1 4 0 286 00000000 2
1 4 0 287 00000000 2
1 4 0 288 00000000 2
1 4 0 289 00000000 2
1 4 0 290 00000000 2
1 4 0 291 00000000 2
1 4 0 292 00000000 2
1 4 0 293 00000000 2
1 4 0 294 00000000 2
1 4 0 295 00000000 2
1 4 0 296 00000000 2
1 4 0 297 00000000 2
1 4 0 298 00000000 2
1 4 0 299 00000000 2
1 4 0 300 00000000 2
1 4 0 301 00000000 2
1 4 0 302 00000000 2
1 4 0 303 00000000 2
1 4 0 304 00000000 2
1 4 0 305 00000000 2
1 4 0 306 00000000 2
1 4 0 307 00000000 2
1 4 0 308 00000000 2
1 4 0 309 00000000 2
1 4 0 310 00000000 2
1 4 0 311 00000000 2
1 4 0 312 00000000 2
1 4 0 313 00000000 2
1 4 0 314 00000000 2
1 4 0 315 00000000 2
1 4 0 316 00000000 2
1 4 0 317 00000000 2
1 4 0 318 00000000 2
1 4 0 319 00000000 2
1 4 0 320 00000000 2
1 4 0 321 00000000 2
1 4 0 322 00000000 2
1 4 0 323 00000000 2
1 4 0 324 00000000 2
1 4 0 325 00000000 2
1 4 0 326 00000000 2
1 4 0 327 00000000 2
1 4 0 328 00000000 2
1 4 0 329 00000000 2
1 4 0 330 00000000 2
1 4 0 331 00000000 2
1 4 0 332 00000000 2
1 4 0 333 00000000 2
1 4 0 334 00000000 2
1 4 0 335 00000000 2
1 4 0 336 00000000 2
1 4 0 337 00000000 2
1 4 0 338 00000000 2
1 4 0 339 00000000 2
1 4 0 340 00000000 2
1 4 0 341 00000000 2
1 4 0 342 00000000 2
1 4 0 343 00000000 2
1 4 0 344 00000000 2
1 4 0 345 00000000 2
1 4 0 346 00000000 2
1 4 0 347 00000000 2
1 4 0 348 00000000 2
1 4 0 349 00000000 2
1 4 0 350 00000000 2
1 4 0 351 00000000 2
1 4 0 352 00000000 2
1 4 0 353 00000000 2
1 4 0 354 00000000 2
1 4 0 355 00000000 2
1 4 0 356 00000000 2
1 4 0 357 00000000 2
1 4 0 358 00000000 2
1 4 0 359 00000000 2
1 4 0 360 00000000 2
1 4 0 361 00000000 2
1 4 0 362 00000000 2
1 4 0 363 00000000 2
1 4 0 364 00000000 2
1 4 0 365 00000000 2
1 4 0 366 00000000 2
1 4 0 367 00000000 2
1 4 0 368 00000000 2
1 4 0 369 00000000 2
1 4 0 370 00000000 2
1 4 0 371 00000000 2
1 4 0 372 00000000 2
1 4 0 373 00000000 2
1 4 0 374 00000000 2
1 4 0 375 00000000 2
1 4 0 376 00000000 2
1 4 0 377 00000000 2
1 4 0 378 00000000 2
1 4 0 379 00000000 2
1 4 0 380 00000000 2
1 4 0 381 00000000 2
1 4 0 382 00000000 2
1 4 0 383 00000000 2
1 4 0 384 00000000 2
1 4 0 385 00000000 2
1 4 0 386 00000000 2
1 4 0 387 00000000 2
1 4 0 388 00000000 2
1 4 0 389 00000000 2
1 4 0 390 00000000 2
1 4 0 391 00000000 2
1 4 0 392 00000000 2
1 4 0 393 00000000 2
1 4 0 394 00000000 2
1 4 0 395 00000000 2
1 4 0 396 00000000 2
1 4 0 397 00000000 2
1 4 0 398 00000000 2
1 4 0 399 00000000 2
1 4 0 400 00000000 2
1 4 0 401 00000000 2
1 4 0 402 00000000 2
1 4 0 403 00000000 2
1 4 0 404 00000000 2
1 4 0 405 00000000 2
1 4 0 406 00000000 2
1 4 0 407 00000000 2
1 4 0 408 00000000 2
1 4 0 409 00000000 2
1 4 0 410 00000000 2
1 4 0 411 00000000 2
1 4 0 412 00000000 2
1 4 0 413 00000000 2
1 4 0 414 00000000 2
1 4 0 415 00000000 2
1 4 0 416 00000000 2
1 4 0 417 00000000 2
1 4 0 418 00000000 2
1 4 0 419 00000000 2
1 4 0 420 00000000 2
1 4 0 421 00000000 2
1 4 0 422 00000000 2
1 4 0 423 00000000 2
1 4 0 424 00000000 2
1 4 0 425 00000000 2
1 4 0 426 00000000 2
1 4 0 427 00000000 2
1 4 0 428 00000000 2
1 4 0 429 00000000 2
1 4 0 430 00000000 2
1 4 0 431 00000000 2
1 4 0 432 00000000 2
1 4 0 433 00000000 2
1 4 0 434 00000000 2
1 4 0 435 00000000 2
1 4 0 436 00000000 2
1 4 0 437 00000000 2
1 4 0 438 00000000 2
1 4 0 439 00000000 2
1 4 0 440 00000000 2
1 4 0 441 00000000 2
1 4 0 442 00000000 2
1 4 0 443 00000000 2
1 4 0 444 00000000 2
1 4 0 445 00000000 2
1 4 0 446 00000000 2
1 4 0 447 00000000 2
1 4 0 448 00000000 2
1 4 0 449 00000000 2
1 4 0 450 00000000 2
1 4 0 451 00000000 2
1 4 0 452 00000000 2
1 4 0 453 00000000 2
1 4 0 454 00000000 2
1 4 0 455 00000000 2
1 4 0 456 00000000 2
1 4 0 457 00000000 2
1 4 0 458 00000000 2
1 4 0 459 00000000 2
1 4 0 460 00000000 2
1 4 0 461 00000000 2
1 4 0 462 00000000 2
1 4 0 463 00000000 2
1 4 0 464 00000000 2
1 4 0 465 00000000 2
1 4 0 466 00000000 2
1 4 0 467 00000000 2
1 4 0 468 00000000 2
1 4 0 469 00000000 2
1 4 0 470 00000000 2
1 4 0 471 00000000 2
1 4 0 472 00000000 2
1 4 0 473 00000000 2
1 4 0 474 00000000 2
1 4 0 475 00000000 2
1 4 0 476 00000000 2
1 4 0 477 00000000 2
1 4 0 478 00000000 2
1 4 0 479 00000000 2
1 4 0 480 00000000 2
1 4 0 481 00000000 2
1 4 0 482 00000000 2
1 4 0 483 00000000 2
1 4 0 484 00000000 2
1 4 0 485 00000000 2
1 4 0 486 00000000 2
1 4 0 487 00000000 2
1 4 0 488 00000000 2
1 4 0 489 00000000 2
1 4 0 490 00000000 2
1 4 0 491 00000000 2
1 4 0 492 00000000 2
1 4 0 493 00000000 2
1 4 0 494 00000000 2
1 4 0 495 00000000 2
1 4 0 496 00000000 2
1 4 0 497 00000000 2
1 4 0 498 00000000 2
1 4 0 499 00000000 2
1 4 0 500 00000000 2
1 4 0 501 00000000 2
1 4 0 502 00000000 2
1 4 0 503 00000000 2
1 4 0 504 00000000 2
1 4 0 505 00000000 2
1 4 0 506 00000000 2
1 4 0 507 00000000 2
1 4 0 508 00000000 2
1 4 0 509 00000000 2
1 4 0 510 00000000 2
1 4 0 511 00000000 2
1 4 0 512 00000000 2
1 4 0 513 00000000 2
1 4 0 514 00000000 2
1 4 0 515 00000000 2
1 4 0 516 00000000 2
1 4 0 517 00000000 2
1 4 0 518 00000000 2
1 4 0 519 00000000 2
1 4 0 520 00000000 2
1 4 0 521 00000000 2
1 4 0 522 00000000 2
1 4 0 523 00000000 2
1 4 0 524 00000000 2
1 4 0 525 00000000 2
1 4 0 526 00000000 2
1 4 0 527 00000000 2
1 4 0 528 00000000 2
1 4 0 529 00000000 2
1 4 0 530 00000000 2
1 4 0 531 00000000 2
1 4 0 532 00000000 2
1 4 0 533 00000000 2
1 4 0 534 00000000 2
1 4 0 535 00000000 2
1 4 0 536 00000000 2
1 4 0 537 00000000 2
1 4 0 538 00000000 2
1 4 0 539 00000000 2
1 4 0 540 00000000 2
1 4 0 541 00000000 2
1 4 0 542 00000000 2
1 4 0 543 00000000 2
1 4 0 544 00000000 2
1 4 0 545 00000000 2
1 4 0 546 00000000 2
1 4 0 547 00000000 2
1 4 0 548 00000000 2
1 4 0 549 00000000 2
1 4 0 550 00000000 2
1 4 0 551 00000000 2
1 4 0 552 00000000 2
1 4 0 553 00000000 2
1 4 0 554 00000000 2
1 4 0 555 00000000 2
1 4 0 556 00000000 2
1 4 0 557 00000000 2
1 4 0 558 00000000 2
1 4 0 559 00000000 2
1 4 0 560 00000000 2
1 4 0 561 00000000 2
1 4 0 562 00000000 2
1 4 0 563 00000000 2
1 4 0 564 00000000 2
1 4 0 565 00000000 2
1 4 0 566 00000000 2
1 4 0 567 00000000 2
1 4 0 568 00000000 2
1 4 0 569 00000000 2
1 4 0 570 00000000 2
1 4 0 571 00000000 2
1 4 0 572 00000000 2
1 4 0 573 00000000 2
1 4 0 574 00000000 2
1 4 0 575 00000000 2
1 4 0 576 00000000 2
1 4 0 577 00000000 2
1 4 0 578 00000000 2
1 4 0 579 00000000 2
1 4 0 580 00000000 2
1 4 0 581 00000000 2
1 4 0 582 00000000 2
1 4 0 583 00000000 2
1 4 0 584 00000000 2
1 4 0 585 00000000 2
1 4 0 586 00000000 2
1 4 0 587 00000000 2
1 4 0 588 00000000 2
1 4 0 589 00000000 2
1 4 0 590 00000000 2
1 4 0 591 00000000 2
1 4 0 592 00000000 2
1 4 0 593 00000000 2
1 4 0 594 00000000 2
1 4 0 595 00000000 2
1 4 0 596 00000000 2
1 4 0 597 00000000 2
1 4 0 598 00000000 2
1 4 0 599 00000000 2
1 4 0 600 00000000 2
1 4 0 601 00000000 2
1 4 0 602 00000000 2
1 4 0 603 00000000 2
1 4 0 604 00000000 2
1 4 0 605 00000000 2
1 4 0 606 00000000 2
1 4 0 607 00000000 2
1 4 0 608 00000000 2
1 4 0 609 00000000 2
1 4 0 610 00000000 2
1 4 0 611 00000000 2
1 4 0 612 00000000 2
1 4 0 613 00000000 2
1 4 0 614 00000000 2
1 4 0 615 00000000 2
1 4 0 616 00000000 2
1 4 0 617 00000000 2
1 4 0 618 00000000 2
1 4 0 619 00000000 2
1 4 0 620 00000000 2
1 4 0 621 00000000 2
1 4 0 622 00000000 2
1 4 0 623 00000000 2
1 4 0 624 00000000 2
1 4 0 625 00000000 2
1 4 0 626 00000000 2
1 4 0 627 00000000 2
1 4 0 628 00000000 2
1 4 0 629 00000000 2
1 4 0 630 00000000 2
1 4 0 631 00000000 2
1 4 0 632 00000000 2
1 4 0 633 00000000 2
1 4 0 634 00000000 2
1 4 0 635 00000000 2
1 4 0 636 00000000 2
1 4 0 637 00000000 2
1 4 0 638 00000000 2
1 4 0 639 00000000 2
1 4 0 640 00000000 2
1 4 0 641 00000000 2
1 4 0 642 00000000 2
1 4 0 643 00000000 2
1 4 0 644 00000000 2
1 4 0 645 00000000 2
1 4 0 646 00000000 2
1 4 0 647 00000000 2
1 4 0 648 00000000 2
1 4 0 649 00000000 2
1 4 0 650 00000000 2
1 4 0 651 00000000 2
1 4 0 652 00000000 2
1 4 0 653 00000000 2
1 4 0 654 00000000 2
1 4 0 655 00000000 2
1 4 0 656 00000000 2
1 4 0 657 00000000 2
1 4 0 658 00000000 2
1 4 0 659 00000000 2
1 4 0 660 00000000 2
1 4 0 661 00000000 2
1 4 0 662 00000000 2
1 4 0 663 00000000 2
1 4 0 664 00000000 2
1 4 0 665 00000000 2
1 4 0 666 00000000 2
1 4 0 667 00000000 2
1 4 0 668 00000000 2
1 4 0 669 00000000 2
1 4 0 670 00000000 2
1 4 0 671 00000000 2
1 4 0 672 00000000 2
1 4 0 673 00000000 2
1 4 0 674 00000000 2
1 4 0 675 00000000 2
1 4 0 676 00000000 2
1 4 0 677 00000000 2
1 4 0 678 00000000 2
1 4 0 679 00000000 2
1 4 0 680 00000000 2
1 4 0 681 00000000 2
1 4 0 682 00000000 2
1 4 0 683 00000000 2
1 4 0 684 00000000 2
1 4 0 685 00000000 2
1 4 0 686 00000000 2
1 4 0 687 00000000 2
1 4 0 688 00000000 2
1 4 0 689 00000000 2
1 4 0 690 00000000 2
1 4 0 691 00000000 2
1 4 0 692 00000000 2
1 4 0 693 00000000 2
1 4 0 694 00000000 2
1 4 0 695 00000000 2
1 4 0 696 00000000 2
1 4 0 697 00000000 2
1 4 0 698 00000000 2
1 4 0 699 00000000 2
1 4 0 700 00000000 2
1 4 0 701 00000000 2
1 4 0 702 00000000 2
1 4 0 703 00000000 2
1 4 0 704 00000000 2
1 4 0 705 00000000 2
1 4 0 706 00000000 2
1 4 0 707 00000000 2
1 4 0 708 00000000 2
1 4 0 709 00000000 2
1 4 0 710 00000000 2
1 4 0 711 00000000 2
1 4 0 712 00000000 2
1 4 0 713 00000000 2
1 4 0 714 00000000 2
1 4 0 715 00000000 2
1 4 0 716 00000000 2
1 4 0 717 00000000 2
1 4 0 718 00000000 2
1 4 0 719 00000000 2
1 4 0 720 00000000 2
1 4 0 721 00000000 2
1 4 0 722 00000000 2
1 4 0 723 00000000 2
1 4 0 724 00000000 2
1 4 0 725 00000000 2
1 4 0 726 00000000 2
1 4 0 727 00000000 2
1 4 0 728 00000000 2
1 4 0 729 00000000 2
1 4 0 730 00000000 2
1 4 0 731 00000000 2
1 4 0 732 00000000 2
1 4 0 733 00000000 2
1 4 0 734 00000000 2
1 4 0 735 00000000 2
1 4 0 736 00000000 2
1 4 0 737 00000000 2
1 4 0 738 00000000 2
1 4 0 739 00000000 2
1 4 0 740 00000000 2
1 4 0 741 00000000 2
1 4 0 742 00000000 2
1 4 0 743 00000000 2
1 4 0 744 00000000 2
1 4 0 745 00000000 2
1 4 0 746 00000000 2
1 4 0 747 00000000 2
1 4 0 748 00000000 2
1 4 0 749 00000000 2
1 4 0 750 00000000 2
1 4 0 751 00000000 2
1 4 0 752 00000000 2
1 4 0 753 00000000 2
1 4 0 754 00000000 2
1 4 0 755 00000000 2
1 4 0 756 00000000 2
1 4 0 757 00000000 2
1 4 0 758 00000000 2
1 4 0 759 00000000 2
1 4 0 760 00000000 2
1 4 0 761 00000000 2
1 4 0 762 00000000 2
1 4 0 763 00000000 2
1 4 0 764 00000000 2
1 4 0 765 00000000 2
1 4 0 766 00000000 2
1 4 0 767 00000000 2
1 4 0 768 00000000 2
1 4 0 769 00000000 2
1 4 0 770 00000000 2
1 4 0 771 00000000 2
1 4 0 772 00000000 2
1 4 0 773 00000000 2
1 4 0 774 00000000 2
1 4 0 775 00000000 2
1 4 0 776 00000000 2
1 4 0 777 00000000 2
1 4 0 778 00000000 2
1 4 0 779 00000000 2
1 4 0 780 00000000 2
1 4 0 781 00000000 2
1 4 0 782 00000000 2
1 4 0 783 00000000 2
1 4 0 784 00000000 2
1 4 0 785 00000000 2
1 4 0 786 00000000 2
1 4 0 787 00000000 2
1 4 0 788 00000000 2
1 4 0 789 00000000 2
1 4 0 790 00000000 2
1 4 0 791 00000000 2
1 4 0 792 00000000 2
1 4 0 793 00000000 2
1 4 0 794 00000000 2
1 4 0 795 00000000 2
1 4 0 796 00000000 2
1 4 0 797 00000000 2
1 4 0 798 00000000 2
1 4 0 799 00000000 2
1 4 0 800 00000000 2
1 4 0 801 00000000 2
1 4 0 802 00000000 2
1 4 0 803 00000000 2
1 4 0 804 00000000 2
1 4 0 805 00000000 2
1 4 0 806 00000000 2
1 4 0 807 00000000 2
1 4 0 808 00000000 2
1 4 0 809 00000000 2
1 4 0 810 00000000 2
1 4 0 811 00000000 2
1 4 0 812 00000000 2
1 4 0 813 00000000 2
1 4 0 814 00000000 2
1 4 0 815 00000000 2
1 4 0 816 00000000 2
1 4 0 817 00000000 2
1 4 0 818 00000000 2
1 4 0 819 00000000 2
1 4 0 820 00000000 2
1 4 0 821 00000000 2
1 4 0 822 00000000 2
1 4 0 823 00000000 2
1 4 0 824 00000000 2
1 4 0 825 00000000 2
1 4 0 826 00000000 2
1 4 0 827 00000000 2
1 4 0 828 00000000 2
1 4 0 829 00000000 2
1 4 0 830 00000000 2
1 4 0 831 00000000 2
1 4 0 832 00000000 2
1 4 0 833 00000000 2
1 4 0 834 00000000 2
1 4 0 835 00000000 2
1 4 0 836 00000000 2
1 4 0 837 00000000 2
1 4 0 838 00000000 2
1 4 0 839 00000000 2
1 4 0 840 00000000 2
1 4 0 841 00000000 2
1 4 0 842 00000000 2
1 4 0 843 00000000 2
1 4 0 844 00000000 2
1 4 0 845 00000000 2
1 4 0 846 00000000 2
1 4 0 847 00000000 2
1 4 0 848 00000000 2
1 4 0 849 00000000 2
1 4 0 850 00000000 2
1 4 0 851 00000000 2
1 4 0 852 00000000 2
1 4 0 853 00000000 2
1 4 0 854 00000000 2
1 4 0 855 00000000 2
1 4 0 856 00000000 2
1 4 0 857 00000000 2
1 4 0 858 00000000 2
1 4 0 859 00000000 2
1 4 0 860 00000000 2
1 4 0 861 00000000 2
1 4 0 862 00000000 2
1 4 0 863 00000000 2
1 4 0 864 00000000 2
1 4 0 865 00000000 2
1 4 0 866 00000000 2
1 4 0 867 00000000 2
1 4 0 868 00000000 2
1 4 0 869 00000000 2
1 4 0 870 00000000 2
1 4 0 871 00000000 2
1 4 0 872 00000000 2
1 4 0 873 00000000 2
1 4 0 874 00000000 2
1 4 0 875 00000000 2
1 4 0 876 00000000 2
1 4 0 877 00000000 2
1 4 0 878 00000000 2
1 4 0 879 00000000 2
1 4 0 880 00000000 2
1 4 0 881 00000000 2
1 4 0 882 00000000 2
1 4 0 883 00000000 2
1 4 0 884 00000000 2
1 4 0 885 00000000 2
1 4 0 886 00000000 2
1 4 0 887 00000000 2
1 4 0 888 00000000 2
1 4 0 889 00000000 2
1 4 0 890 00000000 2
1 4 0 891 00000000 2
1 4 0 892 00000000 2
1 4 0 893 00000000 2
1 4 0 894 00000000 2
1 4 0 895 00000000 2
1 4 0 896 00000000 2
1 4 0 897 00000000 2
1 4 0 898 00000000 2
1 4 0 899 00000000 2
1 4 0 900 00000000 2
1 4 0 901 00000000 2
1 4 0 902 00000000 2
1 4 0 903 00000000 2
1 4 0 904 00000000 2
1 4 0 905 00000000 2
1 4 0 906 00000000 2
1 4 0 907 00000000 2
1 4 0 908 00000000 2
1 4 0 909 00000000 2
1 4 0 910 00000000 2
1 4 0 911 00000000 2
1 4 0 912 00000000 2
1 4 0 913 00000000 2
1 4 0 914 00000000 2
1 4 0 915 00000000 2
1 4 0 916 00000000 2
1 4 0 917 00000000 2
1 4 0 918 00000000 2
1 4 0 919 00000000 2
1 4 0 920 00000000 2
1 4 0 921 00000000 2
1 4 0 922 00000000 2
1 4 0 923 00000000 2
1 4 0 924 00000000 2
1 4 0 925 00000000 2
1 4 0 926 00000000 2
1 4 0 927 00000000 2
1 4 0 928 00000000 2
1 4 0 929 00000000 2
1 4 0 930 00000000 2
1 4 0 931 00000000 2
1 4 0 932 00000000 2
1 4 0 933 00000000 2
1 4 0 934 00000000 2
1 4 0 935 00000000 2
1 4 0 936 00000000 2
1 4 0 937 00000000 2
1 4 0 938 00000000 2
1 4 0 939 00000000 2
1 4 0 940 00000000 2
1 4 0 941 00000000 2
1 4 0 942 00000000 2
1 4 0 943 00000000 2
1 4 0 944 00000000 2
1 4 0 945 00000000 2
1 4 0 946 00000000 2
1 4 0 947 00000000 2
1 4 0 948 00000000 2
1 4 0 949 00000000 2
1 4 0 950 00000000 2
1 4 0 951 00000000 2
1 4 0 952 00000000 2
1 4 0 953 00000000 2
1 4 0 954 00000000 2
1 4 0 955 00000000 2
1 4 0 956 00000000 2
1 4 0 957 00000000 2
1 4 0 958 00000000 2
1 4 0 959 00000000 2
1 4 0 960 00000000 2
1 4 0 961 00000000 2
1 4 0 962 00000000 2
1 4 0 963 00000000 2
1 4 0 964 00000000 2
1 4 0 965 00000000 2
1 4 0 966 00000000 2
1 4 0 967 00000000 2
1 4 0 968 00000000 2
1 4 0 969 00000000 2
1 4 0 970 00000000 2
1 4 0 971 00000000 2
1 4 0 972 00000000 2
1 4 0 973 00000000 2
1 4 0 974 00000000 2
1 4 0 975 00000000 2
1 4 0 976 00000000 2
1 4 0 977 00000000 2
1 4 0 978 00000000 2
1 4 0 979 00000000 2
1 4 0 980 00000000 2
1 4 0 981 00000000 2
1 4 0 982 00000000 2
1 4 0 983 00000000 2
1 4 0 984 00000000 2
1 4 0 985 00000000 2
1 4 0 986 00000000 2
1 4 0 987 00000000 2
1 4 0 988 00000000 2
1 4 0 989 00000000 2
1 4 0 990 00000000 2
1 4 0 991 00000000 2
1 4 0 992 00000000 2
1 4 0 993 00000000 2
1 4 0 994 00000000 2
1 4 0 995 00000000 2
1 4 0 996 00000000 2
1 4 0 997 00000000 2
1 4 0 998 00000000 2
1 4 0 999 00000000 2
1 4 0 1000 00000000 2
1 4 0 1001 00000000 2
1 4 0 1002 00000000 2
1 4 0 1003 00000000 2
1 4 0 1004 00000000 2
1 4 0 1005 00000000 2
1 4 0 1006 00000000 2
1 4 0 1007 00000000 2
1 4 0 1008 00000000 2
1 4 0 1009 00000000 2
1 4 0 1010 00000000 2
1 4 0 1011 00000000 2
1 4 0 1012 00000000 2
1 4 0 1013 00000000 2
1 4 0 1014 00000000 2
1 4 0 1015 00000000 2
1 4 0 1016 00000000 2
1 4 0 1017 00000000 2
1 4 0 1018 00000000 2
1 4 0 1019 00000000 2
1 4 0 1020 00000000 2
1 4 0 1021 00000000 2
1 4 0 1022 00000000 2
1 4 0 1023 00000000 2
1 5 0 0 00000000 2
1 5 0 1 00000000 2
1 5 0 2 00000000 2
1 5 0 3 00000000 2
1 5 0 4 00000000 2
1 5 0 5 00000000 2
1 5 0 6 00000000 2
1 5 0 7 00000000 2
1 5 0 8 00000000 2
1 5 0 9 00000000 2
1 5 0 10 00000000 2
1 5 0 11 00000000 2
1 5 0 12 00000000 2
1 5 0 13 00000000 2
1 5 0 14 00000000 2
1 5 0 15 00000000 2
1 5 0 16 00000000 2
1 5 0 17 00000000 2
1 5 0 18 00000000 2
1 5 0 19 00000000 2
1 5 0 20 00000000 2
1 5 0 21 00000000 2
1 5 0 22 00000000 2
1 5 0 23 00000000 2
1 5 0 24 00000000 2
1 5 0 25 00000000 2
1 5 0 26 00000000 2
1 5 0 27 00000000 2
1 5 0 28 00000000 2
1 5 0 29 00000000 2
1 5 0 30 00000000 2
1 5 0 31 00000000 2
1 5 0 32 00000000 2
1 5 0 33 00000000 2
1 5 0 34 00000000 2
1 5 0 35 00000000 2
1 5 0 36 00000000 2
1 5 0 37 00000000 2
1 5 0 38 00000000 2
1 5 0 39 00000000 2
1 5 0 40 00000000 2
1 5 0 41 00000000 2
1 5 0 42 00000000 2
1 5 0 43 00000000 2
1 5 0 44 00000000 2
1 5 0 45 00000000 2
1 5 0 46 00000000 2
1 5 0 47 00000000 2
1 5 0 48 00000000 2
1 5 0 49 00000000 2
1 5 0 50 00000000 2
1 5 0 51 00000000 2
1 5 0 52 00000000 2
1 5 0 53 00000000 2
1 5 0 54 00000000 2
1 5 0 55 00000000 2
1 5 0 56 00000000 2
1 5 0 57 00000000 2
1 5 0 58 00000000 2
1 5 0 59 00000000 2
1 5 0 60 00000000 2
1 5 0 61 00000000 2
1 5 0 62 00000000 2
1 5 0 63 00000000 2
1 5 0 64 00000000 2
1 5 0 65 00000000 2
1 5 0 66 00000000 2
1 5 0 67 00000000 2
1 5 0 68 00000000 2
1 5 0 69 00000000 2
1 5 0 70 00000000 2
1 5 0 71 00000000 2
1 5 0 72 00000000 2
1 5 0 73 00000000 2
1 5 0 74 00000000 2
1 5 0 75 00000000 2
1 5 0 76 00000000 2
1 5 0 77 00000000 2
1 5 0 78 00000000 2
1 5 0 79 00000000 2
1 5 0 80 00000000 2
1 5 0 81 00000000 2
1 5 0 82 00000000 2
1 5 0 83 00000000 2
1 5 0 84 00000000 2
1 5 0 85 00000000 2
1 5 0 86 00000000 2
1 5 0 87 00000000 2
1 5 0 88 00000000 2
1 5 0 89 00000000 2
1 5 0 90 00000000 2
1 5 0 91 00000000 2
1 5 0 92 00000000 2
1 5 0 93 00000000 2
1 5 0 94 00000000 2
1 5 0 95 00000000 2
1 5 0 96 00000000 2
1 5 0 97 00000000 2
1 5 0 98 00000000 2
1 5 0 99 00000000 2
1 5 0 100 00000000 2
1 5 0 101 00000000 2
1 5 0 102 00000000 2
1 5 0 103 00000000 2
1 5 0 104 00000000 2
1 5 0 105 00000000 2
1 5 0 106 00000000 2
1 5 0 107 00000000 2
1 5 0 108 00000000 2
1 5 0 109 00000000 2
1 5 0 110 00000000 2
1 5 0 111 00000000 2
1 5 0 112 00000000 2
1 5 0 113 00000000 2
1 5 0 114 00000000 2
1 5 0 115 00000000 2
1 5 0 116 00000000 2
1 5 0 117 00000000 2
1 5 0 118 00000000 2
1 5 0 119 00000000 2
1 5 0 120 00000000 2
1 5 0 121 00000000 2
1 5 0 122 00000000 2
1 5 0 123 00000000 2
1 5 0 124 00000000 2
1 5 0 125 00000000 2
1 5 0 126 00000000 2
1 5 0 127 00000000 2
1 5 0 128 00000000 2
1 5 0 129 00000000 2
1 5 0 130 00000000 2
1 5 0 131 00000000 2
1 5 0 132 00000000 2
1 5 0 133 00000000 2
1 5 0 134 00000000 2
1 5 0 135 00000000 2
1 5 0 136 00000000 2
1 5 0 137 00000000 2
1 5 0 138 00000000 2
1 5 0 139 00000000 2
1 5 0 140 00000000 2
1 5 0 141 00000000 2
1 5 0 142 00000000 2
1 5 0 143 00000000 2
1 5 0 144 00000000 2
1 5 0 145 00000000 2
1 5 0 146 00000000 2
1 5 0 147 00000000 2
1 5 0 148 00000000 2
1 5 0 149 00000000 2
1 5 0 150 00000000 2
1 5 0 151 00000000 2
1 5 0 152 00000000 2
1 5 0 153 00000000 2
1 5 0 154 00000000 2
1 5 0 155 00000000 2
1 5 0 156 00000000 2
1 5 0 157 00000000 2
1 5 0 158 00000000 2
1 5 0 159 00000000 2
1 5 0 160 00000000 2
1 5 0 161 00000000 2
1 5 0 162 00000000 2
1 5 0 163 00000000 2
1 5 0 164 00000000 2
1 5 0 165 00000000 2
1 5 0 166 00000000 2
1 5 0 167 00000000 2
1 5 0 168 00000000 2
1 5 0 169 00000000 2
1 5 0 170 00000000 2
1 5 0 171 00000000 2
1 5 0 172 00000000 2
1 5 0 173 00000000 2
1 5 0 174 00000000 2
1 5 0 175 00000000 2
1 5 0 176 00000000 2
1 5 0 177 00000000 2
1 5 0 178 00000000 2
1 5 0 179 00000000 2
1 5 0 180 00000000 2
1 5 0 181 00000000 2
1 5 0 182 00000000 2
1 5 0 183 00000000 2
1 5 0 184 00000000 2
1 5 0 185 00000000 2
1 5 0 186 00000000 2
1 5 0 187 00000000 2
1 5 0 188 00000000 2
1 5 0 189 00000000 2
1 5 0 190 00000000 2
1 5 0 191 00000000 2
1 5 0 192 00000000 2
1 5 0 193 00000000 2
1 5 0 194 00000000 2
1 5 0 195 00000000 2
1 5 0 196 00000000 2
1 5 0 197 00000000 2
1 5 0 198 00000000 2
1 5 0 199 00000000 2
1 5 0 200 00000000 2
1 5 0 201 00000000 2
1 5 0 202 00000000 2
1 5 0 203 00000000 2
1 5 0 204 00000000 2
1 5 0 205 00000000 2
1 5 0 206 00000000 2
1 5 0 207 00000000 2
1 5 0 208 00000000 2
1 5 0 209 00000000 2
1 5 0 210 00000000 2
1 5 0 211 00000000 2
1 5 0 212 00000000 2
1 5 0 213 00000000 2
1 5 0 214 00000000 2
1 5 0 215 00000000 2
1 5 0 216 00000000 2
1 5 0 217 00000000 2
1 5 0 218 00000000 2
1 5 0 219 00000000 2
1 5 0 220 00000000 2
1 5 0 221 00000000 2
1 5 0 222 00000000 2
1 5 0 223 00000000 2
1 5 0 224 00000000 2
1 5 0 225 00000000 2
1 5 0 226 00000000 2
1 5 0 227 00000000 2
1 5 0 228 00000000 2
1 5 0 229 00000000 2
1 5 0 230 00000000 2
1 5 0 231 00000000 2
1 5 0 232 00000000 2
1 5 0 233 00000000 2
1 5 0 234 00000000 2
1 5 0 235 00000000 2
1 5 0 236 00000000 2
1 5 0 237 00000000 2
1 5 0 238 00000000 2
1 5 0 239 00000000 2
1 5 0 240 00000000 2
1 5 0 241 00000000 2
1 5 0 242 00000000 2
1 5 0 243 00000000 2
1 5 0 244 00000000 2
1 5 0 245 00000000 2
1 5 0 246 00000000 2
1 5 0 247 00000000 2
1 5 0 248 00000000 2
1 5 0 249 00000000 2
1 5 0 250 00000000 2
1 5 0 251 00000000 2
1 5 0 252 00000000 2
1 5 0 253 00000000 2
1 5 0 254 00000000 2
1 5 0 255 00000000 2
1 5 0 256 00000000 2
1 5 0 257 00000000 2
1 5 0 258 00000000 2
1 5 0 259 00000000 2
1 5 0 260 00000000 2
1 5 0 261 00000000 2
1 5 0 262 00000000 2
1 5 0 263 00000000 2
1 5 0 264 00000000 2
1 5 0 265 00000000 2
1 5 0 266 00000000 2
1 5 0 267 00000000 2
1 5 0 268 00000000 2
1 5 0 269 00000000 2
1 5 0 270 00000000 2
1 5 0 271 00000000 2
1 5 0 272 00000000 2
1 5 0 273 00000000 2
1 5 0 274 00000000 2
1 5 0 275 00000000 2
1 5 0 276 00000000 2
1 5 0 277 00000000 2
1 5 0 278 00000000 2
1 5 0 279 00000000 2
1 5 0 280 00000000 2
1 5 0 281 00000000 2
1 5 0 282 00000000 2
1 5 0 283 00000000 2
1 5 0 284 00000000 2
1 5 0 285 00000000 2
1 5 0 286 00000000 2
1 5 0 287 00000000 2
1 5 0 288 00000000 2
1 5 0 289 00000000 2
1 5 0 290 00000000 2
1 5 0 291 00000000 2
1 5 0 292 00000000 2
1 5 0 293 00000000 2
1 5 0 294 00000000 2
1 5 0 295 00000000 2
1 5 0 296 00000000 2
1 5 0 297 00000000 2
1 5 0 298 00000000 2
1 5 0 299 00000000 2
1 5 0 300 00000000 2
1 5 0 301 00000000 2
1 5 0 302 00000000 2
1 5 0 303 00000000 2
1 5 0 304 00000000 2
1 5 0 305 00000000 2
1 5 0 306 00000000 2
1 5 0 307 00000000 2
1 5 0 308 00000000 2
1 5 0 309 00000000 2
1 5 0 310 00000000 2
1 5 0 311 00000000 2
1 5 0 312 00000000 2
1 5 0 313 00000000 2
1 5 0 314 00000000 2
1 5 0 315 00000000 2
1 5 0 316 00000000 2
1 5 0 317 00000000 2
1 5 0 318 00000000 2
1 5 0 319 00000000 2
1 5 0 320 00000000 2
1 5 0 321 00000000 2
1 5 0 322 00000000 2
1 5 0 323 00000000 2
1 5 0 324 00000000 2
1 5 0 325 00000000 2
1 5 0 326 00000000 2
1 5 0 327 00000000 2
1 5 0 328 00000000 2
1 5 0 329 00000000 2
1 5 0 330 00000000 2
1 5 0 331 00000000 2
1 5 0 332 00000000 2
1 5 0 333 00000000 2
1 5 0 334 00000000 2
1 5 0 335 00000000 2
1 5 0 336 00000000 2
1 5 0 337 00000000 2
1 5 0 338 00000000 2
1 5 0 339 00000000 2
1 5 0 340 00000000 2
1 5 0 341 00000000 2
1 5 0 342 00000000 2
1 5 0 343 00000000 2
1 5 0 344 00000000 2
1 5 0 345 00000000 2
1 5 0 346 00000000 2
1 5 0 347 00000000 2
1 5 0 348 00000000 2
1 5 0 349 00000000 2
1 5 0 350 00000000 2
1 5 0 351 00000000 2
1 5 0 352 00000000 2
1 5 0 353 00000000 2
1 5 0 354 00000000 2
1 5 0 355 00000000 2
1 5 0 356 00000000 2
1 5 0 357 00000000 2
1 5 0 358 00000000 2
1 5 0 359 00000000 2
1 5 0 360 00000000 2
1 5 0 361 00000000 2
1 5 0 362 00000000 2
1 5 0 363 00000000 2
1 5 0 364 00000000 2
1 5 0 365 00000000 2
1 5 0 366 00000000 2
1 5 0 367 00000000 2
1 5 0 368 00000000 2
1 5 0 369 00000000 2
1 5 0 370 00000000 2
1 5 0 371 00000000 2
1 5 0 372 00000000 2
1 5 0 373 00000000 2
1 5 0 374 00000000 2
1 5 0 375 00000000 2
1 5 0 376 00000000 2
1 5 0 377 00000000 2
1 5 0 378 00000000 2
1 5 0 379 00000000 2
1 5 0 380 00000000 2
1 5 0 381 00000000 2
1 5 0 382 00000000 2
1 5 0 383 00000000 2
1 5 0 384 00000000 2
1 5 0 385 00000000 2
1 5 0 386 00000000 2
1 5 0 387 00000000 2
1 5 0 388 00000000 2
1 5 0 389 00000000 2
1 5 0 390 00000000 2
1 5 0 391 00000000 2
1 5 0 392 00000000 2
1 5 0 393 00000000 2
1 5 0 394 00000000 2
1 5 0 395 00000000 2
1 5 0 396 00000000 2
1 5 0 397 00000000 2
1 5 0 398 00000000 2
1 5 0 399 00000000 2
1 5 0 400 00000000 2
1 5 0 401 00000000 2
1 5 0 402 00000000 2
1 5 0 403 00000000 2
1 5 0 404 00000000 2
1 5 0 405 00000000 2
1 5 0 406 00000000 2
1 5 0 407 00000000 2
1 5 0 408 00000000 2
1 5 0 409 00000000 2
1 5 0 410 00000000 2
1 5 0 411 00000000 2
1 5 0 412 00000000 2
1 5 0 413 00000000 2
1 5 0 414 00000000 2
1 5 0 415 00000000 2
1 5 0 416 00000000 2
1 5 0 417 00000000 2
1 5 0 418 00000000 2
1 5 0 419 00000000 2
1 5 0 420 00000000 2
1 5 0 421 00000000 2
1 5 0 422 00000000 2
1 5 0 423 00000000 2
1 5 0 424 00000000 2
1 5 0 425 00000000 2
1 5 0 426 00000000 2
1 5 0 427 00000000 2
1 5 0 428 00000000 2
1 5 0 429 00000000 2
1 5 0 430 00000000 2
1 5 0 431 00000000 2
1 5 0 432 00000000 2
1 5 0 433 00000000 2
1 5 0 434 00000000 2
1 5 0 435 00000000 2
1 5 0 436 00000000 2
1 5 0 437 00000000 2
1 5 0 438 00000000 2
1 5 0 439 00000000 2
1 5 0 440 00000000 2
1 5 0 441 00000000 2
1 5 0 442 00000000 2
1 5 0 443 00000000 2
1 5 0 444 00000000 2
1 5 0 445 00000000 2
1 5 0 446 00000000 2
1 5 0 447 00000000 2
1 5 0 448 00000000 2
1 5 0 449 00000000 2
1 5 0 450 00000000 2
1 5 0 451 00000000 2
1 5 0 452 00000000 2
1 5 0 453 00000000 2
1 5 0 454 00000000 2
1 5 0 455 00000000 2
1 5 0 456 00000000 2
1 5 0 457 00000000 2
1 5 0 458 00000000 2
1 5 0 459 00000000 2
1 5 0 460 00000000 2
1 5 0 461 00000000 2
1 5 0 462 00000000 2
1 5 0 463 00000000 2
1 5 0 464 00000000 2
1 5 0 465 00000000 2
1 5 0 466 00000000 2
1 5 0 467 00000000 2
1 5 0 468 00000000 2
1 5 0 469 00000000 2
1 5 0 470 00000000 2
1 5 0 471 00000000 2
1 5 0 472 00000000 2
1 5 0 473 00000000 2
1 5 0 474 00000000 2
1 5 0 475 00000000 2
1 5 0 476 00000000 2
1 5 0 477 00000000 2
1 5 0 478 00000000 2
1 5 0 479 00000000 2
1 5 0 480 00000000 2
1 5 0 481 00000000 2
1 5 0 482 00000000 2
1 5 0 483 00000000 2
1 5 0 484 00000000 2
1 5 0 485 00000000 2
1 5 0 486 00000000 2
1 5 0 487 00000000 2
1 5 0 488 00000000 2
1 5 0 489 00000000 2
1 5 0 490 00000000 2
1 5 0 491 00000000 2
1 5 0 492 00000000 2
1 5 0 493 00000000 2
1 5 0 494 00000000 2
1 5 0 495 00000000 2
1 5 0 496 00000000 2
1 5 0 497 00000000 2
1 5 0 498 00000000 2
1 5 0 499 00000000 2
1 5 0 500 00000000 2
1 5 0 501 00000000 2
1 5 0 502 00000000 2
1 5 0 503 00000000 2
1 5 0 504 00000000 2
1 5 0 505 00000000 2
1 5 0 506 00000000 2
1 5 0 507 00000000 2
1 5 0 508 00000000 2
1 5 0 509 00000000 2
1 5 0 510 00000000 2
1 5 0 511 00050000 2
1 5 0 512 00000000 2
1 5 0 513 00000000 2
1 5 0 514 00000000 2
1 5 0 515 00000000 2
1 5 0 516 00000000 2
1 5 0 517 00000000 2
1 5 0 518 00000000 2
1 5 0 519 00000000 2
1 5 0 520 00000000 2
1 5 0 521 00000000 2
1 5 0 522 00000000 2
1 5 0 523 00000000 2
1 5 0 524 00000000 2
1 5 0 525 00000000 2
1 5 0 526 00000000 2
1 5 0 527 00000000 2
1 5 0 528 00000000 2
1 5 0 529 00000000 2
1 5 0 530 00000000 2
1 5 0 531 00000000 2
1 5 0 532 00000000 2
1 5 0 533 00000000 2
1 5 0 534 00000000 2
1 5 0 535 00000000 2
1 5 0 536 00000000 2
1 5 0 537 00000000 2
1 5 0 538 00000000 2
1 5 0 539 00000000 2
1 5 0 540 00000000 2
1 5 0 541 00000000 2
1 5 0 542 00000000 2
1 5 0 543 00000000 2
1 5 0 544 00000000 2
1 5 0 545 00000000 2
1 5 0 546 00000000 2
1 5 0 547 00000000 2
1 5 0 548 00000000 2
1 5 0 549 00000000 2
1 5 0 550 00000000 2
1 5 0 551 00000000 2
1 5 0 552 00000000 2
1 5 0 553 00000000 2
1 5 0 554 00000000 2
1 5 0 555 00000000 2
1 5 0 556 00000000 2
1 5 0 557 00000000 2
1 5 0 558 00000000 2
1 5 0 559 00000000 2
1 5 0 560 00000000 2
1 5 0 561 00000000 2
1 5 0 562 00000000 2
1 5 0 563 00000000 2
1 5 0 564 00000000 2
1 5 0 565 00000000 2
1 5 0 566 00000000 2
1 5 0 567 00000000 2
1 5 0 568 00000000 2
1 5 0 569 00000000 2
1 5 0 570 00000000 2
1 5 0 571 00000000 2
1 5 0 572 00000000 2
1 5 0 573 00000000 2
1 5 0 574 00000000 2
1 5 0 575 00000000 2
1 5 0 576 00000000 2
1 5 0 577 00000000 2
1 5 0 578 00000000 2
1 5 0 579 00000000 2
1 5 0 580 00000000 2
1 5 0 581 00000000 2
1 5 0 582 00000000 2
1 5 0 583 00000000 2
1 5 0 584 00000000 2
1 5 0 585 00000000 2
1 5 0 586 00000000 2
1 5 0 587 00000000 2
1 5 0 588 00000000 2
1 5 0 589 00000000 2
1 5 0 590 00000000 2
1 5 0 591 00000000 2
1 5 0 592 00000000 2
1 5 0 593 00000000 2
1 5 0 594 00000000 2
1 5 0 595 00000000 2
1 5 0 596 00000000 2
1 5 0 597 00000000 2
1 5 0 598 00000000 2
1 5 0 599 00000000 2
1 5 0 600 00000000 2
1 5 0 601 00000000 2
1 5 0 602 00000000 2
1 5 0 603 00000000 2
1 5 0 604 00000000 2
1 5 0 605 00000000 2
1 5 0 606 00000000 2
1 5 0 607 00000000 2
1 5 0 608 00000000 2
1 5 0 609 00000000 2
1 5 0 610 00000000 2
1 5 0 611 00000000 2
1 5 0 612 00000000 2
1 5 0 613 00000000 2
1 5 0 614 00000000 2
1 5 0 615 00000000 2
1 5 0 616 00000000 2
1 5 0 617 00000000 2
1 5 0 618 00000000 2
1 5 0 619 00000000 2
1 5 0 620 00000000 2
1 5 0 621 00000000 2
1 5 0 622 00000000 2
1 5 0 623 00000000 2
1 5 0 624 00000000 2
1 5 0 625 00000000 2
1 5 0 626 00000000 2
1 5 0 627 00000000 2
1 5 0 628 00000000 2
1 5 0 629 00000000 2
1 5 0 630 00000000 2
1 5 0 631 00000000 2
1 5 0 632 00000000 2
1 5 0 633 00000000 2
1 5 0 634 00000000 2
1 5 0 635 00000000 2
1 5 0 636 00000000 2
1 5 0 637 00000000 2
1 5 0 638 00000000 2
1 5 0 639 00000000 2
1 5 0 640 00000000 2
1 5 0 641 00000000 2
1 5 0 642 00000000 2
1 5 0 643 00000000 2
1 5 0 644 00000000 2
1 5 0 645 00000000 2
1 5 0 646 00000000 2
1 5 0 647 00000000 2
1 5 0 648 00000000 2
1 5 0 649 00000000 2
1 5 0 650 00000000 2
1 5 0 651 00000000 2
1 5 0 652 00000000 2
1 5 0 653 00000000 2
1 5 0 654 00000000 2
1 5 0 655 00000000 2
1 5 0 656 00000000 2
1 5 0 657 00000000 2
1 5 0 658 00000000 2
1 5 0 659 00000000 2
1 5 0 660 00000000 2
1 5 0 661 00000000 2
1 5 0 662 00000000 2
1 5 0 663 00000000 2
1 5 0 664 00000000 2
1 5 0 665 00000000 2
1 5 0 666 00000000 2
1 5 0 667 00000000 2
1 5 0 668 00000000 2
1 5 0 669 00000000 2
1 5 0 670 00000000 2
1 5 0 671 00000000 2
1 5 0 672 00000000 2
1 5 0 673 00000000 2
1 5 0 674 00000000 2
1 5 0 675 00000000 2
1 5 0 676 00000000 2
1 5 0 677 00000000 2
1 5 0 678 00000000 2
1 5 0 679 00000000 2
1 5 0 680 00000000 2
1 5 0 681 00000000 2
1 5 0 682 00000000 2
1 5 0 683 00000000 2
1 5 0 684 00000000 2
1 5 0 685 00000000 2
1 5 0 686 00000000 2
1 5 0 687 00000000 2
1 5 0 688 00000000 2
1 5 0 689 00000000 2
1 5 0 690 00000000 2
1 5 0 691 00000000 2
1 5 0 692 00000000 2
1 5 0 693 00000000 2
1 5 0 694 00000000 2
1 5 0 695 00000000 2
1 5 0 696 00000000 2
1 5 0 697 00000000 2
1 5 0 698 00000000 2
1 5 0 699 00000000 2
1 5 0 700 00000000 2
1 5 0 701 00000000 2
1 5 0 702 00000000 2
1 5 0 703 00000000 2
1 5 0 704 00000000 2
1 5 0 705 00000000 2
1 5 0 706 00000000 2
1 5 0 707 00000000 2
1 5 0 708 00000000 2
1 5 0 709 00000000 2
1 5 0 710 00000000 2
1 5 0 711 00000000 2
1 5 0 712 00000000 2
1 5 0 713 00000000 2
1 5 0 714 00000000 2
1 5 0 715 00000000 2
1 5 0 716 00000000 2
1 5 0 717 00000000 2
1 5 0 718 00000000 2
1 5 0 719 00000000 2
1 5 0 720 00000000 2
1 5 0 721 00000000 2
1 5 0 722 00000000 2
1 5 0 723 00000000 2
1 5 0 724 00000000 2
1 5 0 725 00000000 2
1 5 0 726 00000000 2
1 5 0 727 00000000 2
1 5 0 728 00000000 2
1 5 0 729 00000000 2
1 5 0 730 00000000 2
1 5 0 731 00000000 2
1 5 0 732 00000000 2
1 5 0 733 00000000 2
1 5 0 734 00000000 2
1 5 0 735 00000000 2
1 5 0 736 00000000 2
1 5 0 737 00000000 2
1 5 0 738 00000000 2
1 5 0 739 00000000 2
1 5 0 740 00000000 2
1 5 0 741 00000000 2
1 5 0 742 00000000 2
1 5 0 743 00000000 2
1 5 0 744 00000000 2
1 5 0 745 00000000 2
1 5 0 746 00000000 2
1 5 0 747 00000000 2
1 5 0 748 00000000 2
1 5 0 749 00000000 2
1 5 0 750 00000000 2
1 5 0 751 00000000 2
1 5 0 752 00000000 2
1 5 0 753 00000000 2
1 5 0 754 00000000 2
1 5 0 755 00000000 2
1 5 0 756 00000000 2
1 5 0 757 00000000 2
1 5 0 758 00000000 2
1 5 0 759 00000000 2
1 5 0 760 00000000 2
1 5 0 761 00000000 2
1 5 0 762 00000000 2
1 5 0 763 00000000 2
1 5 0 764 00000000 2
1 5 0 765 00000000 2
1 5 0 766 00000000 2
1 5 0 767 00000000 2
1 5 0 768 00000000 2
1 5 0 769 00000000 2
1 5 0 770 00000000 2
1 5 0 771 00000000 2
1 5 0 772 00000000 2
1 5 0 773 00000000 2
1 5 0 774 00000000 2
1 5 0 775 00000000 2
1 5 0 776 00000000 2
1 5 0 777 00000000 2
1 5 0 778 00000000 2
1 5 0 779 00000000 2
1 5 0 780 00000000 2
1 5 0 781 00000000 2
1 5 0 782 00000000 2
1 5 0 783 00000000 2
1 5 0 784 00000000 2
1 5 0 785 00000000 2
1 5 0 786 00000000 2
1 5 0 787 00000000 2
1 5 0 788 00000000 2
1 5 0 789 00000000 2
1 5 0 790 00000000 2
1 5 0 791 00000000 2
1 5 0 792 00000000 2
1 5 0 793 00000000 2
1 5 0 794 00000000 2
1 5 0 795 00000000 2
1 5 0 796 00000000 2
1 5 0 797 00000000 2
1 5 0 798 00000000 2
1 5 0 799 00000000 2
1 5 0 800 00000000 2
1 5 0 801 00000000 2
1 5 0 802 00000000 2
1 5 0 803 00000000 2
1 5 0 804 00000000 2
1 5 0 805 00000000 2
1 5 0 806 00000000 2
1 5 0 807 00000000 2
1 5 0 808 00000000 2
1 5 0 809 00000000 2
1 5 0 810 00000000 2
1 5 0 811 00000000 2
1 5 0 812 00000000 2
1 5 0 813 00000000 2
1 5 0 814 00000000 2
1 5 0 815 00000000 2
1 5 0 816 00000000 2
1 5 0 817 00000000 2
1 5 0 818 00000000 2
1 5 0 819 00000000 2
1 5 0 820 00000000 2
1 5 0 821 00000000 2
1 5 0 822 00000000 2
1 5 0 823 00000000 2
1 5 0 824 00000000 2
1 5 0 825 00000000 2
1 5 0 826 00000000 2
1 5 0 827 00000000 2
1 5 0 828 00000000 2
1 5 0 829 00000000 2
1 5 0 830 00000000 2
1 5 0 831 00000000 2
1 5 0 832 00000000 2
1 5 0 833 00000000 2
1 5 0 834 00000000 2
1 5 0 835 00000000 2
1 5 0 836 00000000 2
1 5 0 837 00000000 2
1 5 0 838 00000000 2
1 5 0 839 00000000 2
1 5 0 840 00000000 2
1 5 0 841 00000000 2
1 5 0 842 00000000 2
1 5 0 843 00000000 2
1 5 0 844 00000000 2
1 5 0 845 00000000 2
1 5 0 846 00000000 2
1 5 0 847 00000000 2
1 5 0 848 00000000 2
1 5 0 849 00000000 2
1 5 0 850 00000000 2
1 5 0 851 00000000 2
1 5 0 852 00000000 2
1 5 0 853 00000000 2
1 5 0 854 00000000 2
1 5 0 855 00000000 2
1 5 0 856 00000000 2
1 5 0 857 00000000 2
1 5 0 858 00000000 2
1 5 0 859 00000000 2
1 5 0 860 00000000 2
1 5 0 861 00000000 2
1 5 0 862 00000000 2
1 5 0 863 00000000 2
1 5 0 864 00000000 2
1 5 0 865 00000000 2
1 5 0 866 00000000 2
1 5 0 867 00000000 2
1 5 0 868 00000000 2
1 5 0 869 00000000 2
1 5 0 870 00000000 2
1 5 0 871 00000000 2
1 5 0 872 00000000 2
1 5 0 873 00000000 2
1 5 0 874 00000000 2
1 5 0 875 00000000 2
1 5 0 876 00000000 2
1 5 0 877 00000000 2
1 5 0 878 00000000 2
1 5 0 879 00000000 2
1 5 0 880 00000000 2
1 5 0 881 00000000 2
1 5 0 882 00000000 2
1 5 0 883 00000000 2
1 5 0 884 00000000 2
1 5 0 885 00000000 2
1 5 0 886 00000000 2
1 5 0 887 00000000 2
1 5 0 888 00000000 2
1 5 0 889 00000000 2
1 5 0 890 00000000 2
1 5 0 891 00000000 2
1 5 0 892 00000000 2
1 5 0 893 00000000 2
1 5 0 894 00000000 2
1 5 0 895 00000000 2
1 5 0 896 00000000 2
1 5 0 897 00000000 2
1 5 0 898 00000000 2
1 5 0 899 00000000 2
1 5 0 900 00000000 2
1 5 0 901 00000000 2
1 5 0 902 00000000 2
1 5 0 903 00000000 2
1 5 0 904 00000000 2
1 5 0 905 00000000 2
1 5 0 906 00000000 2
1 5 0 907 00000000 2
1 5 0 908 00000000 2
1 5 0 909 00000000 2
1 5 0 910 00000000 2
1 5 0 911 00000000 2
1 5 0 912 00000000 2
1 5 0 913 00000000 2
1 5 0 914 00000000 2
1 5 0 915 00000000 2
1 5 0 916 00000000 2
1 5 0 917 00000000 2
1 5 0 918 00000000 2
1 5 0 919 00000000 2
1 5 0 920 00000000 2
1 5 0 921 00000000 2
1 5 0 922 00000000 2
1 5 0 923 00000000 2
1 5 0 924 00000000 2
1 5 0 925 00000000 2
1 5 0 926 00000000 2
1 5 0 927 00000000 2
1 5 0 928 00000000 2
1 5 0 929 00000000 2
1 5 0 930 00000000 2
1 5 0 931 00000000 2
1 5 0 932 00000000 2
1 5 0 933 00000000 2
1 5 0 934 00000000 2
1 5 0 935 00000000 2
1 5 0 936 00000000 2
1 5 0 937 00000000 2
1 5 0 938 00000000 2
1 5 0 939 00000000 2
1 5 0 940 00000000 2
1 5 0 941 00000000 2
1 5 0 942 00000000 2
1 5 0 943 00000000 2
1 5 0 944 00000000 2
1 5 0 945 00000000 2
1 5 0 946 00000000 2
1 5 0 947 00000000 2
1 5 0 948 00000000 2
1 5 0 949 00000000 2
1 5 0 950 00000000 2
1 5 0 951 00000000 2
1 5 0 952 00000000 2
1 5 0 953 00000000 2
1 5 0 954 00000000 2
1 5 0 955 00000000 2
1 5 0 956 00000000 2
1 5 0 957 00000000 2
1 5 0 958 00000000 2
1 5 0 959 00000000 2
1 5 0 960 00000000 2
1 5 0 961 00000000 2
1 5 0 962 00000000 2
1 5 0 963 00000000 2
1 5 0 964 00000000 2
1 5 0 965 00000000 2
1 5 0 966 00000000 2
1 5 0 967 00000000 2
1 5 0 968 00000000 2
1 5 0 969 00000000 2
1 5 0 970 00000000 2
1 5 0 971 00000000 2
1 5 0 972 00000000 2
1 5 0 973 00000000 2
1 5 0 974 00000000 2
1 5 0 975 00000000 2
1 5 0 976 00000000 2
1 5 0 977 00000000 2
1 5 0 978 00000000 2
1 5 0 979 00000000 2
1 5 0 980 00000000 2
1 5 0 981 00000000 2
1 5 0 982 00000000 2
1 5 0 983 00000000 2
1 5 0 984 00000000 2
1 5 0 985 00000000 2
1 5 0 986 00000000 2
1 5 0 987 00000000 2
1 5 0 988 00000000 2
1 5 0 989 00000000 2
1 5 0 990 00000000 2
1 5 0 991 00000000 2
1 5 0 992 00000000 2
1 5 0 993 00000000 2
1 5 0 994 00000000 2
1 5 0 995 00000000 2
1 5 0 996 00000000 2
1 5 0 997 00000000 2
1 5 0 998 00000000 2
1 5 0 999 00000000 2
1 5 0 1000 00000000 2
1 5 0 1001 00000000 2
1 5 0 1002 00000000 2
1 5 0 1003 00000000 2
1 5 0 1004 00000000 2
1 5 0 1005 00000000 2
1 5 0 1006 00000000 2
1 5 0 1007 00000000 2
1 5 0 1008 00000000 2
1 5 0 1009 00000000 2
1 5 0 1010 00000000 2
1 5 0 1011 00000000 2
1 5 0 1012 00000000 2
1 5 0 1013 00000000 2
1 5 0 1014 00000000 2
1 5 0 1015 00000000 2
1 5 0 1016 00000000 2
1 5 0 1017 00000000 2
1 5 0 1018 00000000 2
1 5 0 1019 00000000 2
1 5 0 1020 00000000 2
1 5 0 1021 00000000 2
1 5 0 1022 00000000 2
1 5 0 1023 00000000 2
2 0 0 0 A57E3505 2
2 0 0 1 A57E3505 2
2 0 0 2 A57EB504 2
2 0 0 3 A57E3505 2
2 0 0 4 A57EB504 2
2 0 0 5 A57F3503 2
2 0 0 6 A57FB502 2
2 0 0 7 A57FB502 2
2 0 0 8 A5803501 2
2 0 0 9 A580B500 2
2 0 0 10 A58134FF 2
2 0 0 11 A581B4FE 2
2 0 0 12 A582B4FC 2
2 0 0 13 A58334FB 2
2 0 0 14 A58434F9 2
2 0 0 15 A584B4F8 2
2 0 0 16 A585B4F6 2
2 0 0 17 A586B4F4 2
2 0 0 18 A58734F3 2
2 0 0 19 A588B4F0 2
2 0 0 20 A58934EF 2
2 0 0 21 A58AB4EC 2
2 0 0 22 A58C34E9 2
2 0 0 23 A58D34E7 2
2 0 0 24 A58E34E5 2
2 0 0 25 A58FB4E2 2
2 0 0 26 A59134DF 2
2 0 0 27 A592B4DC 2
2 0 0 28 A59434D9 2
2 0 0 29 A595B4D6 2
2 0 0 30 A597B4D2 2
2 0 0 31 A59934CF 2
2 0 0 32 A59B34CB 2
2 0 0 33 A59CB4C8 2
2 0 0 34 A59EB4C4 2
2 0 0 35 A5A0B4C0 2
2 0 0 36 A5A234BD 2
2 0 0 37 A5A4B4B8 2
2 0 0 38 A5A6B4B4 2
2 0 0 39 A5A8B4B0 2
2 0 0 40 A5AB34AB 2
2 0 0 41 A5AD34A7 2
2 0 0 42 A5AF34A3 2
2 0 0 43 A5B1B49E 2
2 0 0 44 A5B43499 2
2 0 0 45 A5B6B494 2
2 0 0 46 A5B9348F 2
2 0 0 47 A5BBB48A 2
2 0 0 48 A5BE3485 2
2 0 0 49 A5C1347F 2
2 0 0 50 A5C3B47A 2
2 0 0 51 A5C63475 2
2 0 0 52 A5C9B46E 2
2 0 0 53 A5CC3469 2
2 0 0 54 A5CF3463 2
2 0 0 55 A5D2345D 2
2 0 0 56 A5D53457 2
2 0 0 57 A5D8B450 2
2 0 0 58 A5DB344B 2
2 0 0 59 A5DEB444 2
2 0 0 60 A5E2343D 2
2 0 0 61 A5E53437 2
2 0 0 62 A5E8B430 2
2 0 0 63 A5EC3429 2
2 0 0 64 A5EFB422 2
2 0 0 65 A5F3341B 2
2 0 0 66 A5F63415 2
2 0 0 67 A5FA340D 2
2 0 0 68 A5FE3405 2
2 0 0 69 A60233FD 2
2 0 0 70 A605B3F6 2
2 0 0 71 A609B3EE 2
2 0 0 72 A60D33E7 2
2 0 0 73 A611B3DE 2
2 0 0 74 A61533D7 2
2 0 0 75 A61933CF 2
2 0 0 76 A61DB3C6 2
2 0 0 77 A621B3BE 2
2 0 0 78 A62633B5 2
2 0 0 79 A62A33AD 2
2 0 0 80 A62EB3A4 2
2 0 0 81 A633339B 2
2 0 0 82 A6373393 2
2 0 0 83 A63C3389 2
2 0 0 84 A640B380 2
2 0 0 85 A6453377 2
2 0 0 86 A64A336D 2
2 0 0 87 A64EB364 2
2 0 0 88 A653B35A 2
2 0 0 89 A6583351 2
2 0 0 90 A65D3347 2
2 0 0 91 A662333D 2
2 0 0 92 A6673333 2
2 0 0 93 A66C3329 2
2 0 0 94 A671331F 2
2 0 0 95 A6763315 2
2 0 0 96 A67BB30A 2
2 0 0 97 A68132FF 2
2 0 0 98 A68632F5 2
2 0 0 99 A68BB2EA 2
2 0 0 100 A690B2E0 2
2 0 0 101 A696B2D4 2
2 0 0 102 A69C32C9 2
2 0 0 103 A6A1B2BE 2
2 0 0 104 A6A732B3 2
2 0 0 105 A6AD32A7 2
2 0 0 106 A6B3329B 2
2 0 0 107 A6B83291 2
2 0 0 108 A6BE3285 2
2 0 0 109 A6C43279 2
2 0 0 110 A6CA326D 2
2 0 0 111 A6D03261 2
2 0 0 112 A6D63255 2
2 0 0 113 A6DCB248 2
2 0 0 114 A6E2B23C 2
2 0 0 115 A6E8B230 2
2 0 0 116 A6EF3223 2
2 0 0 117 A6F5B216 2
2 0 0 118 A6FC3209 2
2 0 0 119 A70231FD 2
2 0 0 120 A70931EF 2
2 0 0 121 A70F31E3 2
2 0 0 122 A71631D5 2
2 0 0 123 A71CB1C8 2
2 0 0 124 A723B1BA 2
2 0 0 125 A72A31AD 2
2 0 0 126 A730B1A0 2
2 0 0 127 A737B192 2
2 0 0 128 A73EB184 2
2 0 0 129 A7463175 2
2 0 0 130 A74D3167 2
2 0 0 131 A7543159 2
2 0 0 132 A75B314B 2
2 0 0 133 A762B13C 2
2 0 0 134 A769B12E 2
2 0 0 135 A771311F 2
2 0 0 136 A7783111 2
2 0 0 137 A77FB102 2
2 0 0 138 A78730F3 2
2 0 0 139 A78F30E3 2
2 0 0 140 A79630D5 2
2 0 0 141 A79DB0C6 2
2 0 0 142 A7A5B0B6 2
2 0 0 143 A7AD30A7 2
2 0 0 144 A7B4B098 2
2 0 0 145 A7BD3087 2
2 0 0 146 A7C4B078 2
2 0 0 147 A7CCB068 2
2 0 0 148 A7D4B058 2
2 0 0 149 A7DCB048 2
2 0 0 150 A7E4B038 2
2 0 0 151 A7ED3027 2
2 0 0 152 A7F5B016 2
2 0 0 153 A7FD3007 2
2 0 0 154 A805AFF6 2
2 0 0 155 A80E2FE5 2
2 0 0 156 A816AFD4 2
2 0 0 157 A81F2FC3 2
2 0 0 158 A827AFB2 2
2 0 0 159 A8302FA1 2
2 0 0 160 A838AF90 2
2 0 0 161 A841AF7E 2
2 0 0 162 A84AAF6C 2
2 0 0 163 A8532F5B 2
2 0 0 164 A85BAF4A 2
2 0 0 165 A8652F37 2
2 0 0 166 A86DAF26 2
2 0 0 167 A876AF14 2
2 0 0 168 A8802F01 2
2 0 0 169 A888AEF0 2
2 0 0 170 A8922EDD 2
2 0 0 171 A89B2ECB 2
2 0 0 172 A8A4AEB8 2
2 0 0 173 A8ADAEA6 2
2 0 0 174 A8B72E93 2
2 0 0 175 A8C0AE80 2
2 0 0 176 A8CAAE6C 2
2 0 0 177 A8D3AE5A 2
2 0 0 178 A8DD2E47 2
2 0 0 179 A8E72E33 2
2 0 0 180 A8F0AE20 2
2 0 0 181 A8FAAE0C 2
2 0 0 182 A9042DF9 2
2 0 0 183 A90E2DE5 2
2 0 0 184 A9182DD1 2
2 0 0 185 A9222DBD 2
2 0 0 186 A92C2DA9 2
2 0 0 187 A9362D95 2
2 0 0 188 A9402D81 2
2 0 0 189 A94AAD6C 2
2 0 0 190 A954AD58 2
2 0 0 191 A95EAD44 2
2 0 0 192 A968AD30 2
2 0 0 193 A973AD1A 2
2 0 0 194 A97DAD06 2
2 0 0 195 A988ACF0 2
2 0 0 196 A992ACDC 2
2 0 0 197 A99DACC6 2
2 0 0 198 A9A82CB1 2
2 0 0 199 A9B2AC9C 2
2 0 0 200 A9BD2C87 2
2 0 0 201 A9C82C71 2
2 0 0 202 A9D32C5B 2
2 0 0 203 A9DDAC46 2
2 0 0 204 A9E8AC30 2
2 0 0 205 A9F42C19 2
2 0 0 206 A9FF2C03 2
2 0 0 207 AA0A2BED 2
2 0 0 208 AA15ABD6 2
2 0 0 209 AA20ABC0 2
2 0 0 210 AA2BABAA 2
2 0 0 211 AA36AB94 2
2 0 0 212 AA42AB7C 2
2 0 0 213 AA4E2B65 2
2 0 0 214 AA592B4F 2
2 0 0 215 AA64AB38 2
2 0 0 216 AA702B21 2
2 0 0 217 AA7BAB0A 2
2 0 0 218 AA872AF3 2
2 0 0 219 AA932ADB 2
2 0 0 220 AA9F2AC3 2
2 0 0 221 AAAAAAAC 2
2 0 0 222 AAB6AA94 2
2 0 0 223 AAC2AA7C 2
2 0 0 224 AACEAA64 2
2 0 0 225 AADAAA4C 2
2 0 0 226 AAE72A33 2
2 0 0 227 AAF2AA1C 2
2 0 0 228 AAFF2A03 2
2 0 0 229 AB0B29EB 2
2 0 0 230 AB17A9D2 2
2 0 0 231 AB2429B9 2
2 0 0 232 AB3029A1 2
2 0 0 233 AB3CA988 2
2 0 0 234 AB49296F 2
2 0 0 235 AB562955 2
2 0 0 236 AB62293D 2
2 0 0 237 AB6EA924 2
2 0 0 238 AB7BA90A 2
2 0 0 239 AB8828F1 2
2 0 0 240 AB9528D7 2
2 0 0 241 ABA228BD 2
2 0 0 242 ABAEA8A4 2
2 0 0 243 ABBBA88A 2
2 0 0 244 ABC8A870 2
2 0 0 245 ABD5A856 2
2 0 0 246 ABE2A83C 2
2 0 0 247 ABF02821 2
2 0 0 248 ABFDA806 2
2 0 0 249 AC0AA7EC 2
2 0 0 250 AC17A7D2 2
2 0 0 251 AC25A7B6 2
2 0 0 252 AC32A79C 2
2 0 0 253 AC402781 2
2 0 0 254 AC4DA766 2
2 0 0 255 AC5B274B 2
2 0 0 256 AC68A730 2
2 0 0 257 AC76A714 2
2 0 0 258 AC83A6FA 2
2 0 0 259 AC91A6DE 2
2 0 0 260 AC9FA6C2 2
2 0 0 261 ACADA6A6 2
2 0 0 262 ACBBA68A 2
2 0 0 263 ACC9266F 2
2 0 0 264 ACD72653 2
2 0 0 265 ACE5A636 2
2 0 0 266 ACF3261B 2
2 0 0 267 AD01A5FE 2
2 0 0 268 AD0FA5E2 2
2 0 0 269 AD1E25C5 2
2 0 0 270 AD2CA5A8 2
2 0 0 271 AD3B258B 2
2 0 0 272 AD49256F 2
2 0 0 273 AD57A552 2
2 0 0 274 AD662535 2
2 0 0 275 AD74A518 2
2 0 0 276 AD8324FB 2
2 0 0 277 AD91A4DE 2
2 0 0 278 ADA0A4C0 2
2 0 0 279 ADAF24A3 2
2 0 0 280 ADBEA484 2
2 0 0 281 ADCD2467 2
2 0 0 282 ADDC2449 2
2 0 0 283 ADEAA42C 2
2 0 0 284 ADF9A40E 2
2 0 0 285 AE0923EF 2
2 0 0 286 AE1823D1 2
2 0 0 287 AE2723B3 2
2 0 0 288 AE362395 2
2 0 0 289 AE45A376 2
2 0 0 290 AE54A358 2
2 0 0 291 AE64A338 2
2 0 0 292 AE73A31A 2
2 0 0 293 AE82A2FC 2
2 0 0 294 AE92A2DC 2
2 0 0 295 AEA222BD 2
2 0 0 296 AEB1A29E 2
2 0 0 297 AEC1A27E 2
2 0 0 298 AED1225F 2
2 0 0 299 AEE1223F 2
2 0 0 300 AEF02221 2
2 0 0 301 AF00A200 2
2 0 0 302 AF10A1E0 2
2 0 0 303 AF2021C1 2
2 0 0 304 AF3021A1 2
2 0 0 305 AF402181 2
2 0 0 306 AF50A160 2
2 0 0 307 AF602141 2
2 0 0 308 AF70A120 2
2 0 0 309 AF80A100 2
2 0 0 310 AF9120DF 2
2 0 0 311 AFA1A0BE 2
2 0 0 312 AFB1A09E 2
2 0 0 313 AFC2207D 2
2 0 0 314 AFD2A05C 2
2 0 0 315 AFE3203B 2
2 0 0 316 AFF42019 2
2 0 0 317 B0049FF8 2
2 0 0 318 B0151FD7 2
2 0 0 319 B0259FB6 2
2 0 0 320 B0369F94 2
2 0 0 321 B0471F73 2
2 0 0 322 B0581F51 2
2 0 0 323 B0689F30 2
2 0 0 324 B07A1F0D 2
2 0 0 325 B08B1EEB 2
2 0 0 326 B09C1EC9 2
2 0 0 327 B0AD1EA7 2
2 0 0 328 B0BE9E84 2
2 0 0 329 B0CF9E62 2
2 0 0 330 B0E09E40 2
2 0 0 331 B0F21E1D 2
2 0 0 332 B1031DFB 2
2 0 0 333 B1149DD8 2
2 0 0 334 B1261DB5 2
2 0 0 335 B1379D92 2
2 0 0 336 B1491D6F 2
2 0 0 337 B15A9D4C 2
2 0 0 338 B16C9D28 2
2 0 0 339 B17E1D05 2
2 0 0 340 B18F9CE2 2
2 0 0 341 B1A11CBF 2
2 0 0 342 B1B31C9B 2
2 0 0 343 B1C51C77 2
2 0 0 344 B1D71C53 2
2 0 0 345 B1E89C30 2
2 0 0 346 B1FA9C0C 2
2 0 0 347 B20D1BE7 2
2 0 0 348 B21E9BC4 2
2 0 0 349 B2311B9F 2
2 0 0 350 B2431B7B 2
2 0 0 351 B2559B56 2
2 0 0 352 B2679B32 2
2 0 0 353 B27A1B0D 2
2 0 0 354 B28C9AE8 2
2 0 0 355 B29F1AC3 2
2 0 0 356 B2B19A9E 2
2 0 0 357 B2C39A7A 2
2 0 0 358 B2D61A55 2
2 0 0 359 B2E91A2F 2
2 0 0 360 B2FB9A0A 2
2 0 0 361 B30E19E5 2
2 0 0 362 B32119BF 2
2 0 0 363 B3341999 2
2 0 0 364 B3469974 2
2 0 0 365 B359994E 2
2 0 0 366 B36C9928 2
2 0 0 367 B37F9902 2
2 0 0 368 B39298DC 2
2 0 0 369 B3A598B6 2
2 0 0 370 B3B89890 2
2 0 0 371 B3CB986A 2
2 0 0 372 B3DE9844 2
2 0 0 373 B3F2181D 2
2 0 0 374 B40597F6 2
2 0 0 375 B41917CF 2
2 0 0 376 B42C17A9 2
2 0 0 377 B43F9782 2
2 0 0 378 B453175B 2
2 0 0 379 B4671733 2
2 0 0 380 B47A170D 2
2 0 0 381 B48D96E6 2
2 0 0 382 B4A116BF 2
2 0 0 383 B4B59696 2
2 0 0 384 B4C9166F 2
2 0 0 385 B4DC9648 2
2 0 0 386 B4F09620 2
2 0 0 387 B50495F8 2
2 0 0 388 B51815D1 2
2 0 0 389 B52C95A8 2
2 0 0 390 B5401581 2
2 0 0 391 B5541559 2
2 0 0 392 B5689530 2
2 0 0 393 B57C9508 2
2 0 0 394 B59114DF 2
2 0 0 395 B5A514B7 2
2 0 0 396 B5B9948E 2
2 0 0 397 B5CD9466 2
2 0 0 398 B5E2143D 2
2 0 0 399 B5F69414 2
2 0 0 400 B60B13EB 2
2 0 0 401 B61F93C2 2
2 0 0 402 B6341399 2
2 0 0 403 B6489370 2
2 0 0 404 B65D9346 2
2 0 0 405 B672131D 2
2 0 0 406 B68692F4 2
2 0 0 407 B69B92CA 2
2 0 0 408 B6B012A1 2
2 0 0 409 B6C51277 2
2 0 0 410 B6DA124D 2
2 0 0 411 B6EF1223 2
2 0 0 412 B70411F9 2
2 0 0 413 B71911CF 2
2 0 0 414 B72E11A5 2
2 0 0 415 B743117B 2
2 0 0 416 B7589150 2
2 0 0 417 B76E1125 2
2 0 0 418 B78290FC 2
2 0 0 419 B79810D1 2
2 0 0 420 B7AD90A6 2
2 0 0 421 B7C3107B 2
2 0 0 422 B7D81051 2
2 0 0 423 B7ED9026 2
2 0 0 424 B8038FFA 2
2 0 0 425 B8190FCF 2
2 0 0 426 B82E8FA4 2
2 0 0 427 B8440F79 2
2 0 0 428 B8598F4E 2
2 0 0 429 B86F8F22 2
2 0 0 430 B8858EF6 2
2 0 0 431 B89B8ECA 2
2 0 0 432 B8B10E9F 2
2 0 0 433 B8C70E73 2
2 0 0 434 B8DD0E47 2
2 0 0 435 B8F30E1B 2
2 0 0 436 B9090DEF 2
2 0 0 437 B91F0DC3 2
2 0 0 438 B9350D97 2
2 0 0 439 B94B0D6B 2
2 0 0 440 B9618D3E 2
2 0 0 441 B9778D12 2
2 0 0 442 B98E0CE5 2
2 0 0 443 B9A48CB8 2
2 0 0 444 B9BB0C8B 2
2 0 0 445 B9D10C5F 2
2 0 0 446 B9E78C32 2
2 0 0 447 B9FE0C05 2
2 0 0 448 BA148BD8 2
2 0 0 449 BA2B0BAB 2
2 0 0 450 BA420B7D 2
2 0 0 451 BA588B50 2
2 0 0 452 BA6F0B23 2
2 0 0 453 BA860AF5 2
2 0 0 454 BA9C8AC8 2
2 0 0 455 BAB40A99 2
2 0 0 456 BACB0A6B 2
2 0 0 457 BAE18A3E 2
2 0 0 458 BAF88A10 2
2 0 0 459 BB0F89E2 2
2 0 0 460 BB2689B4 2
2 0 0 461 BB3D8986 2
2 0 0 462 BB548958 2
2 0 0 463 BB6C0929 2
2 0 0 464 BB8388FA 2
2 0 0 465 BB9A88CC 2
2 0 0 466 BBB2089D 2
2 0 0 467 BBC9086F 2
2 0 0 468 BBE08840 2
2 0 0 469 BBF80811 2
2 0 0 470 BC0F07E3 2
2 0 0 471 BC2707B3 2
2 0 0 472 BC3E8784 2
2 0 0 473 BC560755 2
2 0 0 474 BC6D8726 2
2 0 0 475 BC8506F7 2
2 0 0 476 BC9D06C7 2
2 0 0 477 BCB50697 2
2 0 0 478 BCCC8668 2
2 0 0 479 BCE48638 2
2 0 0 480 BCFC0609 2
2 0 0 481 BD1405D9 2
2 0 0 482 BD2C85A8 2
2 0 0 483 BD440579 2
2 0 0 484 BD5C0549 2
2 0 0 485 BD740519 2
2 0 0 486 BD8C84E8 2
2 0 0 487 BDA484B8 2
2 0 0 488 BDBC8488 2
2 0 0 489 BDD50457 2
2 0 0 490 BDED0427 2
2 0 0 491 BE0583F6 2
2 0 0 492 BE1E03C5 2
2 0 0 493 BE360395 2
2 0 0 494 BE4E8364 2
2 0 0 495 BE670333 2
2 0 0 496 BE7F8302 2
2 0 0 497 BE9802D1 2
2 0 0 498 BEB082A0 2
2 0 0 499 BEC9826E 2
2 0 0 500 BEE2023D 2
2 0 0 501 BEFA820C 2
2 0 0 502 BF1301DB 2
2 0 0 503 BF2C81A8 2
2 0 0 504 BF450177 2
2 0 0 505 BF5E0145 2
2 0 0 506 BF770113 2
2 0 0 507 BF9000E1 2
2 0 0 508 BFA900AF 2
2 0 0 509 BFC2007D 2
2 0 0 510 BFDB804A 2
2 0 0 511 BFF48018 2
2 0 0 512 C00D7FE6 2
2 0 0 513 C0267FB4 2
2 0 0 514 C03FFF81 2
2 0 0 515 C058FF4F 2
2 0 0 516 C071FF1D 2
2 0 0 517 C08AFEEB 2
2 0 0 518 C0A4FEB7 2
2 0 0 519 C0BDFE85 2
2 0 0 520 C0D77E52 2
2 0 0 521 C0F0FE1F 2
2 0 0 522 C10A7DEC 2
2 0 0 523 C123FDB9 2
2 0 0 524 C13D7D86 2
2 0 0 525 C1577D52 2
2 0 0 526 C170FD1F 2
2 0 0 527 C18A7CEC 2
2 0 0 528 C1A3FCB9 2
2 0 0 529 C1BE7C84 2
2 0 0 530 C1D7FC51 2
2 0 0 531 C1F1FC1D 2
2 0 0 532 C20B7BEA 2
2 0 0 533 C225FBB5 2
2 0 0 534 C23FFB81 2
2 0 0 535 C2597B4E 2
2 0 0 536 C2737B1A 2
2 0 0 537 C28D7AE6 2
2 0 0 538 C2A7FAB1 2
2 0 0 539 C2C1FA7D 2
2 0 0 540 C2DBFA49 2
2 0 0 541 C2F67A14 2
2 0 0 542 C310F9DF 2
2 0 0 543 C32AF9AB 2
2 0 0 544 C3457976 2
2 0 0 545 C35F7942 2
2 0 0 546 C379F90D 2
2 0 0 547 C394F8D7 2
2 0 0 548 C3AEF8A3 2
2 0 0 549 C3C9786E 2
2 0 0 550 C3E3F839 2
2 0 0 551 C3FE7804 2
2 0 0 552 C418F7CF 2
2 0 0 553 C433F799 2
2 0 0 554 C44EF763 2
2 0 0 555 C469772E 2
2 0 0 556 C483F6F9 2
2 0 0 557 C49EF6C3 2
2 0 0 558 C4B9768E 2
2 0 0 559 C4D47658 2
2 0 0 560 C4EFF621 2
2 0 0 561 C50A75EC 2
2 0 0 562 C52575B6 2
2 0 0 563 C5407580 2
2 0 0 564 C55B754A 2
2 0 0 565 C5767514 2
2 0 0 566 C59174DE 2
2 0 0 567 C5ACF4A7 2
2 0 0 568 C5C7F471 2
2 0 0 569 C5E3743A 2
2 0 0 570 C5FEF403 2
2 0 0 571 C619F3CD 2
2 0 0 572 C6357396 2
2 0 0 573 C650F35F 2
2 0 0 574 C66BF329 2
2 0 0 575 C68772F2 2
2 0 0 576 C6A2F2BB 2
2 0 0 577 C6BE7284 2
2 0 0 578 C6D9F24D 2
2 0 0 579 C6F5F215 2
2 0 0 580 C71171DE 2
2 0 0 581 C72CF1A7 2
2 0 0 582 C7487170 2
2 0 0 583 C7647138 2
2 0 0 584 C77FF101 2
2 0 0 585 C79BF0C9 2
2 0 0 586 C7B7F091 2
2 0 0 587 C7D3F059 2
2 0 0 588 C7EEF023 2
2 0 0 589 C80AEFEB 2
2 0 0 590 C826EFB3 2
2 0 0 591 C842EF7B 2
2 0 0 592 C85F6F42 2
2 0 0 593 C87B6F0A 2
2 0 0 594 C8976ED2 2
2 0 0 595 C8B36E9A 2
2 0 0 596 C8CFEE61 2
2 0 0 597 C8EB6E2A 2
2 0 0 598 C907EDF1 2
2 0 0 599 C9246DB8 2
2 0 0 600 C9406D80 2
2 0 0 601 C95CED47 2
2 0 0 602 C978ED0F 2
2 0 0 603 C9956CD6 2
2 0 0 604 C9B1EC9D 2
2 0 0 605 C9CE6C64 2
2 0 0 606 C9EAEC2B 2
2 0 0 607 CA076BF2 2
2 0 0 608 CA23EBB9 2
2 0 0 609 CA40EB7F 2
2 0 0 610 CA5CEB47 2
2 0 0 611 CA79EB0D 2
2 0 0 612 CA96EAD3 2
2 0 0 613 CAB2EA9B 2
2 0 0 614 CACFEA61 2
2 0 0 615 CAECEA27 2
2 0 0 616 CB0969EE 2
2 0 0 617 CB2669B4 2
2 0 0 618 CB42E97B 2
2 0 0 619 CB606940 2
2 0 0 620 CB7D6906 2
2 0 0 621 CB99E8CD 2
2 0 0 622 CBB76892 2
2 0 0 623 CBD3E859 2
2 0 0 624 CBF1681E 2
2 0 0 625 CC0DE7E5 2
2 0 0 626 CC2B67AA 2
2 0 0 627 CC486770 2
2 0 0 628 CC65E735 2
2 0 0 629 CC82E6FB 2
2 0 0 630 CCA066C0 2
2 0 0 631 CCBD6686 2
2 0 0 632 CCDAE64B 2
2 0 0 633 CCF7E611 2
2 0 0 634 CD1565D6 2
2 0 0 635 CD32E59B 2
2 0 0 636 CD506560 2
2 0 0 637 CD6D6526 2
2 0 0 638 CD8B64EA 2
2 0 0 639 CDA8E4AF 2
2 0 0 640 CDC66474 2
2 0 0 641 CDE3E439 2
2 0 0 642 CE0163FE 2
2 0 0 643 CE1EE3C3 2
2 0 0 644 CE3CE387 2
2 0 0 645 CE5AE34B 2
2 0 0 646 CE786310 2
2 0 0 647 CE95E2D5 2
2 0 0 648 CEB3E299 2
2 0 0 649 CED1625E 2
2 0 0 650 CEEFE221 2
2 0 0 651 CF0D61E6 2
2 0 0 652 CF2B61AA 2
2 0 0 653 CF49616E 2
2 0 0 654 CF676132 2
2 0 0 655 CF8560F6 2
2 0 0 656 CFA360BA 2
2 0 0 657 CFC1607E 2
2 0 0 658 CFDF6042 2
2 0 0 659 CFFD6006 2
2 0 0 660 D01BDFC9 2
2 0 0 661 D039DF8D 2
2 0 0 662 D057DF51 2
2 0 0 663 D0765F14 2
2 0 0 664 D094DED7 2
2 0 0 665 D0B2DE9B 2
2 0 0 666 D0D15E5E 2
2 0 0 667 D0EF5E22 2
2 0 0 668 D10DDDE5 2
2 0 0 669 D12C5DA8 2
2 0 0 670 D14ADD6B 2
2 0 0 671 D1695D2E 2
2 0 0 672 D1875CF2 2
2 0 0 673 D1A5DCB5 2
2 0 0 674 D1C4DC77 2
2 0 0 675 D1E35C3A 2
2 0 0 676 D201DBFD 2
2 0 0 677 D2205BC0 2
2 0 0 678 D23F5B82 2
2 0 0 679 D25DDB45 2
2 0 0 680 D27CDB07 2
2 0 0 681 D29ADACB 2
2 0 0 682 D2B9DA8D 2
2 0 0 683 D2D85A50 2
2 0 0 684 D2F7DA11 2
2 0 0 685 D31659D4 2
2 0 0 686 D3355996 2
2 0 0 687 D353D959 2
2 0 0 688 D373591A 2
2 0 0 689 D391D8DD 2
2 0 0 690 D3B1589E 2
2 0 0 691 D3CFD861 2
2 0 0 692 D3EED823 2
2 0 0 693 D40E57E4 2
2 0 0 694 D42D57A6 2
2 0 0 695 D44C5768 2
2 0 0 696 D46BD729 2
2 0 0 697 D48AD6EB 2
2 0 0 698 D4A9D6AD 2
2 0 0 699 D4C8D66F 2
2 0 0 700 D4E85630 2
2 0 0 701 D507D5F1 2
2 0 0 702 D526D5B3 2
2 0 0 703 D5465574 2
2 0 0 704 D5655536 2
2 0 0 705 D584D4F7 2
2 0 0 706 D5A454B8 2
2 0 0 707 D5C3D479 2
2 0 0 708 D5E2D43B 2
2 0 0 709 D60253FC 2
2 0 0 710 D621D3BD 2
2 0 0 711 D641537E 2
2 0 0 712 D661533E 2
2 0 0 713 D680D2FF 2
2 0 0 714 D6A052C0 2
2 0 0 715 D6C05280 2
2 0 0 716 D6DFD241 2
2 0 0 717 D6FF5202 2
2 0 0 718 D71ED1C3 2
2 0 0 719 D73ED183 2
2 0 0 720 D75ED143 2
2 0 0 721 D77E5104 2
2 0 0 722 D79E50C4 2
2 0 0 723 D7BDD085 2
2 0 0 724 D7DDD045 2
2 0 0 725 D7FDD005 2
2 0 0 726 D81D4FC6 2
2 0 0 727 D83D4F86 2
2 0 0 728 D85DCF45 2
2 0 0 729 D87D4F06 2
2 0 0 730 D89D4EC6 2
2 0 0 731 D8BD4E86 2
2 0 0 732 D8DD4E46 2
2 0 0 733 D8FD4E06 2
2 0 0 734 D91D4DC6 2
2 0 0 735 D93DCD85 2
2 0 0 736 D95DCD45 2
2 0 0 737 D97DCD05 2
2 0 0 738 D99DCCC5 2
2 0 0 739 D9BE4C84 2
2 0 0 740 D9DE4C44 2
2 0 0 741 D9FECC03 2
2 0 0 742 DA1ECBC3 2
2 0 0 743 DA3F4B82 2
2 0 0 744 DA5FCB41 2
2 0 0 745 DA804B00 2
2 0 0 746 DAA04AC0 2
2 0 0 747 DAC0CA7F 2
2 0 0 748 DAE14A3E 2
2 0 0 749 DB01C9FD 2
2 0 0 750 DB2249BC 2
2 0 0 751 DB42C97B 2
2 0 0 752 DB62C93B 2
2 0 0 753 DB8348FA 2
2 0 0 754 DBA3C8B9 2
2 0 0 755 DBC44878 2
2 0 0 756 DBE54836 2
2 0 0 757 DC05C7F5 2
2 0 0 758 DC2647B4 2
2 0 0 759 DC46C773 2
2 0 0 760 DC67C731 2
2 0 0 761 DC8846F0 2
2 0 0 762 DCA946AE 2
2 0 0 763 DCC9466E 2
2 0 0 764 DCEA462C 2
2 0 0 765 DD0B45EA 2
2 0 0 766 DD2C45A8 2
2 0 0 767 DD4D4566 2
2 0 0 768 DD6DC525 2
2 0 0 769 DD8E44E4 2
2 0 0 770 DDAFC4A1 2
2 0 0 771 DDD04460 2
2 0 0 772 DDF1441E 2
2 0 0 773 DE1243DC 2
2 0 0 774 DE33439A 2
2 0 0 775 DE544358 2
2 0 0 776 DE74C317 2
2 0 0 777 DE9642D4 2
2 0 0 778 DEB74292 2
2 0 0 779 DED84250 2
2 0 0 780 DEF9420E 2
2 0 0 781 DF1A41CC 2
2 0 0 782 DF3BC189 2
2 0 0 783 DF5CC147 2
2 0 0 784 DF7DC105 2
2 0 0 785 DF9F40C2 2
2 0 0 786 DFC04080 2
2 0 0 787 DFE1C03D 2
2 0 0 788 E002BFFB 2
2 0 0 789 E023BFB9 2
2 0 0 790 E0453F76 2
2 0 0 791 E066BF33 2
2 0 0 792 E087BEF1 2
2 0 0 793 E0A93EAE 2
2 0 0 794 E0CABE6B 2
2 0 0 795 E0EBBE29 2
2 0 0 796 E10D3DE6 2
2 0 0 797 E12EBDA3 2
2 0 0 798 E1503D60 2
2 0 0 799 E1713D1E 2
2 0 0 800 E1933CDA 2
2 0 0 801 E1B43C98 2
2 0 0 802 E1D63C54 2
2 0 0 803 E1F7BC11 2
2 0 0 804 E218BBCF 2
2 0 0 805 E23ABB8B 2
2 0 0 806 E25C3B48 2
2 0 0 807 E27DBB05 2
2 0 0 808 E29F3AC2 2
2 0 0 809 E2C0BA7F 2
2 0 0 810 E2E2BA3B 2
2 0 0 811 E30439F8 2
2 0 0 812 E32639B4 2
2 0 0 813 E3483970 2
2 0 0 814 E369392E 2
2 0 0 815 E38B38EA 2
2 0 0 816 E3ACB8A7 2
2 0 0 817 E3CEB863 2
2 0 0 818 E3F0B81F 2
2 0 0 819 E41237DC 2
2 0 0 820 E4343798 2
2 0 0 821 E455B755 2
2 0 0 822 E477B711 2
2 0 0 823 E499B6CD 2
2 0 0 824 E4BB368A 2
2 0 0 825 E4DDB645 2
2 0 0 826 E4FF3602 2
2 0 0 827 E52135BE 2
2 0 0 828 E543357A 2
2 0 0 829 E5653536 2
2 0 0 830 E58734F2 2
2 0 0 831 E5A934AE 2
2 0 0 832 E5CB346A 2
2 0 0 833 E5ED3426 2
2 0 0 834 E60F33E2 2
2 0 0 835 E631B39D 2
2 0 0 836 E653B359 2
2 0 0 837 E675B315 2
2 0 0 838 E697B2D1 2
2 0 0 839 E6B9B28D 2
2 0 0 840 E6DBB249 2
2 0 0 841 E6FDB205 2
2 0 0 842 E72031C0 2
2 0 0 843 E742317C 2
2 0 0 844 E764B137 2
2 0 0 845 E786B0F3 2
2 0 0 846 E7A930AE 2
2 0 0 847 E7CB306A 2
2 0 0 848 E7ED3026 2
2 0 0 849 E80FAFE1 2
2 0 0 850 E8322F9C 2
2 0 0 851 E8542F58 2
2 0 0 852 E876AF13 2
2 0 0 853 E898AECF 2
2 0 0 854 E8BB2E8A 2
2 0 0 855 E8DDAE45 2
2 0 0 856 E9002E00 2
2 0 0 857 E9222DBC 2
2 0 0 858 E944AD77 2
2 0 0 859 E9672D32 2
2 0 0 860 E989ACED 2
2 0 0 861 E9AC2CA8 2
2 0 0 862 E9CE2C64 2
2 0 0 863 E9F12C1E 2
2 0 0 864 EA13ABD9 2
2 0 0 865 EA362B94 2
2 0 0 866 EA58AB4F 2
2 0 0 867 EA7B2B0A 2
2 0 0 868 EA9DAAC5 2
2 0 0 869 EAC02A80 2
2 0 0 870 EAE2AA3B 2
2 0 0 871 EB0529F6 2
2 0 0 872 EB27A9B1 2
2 0 0 873 EB4A296C 2
2 0 0 874 EB6D2926 2
2 0 0 875 EB8F28E2 2
2 0 0 876 EBB2289C 2
2 0 0 877 EBD52856 2
2 0 0 878 EBF7A811 2
2 0 0 879 EC1A27CC 2
2 0 0 880 EC3CA787 2
2 0 0 881 EC5F2742 2
2 0 0 882 EC8226FC 2
2 0 0 883 ECA4A6B7 2
2 0 0 884 ECC7A671 2
2 0 0 885 ECEAA62B 2
2 0 0 886 ED0D25E6 2
2 0 0 887 ED2FA5A1 2
2 0 0 888 ED52A55B 2
2 0 0 889 ED752516 2
2 0 0 890 ED9824D0 2
2 0 0 891 EDBAA48B 2
2 0 0 892 EDDDA445 2
2 0 0 893 EE00A3FF 2
2 0 0 894 EE23A3B9 2
2 0 0 895 EE462374 2
2 0 0 896 EE69232E 2
2 0 0 897 EE8C22E8 2
2 0 0 898 EEAEA2A3 2
2 0 0 899 EED2225C 2
2 0 0 900 EEF52216 2
2 0 0 901 EF17A1D1 2
2 0 0 902 EF3AA18B 2
2 0 0 903 EF5DA145 2
2 0 0 904 EF80A0FF 2
2 0 0 905 EFA3A0B9 2
2 0 0 906 EFC62074 2
2 0 0 907 EFE9A02D 2
2 0 0 908 F00C1FE8 2
2 0 0 909 F02F1FA2 2
2 0 0 910 F0521F5C 2
2 0 0 911 F0759F15 2
2 0 0 912 F0989ECF 2
2 0 0 913 F0BB9E89 2
2 0 0 914 F0DE9E43 2
2 0 0 915 F1019DFD 2
2 0 0 916 F1249DB7 2
2 0 0 917 F1479D71 2
2 0 0 918 F16A9D2B 2
2 0 0 919 F18D9CE5 2
2 0 0 920 F1B11C9E 2
2 0 0 921 F1D39C59 2
2 0 0 922 F1F71C12 2
2 0 0 923 F21A1BCC 2
2 0 0 924 F23D1B86 2
2 0 0 925 F2609B3F 2
2 0 0 926 F2839AF9 2
2 0 0 927 F2A71AB2 2
2 0 0 928 F2C99A6D 2
2 0 0 929 F2EC9A27 2
2 0 0 930 F31099DF 2
2 0 0 931 F3339999 2
2 0 0 932 F3569953 2
2 0 0 933 F379990D 2
2 0 0 934 F39C98C7 2
2 0 0 935 F3C01880 2
2 0 0 936 F3E3183A 2
2 0 0 937 F40697F3 2
2 0 0 938 F42997AD 2
2 0 0 939 F44D1766 2
2 0 0 940 F470971F 2
2 0 0 941 F49396D9 2
2 0 0 942 F4B69693 2
2 0 0 943 F4DA164C 2
2 0 0 944 F4FD9605 2
2 0 0 945 F52095BF 2
2 0 0 946 F5441578 2
2 0 0 947 F5671532 2
2 0 0 948 F58A94EB 2
2 0 0 949 F5AD94A5 2
2 0 0 950 F5D1145E 2
2 0 0 951 F5F49417 2
2 0 0 952 F61813D0 2
2 0 0 953 F63B138A 2
2 0 0 954 F65E9343 2
2 0 0 955 F68192FD 2
2 0 0 956 F6A592B5 2
2 0 0 957 F6C8926F 2
2 0 0 958 F6EB9229 2
2 0 0 959 F70F11E2 2
2 0 0 960 F732919B 2
2 0 0 961 F7561154 2
2 0 0 962 F779910D 2
2 0 0 963 F79C90C7 2
2 0 0 964 F7C01080 2
2 0 0 965 F7E39039 2
2 0 0 966 F8070FF2 2
2 0 0 967 F82A8FAB 2
2 0 0 968 F84D8F65 2
2 0 0 969 F8718F1D 2
2 0 0 970 F8948ED7 2
2 0 0 971 F8B80E90 2
2 0 0 972 F8DB8E49 2
2 0 0 973 F8FF0E02 2
2 0 0 974 F9228DBB 2
2 0 0 975 F9458D75 2
2 0 0 976 F9690D2E 2
2 0 0 977 F98C8CE7 2
2 0 0 978 F9B00CA0 2
2 0 0 979 F9D38C59 2
2 0 0 980 F9F70C12 2
2 0 0 981 FA1A8BCB 2
2 0 0 982 FA3D8B85 2
2 0 0 983 FA618B3D 2
2 0 0 984 FA850AF6 2
2 0 0 985 FAA80AB0 2
2 0 0 986 FACC0A68 2
2 0 0 987 FAEF8A21 2
2 0 0 988 FB1309DA 2
2 0 0 989 FB360994 2
2 0 0 990 FB5A094C 2
2 0 0 991 FB7D8905 2
2 0 0 992 FBA088BF 2
2 0 0 993 FBC40878 2
2 0 0 994 FBE80830 2
2 0 0 995 FC0B87E9 2
2 0 0 996 FC2F07A2 2
2 0 0 997 FC52875B 2
2 0 0 998 FC760714 2
2 0 0 999 FC9986CD 2
2 0 0 1000 FCBC8687 2
2 0 0 1001 FCE0863F 2
2 0 0 1002 FD0405F8 2
2 0 0 1003 FD2785B1 2
2 0 0 1004 FD4B056A 2
2 0 0 1005 FD6E8523 2
2 0 0 1006 FD9204DC 2
2 0 0 1007 FDB60494 2
2 0 0 1008 FDD9044E 2
2 0 0 1009 FDFC8407 2
2 0 0 1010 FE2083BF 2
2 0 0 1011 FE440378 2
2 0 0 1012 FE670332 2
2 0 0 1013 FE8A82EB 2
2 0 0 1014 FEAE02A4 2
2 0 0 1015 FED1825D 2
2 0 0 1016 FEF50216 2
2 0 0 1017 FF1901CE 2
2 0 0 1018 FF3C8187 2
2 0 0 1019 FF600140 2
2 0 0 1020 FF8380F9 2
2 0 0 1021 FFA700B2 2
2 0 0 1022 FFCA806B 2
2 0 0 1023 FFEE8023 2
2 1 0 0 5A828000 2
2 1 0 1 5A820000 2
2 1 0 2 5A820000 2
2 1 0 3 5A818000 2
2 1 0 4 5A810000 2
2 1 0 5 5A7F8000 2
2 1 0 6 5A7E8000 2
2 1 0 7 5A7D0000 2
2 1 0 8 5A7B8000 2
2 1 0 9 5A7A0000 2
2 1 0 10 5A788000 2
2 1 0 11 5A768000 2
2 1 0 12 5A748000 2
2 1 0 13 5A720000 2
2 1 0 14 5A6F8000 2
2 1 0 15 5A6C8000 2
2 1 0 16 5A6A0000 2
2 1 0 17 5A670000 2
2 1 0 18 5A638000 2
2 1 0 19 5A600000 2
2 1 0 20 5A5C8000 2
2 1 0 21 5A590000 2
2 1 0 22 5A550000 2
2 1 0 23 5A508000 2
2 1 0 24 5A4C8000 2
2 1 0 25 5A480000 2
2 1 0 26 5A438000 2
2 1 0 27 5A3E8000 2
2 1 0 28 5A398000 2
2 1 0 29 5A348000 2
2 1 0 30 5A2E8000 2
2 1 0 31 5A298000 2
2 1 0 32 5A238000 2
2 1 0 33 5A1E0000 2
2 1 0 34 5A180000 2
2 1 0 35 5A118000 2
2 1 0 36 5A0B8000 2
2 1 0 37 5A048000 2
2 1 0 38 59FE0000 2
2 1 0 39 59F68000 2
2 1 0 40 59F00000 2
2 1 0 41 59E88000 2
2 1 0 42 59E10000 2
2 1 0 43 59D98000 2
2 1 0 44 59D18000 2
2 1 0 45 59C98000 2
2 1 0 46 59C18000 2
2 1 0 47 59B98000 2
2 1 0 48 59B10000 2
2 1 0 49 59A88000 2
2 1 0 50 599F8000 2
2 1 0 51 59968000 2
2 1 0 52 598D8000 2
2 1 0 53 59848000 2
2 1 0 54 597B0000 2
2 1 0 55 59710000 2
2 1 0 56 59678000 2
2 1 0 57 595D8000 2
2 1 0 58 59538000 2
2 1 0 59 59490000 2
2 1 0 60 593F0000 2
2 1 0 61 59340000 2
2 1 0 62 592A0000 2
2 1 0 63 591E8000 2
2 1 0 64 59138000 2
2 1 0 65 59088000 2
2 1 0 66 58FD0000 2
2 1 0 67 58F18000 2
2 1 0 68 58E60000 2
2 1 0 69 58DA0000 2
2 1 0 70 58CE0000 2
2 1 0 71 58C20000 2
2 1 0 72 58B60000 2
2 1 0 73 58A90000 2
2 1 0 74 589D0000 2
2 1 0 75 58908000 2
2 1 0 76 58830000 2
2 1 0 77 58768000 2
2 1 0 78 58690000 2
2 1 0 79 585C0000 2
2 1 0 80 584E8000 2
2 1 0 81 58410000 2
2 1 0 82 58330000 2
2 1 0 83 58250000 2
2 1 0 84 58178000 2
2 1 0 85 58090000 2
2 1 0 86 57FB0000 2
2 1 0 87 57EC8000 2
2 1 0 88 57DE0000 2
2 1 0 89 57CF8000 2
2 1 0 90 57C08000 2
2 1 0 91 57B18000 2
2 1 0 92 57A20000 2
2 1 0 93 57930000 2
2 1 0 94 57840000 2
2 1 0 95 57748000 2
2 1 0 96 57648000 2
2 1 0 97 57550000 2
2 1 0 98 57450000 2
2 1 0 99 57350000 2
2 1 0 100 57248000 2
2 1 0 101 57150000 2
2 1 0 102 57048000 2
2 1 0 103 56F40000 2
2 1 0 104 56E30000 2
2 1 0 105 56D28000 2
2 1 0 106 56C20000 2
2 1 0 107 56B10000 2
2 1 0 108 569F8000 2
2 1 0 109 568E8000 2
2 1 0 110 567D8000 2
2 1 0 111 566B8000 2
2 1 0 112 565A0000 2
2 1 0 113 56488000 2
2 1 0 114 56368000 2
2 1 0 115 56250000 2
2 1 0 116 56130000 2
2 1 0 117 56010000 2
2 1 0 118 55EE8000 2
2 1 0 119 55DC8000 2
2 1 0 120 55CA0000 2
2 1 0 121 55B78000 2
2 1 0 122 55A50000 2
2 1 0 123 55920000 2
2 1 0 124 557F8000 2
2 1 0 125 556C8000 2
2 1 0 126 55598000 2
2 1 0 127 55468000 2
2 1 0 128 55330000 2
2 1 0 129 55200000 2
2 1 0 130 550D0000 2
2 1 0 131 54F90000 2
2 1 0 132 54E58000 2
2 1 0 133 54D20000 2
2 1 0 134 54BE8000 2
2 1 0 135 54AA8000 2
2 1 0 136 54970000 2
2 1 0 137 54830000 2
2 1 0 138 546F0000 2
2 1 0 139 545B0000 2
2 1 0 140 54468000 2
2 1 0 141 54328000 2
2 1 0 142 541E0000 2
2 1 0 143 54090000 2
2 1 0 144 53F50000 2
2 1 0 145 53E00000 2
2 1 0 146 53CB8000 2
2 1 0 147 53B68000 2
2 1 0 148 53A20000 2
2 1 0 149 538D0000 2
2 1 0 150 53780000 2
2 1 0 151 53630000 2
2 1 0 152 534E8000 2
2 1 0 153 53390000 2
2 1 0 154 53240000 2
2 1 0 155 530F0000 2
2 1 0 156 52F98000 2
2 1 0 157 52E40000 2
2 1 0 158 52CE8000 2
2 1 0 159 52B90000 2
2 1 0 160 52A40000 2
2 1 0 161 528E0000 2
2 1 0 162 52788000 2
2 1 0 163 52630000 2
2 1 0 164 524D8000 2
2 1 0 165 52370000 2
2 1 0 166 52218000 2
2 1 0 167 520B8000 2
2 1 0 168 51F60000 2
2 1 0 169 51E00000 2
2 1 0 170 51CA0000 2
2 1 0 171 51B40000 2
2 1 0 172 519E0000 2
2 1 0 173 51880000 2
2 1 0 174 51718000 2
2 1 0 175 515B8000 2
2 1 0 176 51458000 2
2 1 0 177 512F0000 2
2 1 0 178 51190000 2
2 1 0 179 51028000 2
2 1 0 180 50EC8000 2
2 1 0 181 50D60000 2
2 1 0 182 50BF8000 2
2 1 0 183 50A90000 2
2 1 0 184 50928000 2
2 1 0 185 507C0000 2
2 1 0 186 50658000 2
2 1 0 187 504F0000 2
2 1 0 188 50390000 2
2 1 0 189 50220000 2
2 1 0 190 500C0000 2
2 1 0 191 4FF58000 2
2 1 0 192 4FDF0000 2
2 1 0 193 4FC80000 2
2 1 0 194 4FB18000 2
2 1 0 195 4F9B0000 2
2 1 0 196 4F840000 2
2 1 0 197 4F6D8000 2
2 1 0 198 4F570000 2
2 1 0 199 4F408000 2
2 1 0 200 4F298000 2
2 1 0 201 4F130000 2
2 1 0 202 4EFC8000 2
2 1 0 203 4EE60000 2
2 1 0 204 4ECF8000 2
2 1 0 205 4EB88000 2
2 1 0 206 4EA20000 2
2 1 0 207 4E8B8000 2
2 1 0 208 4E750000 2
2 1 0 209 4E5E0000 2
2 1 0 210 4E478000 2
2 1 0 211 4E310000 2
2 1 0 212 4E1A8000 2
2 1 0 213 4E040000 2
2 1 0 214 4DED8000 2
2 1 0 215 4DD68000 2
2 1 0 216 4DC08000 2
2 1 0 217 4DAA0000 2
2 1 0 218 4D938000 2
2 1 0 219 4D7D0000 2
2 1 0 220 4D660000 2
2 1 0 221 4D500000 2
2 1 0 222 4D398000 2
2 1 0 223 4D230000 2
2 1 0 224 4D0C8000 2
2 1 0 225 4CF68000 2
2 1 0 226 4CE08000 2
2 1 0 227 4CCA0000 2
2 1 0 228 4CB40000 2
2 1 0 229 4C9D8000 2
2 1 0 230 4C878000 2
2 1 0 231 4C718000 2
2 1 0 232 4C5B0000 2
2 1 0 233 4C450000 2
2 1 0 234 4C2E8000 2
2 1 0 235 4C188000 2
2 1 0 236 4C030000 2
2 1 0 237 4BEC8000 2
2 1 0 238 4BD70000 2
2 1 0 239 4BC10000 2
2 1 0 240 4BAB0000 2
2 1 0 241 4B958000 2
2 1 0 242 4B800000 2
2 1 0 243 4B6A0000 2
2 1 0 244 4B548000 2
2 1 0 245 4B3F0000 2
2 1 0 246 4B290000 2
2 1 0 247 4B140000 2
2 1 0 248 4AFE8000 2
2 1 0 249 4AE90000 2
2 1 0 250 4AD38000 2
2 1 0 251 4ABE0000 2
2 1 0 252 4AA90000 2
2 1 0 253 4A940000 2
2 1 0 254 4A7E8000 2
2 1 0 255 4A6A0000 2
2 1 0 256 4A548000 2
2 1 0 257 4A3F8000 2
2 1 0 258 4A2A8000 2
2 1 0 259 4A160000 2
2 1 0 260 4A010000 2
2 1 0 261 49EC8000 2
2 1 0 262 49D78000 2
2 1 0 263 49C38000 2
2 1 0 264 49AE8000 2
2 1 0 265 499A0000 2
2 1 0 266 49858000 2
2 1 0 267 49718000 2
2 1 0 268 495D0000 2
2 1 0 269 49490000 2
2 1 0 270 49348000 2
2 1 0 271 49208000 2
2 1 0 272 490C8000 2
2 1 0 273 48F88000 2
2 1 0 274 48E50000 2
2 1 0 275 48D10000 2
2 1 0 276 48BD8000 2
2 1 0 277 48A98000 2
2 1 0 278 48960000 2
2 1 0 279 48828000 2
2 1 0 280 486F0000 2
2 1 0 281 485C0000 2
2 1 0 282 48488000 2
2 1 0 283 48350000 2
2 1 0 284 48228000 2
2 1 0 285 480F0000 2
2 1 0 286 47FC8000 2
2 1 0 287 47E90000 2
2 1 0 288 47D68000 2
2 1 0 289 47C38000 2
2 1 0 290 47B08000 2
2 1 0 291 479E8000 2
2 1 0 292 478B8000 2
2 1 0 293 47798000 2
2 1 0 294 47670000 2
2 1 0 295 47550000 2
2 1 0 296 47428000 2
2 1 0 297 47308000 2
2 1 0 298 471E8000 2
2 1 0 299 470D0000 2
2 1 0 300 46FB0000 2
2 1 0 301 46E90000 2
2 1 0 302 46D80000 2
2 1 0 303 46C60000 2
2 1 0 304 46B50000 2
2 1 0 305 46A30000 2
2 1 0 306 46920000 2
2 1 0 307 46808000 2
2 1 0 308 46700000 2
2 1 0 309 465F0000 2
2 1 0 310 464E0000 2
2 1 0 311 463D0000 2
2 1 0 312 462C0000 2
2 1 0 313 461B8000 2
2 1 0 314 460B0000 2
2 1 0 315 45FA0000 2
2 1 0 316 45EA0000 2
2 1 0 317 45DA0000 2
2 1 0 318 45C98000 2
2 1 0 319 45B98000 2
2 1 0 320 45A98000 2
2 1 0 321 45998000 2
2 1 0 322 45898000 2
2 1 0 323 457A0000 2
2 1 0 324 456A0000 2
2 1 0 325 455A8000 2
2 1 0 326 454B8000 2
2 1 0 327 453C0000 2
2 1 0 328 452D0000 2
2 1 0 329 451E0000 2
2 1 0 330 450F0000 2
2 1 0 331 44FF8000 2
2 1 0 332 44F10000 2
2 1 0 333 44E20000 2
2 1 0 334 44D38000 2
2 1 0 335 44C48000 2
2 1 0 336 44B68000 2
2 1 0 337 44A80000 2
2 1 0 338 449A0000 2
2 1 0 339 448B8000 2
2 1 0 340 447D8000 2
2 1 0 341 446F8000 2
2 1 0 342 44618000 2
2 1 0 343 44538000 2
2 1 0 344 44460000 2
2 1 0 345 44388000 2
2 1 0 346 442B0000 2
2 1 0 347 441D8000 2
2 1 0 348 44100000 2
2 1 0 349 44030000 2
2 1 0 350 43F60000 2
2 1 0 351 43E90000 2
2 1 0 352 43DB8000 2
2 1 0 353 43CF0000 2
2 1 0 354 43C28000 2
2 1 0 355 43B58000 2
2 1 0 356 43A98000 2
2 1 0 357 439D0000 2
2 1 0 358 43908000 2
2 1 0 359 43848000 2
2 1 0 360 43780000 2
2 1 0 361 436C0000 2
2 1 0 362 43608000 2
2 1 0 363 43548000 2
2 1 0 364 43488000 2
2 1 0 365 433D0000 2
2 1 0 366 43318000 2
2 1 0 367 43260000 2
2 1 0 368 431A8000 2
2 1 0 369 430F8000 2
2 1 0 370 43048000 2
2 1 0 371 42F98000 2
2 1 0 372 42EE8000 2
2 1 0 373 42E38000 2
2 1 0 374 42D88000 2
2 1 0 375 42CE0000 2
2 1 0 376 42C38000 2
2 1 0 377 42B90000 2
2 1 0 378 42AE8000 2
2 1 0 379 42A48000 2
2 1 0 380 429A0000 2
2 1 0 381 42900000 2
2 1 0 382 42860000 2
2 1 0 383 427C0000 2
2 1 0 384 42720000 2
2 1 0 385 42688000 2
2 1 0 386 425F0000 2
2 1 0 387 42550000 2
2 1 0 388 424C0000 2
2 1 0 389 42428000 2
2 1 0 390 42390000 2
2 1 0 391 42300000 2
2 1 0 392 42270000 2
2 1 0 393 421E0000 2
2 1 0 394 42150000 2
2 1 0 395 420C8000 2
2 1 0 396 42038000 2
2 1 0 397 41FB0000 2
2 1 0 398 41F28000 2
2 1 0 399 41EA0000 2
2 1 0 400 41E18000 2
2 1 0 401 41D98000 2
2 1 0 402 41D10000 2
2 1 0 403 41C98000 2
2 1 0 404 41C10000 2
2 1 0 405 41B98000 2
2 1 0 406 41B18000 2
2 1 0 407 41AA0000 2
2 1 0 408 41A20000 2
2 1 0 409 419A8000 2
2 1 0 410 41938000 2
2 1 0 411 418B8000 2
2 1 0 412 41848000 2
2 1 0 413 417D8000 2
2 1 0 414 41760000 2
2 1 0 415 416F8000 2
2 1 0 416 41680000 2
2 1 0 417 41610000 2
2 1 0 418 415A8000 2
2 1 0 419 41540000 2
2 1 0 420 414D0000 2
2 1 0 421 41468000 2
2 1 0 422 41408000 2
2 1 0 423 413A0000 2
2 1 0 424 41338000 2
2 1 0 425 412D0000 2
2 1 0 426 41270000 2
2 1 0 427 41210000 2
2 1 0 428 411B0000 2
2 1 0 429 41150000 2
2 1 0 430 410F0000 2
2 1 0 431 41098000 2
2 1 0 432 41040000 2
2 1 0 433 40FE0000 2
2 1 0 434 40F88000 2
2 1 0 435 40F30000 2
2 1 0 436 40ED8000 2
2 1 0 437 40E88000 2
2 1 0 438 40E38000 2
2 1 0 439 40DE0000 2
2 1 0 440 40D90000 2
2 1 0 441 40D40000 2
2 1 0 442 40CF0000 2
2 1 0 443 40CA0000 2
2 1 0 444 40C58000 2
2 1 0 445 40C08000 2
2 1 0 446 40BC0000 2
2 1 0 447 40B78000 2
2 1 0 448 40B30000 2
2 1 0 449 40AE8000 2
2 1 0 450 40AA0000 2
2 1 0 451 40A58000 2
2 1 0 452 40A10000 2
2 1 0 453 409D0000 2
2 1 0 454 40990000 2
2 1 0 455 40950000 2
2 1 0 456 40910000 2
2 1 0 457 408D0000 2
2 1 0 458 40890000 2
2 1 0 459 40858000 2
2 1 0 460 40818000 2
2 1 0 461 407E0000 2
2 1 0 462 407A8000 2
2 1 0 463 40768000 2
2 1 0 464 40730000 2
2 1 0 465 406F8000 2
2 1 0 466 406C8000 2
2 1 0 467 40690000 2
2 1 0 468 40658000 2
2 1 0 469 40628000 2
2 1 0 470 405F0000 2
2 1 0 471 405C0000 2
2 1 0 472 40590000 2
2 1 0 473 40560000 2
2 1 0 474 40530000 2
2 1 0 475 40500000 2
2 1 0 476 404D8000 2
2 1 0 477 404A8000 2
2 1 0 478 40480000 2
2 1 0 479 40450000 2
2 1 0 480 40428000 2
2 1 0 481 40400000 2
2 1 0 482 403D8000 2
2 1 0 483 403B0000 2
2 1 0 484 40388000 2
2 1 0 485 40360000 2
2 1 0 486 40340000 2
2 1 0 487 40318000 2
2 1 0 488 402F8000 2
2 1 0 489 402D0000 2
2 1 0 490 402B0000 2
2 1 0 491 40290000 2
2 1 0 492 40270000 2
2 1 0 493 40250000 2
2 1 0 494 40230000 2
2 1 0 495 40210000 2
2 1 0 496 401F0000 2
2 1 0 497 401D0000 2
2 1 0 498 401B8000 2
2 1 0 499 40198000 2
2 1 0 500 40178000 2
2 1 0 501 40160000 2
2 1 0 502 40148000 2
2 1 0 503 40128000 2
2 1 0 504 40110000 2
2 1 0 505 400F8000 2
2 1 0 506 400D8000 2
2 1 0 507 400C0000 2
2 1 0 508 400A0000 2
2 1 0 509 40088000 2
2 1 0 510 40068000 2
2 1 0 511 40048000 2
2 1 0 512 3FF30000 2
2 1 0 513 3FDA0000 2
2 1 0 514 3FC08000 2
2 1 0 515 3FA78000 2
2 1 0 516 3F8E8000 2
2 1 0 517 3F758000 2
2 1 0 518 3F5B8000 2
2 1 0 519 3F428000 2
2 1 0 520 3F290000 2
2 1 0 521 3F0F8000 2
2 1 0 522 3EF60000 2
2 1 0 523 3EDC8000 2
2 1 0 524 3EC30000 2
2 1 0 525 3EA90000 2
2 1 0 526 3E8F8000 2
2 1 0 527 3E760000 2
2 1 0 528 3E5C8000 2
2 1 0 529 3E420000 2
2 1 0 530 3E288000 2
2 1 0 531 3E0E8000 2
2 1 0 532 3DF50000 2
2 1 0 533 3DDA8000 2
2 1 0 534 3DC08000 2
2 1 0 535 3DA70000 2
2 1 0 536 3D8D0000 2
2 1 0 537 3D730000 2
2 1 0 538 3D588000 2
2 1 0 539 3D3E8000 2
2 1 0 540 3D248000 2
2 1 0 541 3D0A0000 2
2 1 0 542 3CEF8000 2
2 1 0 543 3CD58000 2
2 1 0 544 3CBB0000 2
2 1 0 545 3CA10000 2
2 1 0 546 3C868000 2
2 1 0 547 3C6B8000 2
2 1 0 548 3C518000 2
2 1 0 549 3C370000 2
2 1 0 550 3C1C8000 2
2 1 0 551 3C020000 2
2 1 0 552 3BE78000 2
2 1 0 553 3BCC8000 2
2 1 0 554 3BB18000 2
2 1 0 555 3B970000 2
2 1 0 556 3B7C8000 2
2 1 0 557 3B618000 2
2 1 0 558 3B470000 2
2 1 0 559 3B2C0000 2
2 1 0 560 3B108000 2
2 1 0 561 3AF60000 2
2 1 0 562 3ADB0000 2
2 1 0 563 3AC00000 2
2 1 0 564 3AA50000 2
2 1 0 565 3A8A0000 2
2 1 0 566 3A6F0000 2
2 1 0 567 3A538000 2
2 1 0 568 3A388000 2
2 1 0 569 3A1D0000 2
2 1 0 570 3A018000 2
2 1 0 571 39E68000 2
2 1 0 572 39CB0000 2
2 1 0 573 39AF8000 2
2 1 0 574 39948000 2
2 1 0 575 39790000 2
2 1 0 576 395D8000 2
2 1 0 577 39420000 2
2 1 0 578 39268000 2
2 1 0 579 390A8000 2
2 1 0 580 38EF0000 2
2 1 0 581 38D38000 2
2 1 0 582 38B80000 2
2 1 0 583 389C0000 2
2 1 0 584 38808000 2
2 1 0 585 38648000 2
2 1 0 586 38488000 2
2 1 0 587 382C8000 2
2 1 0 588 38118000 2
2 1 0 589 37F58000 2
2 1 0 590 37D98000 2
2 1 0 591 37BD8000 2
2 1 0 592 37A10000 2
2 1 0 593 37850000 2
2 1 0 594 37690000 2
2 1 0 595 374D0000 2
2 1 0 596 37308000 2
2 1 0 597 37150000 2
2 1 0 598 36F88000 2
2 1 0 599 36DC0000 2
2 1 0 600 36C00000 2
2 1 0 601 36A38000 2
2 1 0 602 36878000 2
2 1 0 603 366B0000 2
2 1 0 604 364E8000 2
2 1 0 605 36320000 2
2 1 0 606 36158000 2
2 1 0 607 35F90000 2
2 1 0 608 35DC8000 2
2 1 0 609 35BF8000 2
2 1 0 610 35A38000 2
2 1 0 611 35868000 2
2 1 0 612 35698000 2
2 1 0 613 354D8000 2
2 1 0 614 35308000 2
2 1 0 615 35138000 2
2 1 0 616 34F70000 2
2 1 0 617 34DA0000 2
2 1 0 618 34BD8000 2
2 1 0 619 34A00000 2
2 1 0 620 34830000 2
2 1 0 621 34668000 2
2 1 0 622 34490000 2
2 1 0 623 342C8000 2
2 1 0 624 340F0000 2
2 1 0 625 33F28000 2
2 1 0 626 33D50000 2
2 1 0 627 33B80000 2
2 1 0 628 339A8000 2
2 1 0 629 337D8000 2
2 1 0 630 33600000 2
2 1 0 631 33430000 2
2 1 0 632 33258000 2
2 1 0 633 33088000 2
2 1 0 634 32EB0000 2
2 1 0 635 32CD8000 2
2 1 0 636 32B00000 2
2 1 0 637 32930000 2
2 1 0 638 32750000 2
2 1 0 639 32578000 2
2 1 0 640 323A0000 2
2 1 0 641 321C8000 2
2 1 0 642 31FF0000 2
2 1 0 643 31E18000 2
2 1 0 644 31C38000 2
2 1 0 645 31A58000 2
2 1 0 646 31880000 2
2 1 0 647 316A8000 2
2 1 0 648 314C8000 2
2 1 0 649 312F0000 2
2 1 0 650 31108000 2
2 1 0 651 30F30000 2
2 1 0 652 30D50000 2
2 1 0 653 30B70000 2
2 1 0 654 30990000 2
2 1 0 655 307B0000 2
2 1 0 656 305D0000 2
2 1 0 657 303F0000 2
2 1 0 658 30210000 2
2 1 0 659 30030000 2
2 1 0 660 2FE48000 2
2 1 0 661 2FC68000 2
2 1 0 662 2FA88000 2
2 1 0 663 2F8A0000 2
2 1 0 664 2F6B8000 2
2 1 0 665 2F4D8000 2
2 1 0 666 2F2F0000 2
2 1 0 667 2F110000 2
2 1 0 668 2EF28000 2
2 1 0 669 2ED40000 2
2 1 0 670 2EB58000 2
2 1 0 671 2E970000 2
2 1 0 672 2E790000 2
2 1 0 673 2E5A8000 2
2 1 0 674 2E3B8000 2
2 1 0 675 2E1D0000 2
2 1 0 676 2DFE8000 2
2 1 0 677 2DE00000 2
2 1 0 678 2DC10000 2
2 1 0 679 2DA28000 2
2 1 0 680 2D838000 2
2 1 0 681 2D658000 2
2 1 0 682 2D468000 2
2 1 0 683 2D280000 2
2 1 0 684 2D088000 2
2 1 0 685 2CEA0000 2
2 1 0 686 2CCB0000 2
2 1 0 687 2CAC8000 2
2 1 0 688 2C8D0000 2
2 1 0 689 2C6E8000 2
2 1 0 690 2C4F0000 2
2 1 0 691 2C308000 2
2 1 0 692 2C118000 2
2 1 0 693 2BF20000 2
2 1 0 694 2BD30000 2
2 1 0 695 2BB40000 2
2 1 0 696 2B948000 2
2 1 0 697 2B758000 2
2 1 0 698 2B568000 2
2 1 0 699 2B378000 2
2 1 0 700 2B180000 2
2 1 0 701 2AF88000 2
2 1 0 702 2AD98000 2
2 1 0 703 2ABA0000 2
2 1 0 704 2A9B0000 2
2 1 0 705 2A7B8000 2
2 1 0 706 2A5C0000 2
2 1 0 707 2A3C8000 2
2 1 0 708 2A1D8000 2
2 1 0 709 29FE0000 2
2 1 0 710 29DE8000 2
2 1 0 711 29BF0000 2
2 1 0 712 299F0000 2
2 1 0 713 297F8000 2
2 1 0 714 29600000 2
2 1 0 715 29400000 2
2 1 0 716 29208000 2
2 1 0 717 29010000 2
2 1 0 718 28E18000 2
2 1 0 719 28C18000 2
2 1 0 720 28A18000 2
2 1 0 721 28820000 2
2 1 0 722 28620000 2
2 1 0 723 28428000 2
2 1 0 724 28228000 2
2 1 0 725 28028000 2
2 1 0 726 27E30000 2
2 1 0 727 27C30000 2
2 1 0 728 27A28000 2
2 1 0 729 27830000 2
2 1 0 730 27630000 2
2 1 0 731 27430000 2
2 1 0 732 27230000 2
2 1 0 733 27030000 2
2 1 0 734 26E30000 2
2 1 0 735 26C28000 2
2 1 0 736 26A28000 2
2 1 0 737 26828000 2
2 1 0 738 26628000 2
2 1 0 739 26420000 2
2 1 0 740 26220000 2
2 1 0 741 26018000 2
2 1 0 742 25E18000 2
2 1 0 743 25C10000 2
2 1 0 744 25A08000 2
2 1 0 745 25800000 2
2 1 0 746 25600000 2
2 1 0 747 253F8000 2
2 1 0 748 251F0000 2
2 1 0 749 24FE8000 2
2 1 0 750 24DE0000 2
2 1 0 751 24BD8000 2
2 1 0 752 249D8000 2
2 1 0 753 247D0000 2
2 1 0 754 245C8000 2
2 1 0 755 243C0000 2
2 1 0 756 241B0000 2
2 1 0 757 23FA8000 2
2 1 0 758 23DA0000 2
2 1 0 759 23B98000 2
2 1 0 760 23988000 2
2 1 0 761 23780000 2
2 1 0 762 23570000 2
2 1 0 763 23370000 2
2 1 0 764 23160000 2
2 1 0 765 22F50000 2
2 1 0 766 22D40000 2
2 1 0 767 22B30000 2
2 1 0 768 22928000 2
2 1 0 769 22720000 2
2 1 0 770 22508000 2
2 1 0 771 22300000 2
2 1 0 772 220F0000 2
2 1 0 773 21EE0000 2
2 1 0 774 21CD0000 2
2 1 0 775 21AC0000 2
2 1 0 776 218B8000 2
2 1 0 777 216A0000 2
2 1 0 778 21490000 2
2 1 0 779 21280000 2
2 1 0 780 21070000 2
2 1 0 781 20E60000 2
2 1 0 782 20C48000 2
2 1 0 783 20A38000 2
2 1 0 784 20828000 2
2 1 0 785 20610000 2
2 1 0 786 20400000 2
2 1 0 787 201E8000 2
2 1 0 788 1FFD8000 2
2 1 0 789 1FDC8000 2
2 1 0 790 1FBB0000 2
2 1 0 791 1F998000 2
2 1 0 792 1F788000 2
2 1 0 793 1F570000 2
2 1 0 794 1F358000 2
2 1 0 795 1F148000 2
2 1 0 796 1EF30000 2
2 1 0 797 1ED18000 2
2 1 0 798 1EB00000 2
2 1 0 799 1E8F0000 2
2 1 0 800 1E6D0000 2
2 1 0 801 1E4C0000 2
2 1 0 802 1E2A0000 2
2 1 0 803 1E088000 2
2 1 0 804 1DE78000 2
2 1 0 805 1DC58000 2
2 1 0 806 1DA40000 2
2 1 0 807 1D828000 2
2 1 0 808 1D610000 2
2 1 0 809 1D3F8000 2
2 1 0 810 1D1D8000 2
2 1 0 811 1CFC0000 2
2 1 0 812 1CDA0000 2
2 1 0 813 1CB80000 2
2 1 0 814 1C970000 2
2 1 0 815 1C750000 2
2 1 0 816 1C538000 2
2 1 0 817 1C318000 2
2 1 0 818 1C0F8000 2
2 1 0 819 1BEE0000 2
2 1 0 820 1BCC0000 2
2 1 0 821 1BAA8000 2
2 1 0 822 1B888000 2
2 1 0 823 1B668000 2
2 1 0 824 1B450000 2
2 1 0 825 1B228000 2
2 1 0 826 1B010000 2
2 1 0 827 1ADF0000 2
2 1 0 828 1ABD0000 2
2 1 0 829 1A9B0000 2
2 1 0 830 1A790000 2
2 1 0 831 1A570000 2
2 1 0 832 1A350000 2
2 1 0 833 1A130000 2
2 1 0 834 19F10000 2
2 1 0 835 19CE8000 2
2 1 0 836 19AC8000 2
2 1 0 837 198A8000 2
2 1 0 838 19688000 2
2 1 0 839 19468000 2
2 1 0 840 19248000 2
2 1 0 841 19028000 2
2 1 0 842 18E00000 2
2 1 0 843 18BE0000 2
2 1 0 844 189B8000 2
2 1 0 845 18798000 2
2 1 0 846 18570000 2
2 1 0 847 18350000 2
2 1 0 848 18130000 2
2 1 0 849 17F08000 2
2 1 0 850 17CE0000 2
2 1 0 851 17AC0000 2
2 1 0 852 17898000 2
2 1 0 853 17678000 2
2 1 0 854 17450000 2
2 1 0 855 17228000 2
2 1 0 856 17000000 2
2 1 0 857 16DE0000 2
2 1 0 858 16BB8000 2
2 1 0 859 16990000 2
2 1 0 860 16768000 2
2 1 0 861 16540000 2
2 1 0 862 16320000 2
2 1 0 863 160F0000 2
2 1 0 864 15EC8000 2
2 1 0 865 15CA0000 2
2 1 0 866 15A78000 2
2 1 0 867 15850000 2
2 1 0 868 15628000 2
2 1 0 869 15400000 2
2 1 0 870 151D8000 2
2 1 0 871 14FB0000 2
2 1 0 872 14D88000 2
2 1 0 873 14B60000 2
2 1 0 874 14930000 2
2 1 0 875 14710000 2
2 1 0 876 144E0000 2
2 1 0 877 142B0000 2
2 1 0 878 14088000 2
2 1 0 879 13E60000 2
2 1 0 880 13C38000 2
2 1 0 881 13A10000 2
2 1 0 882 137E0000 2
2 1 0 883 135B8000 2
2 1 0 884 13388000 2
2 1 0 885 13158000 2
2 1 0 886 12F30000 2
2 1 0 887 12D08000 2
2 1 0 888 12AD8000 2
2 1 0 889 128B0000 2
2 1 0 890 12680000 2
2 1 0 891 12458000 2
2 1 0 892 12228000 2
2 1 0 893 11FF8000 2
2 1 0 894 11DC8000 2
2 1 0 895 11BA0000 2
2 1 0 896 11970000 2
2 1 0 897 11740000 2
2 1 0 898 11518000 2
2 1 0 899 112E0000 2
2 1 0 900 110B0000 2
2 1 0 901 10E88000 2
2 1 0 902 10C58000 2
2 1 0 903 10A28000 2
2 1 0 904 107F8000 2
2 1 0 905 105C8000 2
2 1 0 906 103A0000 2
2 1 0 907 10168000 2
2 1 0 908 0FF40000 2
2 1 0 909 0FD10000 2
2 1 0 910 0FAE0000 2
2 1 0 911 0F8A8000 2
2 1 0 912 0F678000 2
2 1 0 913 0F448000 2
2 1 0 914 0F218000 2
2 1 0 915 0EFE8000 2
2 1 0 916 0EDB8000 2
2 1 0 917 0EB88000 2
2 1 0 918 0E958000 2
2 1 0 919 0E728000 2
2 1 0 920 0E4F0000 2
2 1 0 921 0E2C8000 2
2 1 0 922 0E090000 2
2 1 0 923 0DE60000 2
2 1 0 924 0DC30000 2
2 1 0 925 0D9F8000 2
2 1 0 926 0D7C8000 2
2 1 0 927 0D590000 2
2 1 0 928 0D368000 2
2 1 0 929 0D138000 2
2 1 0 930 0CEF8000 2
2 1 0 931 0CCC8000 2
2 1 0 932 0CA98000 2
2 1 0 933 0C868000 2
2 1 0 934 0C638000 2
2 1 0 935 0C400000 2
2 1 0 936 0C1D0000 2
2 1 0 937 0BF98000 2
2 1 0 938 0BD68000 2
2 1 0 939 0BB30000 2
2 1 0 940 0B8F8000 2
2 1 0 941 0B6C8000 2
2 1 0 942 0B498000 2
2 1 0 943 0B260000 2
2 1 0 944 0B028000 2
2 1 0 945 0ADF8000 2
2 1 0 946 0ABC0000 2
2 1 0 947 0A990000 2
2 1 0 948 0A758000 2
2 1 0 949 0A528000 2
2 1 0 950 0A2F0000 2
2 1 0 951 0A0B8000 2
2 1 0 952 09E80000 2
2 1 0 953 09C50000 2
2 1 0 954 09A18000 2
2 1 0 955 097E8000 2
2 1 0 956 095A8000 2
2 1 0 957 09378000 2
2 1 0 958 09148000 2
2 1 0 959 08F10000 2
2 1 0 960 08CD8000 2
2 1 0 961 08AA0000 2
2 1 0 962 08868000 2
2 1 0 963 08638000 2
2 1 0 964 08400000 2
2 1 0 965 081C8000 2
2 1 0 966 07F90000 2
2 1 0 967 07D58000 2
2 1 0 968 07B28000 2
2 1 0 969 078E8000 2
2 1 0 970 076B8000 2
2 1 0 971 07480000 2
2 1 0 972 07248000 2
2 1 0 973 07010000 2
2 1 0 974 06DD8000 2
2 1 0 975 06BA8000 2
2 1 0 976 06970000 2
2 1 0 977 06738000 2
2 1 0 978 06500000 2
2 1 0 979 062C8000 2
2 1 0 980 06090000 2
2 1 0 981 05E58000 2
2 1 0 982 05C28000 2
2 1 0 983 059E8000 2
2 1 0 984 057B0000 2
2 1 0 985 05580000 2
2 1 0 986 05340000 2
2 1 0 987 05108000 2
2 1 0 988 04ED0000 2
2 1 0 989 04CA0000 2
2 1 0 990 04A60000 2
2 1 0 991 04828000 2
2 1 0 992 045F8000 2
2 1 0 993 043C0000 2
2 1 0 994 04180000 2
2 1 0 995 03F48000 2
2 1 0 996 03D10000 2
2 1 0 997 03AD8000 2
2 1 0 998 038A0000 2
2 1 0 999 03668000 2
2 1 0 1000 03438000 2
2 1 0 1001 031F8000 2
2 1 0 1002 02FC0000 2
2 1 0 1003 02D88000 2
2 1 0 1004 02B50000 2
2 1 0 1005 02918000 2
2 1 0 1006 026E0000 2
2 1 0 1007 024A0000 2
2 1 0 1008 02270000 2
2 1 0 1009 02038000 2
2 1 0 1010 01DF8000 2
2 1 0 1011 01BC0000 2
2 1 0 1012 01990000 2
2 1 0 1013 01758000 2
2 1 0 1014 01520000 2
2 1 0 1015 012E8000 2
2 1 0 1016 010B0000 2
2 1 0 1017 00E70000 2
2 1 0 1018 00C38000 2
2 1 0 1019 00A00000 2
2 1 0 1020 007C8000 2
2 1 0 1021 00590000 2
2 1 0 1022 00358000 2
2 1 0 1023 00118000 2
2 2 0 0 008E59F4 2
2 2 0 1 FE55DC29 2
2 2 0 2 02C6D7B1 2
2 2 0 3 FC1D5E50 2
2 2 0 4 04FF5560 2
2 2 0 5 F9E5E068 2
2 2 0 6 07365303 2
2 2 0 7 F7AEE272 2
2 2 0 8 096CD098 2
2 2 0 9 F579646C 2
2 2 0 10 0BA1CE21 2
2 2 0 11 F3456657 2
2 2 0 12 0DD4CB9E 2
2 2 0 13 F1136832 2
2 2 0 14 1005C90F 2
2 2 0 15 EEE3E9FD 2
2 2 0 16 12344675 2
2 2 0 17 ECB66BB8 2
2 2 0 18 145F43D1 2
2 2 0 19 EA8C6D62 2
2 2 0 20 16884121 2
2 2 0 21 E865EEFB 2
2 2 0 22 18AD3E68 2
2 2 0 23 E642F083 2
2 2 0 24 1ACE3BA5 2
2 2 0 25 E42371FA 2
2 2 0 26 1CEB38D9 2
2 2 0 27 E208F35F 2
2 2 0 28 1F03B604 2
2 2 0 29 DFF274B3 2
2 2 0 30 2117B327 2
2 2 0 31 DDE0F5F4 2
2 2 0 32 23263042 2
2 2 0 33 DBD4F723 2
2 2 0 34 252FAD55 2
2 2 0 35 D9CE7840 2
2 2 0 36 27332A62 2
2 2 0 37 D7CDF94A 2
2 2 0 38 2930A768 2
2 2 0 39 D5D37A42 2
2 2 0 40 2B282467 2
2 2 0 41 D3DF7B27 2
2 2 0 42 2D182162 2
2 2 0 43 D1F27BF9 2
2 2 0 44 2F019E57 2
2 2 0 45 D00CFCB7 2
2 2 0 46 30E41B47 2
2 2 0 47 CE2DFD63 2
2 2 0 48 32BF1833 2
2 2 0 49 CC56FDFB 2
2 2 0 50 3491951C 2
2 2 0 51 CA887E7F 2
2 2 0 52 365C9201 2
2 2 0 53 C8C1FEF0 2
2 2 0 54 381F0EE4 2
2 2 0 55 C7037F4E 2
2 2 0 56 39D88BC4 2
2 2 0 57 C54DFF98 2
2 2 0 58 3B8988A2 2
2 2 0 59 C3A1FFCE 2
2 2 0 60 3D31857F 2
2 2 0 61 C1FE7FF1 2
2 2 0 62 3ECF825B 2
2 2 0 63 C0657FFF 2
2 2 0 64 40000000 2
2 2 0 65 C0008000 2
2 2 0 66 40000000 2
2 2 0 67 C0008000 2
2 2 0 68 40000000 2
2 2 0 69 C0008000 2
2 2 0 70 40000000 2
2 2 0 71 C0008000 2
2 2 0 72 40000000 2
2 2 0 73 C0008000 2
2 2 0 74 40000000 2
2 2 0 75 C0008000 2
2 2 0 76 40000000 2
2 2 0 77 C0008000 2
2 2 0 78 40000000 2
2 2 0 79 C0008000 2
2 2 0 80 40000000 2
2 2 0 81 C0008000 2
2 2 0 82 40000000 2
2 2 0 83 C0008000 2
2 2 0 84 40000000 2
2 2 0 85 C0008000 2
2 2 0 86 40000000 2
2 2 0 87 C0008000 2
2 2 0 88 40000000 2
2 2 0 89 C0008000 2
2 2 0 90 40000000 2
2 2 0 91 C0008000 2
2 2 0 92 40000000 2
2 2 0 93 C0008000 2
2 2 0 94 40000000 2
2 2 0 95 C0008000 2
2 2 0 96 40000000 2
2 2 0 97 C0008000 2
2 2 0 98 40000000 2
2 2 0 99 C0008000 2
2 2 0 100 40000000 2
2 2 0 101 C0008000 2
2 2 0 102 40000000 2
2 2 0 103 C0008000 2
2 2 0 104 40000000 2
2 2 0 105 C0008000 2
2 2 0 106 40000000 2
2 2 0 107 C0008000 2
2 2 0 108 40000000 2
2 2 0 109 C0008000 2
2 2 0 110 40000000 2
2 2 0 111 C0008000 2
2 2 0 112 40000000 2
2 2 0 113 C0008000 2
2 2 0 114 40000000 2
2 2 0 115 C0008000 2
2 2 0 116 40000000 2
2 2 0 117 C0008000 2
2 2 0 118 40000000 2
2 2 0 119 C0008000 2
2 2 0 120 40000000 2
2 2 0 121 C0008000 2
2 2 0 122 40000000 2
2 2 0 123 C0008000 2
2 2 0 124 40000000 2
2 2 0 125 C0008000 2
2 2 0 126 40000000 2
2 2 0 127 C0008000 2
2 2 0 128 40000000 2
2 2 0 129 C0008000 2
2 2 0 130 40000000 2
2 2 0 131 C0008000 2
2 2 0 132 40000000 2
2 2 0 133 C0008000 2
2 2 0 134 40000000 2
2 2 0 135 C0008000 2
2 2 0 136 40000000 2
2 2 0 137 C0008000 2
2 2 0 138 40000000 2
2 2 0 139 C0008000 2
2 2 0 140 40000000 2
2 2 0 141 C0008000 2
2 2 0 142 40000000 2
2 2 0 143 C0008000 2
2 2 0 144 40000000 2
2 2 0 145 C0008000 2
2 2 0 146 40000000 2
2 2 0 147 C0008000 2
2 2 0 148 40000000 2
2 2 0 149 C0008000 2
2 2 0 150 40000000 2
2 2 0 151 C0008000 2
2 2 0 152 40000000 2
2 2 0 153 C0008000 2
2 2 0 154 40000000 2
2 2 0 155 C0008000 2
2 2 0 156 40000000 2
2 2 0 157 C0008000 2
2 2 0 158 40000000 2
2 2 0 159 C0008000 2
2 2 0 160 40000000 2
2 2 0 161 C0008000 2
2 2 0 162 40000000 2
2 2 0 163 C0008000 2
2 2 0 164 40000000 2
2 2 0 165 C0008000 2
2 2 0 166 40000000 2
2 2 0 167 C0008000 2
2 2 0 168 40000000 2
2 2 0 169 C0008000 2
2 2 0 170 40000000 2
2 2 0 171 C0008000 2
2 2 0 172 40000000 2
2 2 0 173 C0008000 2
2 2 0 174 40000000 2
2 2 0 175 C0008000 2
2 2 0 176 40000000 2
2 2 0 177 C0008000 2
2 2 0 178 40000000 2
2 2 0 179 C0008000 2
2 2 0 180 40000000 2
2 2 0 181 C0008000 2
2 2 0 182 40000000 2
2 2 0 183 C0008000 2
2 2 0 184 40000000 2
2 2 0 185 C0008000 2
2 2 0 186 40000000 2
2 2 0 187 C0008000 2
2 2 0 188 40000000 2
2 2 0 189 C0008000 2
2 2 0 190 40000000 2
2 2 0 191 C0008000 2
2 2 0 192 40000000 2
2 2 0 193 C0008000 2
2 2 0 194 40000000 2
2 2 0 195 C0008000 2
2 2 0 196 40000000 2
2 2 0 197 C0008000 2
2 2 0 198 40000000 2
2 2 0 199 C0008000 2
2 2 0 200 40000000 2
2 2 0 201 C0008000 2
2 2 0 202 40000000 2
2 2 0 203 C0008000 2
2 2 0 204 40000000 2
2 2 0 205 C0008000 2
2 2 0 206 40000000 2
2 2 0 207 C0008000 2
2 2 0 208 40000000 2
2 2 0 209 C0008000 2
2 2 0 210 40000000 2
2 2 0 211 C0008000 2
2 2 0 212 40000000 2
2 2 0 213 C0008000 2
2 2 0 214 40000000 2
2 2 0 215 C0008000 2
2 2 0 216 40000000 2
2 2 0 217 C0008000 2
2 2 0 218 40000000 2
2 2 0 219 C0008000 2
2 2 0 220 40000000 2
2 2 0 221 C0008000 2
2 2 0 222 40000000 2
2 2 0 223 C0008000 2
2 2 0 224 40000000 2
2 2 0 225 C0008000 2
2 2 0 226 40000000 2
2 2 0 227 C0008000 2
2 2 0 228 40000000 2
2 2 0 229 C0008000 2
2 2 0 230 40000000 2
2 2 0 231 C0008000 2
2 2 0 232 40000000 2
2 2 0 233 C0008000 2
2 2 0 234 40000000 2
2 2 0 235 C0008000 2
2 2 0 236 40000000 2
2 2 0 237 C0008000 2
2 2 0 238 40000000 2
2 2 0 239 C0008000 2
2 2 0 240 40000000 2
2 2 0 241 C0008000 2
2 2 0 242 40000000 2
2 2 0 243 C0008000 2
2 2 0 244 40000000 2
2 2 0 245 C0008000 2
2 2 0 246 40000000 2
2 2 0 247 C0008000 2
2 2 0 248 40000000 2
2 2 0 249 C0008000 2
2 2 0 250 40000000 2
2 2 0 251 C0008000 2
2 2 0 252 40000000 2
2 2 0 253 C0008000 2
2 2 0 254 40000000 2
2 2 0 255 C0008000 2
2 2 0 256 40000000 2
2 2 0 257 C0008000 2
2 2 0 258 40000000 2
2 2 0 259 C0008000 2
2 2 0 260 40000000 2
2 2 0 261 C0008000 2
2 2 0 262 40000000 2
2 2 0 263 C0008000 2
2 2 0 264 40000000 2
2 2 0 265 C0008000 2
2 2 0 266 40000000 2
2 2 0 267 C0008000 2
2 2 0 268 40000000 2
2 2 0 269 C0008000 2
2 2 0 270 40000000 2
2 2 0 271 C0008000 2
2 2 0 272 40000000 2
2 2 0 273 C0008000 2
2 2 0 274 40000000 2
2 2 0 275 C0008000 2
2 2 0 276 40000000 2
2 2 0 277 C0008000 2
2 2 0 278 40000000 2
2 2 0 279 C0008000 2
2 2 0 280 40000000 2
2 2 0 281 C0008000 2
2 2 0 282 40000000 2
2 2 0 283 C0008000 2
2 2 0 284 40000000 2
2 2 0 285 C0008000 2
2 2 0 286 40000000 2
2 2 0 287 C0008000 2
2 2 0 288 40000000 2
2 2 0 289 C0008000 2
2 2 0 290 40000000 2
2 2 0 291 C0008000 2
2 2 0 292 40000000 2
2 2 0 293 C0008000 2
2 2 0 294 40000000 2
2 2 0 295 C0008000 2
2 2 0 296 40000000 2
2 2 0 297 C0008000 2
2 2 0 298 40000000 2
2 2 0 299 C0008000 2
2 2 0 300 40000000 2
2 2 0 301 C0008000 2
2 2 0 302 40000000 2
2 2 0 303 C0008000 2
2 2 0 304 40000000 2
2 2 0 305 C0008000 2
2 2 0 306 40000000 2
2 2 0 307 C0008000 2
2 2 0 308 40000000 2
2 2 0 309 C0008000 2
2 2 0 310 40000000 2
2 2 0 311 C0008000 2
2 2 0 312 40000000 2
2 2 0 313 C0008000 2
2 2 0 314 40000000 2
2 2 0 315 C0008000 2
2 2 0 316 40000000 2
2 2 0 317 C0008000 2
2 2 0 318 40000000 2
2 2 0 319 C0008000 2
2 2 0 320 40000000 2
2 2 0 321 C0008000 2
2 2 0 322 40000000 2
2 2 0 323 C0008000 2
2 2 0 324 40000000 2
2 2 0 325 C0008000 2
2 2 0 326 40000000 2
2 2 0 327 C0008000 2
2 2 0 328 40000000 2
2 2 0 329 C0008000 2
2 2 0 330 40000000 2
2 2 0 331 C0008000 2
2 2 0 332 40000000 2
2 2 0 333 C0008000 2
2 2 0 334 40000000 2
2 2 0 335 C0008000 2
2 2 0 336 40000000 2
2 2 0 337 C0008000 2
2 2 0 338 40000000 2
2 2 0 339 C0008000 2
2 2 0 340 40000000 2
2 2 0 341 C0008000 2
2 2 0 342 40000000 2
2 2 0 343 C0008000 2
2 2 0 344 40000000 2
2 2 0 345 C0008000 2
2 2 0 346 40000000 2
2 2 0 347 C0008000 2
2 2 0 348 40000000 2
2 2 0 349 C0008000 2
2 2 0 350 40000000 2
2 2 0 351 C0008000 2
2 2 0 352 40000000 2
2 2 0 353 C0008000 2
2 2 0 354 40000000 2
2 2 0 355 C0008000 2
2 2 0 356 40000000 2
2 2 0 357 C0008000 2
2 2 0 358 40000000 2
2 2 0 359 C0008000 2
2 2 0 360 40000000 2
2 2 0 361 C0008000 2
2 2 0 362 40000000 2
2 2 0 363 C0008000 2
2 2 0 364 40000000 2
2 2 0 365 C0008000 2
2 2 0 366 40000000 2
2 2 0 367 C0008000 2
2 2 0 368 40000000 2
2 2 0 369 C0008000 2
2 2 0 370 40000000 2
2 2 0 371 C0008000 2
2 2 0 372 40000000 2
2 2 0 373 C0008000 2
2 2 0 374 40000000 2
2 2 0 375 C0008000 2
2 2 0 376 40000000 2
2 2 0 377 C0008000 2
2 2 0 378 40000000 2
2 2 0 379 C0008000 2
2 2 0 380 40000000 2
2 2 0 381 C0008000 2
2 2 0 382 40000000 2
2 2 0 383 C0008000 2
2 2 0 384 40000000 2
2 2 0 385 C0008000 2
2 2 0 386 40000000 2
2 2 0 387 C0008000 2
2 2 0 388 40000000 2
2 2 0 389 C0008000 2
2 2 0 390 40000000 2
2 2 0 391 C0008000 2
2 2 0 392 40000000 2
2 2 0 393 C0008000 2
2 2 0 394 40000000 2
2 2 0 395 C0008000 2
2 2 0 396 40000000 2
2 2 0 397 C0008000 2
2 2 0 398 40000000 2
2 2 0 399 C0008000 2
2 2 0 400 40000000 2
2 2 0 401 C0008000 2
2 2 0 402 40000000 2
2 2 0 403 C0008000 2
2 2 0 404 40000000 2
2 2 0 405 C0008000 2
2 2 0 406 40000000 2
2 2 0 407 C0008000 2
2 2 0 408 40000000 2
2 2 0 409 C0008000 2
2 2 0 410 40000000 2
2 2 0 411 C0008000 2
2 2 0 412 40000000 2
2 2 0 413 C0008000 2
2 2 0 414 40000000 2
2 2 0 415 C0008000 2
2 2 0 416 40000000 2
2 2 0 417 C0008000 2
2 2 0 418 40000000 2
2 2 0 419 C0008000 2
2 2 0 420 40000000 2
2 2 0 421 C0008000 2
2 2 0 422 40000000 2
2 2 0 423 C0008000 2
2 2 0 424 40000000 2
2 2 0 425 C0008000 2
2 2 0 426 40000000 2
2 2 0 427 C0008000 2
2 2 0 428 40000000 2
2 2 0 429 C0008000 2
2 2 0 430 40000000 2
2 2 0 431 C0008000 2
2 2 0 432 40000000 2
2 2 0 433 C0008000 2
2 2 0 434 40000000 2
2 2 0 435 C0008000 2
2 2 0 436 40000000 2
2 2 0 437 C0008000 2
2 2 0 438 40000000 2
2 2 0 439 C0008000 2
2 2 0 440 40000000 2
2 2 0 441 C0008000 2
2 2 0 442 40000000 2
2 2 0 443 C0008000 2
2 2 0 444 40000000 2
2 2 0 445 C0008000 2
2 2 0 446 40000000 2
2 2 0 447 C0008000 2
2 2 0 448 40000000 2
2 2 0 449 C0008000 2
2 2 0 450 40000000 2
2 2 0 451 C0008000 2
2 2 0 452 40000000 2
2 2 0 453 C0008000 2
2 2 0 454 40000000 2
2 2 0 455 C0008000 2
2 2 0 456 40000000 2
2 2 0 457 C0008000 2
2 2 0 458 40000000 2
2 2 0 459 C0008000 2
2 2 0 460 40000000 2
2 2 0 461 C0008000 2
2 2 0 462 40000000 2
2 2 0 463 C0008000 2
2 2 0 464 40000000 2
2 2 0 465 C0008000 2
2 2 0 466 40000000 2
2 2 0 467 C0008000 2
2 2 0 468 40000000 2
2 2 0 469 C0008000 2
2 2 0 470 40000000 2
2 2 0 471 C0008000 2
2 2 0 472 40000000 2
2 2 0 473 C0008000 2
2 2 0 474 40000000 2
2 2 0 475 C0008000 2
2 2 0 476 40000000 2
2 2 0 477 C0008000 2
2 2 0 478 40000000 2
2 2 0 479 C0008000 2
2 2 0 480 40000000 2
2 2 0 481 C0008000 2
2 2 0 482 40000000 2
2 2 0 483 C0008000 2
2 2 0 484 40000000 2
2 2 0 485 C0008000 2
2 2 0 486 40000000 2
2 2 0 487 C0008000 2
2 2 0 488 40000000 2
2 2 0 489 C0008000 2
2 2 0 490 40000000 2
2 2 0 491 C0008000 2
2 2 0 492 40000000 2
2 2 0 493 C0008000 2
2 2 0 494 40000000 2
2 2 0 495 C0008000 2
2 2 0 496 40000000 2
2 2 0 497 C0008000 2
2 2 0 498 40000000 2
2 2 0 499 C0008000 2
2 2 0 500 40000000 2
2 2 0 501 C0008000 2
2 2 0 502 40000000 2
2 2 0 503 C0008000 2
2 2 0 504 40000000 2
2 2 0 505 C0008000 2
2 2 0 506 40000000 2
2 2 0 507 C0008000 2
2 2 0 508 40000000 2
2 2 0 509 C0008000 2
2 2 0 510 40000000 2
2 2 0 511 C0008000 2
2 2 0 512 40047FF6 2
2 2 0 513 BFF9FFFF 2
2 2 0 514 40087FEE 2
2 2 0 515 BFF67FFF 2
2 2 0 516 400BFFE7 2
2 2 0 517 BFF2FFFF 2
2 2 0 518 400F7FE0 2
2 2 0 519 BFEF7FFF 2
2 2 0 520 40127FDA 2
2 2 0 521 BFEBFFFF 2
2 2 0 522 4015FFD3 2
2 2 0 523 BFE8FFFF 2
2 2 0 524 40197FCC 2
2 2 0 525 BFE4FFFF 2
2 2 0 526 401CFFC5 2
2 2 0 527 BFE17FFF 2
2 2 0 528 4020FFBD 2
2 2 0 529 BFDD7FFF 2
2 2 0 530 4024FFB5 2
2 2 0 531 BFD97FFF 2
2 2 0 532 4028FFAD 2
2 2 0 533 BFD57FFF 2
2 2 0 534 402CFFA5 2
2 2 0 535 BFD0FFFF 2
2 2 0 536 40317F9C 2
2 2 0 537 BFCC7FFF 2
2 2 0 538 4035FF93 2
2 2 0 539 BFC7FFFF 2
2 2 0 540 403AFF89 2
2 2 0 541 BFC2FFFF 2
2 2 0 542 403FFF7F 2
2 2 0 543 BFBDFFFF 2
2 2 0 544 4044FF75 2
2 2 0 545 BFB87FFF 2
2 2 0 546 404A7F6A 2
2 2 0 547 BFB2FFFF 2
2 2 0 548 404FFF5F 2
2 2 0 549 BFAD7FFF 2
2 2 0 550 4055FF53 2
2 2 0 551 BFA77FFF 2
2 2 0 552 405BFF47 2
2 2 0 553 BFA17FFF 2
2 2 0 554 40627F3A 2
2 2 0 555 BF9AFFFF 2
2 2 0 556 4068FF2D 2
2 2 0 557 BF93FFFF 2
2 2 0 558 406F7F20 2
2 2 0 559 BF8D7FFF 2
2 2 0 560 40767F12 2
2 2 0 561 BF85FFFF 2
2 2 0 562 407DFF03 2
2 2 0 563 BF7EFFFF 2
2 2 0 564 40857EF4 2
2 2 0 565 BF777FFF 2
2 2 0 566 408CFEE5 2
2 2 0 567 BF6F7FFF 2
2 2 0 568 4094FED5 2
2 2 0 569 BF677FFF 2
2 2 0 570 409CFEC4 2
2 2 0 571 BF5F7FFE 2
2 2 0 572 40A57EB3 2
2 2 0 573 BF567FFE 2
2 2 0 574 40AE7EA1 2
2 2 0 575 BF4D7FFE 2
2 2 0 576 40B77E8F 2
2 2 0 577 BF447FFE 2
2 2 0 578 40C07E7D 2
2 2 0 579 BF3AFFFE 2
2 2 0 580 40C9FE69 2
2 2 0 581 BF317FFD 2
2 2 0 582 40D3FE55 2
2 2 0 583 BF277FFD 2
2 2 0 584 40DDFE41 2
2 2 0 585 BF1CFFFD 2
2 2 0 586 40E87E2C 2
2 2 0 587 BF12FFFC 2
2 2 0 588 40F2FE16 2
2 2 0 589 BF07FFFC 2
2 2 0 590 40FDFE00 2
2 2 0 591 BEFC7FFC 2
2 2 0 592 41097DE9 2
2 2 0 593 BEF17FFB 2
2 2 0 594 4114FDD1 2
2 2 0 595 BEE57FFB 2
2 2 0 596 4120FDB9 2
2 2 0 597 BED97FFB 2
2 2 0 598 412CFDA0 2
2 2 0 599 BECCFFFA 2
2 2 0 600 4139FD86 2
2 2 0 601 BEBFFFFA 2
2 2 0 602 41467D6C 2
2 2 0 603 BEB37FF9 2
2 2 0 604 4153FD51 2
2 2 0 605 BEA5FFF9 2
2 2 0 606 4160FD36 2
2 2 0 607 BE987FF8 2
2 2 0 608 416F7D19 2
2 2 0 609 BE8A7FF7 2
2 2 0 610 417D7CFC 2
2 2 0 611 BE7BFFF7 2
2 2 0 612 418B7CDF 2
2 2 0 613 BE6CFFF6 2
2 2 0 614 419A7CC0 2
2 2 0 615 BE5E7FF5 2
2 2 0 616 41A9FCA1 2
2 2 0 617 BE4EFFF4 2
2 2 0 618 41B97C81 2
2 2 0 619 BE3F7FF3 2
2 2 0 620 41C97C60 2
2 2 0 621 BE2F7FF2 2
2 2 0 622 41D97C3F 2
2 2 0 623 BE1EFFF1 2
2 2 0 624 41E9FC1D 2
2 2 0 625 BE0DFFF0 2
2 2 0 626 41FAFBFA 2
2 2 0 627 BDFCFFEF 2
2 2 0 628 420C7BD6 2
2 2 0 629 BDEB7FEE 2
2 2 0 630 421DFBB1 2
2 2 0 631 BDD97FED 2
2 2 0 632 422FFB8C 2
2 2 0 633 BDC77FEB 2
2 2 0 634 42427B66 2
2 2 0 635 BDB47FEA 2
2 2 0 636 4254FB3F 2
2 2 0 637 BDA17FE9 2
2 2 0 638 42687B17 2
2 2 0 639 BD8E7FE7 2
2 2 0 640 427BFAEE 2
2 2 0 641 BD7A7FE5 2
2 2 0 642 428FFAC5 2
2 2 0 643 BD667FE4 2
2 2 0 644 42A47A9A 2
2 2 0 645 BD51FFE2 2
2 2 0 646 42B8FA6F 2
2 2 0 647 BD3CFFE0 2
2 2 0 648 42CDFA43 2
2 2 0 649 BD27FFDE 2
2 2 0 650 42E37A16 2
2 2 0 651 BD11FFDC 2
2 2 0 652 42F979E8 2
2 2 0 653 BCFBFFDA 2
2 2 0 654 430F79BA 2
2 2 0 655 BCE5FFD7 2
2 2 0 656 4325F98A 2
2 2 0 657 BCCEFFD5 2
2 2 0 658 433CF95A 2
2 2 0 659 BCB7FFD2 2
2 2 0 660 43547928 2
2 2 0 661 BC9FFFD0 2
2 2 0 662 436BF8F6 2
2 2 0 663 BC887FCD 2
2 2 0 664 438478C3 2
2 2 0 665 BC6FFFCA 2
2 2 0 666 439CF88F 2
2 2 0 667 BC56FFC7 2
2 2 0 668 43B5785A 2
2 2 0 669 BC3DFFC4 2
2 2 0 670 43CEF824 2
2 2 0 671 BC24FFC0 2
2 2 0 672 43E8F7ED 2
2 2 0 673 BC0A7FBD 2
2 2 0 674 4402F7B5 2
2 2 0 675 BBF07FB9 2
2 2 0 676 441D777C 2
2 2 0 677 BBD57FB6 2
2 2 0 678 44387743 2
2 2 0 679 BBBA7FB2 2
2 2 0 680 44537708 2
2 2 0 681 BB9EFFAD 2
2 2 0 682 446F76CC 2
2 2 0 683 BB82FFA9 2
2 2 0 684 448B7690 2
2 2 0 685 BB667FA5 2
2 2 0 686 44A7F652 2
2 2 0 687 BB49FFA0 2
2 2 0 688 44C47614 2
2 2 0 689 BB2CFF9B 2
2 2 0 690 44E1F5D4 2
2 2 0 691 BB0F7F96 2
2 2 0 692 44FF7594 2
2 2 0 693 BAF17F91 2
2 2 0 694 451DF552 2
2 2 0 695 BAD37F8B 2
2 2 0 696 453BF510 2
2 2 0 697 BAB4FF85 2
2 2 0 698 455A74CD 2
2 2 0 699 BA967F7F 2
2 2 0 700 4579F488 2
2 2 0 701 BA76FF79 2
2 2 0 702 45997443 2
2 2 0 703 BA56FF73 2
2 2 0 704 45B973FC 2
2 2 0 705 BA36FF6C 2
2 2 0 706 45D9F3B5 2
2 2 0 707 BA167F65 2
2 2 0 708 45F9F36D 2
2 2 0 709 B9F57F5E 2
2 2 0 710 461B7323 2
2 2 0 711 B9D47F56 2
2 2 0 712 463CF2D9 2
2 2 0 713 B9B27F4F 2
2 2 0 714 465EF28D 2
2 2 0 715 B9907F47 2
2 2 0 716 46807241 2
2 2 0 717 B96E7F3E 2
2 2 0 718 46A2F1F4 2
2 2 0 719 B94B7F36 2
2 2 0 720 46C5F1A5 2
2 2 0 721 B9287F2D 2
2 2 0 722 46E8F156 2
2 2 0 723 B9057F24 2
2 2 0 724 470CF105 2
2 2 0 725 B8E1FF1A 2
2 2 0 726 473070B4 2
2 2 0 727 B8BDFF10 2
2 2 0 728 4754F061 2
2 2 0 729 B8997F06 2
2 2 0 730 4779700E 2
2 2 0 731 B874FEFB 2
2 2 0 732 479E6FB9 2
2 2 0 733 B84FFEF0 2
2 2 0 734 47C36F64 2
2 2 0 735 B829FEE5 2
2 2 0 736 47E8EF0D 2
2 2 0 737 B803FEDA 2
2 2 0 738 480EEEB6 2
2 2 0 739 B7DDFECE 2
2 2 0 740 4834EE5D 2
2 2 0 741 B7B7FEC1 2
2 2 0 742 485BEE03 2
2 2 0 743 B7917EB4 2
2 2 0 744 48826DA9 2
2 2 0 745 B76A7EA7 2
2 2 0 746 48A96D4D 2
2 2 0 747 B742FE9A 2
2 2 0 748 48D0ECF1 2
2 2 0 749 B71B7E8C 2
2 2 0 750 48F86C93 2
2 2 0 751 B6F3FE7D 2
2 2 0 752 49206C35 2
2 2 0 753 B6CBFE6E 2
2 2 0 754 4948EBD5 2
2 2 0 755 B6A37E5F 2
2 2 0 756 49716B74 2
2 2 0 757 B67AFE4F 2
2 2 0 758 4999EB13 2
2 2 0 759 B651FE3F 2
2 2 0 760 49C36AB0 2
2 2 0 761 B628FE2E 2
2 2 0 762 49EC6A4D 2
2 2 0 763 B5FF7E1D 2
2 2 0 764 4A15E9E8 2
2 2 0 765 B5D5FE0B 2
2 2 0 766 4A3F6983 2
2 2 0 767 B5ABFDF9 2
2 2 0 768 4A69E91C 2
2 2 0 769 B581FDE6 2
2 2 0 770 4A93E8B5 2
2 2 0 771 B5577DD3 2
2 2 0 772 4ABDE84D 2
2 2 0 773 B52CFDBF 2
2 2 0 774 4AE8E7E3 2
2 2 0 775 B501FDAB 2
2 2 0 776 4B13E779 2
2 2 0 777 B4D77D96 2
2 2 0 778 4B3EE70E 2
2 2 0 779 B4ABFD81 2
2 2 0 780 4B69E6A2 2
2 2 0 781 B4807D6B 2
2 2 0 782 4B956635 2
2 2 0 783 B4557D54 2
2 2 0 784 4BC0E5C7 2
2 2 0 785 B4297D3D 2
2 2 0 786 4BEC6558 2
2 2 0 787 B3FD7D26 2
2 2 0 788 4C1864E8 2
2 2 0 789 B3D1FD0D 2
2 2 0 790 4C44E477 2
2 2 0 791 B3A57CF4 2
2 2 0 792 4C716405 2
2 2 0 793 B378FCDB 2
2 2 0 794 4C9D6393 2
2 2 0 795 B34C7CC1 2
2 2 0 796 4CC9E31F 2
2 2 0 797 B31FFCA6 2
2 2 0 798 4CF662AB 2
2 2 0 799 B2F3FC8A 2
2 2 0 800 4D22E236 2
2 2 0 801 B2C6FC6E 2
2 2 0 802 4D4FE1C0 2
2 2 0 803 B29A7C51 2
2 2 0 804 4D7CE149 2
2 2 0 805 B26CFC34 2
2 2 0 806 4DA9E0D1 2
2 2 0 807 B23FFC16 2
2 2 0 808 4DD66059 2
2 2 0 809 B212FBF7 2
2 2 0 810 4E03DFDF 2
2 2 0 811 B1E5FBD7 2
2 2 0 812 4E30DF65 2
2 2 0 813 B1B8FBB7 2
2 2 0 814 4E5DDEEA 2
2 2 0 815 B18B7B96 2
2 2 0 816 4E8B5E6E 2
2 2 0 817 B15E7B74 2
2 2 0 818 4EB85DF2 2
2 2 0 819 B130FB52 2
2 2 0 820 4EE5DD74 2
2 2 0 821 B103FB2E 2
2 2 0 822 4F12DCF6 2
2 2 0 823 B0D6FB0A 2
2 2 0 824 4F405C77 2
2 2 0 825 B0A97AE6 2
2 2 0 826 4F6D5BF8 2
2 2 0 827 B07C7AC0 2
2 2 0 828 4F9ADB77 2
2 2 0 829 B04EFA9A 2
2 2 0 830 4FC7DAF6 2
2 2 0 831 B0217A73 2
2 2 0 832 4FF55A74 2
2 2 0 833 AFF47A4B 2
2 2 0 834 5021D9F2 2
2 2 0 835 AFC77A22 2
2 2 0 836 504ED96F 2
2 2 0 837 AF9AF9F8 2
2 2 0 838 507BD8EB 2
2 2 0 839 AF6DF9CE 2
2 2 0 840 50A8D866 2
2 2 0 841 AF40F9A3 2
2 2 0 842 50D5D7E1 2
2 2 0 843 AF13F977 2
2 2 0 844 5102575B 2
2 2 0 845 AEE7794A 2
2 2 0 846 512ED6D5 2
2 2 0 847 AEBAF91C 2
2 2 0 848 515B564E 2
2 2 0 849 AE8EF8ED 2
2 2 0 850 5187D5C6 2
2 2 0 851 AE6278BE 2
2 2 0 852 51B3D53E 2
2 2 0 853 AE36788D 2
2 2 0 854 51DFD4B5 2
2 2 0 855 AE0A785C 2
2 2 0 856 520B542C 2
2 2 0 857 ADDEF82A 2
2 2 0 858 5236D3A2 2
2 2 0 859 ADB2F7F7 2
2 2 0 860 5262D317 2
2 2 0 861 AD87F7C3 2
2 2 0 862 528DD28C 2
2 2 0 863 AD5C778E 2
2 2 0 864 52B8D201 2
2 2 0 865 AD31F758 2
2 2 0 866 52E3D175 2
2 2 0 867 AD06F721 2
2 2 0 868 530ED0E8 2
2 2 0 869 ACDC76EA 2
2 2 0 870 5338D05B 2
2 2 0 871 ACB1F6B1 2
2 2 0 872 5362CFCE 2
2 2 0 873 AC887677 2
2 2 0 874 538CCF40 2
2 2 0 875 AC5E763D 2
2 2 0 876 53B64EB2 2
2 2 0 877 AC34F601 2
2 2 0 878 53DFCE23 2
2 2 0 879 AC0B75C5 2
2 2 0 880 5408CD94 2
2 2 0 881 ABE27588 2
2 2 0 882 54324D04 2
2 2 0 883 ABB9F549 2
2 2 0 884 545ACC74 2
2 2 0 885 AB91750A 2
2 2 0 886 5482CBE4 2
2 2 0 887 AB6974CA 2
2 2 0 888 54AA4B54 2
2 2 0 889 AB41F488 2
2 2 0 890 54D1CAC3 2
2 2 0 891 AB1AF446 2
2 2 0 892 54F8CA32 2
2 2 0 893 AAF37403 2
2 2 0 894 551FC9A1 2
2 2 0 895 AACD73BE 2
2 2 0 896 5546490F 2
2 2 0 897 AAA6F379 2
2 2 0 898 556C487D 2
2 2 0 899 AA80F333 2
2 2 0 900 5591C7EB 2
2 2 0 901 AA5B72EC 2
2 2 0 902 55B74759 2
2 2 0 903 AA3672A3 2
2 2 0 904 55DC46C6 2
2 2 0 905 AA11F25A 2
2 2 0 906 5600C633 2
2 2 0 907 A9ED7210 2
2 2 0 908 5624C5A0 2
2 2 0 909 A9C9F1C4 2
2 2 0 910 5648450D 2
2 2 0 911 A9A67178 2
2 2 0 912 566B447A 2
2 2 0 913 A982F12B 2
2 2 0 914 568E43E7 2
2 2 0 915 A960F0DC 2
2 2 0 916 56B0C353 2
2 2 0 917 A93E708D 2
2 2 0 918 56D242C0 2
2 2 0 919 A91D703C 2
2 2 0 920 56F3C22C 2
2 2 0 921 A8FBEFEB 2
2 2 0 922 5714C198 2
2 2 0 923 A8DBEF98 2
2 2 0 924 5734C105 2
2 2 0 925 A8BB6F45 2
2 2 0 926 5754C071 2
2 2 0 927 A89BEEF0 2
2 2 0 928 57743FDD 2
2 2 0 929 A87C6E9B 2
2 2 0 930 5792BF4A 2
2 2 0 931 A85E6E44 2
2 2 0 932 57B13EB6 2
2 2 0 933 A83FEDED 2
2 2 0 934 57CF3E22 2
2 2 0 935 A8226D94 2
2 2 0 936 57EC3D8F 2
2 2 0 937 A8056D3B 2
2 2 0 938 5808BCFB 2
2 2 0 939 A7E8ECE0 2
2 2 0 940 5824BC68 2
2 2 0 941 A7CD6C84 2
2 2 0 942 5840BBD4 2
2 2 0 943 A7B1EC28 2
2 2 0 944 585BBB41 2
2 2 0 945 A7976BCA 2
2 2 0 946 58763AAE 2
2 2 0 947 A77D6B6B 2
2 2 0 948 58903A1B 2
2 2 0 949 A7636B0C 2
2 2 0 950 58A8B989 2
2 2 0 951 A74A6AAB 2
2 2 0 952 58C1B8F6 2
2 2 0 953 A7326A49 2
2 2 0 954 58D9B864 2
2 2 0 955 A71A69E7 2
2 2 0 956 58F137D2 2
2 2 0 957 A7036983 2
2 2 0 958 59083740 2
2 2 0 959 A6ECE91E 2
2 2 0 960 591E36AE 2
2 2 0 961 A6D668B9 2
2 2 0 962 5933B61D 2
2 2 0 963 A6C16852 2
2 2 0 964 5948B58C 2
2 2 0 965 A6ACE7EA 2
2 2 0 966 595D34FB 2
2 2 0 967 A698E782 2
2 2 0 968 5970B46B 2
2 2 0 969 A6856718 2
2 2 0 970 598433DA 2
2 2 0 971 A672E6AE 2
2 2 0 972 5996334B 2
2 2 0 973 A660E642 2
2 2 0 974 59A832BB 2
2 2 0 975 A64F65D6 2
2 2 0 976 59B9322C 2
2 2 0 977 A63EE568 2
2 2 0 978 59C9319E 2
2 2 0 979 A62EE4FA 2
2 2 0 980 59D93110 2
2 2 0 981 A61F648B 2
2 2 0 982 59E83082 2
2 2 0 983 A610641B 2
2 2 0 984 59F62FF5 2
2 2 0 985 A60263AA 2
2 2 0 986 5A042F68 2
2 2 0 987 A5F4E338 2
2 2 0 988 5A112EDB 2
2 2 0 989 A5E862C5 2
2 2 0 990 5A1DAE4F 2
2 2 0 991 A5DCE251 2
2 2 0 992 5A292DC4 2
2 2 0 993 A5D1E1DC 2
2 2 0 994 5A342D39 2
2 2 0 995 A5C6E167 2
2 2 0 996 5A3E2CAF 2
2 2 0 997 A5BCE0F1 2
2 2 0 998 5A47AC25 2
2 2 0 999 A5B3E079 2
2 2 0 1000 5A502B9C 2
2 2 0 1001 A5AB6001 2
2 2 0 1002 5A58AB13 2
2 2 0 1003 A5A3DF88 2
2 2 0 1004 5A5FAA8B 2
2 2 0 1005 A59CDF0E 2
2 2 0 1006 5A66AA03 2
2 2 0 1007 A5965E94 2
2 2 0 1008 5A6C297D 2
2 2 0 1009 A590DE18 2
2 2 0 1010 5A71A8F6 2
2 2 0 1011 A58BDD9C 2
2 2 0 1012 5A762871 2
2 2 0 1013 A587DD1F 2
2 2 0 1014 5A79A7EC 2
2 2 0 1015 A584DCA1 2
2 2 0 1016 5A7CA768 2
2 2 0 1017 A581DC23 2
2 2 0 1018 5A7F26E4 2
2 2 0 1019 A57F5BA4 2
2 2 0 1020 5A812661 2
2 2 0 1021 A57E5B24 2
2 2 0 1022 5A81A5DF 2
2 2 0 1023 A57DDAA3 2
2 3 0 0 ED450715 2
2 3 0 1 D6282FA5 2
2 3 0 2 01877A00 2
2 3 0 3 0CEBDF3E 2
2 3 0 4 BDCDF15C 2
2 3 0 5 324F912C 2
2 3 0 6 1E83BDA6 2
2 3 0 7 196CF7E8 2
2 3 0 8 24828F0F 2
2 3 0 9 D8237C4C 2
2 3 0 10 CD52B511 2
2 3 0 11 0E85525B 2
2 3 0 12 E5E2DB3A 2
2 3 0 13 CE80AE8C 2
2 3 0 14 297C7A8C 2
2 3 0 15 DD8BE9C1 2
2 3 0 16 E470B220 2
2 3 0 17 1ED0FAC3 2
2 3 0 18 D22B0527 2
2 3 0 19 20DAFBA7 2
2 3 0 20 285D4010 2
2 3 0 21 EE878F23 2
2 3 0 22 1425AF83 2
2 3 0 23 3153CC51 2
2 3 0 24 D555121C 2
2 3 0 25 3403CCCD 2
2 3 0 26 04E9DF7F 2
2 3 0 27 FB4249A1 2
2 3 0 28 21AFFD31 2
2 3 0 29 CEB020EA 2
2 3 0 30 DA8E204A 2
2 3 0 31 12C72EA5 2
2 3 0 32 CC11D4F6 2
2 3 0 33 C37CAD2D 2
2 3 0 34 0C3F8F9C 2
2 3 0 35 E7B1CA9C 2
2 3 0 36 152778D9 2
2 3 0 37 EB255D3F 2
2 3 0 38 DF68D167 2
2 3 0 39 ED68E028 2
2 3 0 40 05F09C58 2
2 3 0 41 FCEE2E02 2
2 3 0 42 EFDC5AFE 2
2 3 0 43 E08E52F0 2
2 3 0 44 C7273E37 2
2 3 0 45 120F4D4B 2
2 3 0 46 1FC68DD0 2
2 3 0 47 27D91B60 2
2 3 0 48 C4A4E0EC 2
2 3 0 49 E806A467 2
2 3 0 50 D64DE2F5 2
2 3 0 51 C7D4C991 2
2 3 0 52 1DA1A4EA 2
2 3 0 53 1A4CDE66 2
2 3 0 54 EAA6FDCE 2
2 3 0 55 106F929D 2
2 3 0 56 11BE43D7 2
2 3 0 57 3D403787 2
2 3 0 58 E87F263C 2
2 3 0 59 19A0A212 2
2 3 0 60 E5EC63CF 2
2 3 0 61 29DF0EAE 2
2 3 0 62 3CECFE70 2
2 3 0 63 FF66489C 2
2 3 0 64 E75BFDF1 2
2 3 0 65 1659A175 2
2 3 0 66 126EA12D 2
2 3 0 67 2E8973FA 2
2 3 0 68 3281D7D1 2
2 3 0 69 0495BEAF 2
2 3 0 70 DB2BD131 2
2 3 0 71 F6FCD86F 2
2 3 0 72 C11610AC 2
2 3 0 73 C5CC5656 2
2 3 0 74 F642A34A 2
2 3 0 75 EC3B457B 2
2 3 0 76 047381CE 2
2 3 0 77 1C4B61FD 2
2 3 0 78 D4C44592 2
2 3 0 79 17822C30 2
2 3 0 80 1855EADE 2
2 3 0 81 CE061D4E 2
2 3 0 82 018B6832 2
2 3 0 83 EDF34B62 2
2 3 0 84 0F0E4D62 2
2 3 0 85 F55D2D8E 2
2 3 0 86 02DC8D48 2
2 3 0 87 D9B1F97B 2
2 3 0 88 27C74B70 2
2 3 0 89 071C48EA 2
2 3 0 90 1F6A40BE 2
2 3 0 91 F7B6B574 2
2 3 0 92 1A93F084 2
2 3 0 93 31E14C7B 2
2 3 0 94 B5EFFC8B 2
2 3 0 95 33FEE56E 2
2 3 0 96 EA94CD3C 2
2 3 0 97 D6B03D86 2
2 3 0 98 CD530651 2
2 3 0 99 0EB54739 2
2 3 0 100 2C6A4944 2
2 3 0 101 FC2D7B47 2
2 3 0 102 14A8F1E4 2
2 3 0 103 10B390E6 2
2 3 0 104 CABF5548 2
2 3 0 105 2383A37E 2
2 3 0 106 EC1A6ACC 2
2 3 0 107 0C976EFD 2
2 3 0 108 F6EB5124 2
2 3 0 109 E6E23C34 2
2 3 0 110 020E8E64 2
2 3 0 111 ED32901D 2
2 3 0 112 23E4AE78 2
2 3 0 113 E6EBDB1C 2
2 3 0 114 F7595B92 2
2 3 0 115 0B14142C 2
2 3 0 116 F2F2EE6E 2
2 3 0 117 116537AF 2
2 3 0 118 2BF6CE36 2
2 3 0 119 417BD9C2 2
2 3 0 120 D0A7E1E6 2
2 3 0 121 1158D2A1 2
2 3 0 122 3476FA0A 2
2 3 0 123 E99DC26A 2
2 3 0 124 22B1CF90 2
2 3 0 125 EEFF95D6 2
2 3 0 126 C2FFA64F 2
2 3 0 127 020D8A50 2
2 3 1 0 0CBE3E0D 2
2 3 1 1 0B91EB1E 2
2 3 1 2 1FAC220A 2
2 3 1 3 092F8DAC 2
2 3 1 4 42BAF57C 2
2 3 1 5 C391DA39 2
2 3 1 6 40C1FA55 2
2 3 1 7 DFF649D8 2
2 3 1 8 4AF836D2 2
2 3 1 9 F142325C 2
2 3 1 10 DB1CA049 2
2 3 1 11 4E0EC9D3 2
2 3 1 12 FC789AA3 2
2 3 1 13 E8AB8CBA 2
2 3 1 14 1B928660 2
2 3 1 15 0283E378 2
2 3 1 16 D6C895BC 2
2 3 1 17 250CAD28 2
2 3 1 18 FF2D0C27 2
2 3 1 19 F34F99BB 2
2 3 1 20 3E8A1D98 2
2 3 1 21 D09F6578 2
2 3 1 22 0C22B0FB 2
2 3 1 23 DA1AB673 2
2 3 1 24 C09B83BC 2
2 3 1 25 DD1991C2 2
2 3 1 26 D43D47D9 2
2 3 1 27 E73671E2 2
2 3 1 28 1783E97B 2
2 3 1 29 05ADBE66 2
2 3 1 30 C7297472 2
2 3 1 31 2FE30133 2
2 3 1 32 1EE43608 2
2 3 1 33 F684A65B 2
2 3 1 34 18342E80 2
2 3 1 35 D51A7D9C 2
2 3 1 36 0045E967 2
2 3 1 37 1053DE31 2
2 3 1 38 171F00D6 2
2 3 1 39 C358BD1B 2
2 3 1 40 2CA7972D 2
2 3 1 41 3A09CDC1 2
2 3 1 42 D2D1EFD0 2
2 3 1 43 23AD2CE6 2
2 3 1 44 023EE111 2
2 3 1 45 28E2B054 2
2 3 1 46 084E2870 2
2 3 1 47 D6EB8B49 2
2 3 1 48 FF32C122 2
2 3 1 49 CCBF4C65 2
2 3 1 50 D1807F79 2
2 3 1 51 FB174EEB 2
2 3 1 52 D5DF5146 2
2 3 1 53 114984A8 2
2 3 1 54 268A7715 2
2 3 1 55 0462BF02 2
2 3 1 56 CD894F51 2
2 3 1 57 37572845 2
2 3 1 58 E3E06CC1 2
2 3 1 59 D92ACC7C 2
2 3 1 60 DD372211 2
2 3 1 61 2F09F18F 2
2 3 1 62 15B477F5 2
2 3 1 63 F3390AC9 2
2 3 1 64 23B3B9CC 2
2 3 1 65 EF07BA7D 2
2 3 1 66 262395E3 2
2 3 1 67 D09D8451 2
2 3 1 68 E551B38D 2
2 3 1 69 E0F98FBC 2
2 3 1 70 FD69660B 2
2 3 1 71 E94C420F 2
2 3 1 72 03AB3792 2
2 3 1 73 3D3FAD34 2
2 3 1 74 FFF8B2DA 2
2 3 1 75 3A38E7E3 2
2 3 1 76 CB9A7A0D 2
2 3 1 77 1A1A737D 2
2 3 1 78 3272BCFB 2
2 3 1 79 D96E5506 2
2 3 1 80 CF8A7DFD 2
2 3 1 81 CDB09CC8 2
2 3 1 82 2C25D943 2
2 3 1 83 DFCC837A 2
2 3 1 84 F50A4067 2
2 3 1 85 2E8139DB 2
2 3 1 86 EA6D2E56 2
2 3 1 87 E3412AD2 2
2 3 1 88 120958AC 2
2 3 1 89 FDE4ADBF 2
2 3 1 90 DE58BBE8 2
2 3 1 91 12BB6886 2
2 3 1 92 20D4E939 2
2 3 1 93 D8AAE850 2
2 3 1 94 137B99C6 2
2 3 1 95 DCE4BD38 2
2 3 1 96 104C9281 2
2 3 1 97 D57B7622 2
2 3 1 98 FCD11B01 2
2 3 1 99 D3CBAE82 2
2 3 1 100 0DC0394F 2
2 3 1 101 FEB67B0B 2
2 3 1 102 138FAFA7 2
2 3 1 103 2DD350AE 2
2 3 1 104 CAD19267 2
2 3 1 105 BA325745 2
2 3 1 106 E4133B4F 2
2 3 1 107 D738A6E6 2
2 3 1 108 F9153005 2
2 3 1 109 2EEAE7CC 2
2 3 1 110 299DB225 2
2 3 1 111 C94C63D5 2
2 3 1 112 F5C63677 2
2 3 1 113 0D90B7BC 2
2 3 1 114 0C638C20 2
2 3 1 115 3B78FDFC 2
2 3 1 116 21D4318D 2
2 3 1 117 19E42453 2
2 3 1 118 2D2D88B0 2
2 3 1 119 106E07DB 2
2 3 1 120 EB9A4D94 2
2 3 1 121 33B09A01 2
2 3 1 122 E1F99E48 2
2 3 1 123 0B159DD8 2
2 3 1 124 21F06BBE 2
2 3 1 125 20E68518 2
2 3 1 126 04D427A8 2
2 3 1 127 067A7306 2
2 3 2 0 FF6807C5 2
2 3 2 1 1F75853C 2
2 3 2 2 3019B588 2
2 3 2 3 FC30BCD0 2
2 3 2 4 3C9353D0 2
2 3 2 5 2756B3AE 2
2 3 2 6 089A0ED6 2
2 3 2 7 B44AFC5C 2
2 3 2 8 4710BFE5 2
2 3 2 9 D1FF976A 2
2 3 2 10 1418DFA4 2
2 3 2 11 DBA99FF3 2
2 3 2 12 30A3C7ED 2
2 3 2 13 ECF3C38A 2
2 3 2 14 1BC93994 2
2 3 2 15 B50CBC7D 2
2 3 2 16 D2B08A71 2
2 3 2 17 3793EDB7 2
2 3 2 18 E2882580 2
2 3 2 19 340BB1F8 2
2 3 2 20 E510B6E9 2
2 3 2 21 D57E693F 2
2 3 2 22 2E09D2F9 2
2 3 2 23 10F93EFE 2
2 3 2 24 407B10FF 2
2 3 2 25 D72DC291 2
2 3 2 26 C3696FD9 2
2 3 2 27 E9904361 2
2 3 2 28 EF337B56 2
2 3 2 29 2D317620 2
2 3 2 30 17848FA5 2
2 3 2 31 2C260A17 2
2 3 2 32 F4253534 2
2 3 2 33 0749021C 2
2 3 2 34 F6D65927 2
2 3 2 35 E539E139 2
2 3 2 36 16C6ED18 2
2 3 2 37 26B44501 2
2 3 2 38 DA028AB6 2
2 3 2 39 FC7ED5D1 2
2 3 2 40 0757A339 2
2 3 2 41 C9E96477 2
2 3 2 42 E10AE405 2
2 3 2 43 EB0F614F 2
2 3 2 44 DA0FADB0 2
2 3 2 45 3DD194B7 2
2 3 2 46 DAFDE964 2
2 3 2 47 C5754F52 2
2 3 2 48 FCECEC5A 2
2 3 2 49 31CF7306 2
2 3 2 50 3BC85E26 2
2 3 2 51 128F6AAF 2
2 3 2 52 1B3DBFE2 2
2 3 2 53 E1316203 2
2 3 2 54 3BB85BDD 2
2 3 2 55 30502D1C 2
2 3 2 56 EC8310D8 2
2 3 2 57 C8B13987 2
2 3 2 58 33F74E82 2
2 3 2 59 1BC64A63 2
2 3 2 60 036031AB 2
2 3 2 61 F5031C81 2
2 3 2 62 F8EA02EE 2
2 3 2 63 F462D8F3 2
2 3 2 64 389CA855 2
2 3 2 65 246A898D 2
2 3 2 66 DCF7D543 2
2 3 2 67 1256E3F7 2
2 3 2 68 DCCBD6F5 2
2 3 2 69 35E4763B 2
2 3 2 70 E5ACF7C3 2
2 3 2 71 DF56B409 2
2 3 2 72 24ABA8EB 2
2 3 2 73 C8A27E1F 2
2 3 2 74 1D9598B2 2
2 3 2 75 05BACF95 2
2 3 2 76 2AC2DF1D 2
2 3 2 77 D03BD5EF 2
2 3 2 78 CC51AA69 2
2 3 2 79 E75166BE 2
2 3 2 80 404BAE10 2
2 3 2 81 391C0D08 2
2 3 2 82 3BACEB39 2
2 3 2 83 2F7FC07D 2
2 3 2 84 24388D1F 2
2 3 2 85 2E018AD6 2
2 3 2 86 213F0EA2 2
2 3 2 87 2CED395B 2
2 3 2 88 2D8C5A4F 2
2 3 2 89 C1C831D0 2
2 3 2 90 01D1B61C 2
2 3 2 91 159021F9 2
2 3 2 92 0C986CA0 2
2 3 2 93 F7610FBD 2
2 3 2 94 E25954A4 2
2 3 2 95 FC71E5AC 2
2 3 2 96 307CE3C9 2
2 3 2 97 069459A0 2
2 3 2 98 F757C532 2
2 3 2 99 1CB19734 2
2 3 2 100 C6AC7680 2
2 3 2 101 ED4E5696 2
2 3 2 102 E779F60C 2
2 3 2 103 CCEEE7CB 2
2 3 2 104 DC8345F1 2
2 3 2 105 0AE216A3 2
2 3 2 106 4465AC30 2
2 3 2 107 1A23C214 2
2 3 2 108 F26707AB 2
2 3 2 109 1B148C89 2
2 3 2 110 D1286D28 2
2 3 2 111 EEF20B7A 2
2 3 2 112 EBF049C6 2
2 3 2 113 F9993308 2
2 3 2 114 D6CBAF46 2
2 3 2 115 105746A5 2
2 3 2 116 0FBB55B9 2
2 3 2 117 F2E25A5F 2
2 3 2 118 258EF818 2
2 3 2 119 19985231 2
2 3 2 120 13E63178 2
2 3 2 121 FAA3347B 2
2 3 2 122 03BE8204 2
2 3 2 123 EE548B50 2
2 3 2 124 DE269B74 2
2 3 2 125 0A2D5060 2
2 3 2 126 DDF8E36A 2
2 3 2 127 EB809D25 2
2 3 3 0 F289983B 2
2 3 3 1 FA53A7FF 2
2 3 3 2 F00C0852 2
2 3 3 3 FDE8E37A 2
2 3 3 4 B48DB848 2
2 3 3 5 F7BA6999 2
2 3 3 6 076CBFD7 2
2 3 3 7 17D9CF60 2
2 3 3 8 D385E6DE 2
2 3 3 9 431A180A 2
2 3 3 10 229B4F58 2
2 3 3 11 06E7B354 2
2 3 3 12 CACA0042 2
2 3 3 13 19214340 2
2 3 3 14 E12376E0 2
2 3 3 15 F787C89A 2
2 3 3 16 C51C4FFF 2
2 3 3 17 0F540C22 2
2 3 3 18 FFFC535D 2
2 3 3 19 4ACDE4A0 2
2 3 3 20 1798A895 2
2 3 3 21 1EF33E78 2
2 3 3 22 C45262EC 2
2 3 3 23 00D8F97B 2
2 3 3 24 DF1A5AB5 2
2 3 3 25 2067DDF8 2
2 3 3 26 3DA90EBF 2
2 3 3 27 12F14496 2
2 3 3 28 CBDEF6F5 2
2 3 3 29 EF4512E6 2
2 3 3 30 F514A3FF 2
2 3 3 31 E3959112 2
2 3 3 32 CCAA45D8 2
2 3 3 33 15758670 2
2 3 3 34 21EA6443 2
2 3 3 35 EA6A8F73 2
2 3 3 36 1E617276 2
2 3 3 37 EB45729F 2
2 3 3 38 FB271FBB 2
2 3 3 39 0221641D 2
2 3 3 40 3C777846 2
2 3 3 41 F4050024 2
2 3 3 42 C13349C4 2
2 3 3 43 228C76CD 2
2 3 3 44 3FA790F7 2
2 3 3 45 2B9BA205 2
2 3 3 46 0E924E98 2
2 3 3 47 F3450333 2
2 3 3 48 FA43917C 2
2 3 3 49 FBB51D7B 2
2 3 3 50 D5E092FE 2
2 3 3 51 1DE631A9 2
2 3 3 52 F7645762 2
2 3 3 53 01A70876 2
2 3 3 54 3C3DF027 2
2 3 3 55 33E0A6EB 2
2 3 3 56 C92CA06B 2
2 3 3 57 F83DF376 2
2 3 3 58 3BD1FBB8 2
2 3 3 59 106C75C7 2
2 3 3 60 038A42AA 2
2 3 3 61 12B99184 2
2 3 3 62 1991F164 2
2 3 3 63 C1E42B19 2
2 3 3 64 20DBD583 2
2 3 3 65 DE98FB77 2
2 3 3 66 38683F38 2
2 3 3 67 C22C233F 2
2 3 3 68 E66EDB76 2
2 3 3 69 380FCC8A 2
2 3 3 70 E3536DE9 2
2 3 3 71 349BCEFA 2
2 3 3 72 C4313285 2
2 3 3 73 2D7D8F07 2
2 3 3 74 F2C35C37 2
2 3 3 75 38B8EEF1 2
2 3 3 76 0AA495DD 2
2 3 3 77 1667EE5E 2
2 3 3 78 1810E392 2
2 3 3 79 C65B6F1E 2
2 3 3 80 302222BE 2
2 3 3 81 00C8572C 2
2 3 3 82 FB738104 2
2 3 3 83 E1A4FA17 2
2 3 3 84 3B83F1E1 2
2 3 3 85 EE9C3E01 2
2 3 3 86 35053BFB 2
2 3 3 87 D9121161 2
2 3 3 88 DBA4028F 2
2 3 3 89 D861E687 2
2 3 3 90 F51EB81E 2
2 3 3 91 2BDA84C7 2
2 3 3 92 F4EE43A6 2
2 3 3 93 1BE8E602 2
2 3 3 94 F563CFD7 2
2 3 3 95 F553D667 2
2 3 3 96 D83812AF 2
2 3 3 97 15F12B72 2
2 3 3 98 C77171B9 2
2 3 3 99 33F03E58 2
2 3 3 100 0D55F253 2
2 3 3 101 E5F29D80 2
2 3 3 102 DCD68A8F 2
2 3 3 103 28C0A976 2
2 3 3 104 D55C0A26 2
2 3 3 105 C4756C67 2
2 3 3 106 155B0501 2
2 3 3 107 37242A35 2
2 3 3 108 2331606C 2
2 3 3 109 C666AD0A 2
2 3 3 110 E0FB05B2 2
2 3 3 111 CD2C1C99 2
2 3 3 112 EF9486D7 2
2 3 3 113 1632EF68 2
2 3 3 114 4979B646 2
2 3 3 115 083C8CF5 2
2 3 3 116 DEBF541F 2
2 3 3 117 CB8FC59A 2
2 3 3 118 D234EBFA 2
2 3 3 119 FAED77B0 2
2 3 3 120 FA2C0EE4 2
2 3 3 121 D34F1960 2
2 3 3 122 E14B4B04 2
2 3 3 123 0EC13C9C 2
2 3 3 124 4DC2CEF0 2
2 3 3 125 0FB0FCA8 2
2 3 3 126 06E201D7 2
2 3 3 127 3AB4A328 2
2 3 4 0 09904270 2
2 3 4 1 398BFD67 2
2 3 4 2 C5099DA8 2
2 3 4 3 03F083F4 2
2 3 4 4 053175C6 2
2 3 4 5 E7E9C8E7 2
2 3 4 6 D30343C2 2
2 3 4 7 051B6EBC 2
2 3 4 8 349B4F63 2
2 3 4 9 EBEC67A8 2
2 3 4 10 20DE8B2F 2
2 3 4 11 DDB336C4 2
2 3 4 12 DCECFE78 2
2 3 4 13 B1BA9FBA 2
2 3 4 14 3146C0E8 2
2 3 4 15 F257C005 2
2 3 4 16 E4CA00DB 2
2 3 4 17 340B7D39 2
2 3 4 18 E811A594 2
2 3 4 19 C574E561 2
2 3 4 20 2D8C1E0A 2
2 3 4 21 31DAAA82 2
2 3 4 22 CBE3BD9B 2
2 3 4 23 2DCD1576 2
2 3 4 24 394CE6DE 2
2 3 4 25 D4939F98 2
2 3 4 26 06A99A38 2
2 3 4 27 0ABDC045 2
2 3 4 28 F73660DE 2
2 3 4 29 D0429CB2 2
2 3 4 30 3670326F 2
2 3 4 31 04CC6EF9 2
2 3 4 32 294A5945 2
2 3 4 33 CD2B6CE2 2
2 3 4 34 297E99D4 2
2 3 4 35 2D17A2A6 2
2 3 4 36 E5564E6D 2
2 3 4 37 0B67B176 2
2 3 4 38 C0BF69E5 2
2 3 4 39 2B89B413 2
2 3 4 40 DE214E6F 2
2 3 4 41 0024AEC8 2
2 3 4 42 15F2B307 2
2 3 4 43 C041776B 2
2 3 4 44 1B8B6F20 2
2 3 4 45 C5A30232 2
2 3 4 46 15A7D5F8 2
2 3 4 47 E1E8BD73 2
2 3 4 48 30BEDB14 2
2 3 4 49 12814D60 2
2 3 4 50 E56831FF 2
2 3 4 51 2CC63641 2
2 3 4 52 F7237DC4 2
2 3 4 53 E8CD8A03 2
2 3 4 54 3B5177F4 2
2 3 4 55 2D8B7670 2
2 3 4 56 3F211609 2
2 3 4 57 CD19DDC0 2
2 3 4 58 DE7DA428 2
2 3 4 59 E628A8A8 2
2 3 4 60 089584F5 2
2 3 4 61 1F2E5298 2
2 3 4 62 2AAD9550 2
2 3 4 63 1ABC793A 2
2 3 4 64 D7714D57 2
2 3 4 65 C4912A3D 2
2 3 4 66 3B6D5DC2 2
2 3 4 67 2F23C628 2
2 3 4 68 CD5BD310 2
2 3 4 69 1E9FB68A 2
2 3 4 70 C909647C 2
2 3 4 71 C8674EA9 2
2 3 4 72 FD733660 2
2 3 4 73 32C4A04F 2
2 3 4 74 2209B6E9 2
2 3 4 75 C36BFD3A 2
2 3 4 76 D6277F17 2
2 3 4 77 C60EAEC0 2
2 3 4 78 0B54F60F 2
2 3 4 79 F4DFFA22 2
2 3 4 80 DA107288 2
2 3 4 81 09CFCB38 2
2 3 4 82 2F39731F 2
2 3 4 83 FFDEFE40 2
2 3 4 84 BFAC78B8 2
2 3 4 85 EA197553 2
2 3 4 86 2D3B3061 2
2 3 4 87 00310C8E 2
2 3 4 88 FE8071C1 2
2 3 4 89 3DA31DB7 2
2 3 4 90 1F66D7E5 2
2 3 4 91 085266A7 2
2 3 4 92 0861CC4B 2
2 3 4 93 D2AF14AC 2
2 3 4 94 FC50155F 2
2 3 4 95 F9867BCD 2
2 3 4 96 08437EDE 2
2 3 4 97 C4FD6B92 2
2 3 4 98 FD5418E8 2
2 3 4 99 E29D9B06 2
2 3 4 100 27783634 2
2 3 4 101 0D10D994 2
2 3 4 102 C62560BE 2
2 3 4 103 E6E9A0D8 2
2 3 4 104 027F018D 2
2 3 4 105 E18DE085 2
2 3 4 106 F6A925C2 2
2 3 4 107 D365F973 2
2 3 4 108 1EE146AA 2
2 3 4 109 E782CFED 2
2 3 4 110 DCC2F4BF 2
2 3 4 111 F34078BD 2
2 3 4 112 D6E6CFDC 2
2 3 4 113 DC45FEAC 2
2 3 4 114 EA6A457C 2
2 3 4 115 FFAAA68E 2
2 3 4 116 0C959C1C 2
2 3 4 117 C9389256 2
2 3 4 118 FC096A6A 2
2 3 4 119 0433A677 2
2 3 4 120 B5FA9CE0 2
2 3 4 121 FCCB6080 2
2 3 4 122 BFF7288B 2
2 3 4 123 FE5C1914 2
2 3 4 124 48B94A66 2
2 3 4 125 E05A92FE 2
2 3 4 126 2C8178EF 2
2 3 4 127 BAB7BA21 2
2 3 5 0 1608FDA9 2
2 3 5 1 095B8631 2
2 3 5 2 20E96ABE 2
2 3 5 3 03E23D24 2
2 3 5 4 D05CB09E 2
2 3 5 5 E19E3798 2
2 3 5 6 1C503115 2
2 3 5 7 FD7E7808 2
2 3 5 8 30EBB60A 2
2 3 5 9 037F33CE 2
2 3 5 10 291B6F5F 2
2 3 5 11 02DA08DC 2
2 3 5 12 22435FB9 2
2 3 5 13 0A1E6CD6 2
2 3 5 14 D87C9A50 2
2 3 5 15 D0928009 2
2 3 5 16 0CF91E1B 2
2 3 5 17 E6249FAA 2
2 3 5 18 F5EC9824 2
2 3 5 19 ECB5D67C 2
2 3 5 20 E54F2EC5 2
2 3 5 21 CBE60E9F 2
2 3 5 22 EC43D324 2
2 3 5 23 DFAA2678 2
2 3 5 24 F4093B7A 2
2 3 5 25 D430C312 2
2 3 5 26 1E75C566 2
2 3 5 27 20AB7F75 2
2 3 5 28 15CFFD44 2
2 3 5 29 E75BE0C2 2
2 3 5 30 E4EF4EFB 2
2 3 5 31 CF797CA1 2
2 3 5 32 F28560CC 2
2 3 5 33 CD87945C 2
2 3 5 34 127C4E8C 2
2 3 5 35 FFF8B41A 2
2 3 5 36 3953EFD0 2
2 3 5 37 CBE8CBB7 2
2 3 5 38 0B471334 2
2 3 5 39 DC16F99F 2
2 3 5 40 0D84DDB4 2
2 3 5 41 35E7FE77 2
2 3 5 42 FE343DAD 2
2 3 5 43 2FFBE9B5 2
2 3 5 44 D628B506 2
2 3 5 45 E4265F44 2
2 3 5 46 E0C303AC 2
2 3 5 47 0DAE99D3 2
2 3 5 48 DCD2F522 2
2 3 5 49 DD1687E7 2
2 3 5 50 2B18D025 2
2 3 5 51 CD438E0E 2
2 3 5 52 2420990A 2
2 3 5 53 0EC7F8A8 2
2 3 5 54 CC2BB742 2
2 3 5 55 3CAD65A9 2
2 3 5 56 291A097B 2
2 3 5 57 CE35808E 2
2 3 5 58 FEE6F80E 2
2 3 5 59 CBF23D06 2
2 3 5 60 3D8AA897 2
2 3 5 61 316961C5 2
2 3 5 62 DF3BC0B8 2
2 3 5 63 3DED3B58 2
2 3 5 64 D75A1BD2 2
2 3 5 65 FD542FE5 2
2 3 5 66 E90DBAE1 2
2 3 5 67 283AD0C1 2
2 3 5 68 DC8ACFC3 2
2 3 5 69 20995820 2
2 3 5 70 EA1CF77E 2
2 3 5 71 F954EEDD 2
2 3 5 72 EB6116C8 2
2 3 5 73 1F68725A 2
2 3 5 74 CEF363C8 2
2 3 5 75 14212F2C 2
2 3 5 76 F831F937 2
2 3 5 77 33B4051F 2
2 3 5 78 16F1F448 2
2 3 5 79 F13513CC 2
2 3 5 80 FAD2B932 2
2 3 5 81 3D7CB930 2
2 3 5 82 1AD112A0 2
2 3 5 83 1F731B08 2
2 3 5 84 C2C9AF02 2
2 3 5 85 1280470B 2
2 3 5 86 236065D4 2
2 3 5 87 CAB8940D 2
2 3 5 88 ECEE5F6D 2
2 3 5 89 01F2A960 2
2 3 5 90 D919B3AB 2
2 3 5 91 DD651E2B 2
2 3 5 92 EC476E22 2
2 3 5 93 BC9DC5BB 2
2 3 5 94 322BA3E3 2
2 3 5 95 3B059AAC 2
2 3 5 96 26BA32EB 2
2 3 5 97 21F00CF5 2
2 3 5 98 0865ECCE 2
2 3 5 99 EEE1DB9C 2
2 3 5 100 EE1A856D 2
2 3 5 101 CFCFC9D6 2
2 3 5 102 25103DD2 2
2 3 5 103 15F05BF1 2
2 3 5 104 DD9B64EE 2
2 3 5 105 E80D775D 2
2 3 5 106 2DD26A06 2
2 3 5 107 18C935A4 2
2 3 5 108 F3137E55 2
2 3 5 109 F17F61CD 2
2 3 5 110 0E0C6A2C 2
2 3 5 111 4B29B7A6 2
2 3 5 112 39B1EEA3 2
2 3 5 113 F1B70BEC 2
2 3 5 114 E76AA2BA 2
2 3 5 115 0F049DCE 2
2 3 5 116 036DEAF6 2
2 3 5 117 D2FEF441 2
2 3 5 118 C6717D54 2
2 3 5 119 2679B7D0 2
2 3 5 120 C7C425C0 2
2 3 5 121 2DB4C762 2
2 3 5 122 3597CC81 2
2 3 5 123 2EDF1E3A 2
2 3 5 124 0F6529F4 2
2 3 5 125 EBF99AA0 2
2 3 5 126 032E3EB2 2
2 3 5 127 062F1E87 2
2 3 6 0 E708B55C 2
2 3 6 1 FFBC3EE3 2
2 3 6 2 FFFDF2D4 2
2 3 6 3 F356D1A6 2
2 3 6 4 0BBC799A 2
2 3 6 5 CA2A1BAC 2
2 3 6 6 F0A3BE3A 2
2 3 6 7 198BDDAC 2
2 3 6 8 EFC94601 2
2 3 6 9 F40F1C46 2
2 3 6 10 E5A75989 2
2 3 6 11 BFA20835 2
2 3 6 12 1BC66C0A 2
2 3 6 13 FB30D0AA 2
2 3 6 14 20F3E5D0 2
2 3 6 15 1E192459 2
2 3 6 16 0E91EFF4 2
2 3 6 17 FAB8E845 2
2 3 6 18 BA162D38 2
2 3 6 19 022DDE02 2
2 3 6 20 E354ECA7 2
2 3 6 21 2769ABC1 2
2 3 6 22 0AEB004E 2
2 3 6 23 FA4995E3 2
2 3 6 24 1429DE89 2
2 3 6 25 3632C724 2
2 3 6 26 F4675A49 2
2 3 6 27 E7180C18 2
2 3 6 28 37870A82 2
2 3 6 29 DE98E710 2
2 3 6 30 D7287A92 2
2 3 6 31 F2391060 2
2 3 6 32 35B3CFCB 2
2 3 6 33 36363669 2
2 3 6 34 D71AB707 2
2 3 6 35 34AFDE2B 2
2 3 6 36 E92E4497 2
2 3 6 37 DA282300 2
2 3 6 38 27A54C2F 2
2 3 6 39 F0D700B2 2
2 3 6 40 E7125E30 2
2 3 6 41 D896FD09 2
2 3 6 42 20867BCE 2
2 3 6 43 E127DE72 2
2 3 6 44 E0944CB9 2
2 3 6 45 DF76E33B 2
2 3 6 46 E6A055A0 2
2 3 6 47 F826340B 2
2 3 6 48 36900BA6 2
2 3 6 49 C122510F 2
2 3 6 50 EA9DFF7B 2
2 3 6 51 0F05CB7A 2
2 3 6 52 09480F32 2
2 3 6 53 E9B96667 2
2 3 6 54 013AF275 2
2 3 6 55 FFBEBE97 2
2 3 6 56 E2091331 2
2 3 6 57 0281E40A 2
2 3 6 58 001CA72E 2
2 3 6 59 F0D48CE1 2
2 3 6 60 CD72DD91 2
2 3 6 61 E06BC0FB 2
2 3 6 62 EA374596 2
2 3 6 63 EA756973 2
2 3 6 64 1B98CCF2 2
2 3 6 65 2FE62665 2
2 3 6 66 C4476094 2
2 3 6 67 FC6CC6EF 2
2 3 6 68 DEF4E38F 2
2 3 6 69 F4CAD584 2
2 3 6 70 1963C2EE 2
2 3 6 71 26E7EC09 2
2 3 6 72 28E73525 2
2 3 6 73 3ABCC462 2
2 3 6 74 1C071BD4 2
2 3 6 75 19CCBC0B 2
2 3 6 76 DC796506 2
2 3 6 77 36D26275 2
2 3 6 78 2F576D09 2
2 3 6 79 3C95481C 2
2 3 6 80 CBB39277 2
2 3 6 81 030AF10C 2
2 3 6 82 FD16B7FC 2
2 3 6 83 CCFF1B84 2
2 3 6 84 C63D980E 2
2 3 6 85 E5A054F3 2
2 3 6 86 27F25AD5 2
2 3 6 87 CC1A0BDE 2
2 3 6 88 09406C0B 2
2 3 6 89 20E75B82 2
2 3 6 90 10B7E215 2
2 3 6 91 CC6D8994 2
2 3 6 92 D8BD7405 2
2 3 6 93 F060A2BC 2
2 3 6 94 3AC59C15 2
2 3 6 95 14C0F7D2 2
2 3 6 96 44A1396B 2
2 3 6 97 F039B1B7 2
2 3 6 98 E87608FB 2
2 3 6 99 3519F732 2
2 3 6 100 21C30E41 2
2 3 6 101 B9AFCA55 2
2 3 6 102 1CEAE704 2
2 3 6 103 D89E68C1 2
2 3 6 104 308556D0 2
2 3 6 105 374F4465 2
2 3 6 106 E7D2BAA7 2
2 3 6 107 FE11D53B 2
2 3 6 108 2F6358FA 2
2 3 6 109 219C5571 2
2 3 6 110 23AC3543 2
2 3 6 111 CFCBE7D4 2
2 3 6 112 3191F5C4 2
2 3 6 113 359EC240 2
2 3 6 114 ED0C13D2 2
2 3 6 115 DA374857 2
2 3 6 116 0AF3B00A 2
2 3 6 117 D00617AD 2
2 3 6 118 B9619916 2
2 3 6 119 1C1BD9DA 2
2 3 6 120 47164464 2
2 3 6 121 F2E2D328 2
2 3 6 122 F03734E6 2
2 3 6 123 06393606 2
2 3 6 124 E221BD48 2
2 3 6 125 EDC4202A 2
2 3 6 126 E554A742 2
2 3 6 127 3D016616 2
2 3 7 0 00A6BC8A 2
2 3 7 1 0C94283A 2
2 3 7 2 E06B09C2 2
2 3 7 3 D918E060 2
2 3 7 4 BE09D4CA 2
2 3 7 5 D75EDB23 2
2 3 7 6 00EFAFDF 2
2 3 7 7 276DD274 2
2 3 7 8 DC48BBDE 2
2 3 7 9 F0CB83BC 2
2 3 7 10 1EC9A235 2
2 3 7 11 2841679D 2
2 3 7 12 F5D76DA2 2
2 3 7 13 F8897F4E 2
2 3 7 14 3D25F2F4 2
2 3 7 15 33B526C3 2
2 3 7 16 0E9DACE6 2
2 3 7 17 33A8A6BC 2
2 3 7 18 31B074A6 2
2 3 7 19 DFFDAFA1 2
2 3 7 20 D63BDA52 2
2 3 7 21 0AF02EC2 2
2 3 7 22 CF5F9288 2
2 3 7 23 E26AF740 2
2 3 7 24 F16E560B 2
2 3 7 25 FD994EA3 2
2 3 7 26 C5FE22E1 2
2 3 7 27 16F4B0F2 2
2 3 7 28 277F92F6 2
2 3 7 29 28B67A6A 2
2 3 7 30 247D664D 2
2 3 7 31 D87883E0 2
2 3 7 32 DB5616E4 2
2 3 7 33 CC421909 2
2 3 7 34 FBD027F7 2
2 3 7 35 1460BAD9 2
2 3 7 36 3136A1F7 2
2 3 7 37 EB8F79ED 2
2 3 7 38 E946B1C8 2
2 3 7 39 C7408388 2
2 3 7 40 FC9487AD 2
2 3 7 41 38AB3892 2
2 3 7 42 1FAD7F91 2
2 3 7 43 C2FADC44 2
2 3 7 44 2060A031 2
2 3 7 45 0D64B5A2 2
2 3 7 46 15B049C0 2
2 3 7 47 1D9DA2A2 2
2 3 7 48 FD544AA0 2
2 3 7 49 27E9ACDA 2
2 3 7 50 E6A6D4FA 2
2 3 7 51 00ED8350 2
2 3 7 52 32C6463E 2
2 3 7 53 F0C4E53E 2
2 3 7 54 EE7DECC7 2
2 3 7 55 16664B3A 2
2 3 7 56 C4DDCAF4 2
2 3 7 57 F0F28FE0 2
2 3 7 58 C52A61C4 2
2 3 7 59 03B47238 2
2 3 7 60 E346D3E3 2
2 3 7 61 C3347242 2
2 3 7 62 FEA6F5F0 2
2 3 7 63 DF547B88 2
2 3 7 64 1F2E6CB9 2
2 3 7 65 034127C7 2
2 3 7 66 D01FD8DD 2
2 3 7 67 FACEACBF 2
2 3 7 68 1F922074 2
2 3 7 69 D256527E 2
2 3 7 70 29DC62F4 2
2 3 7 71 2FF901B9 2
2 3 7 72 D140F3C3 2
2 3 7 73 CAEED6C9 2
2 3 7 74 2CCF9A0D 2
2 3 7 75 C402D893 2
2 3 7 76 EC4E2286 2
2 3 7 77 27DAB7BF 2
2 3 7 78 C68F6F1F 2
2 3 7 79 D2712312 2
2 3 7 80 097094D8 2
2 3 7 81 3F94C2D0 2
2 3 7 82 1C45B933 2
2 3 7 83 1508537A 2
2 3 7 84 DF94C124 2
2 3 7 85 D571BD1A 2
2 3 7 86 D4848062 2
2 3 7 87 2C8DDD2C 2
2 3 7 88 2439493C 2
2 3 7 89 2ABB7F3C 2
2 3 7 90 1EB28FD9 2
2 3 7 91 18EE6D85 2
2 3 7 92 E9294587 2
2 3 7 93 0514D695 2
2 3 7 94 C5D27C9C 2
2 3 7 95 2AD37FA3 2
2 3 7 96 C8137134 2
2 3 7 97 3E114CCD 2
2 3 7 98 2DB89F7E 2
2 3 7 99 FFD197C4 2
2 3 7 100 1D34842A 2
2 3 7 101 1CDAB511 2
2 3 7 102 FDC84FE2 2
2 3 7 103 DB215548 2
2 3 7 104 DB51095D 2
2 3 7 105 17414BFD 2
2 3 7 106 FD3551D9 2
2 3 7 107 C70FAA91 2
2 3 7 108 ED0D091C 2
2 3 7 109 EAEE3177 2
2 3 7 110 C38585E1 2
2 3 7 111 2D431892 2
2 3 7 112 C51F1DDB 2
2 3 7 113 FCF93378 2
2 3 7 114 40D7B142 2
2 3 7 115 B093E91C 2
2 3 7 116 FEBE5AB5 2
2 3 7 117 E598C063 2
2 3 7 118 431BAA12 2
2 3 7 119 F11ABF0D 2
2 3 7 120 C48BADEC 2
2 3 7 121 FE884159 2
2 3 7 122 1DDB5FBA 2
2 3 7 123 44F878FE 2
2 3 7 124 014B3766 2
2 3 7 125 3CEDAADA 2
2 3 7 126 3C29EC5B 2
2 3 7 127 34151356 2
2 4 0 0 1C465510 2
2 4 0 1 1C468B3F 2
2 4 0 2 1C46CF0F 2
2 4 0 3 1C4798A6 2
2 4 0 4 1C484812 2
2 4 0 5 1C492D4C 2
2 4 0 6 1C4A4854 2
2 4 0 7 1C4BC3FE 2
2 4 0 8 1C4D4B03 2
2 4 0 9 1C4F07D6 2
2 4 0 10 1C50FA77 2
2 4 0 11 1C5322E6 2
2 4 0 12 1C55546A 2
2 4 0 13 1C57E814 2
2 4 0 14 1C5A8F0E 2
2 4 0 15 1C5D8EB5 2
2 4 0 16 1C6095ED 2
2 4 0 17 1C63DF74 2
2 4 0 18 1C678085 2
2 4 0 19 1C6B076B 2
2 4 0 20 1C6F1418 2
2 4 0 21 1C73069A 2
2 4 0 22 1C772EEA 2
2 4 0 23 1C7BBDEC 2
2 4 0 24 1C8070ED 2
2 4 0 25 1C853AA7 2
2 4 0 26 1C8A3A2F 2
2 4 0 27 1C8F6F85 2
2 4 0 28 1C94DAA9 2
2 4 0 29 1C9A7B9B 2
2 4 0 30 1CA035ED 2
2 4 0 31 1CA642DC 2
2 4 0 32 1CAC514C 2
2 4 0 33 1CB2C976 2
2 4 0 34 1CB95C84 2
2 4 0 35 1CC00B3B 2
2 4 0 36 1CC724CF 2
2 4 0 37 1CCE2438 2
2 4 0 38 1CD59002 2
2 4 0 39 1CDD146D 2
2 4 0 40 1CE4B540 2
2 4 0 41 1CECC397 2
2 4 0 42 1CF4E849 2
2 4 0 43 1CFD2A86 2
2 4 0 44 1D05A291 2
2 4 0 45 1D0E506A 2
2 4 0 46 1D173411 2
2 4 0 47 1D204D86 2
2 4 0 48 1D299CC9 2
2 4 0 49 1D32E71C 2
2 4 0 50 1D3CA19A 2
2 4 0 51 1D4691E6 2
2 4 0 52 1D506807 2
2 4 0 53 1D5AC3EF 2
2 4 0 54 1D651902 2
2 4 0 55 1D6FCD30 2
2 4 0 56 1D7A8D1D 2
2 4 0 57 1D856FE3 2
2 4 0 58 1D90D870 2
2 4 0 59 1D9C26D2 2
2 4 0 60 1DA7AB02 2
2 4 0 61 1DB375AF 2
2 4 0 62 1DBF651A 2
2 4 0 63 1DCB8A53 2
2 4 0 64 1DD7E55A 2
2 4 0 65 1DE4762F 2
2 4 0 66 1DF14B9C 2
2 4 0 67 1DFE061C 2
2 4 0 68 1E0B2991 2
2 4 0 69 1E184EEB 2
2 4 0 70 1E25EC04 2
2 4 0 71 1E337BD7 2
2 4 0 72 1E41842B 2
2 4 0 73 1E4F7254 2
2 4 0 74 1E5DE644 2
2 4 0 75 1E6C4B6A 2
2 4 0 76 1E7ADA9C 2
2 4 0 77 1E89AA3B 2
2 4 0 78 1E98A4A8 2
2 4 0 79 1EA7DEC0 2
2 4 0 80 1EB74468 2
2 4 0 81 1EC6DFDE 2
2 4 0 82 1ED6B9DC 2
2 4 0 83 1EE678ED 2
2 4 0 84 1EF6B50B 2
2 4 0 85 1F0726F7 2
2 4 0 86 1F1785EE 2
2 4 0 87 1F286315 2
2 4 0 88 1F392C85 2
2 4 0 89 1F4A74E7 2
2 4 0 90 1F5BA8D0 2
2 4 0 91 1F6D11C5 2
2 4 0 92 1F7EAFC6 2
2 4 0 93 1F9082D3 2
2 4 0 94 1FA2D289 2
2 4 0 95 1FB51070 2
2 4 0 96 1FC736D6 2
2 4 0 97 1FD9DB69 2
2 4 0 98 1FECB874 2
2 4 0 99 1FFFC842 2
2 4 0 100 20130FC6 2
2 4 0 101 20263C5D 2
2 4 0 102 2039ECD3 2
2 4 0 103 204D84A8 2
2 4 0 104 20619FF8 2
2 4 0 105 2075A120 2
2 4 0 106 2089D754 2
2 4 0 107 209E928D 2
2 4 0 108 20B332D9 2
2 4 0 109 20C80831 2
2 4 0 110 20DD1295 2
2 4 0 111 20F25205 2
2 4 0 112 2107C681 2
2 4 0 113 211D730E 2
2 4 0 114 21335203 2
2 4 0 115 21496604 2
2 4 0 116 215F5AF0 2
2 4 0 117 2175DD31 2
2 4 0 118 218C3B73 2
2 4 0 119 21A32343 2
2 4 0 120 21B9F026 2
2 4 0 121 21D1420E 2
2 4 0 122 21E87909 2
2 4 0 123 21FFDE41 2
2 4 0 124 22177EF3 2
2 4 0 125 222FAC3B 2
2 4 0 126 2247AF74 2
2 4 0 127 225FEF4A 2
2 4 0 128 2278642C 2
2 4 0 129 2290B50C 2
2 4 0 130 22A993A5 2
2 4 0 131 22C2A74A 2
2 4 0 132 22DBEFFB 2
2 4 0 133 22F51326 2
2 4 0 134 230EC58E 2
2 4 0 135 232851AE 2
2 4 0 136 23426DCD 2
2 4 0 137 235C62E2 2
2 4 0 138 23768C41 2
2 4 0 139 2390F6C9 2
2 4 0 140 23ABE656 2
2 4 0 141 23C6AD55 2
2 4 0 142 23E1B6A0 2
2 4 0 143 23FCE694 2
2 4 0 144 24184AD2 2
2 4 0 145 24339361 2
2 4 0 146 244F6033 2
2 4 0 147 246B7136 2
2 4 0 148 2487B745 2
2 4 0 149 24A3C115 2
2 4 0 150 24C0707A 2
2 4 0 151 24DCF387 2
2 4 0 152 24F9AADE 2
2 4 0 153 2516E678 2
2 4 0 154 25340663 2
2 4 0 155 25515A98 2
2 4 0 156 256EE317 2
2 4 0 157 258C9FE0 2
2 4 0 158 25AA90F3 2
2 4 0 159 25C8B650 2
2 4 0 160 25E70FF7 2
2 4 0 161 2605B31D 2
2 4 0 162 2624102A 2
2 4 0 163 264306AF 2
2 4 0 164 2662317E 2
2 4 0 165 2681409E 2
2 4 0 166 26A0D401 2
2 4 0 167 26C0343A 2
2 4 0 168 26DFDFD7 2
2 4 0 169 27000FB7 2
2 4 0 170 272023E8 2
2 4 0 171 27405364 2
2 4 0 172 2760CFC8 2
2 4 0 173 278166B5 2
2 4 0 174 27A24B4C 2
2 4 0 175 27C3642D 2
2 4 0 176 27E4467B 2
2 4 0 177 2805AC4A 2
2 4 0 178 28276147 2
2 4 0 179 2848DE8E 2
2 4 0 180 286AFBBE 2
2 4 0 181 288CE076 2
2 4 0 182 28AF65D9 2
2 4 0 183 28D1B202 2
2 4 0 184 28F431B3 2
2 4 0 185 2916E4EC 2
2 4 0 186 2939CBAD 2
2 4 0 187 295CE5F6 2
2 4 0 188 298033C7 2
2 4 0 189 29A3D4F1 2
2 4 0 190 29C78A33 2
2 4 0 191 29EB72FD 2
2 4 0 192 2A0F8F4F 2
2 4 0 193 2A338F30 2
2 4 0 194 2A581292 2
2 4 0 195 2A7C7983 2
2 4 0 196 2AA163F5 2
2 4 0 197 2AC631F6 2
2 4 0 198 2AEB1045 2
2 4 0 199 2B10B889 2
2 4 0 200 2B35FD26 2
2 4 0 201 2B5B98E6 2
2 4 0 202 2B81682E 2
2 4 0 203 2BA745DF 2
2 4 0 204 2BCD7BD6 2
2 4 0 205 2BF36F7B 2
2 4 0 206 2C1A0C21 2
2 4 0 207 2C40DC4F 2
2 4 0 208 2C676908 2
2 4 0 209 2C8E9FE5 2
2 4 0 210 2CB56AC5 2
2 4 0 211 2CDD07F0 2
2 4 0 212 2D0488AA 2
2 4 0 213 2D2C1403 2
2 4 0 214 2D544B65 2
2 4 0 215 2D7C3CAB 2
2 4 0 216 2DA460B7 2
2 4 0 217 2DCCB789 2
2 4 0 218 2DF54121 2
2 4 0 219 2E1E28AE 2
2 4 0 220 2E469CAA 2
2 4 0 221 2E6FBE94 2
2 4 0 222 2E993F96 2
2 4 0 223 2EC24AC1 2
2 4 0 224 2EEC3211 2
2 4 0 225 2F15A206 2
2 4 0 226 2F3F71D5 2
2 4 0 227 2F69C463 2
2 4 0 228 2F93F9BE 2
2 4 0 229 2FBE32E6 2
2 4 0 230 2FE8CD6C 2
2 4 0 231 30139AB8 2
2 4 0 232 BBD46AAE 2
2 4 0 233 BBEA9D25 2
2 4 0 234 BC010262 2
2 4 0 235 BC18192D 2
2 4 0 236 BC2EB1F5 2
2 4 0 237 BC45AEC2 2
2 4 0 238 BC5D5BFA 2
2 4 0 239 BC74BDF2 2
2 4 0 240 BC8CCF93 2
2 4 0 241 BCA51338 2
2 4 0 242 BCBD0CC0 2
2 4 0 243 BCD5B4CE 2
2 4 0 244 BCEE8EE0 2
2 4 0 245 BD079AF6 2
2 4 0 246 BD20D910 2
2 4 0 247 BD3A7EF9 2
2 4 0 248 BD549B57 2
2 4 0 249 BD6E6F7D 2
2 4 0 250 BD8875A7 2
2 4 0 251 BDA35DDC 2
2 4 0 252 BDBDC80E 2
2 4 0 253 BDD8DC3A 2
2 4 0 254 BDF3E285 2
2 4 0 255 BE0F59F7 2
2 4 0 256 BE2B02AB 2
2 4 0 257 BE471636 2
2 4 0 258 BE62ABBE 2
2 4 0 259 BE7F2351 2
2 4 0 260 BE9BCCE8 2
2 4 0 261 BEB8E258 2
2 4 0 262 BED5EF35 2
2 4 0 263 BEF2F23B 2
2 4 0 264 BF1062BF 2
2 4 0 265 BF2E78B1 2
2 4 0 266 BF4C0FDE 2
2 4 0 267 BF6A8854 2
2 4 0 268 BF88BFC5 2
2 4 0 269 BFA79B20 2
2 4 0 270 BFC6A7BD 2
2 4 0 271 BFE5E59C 2
2 4 0 272 C0051579 2
2 4 0 273 C024B57B 2
2 4 0 274 C04486BF 2
2 4 0 275 C0648945 2
2 4 0 276 C084BD0D 2
2 4 0 277 C0A52217 2
2 4 0 278 C0C626E0 2
2 4 0 279 C0E6EE0D 2
2 4 0 280 C1089683 2
2 4 0 281 C129C034 2
2 4 0 282 C14B8820 2
2 4 0 283 C16D13F4 2
2 4 0 284 C18F3D41 2
2 4 0 285 C1B1DB3F 2
2 4 0 286 C1D465ED 2
2 4 0 287 C1F7211B 2
2 4 0 288 C21A0CC9 2
2 4 0 289 C23D6EAC 2
2 4 0 290 C260BBBB 2
2 4 0 291 C284E951 2
2 4 0 292 C2A89760 2
2 4 0 293 C2CC75EF 2
2 4 0 294 C2F13505 2
2 4 0 295 C315DCA0 2
2 4 0 296 C33A94AA 2
2 4 0 297 C35FE540 2
2 4 0 298 C3851D38 2
2 4 0 299 C3AACE6D 2
2 4 0 300 C3D0001B 2
2 4 0 301 C3F67816 2
2 4 0 302 C41CBA6A 2
2 4 0 303 C442E23B 2
2 4 0 304 C469852E 2
2 4 0 305 C49058A1 2
2 4 0 306 C4B7C075 2
2 4 0 307 C4DEA800 2
2 4 0 308 C5066F50 2
2 4 0 309 C52E03A0 2
2 4 0 310 C5562ACD 2
2 4 0 311 C57E81B8 2
2 4 0 312 C5A6A6C6 2
2 4 0 313 C5CF5D8E 2
2 4 0 314 C5F84414 2
2 4 0 315 C6215A58 2
2 4 0 316 C64B0071 2
2 4 0 317 C67475D0 2
2 4 0 318 C69E1AED 2
2 4 0 319 C6C7EFC8 2
2 4 0 320 C6F252F4 2
2 4 0 321 C71C86EA 2
2 4 0 322 C747486F 2
2 4 0 323 C771DB80 2
2 4 0 324 C79D4E56 2
2 4 0 325 C7C89D91 2
2 4 0 326 C7F41BC8 2
2 4 0 327 C81FC8FB 2
2 4 0 328 C84BF9A6 2
2 4 0 329 C8780532 2
2 4 0 330 C8A43FBA 2
2 4 0 331 C8D0FEDD 2
2 4 0 332 C8FD97BE 2
2 4 0 333 C92AB941 2
2 4 0 334 C958067B 2
2 4 0 335 C9858534 2
2 4 0 336 C9B33128 2
2 4 0 337 C9E10D17 2
2 4 0 338 CA0F6F86 2
2 4 0 339 CA3DA84A 2
2 4 0 340 CA6C1151 2
2 4 0 341 CA9AA74B 2
2 4 0 342 CAC9C549 2
2 4 0 343 CAF90DF4 2
2 4 0 344 CB288928 2
2 4 0 345 CB57D86B 2
2 4 0 346 CB87B136 2
2 4 0 347 CBB80D55 2
2 4 0 348 CBE7E7A7 2
2 4 0 349 CC18A03A 2
2 4 0 350 CC4933D2 2
2 4 0 351 CC7A493A 2
2 4 0 352 CCAB2F48 2
2 4 0 353 CCDCA0C3 2
2 4 0 354 CD0E4078 2
2 4 0 355 CD400E67 2
2 4 0 356 CD720A90 2
2 4 0 357 CDA3D57A 2
2 4 0 358 CDD62DB6 2
2 4 0 359 CE0903F8 2
2 4 0 360 CE3BB847 2
2 4 0 361 CE6E9AD0 2
2 4 0 362 CEA1FA3C 2
2 4 0 363 CED58720 2
2 4 0 364 CF08F395 2
2 4 0 365 CF3CDBCA 2
2 4 0 366 CF70F177 2
2 4 0 367 CFA5349C 2
2 4 0 368 CFD9A539 2
2 4 0 369 D00E434E 2
2 4 0 370 D0430EDB 2
2 4 0 371 D07807E0 2
2 4 0 372 D0AD2E5D 2
2 4 0 373 D0E2CCD0 2
2 4 0 374 D118B3C6 2
2 4 0 375 D14EAC67 2
2 4 0 376 D1848863 2
2 4 0 377 D1BADAD1 2
2 4 0 378 D1F159F5 2
2 4 0 379 D2286D9E 2
2 4 0 380 D25EFEB8 2
2 4 0 381 D29604C0 2
2 4 0 382 D2CD377E 2
2 4 0 383 D30546F9 2
2 4 0 384 D33CD323 2
2 4 0 385 D3748C03 2
2 4 0 386 D3ACDC0F 2
2 4 0 387 D3E533EC 2
2 4 0 388 D41D72EE 2
2 4 0 389 D4568EAD 2
2 4 0 390 D48F271B 2
2 4 0 391 D4C82FEB 2
2 4 0 392 D501D16B 2
2 4 0 393 D53B3284 2
2 4 0 394 D5752D0F 2
2 4 0 395 D5AEE671 2
2 4 0 396 D5E93A07 2
2 4 0 397 D6234BB2 2
2 4 0 398 D65DF853 2
2 4 0 399 D698A2EB 2
2 4 0 400 D6D3A836 2
2 4 0 401 D70EA9F4 2
2 4 0 402 D74A07E9 2
2 4 0 403 D78560CD 2
2 4 0 404 D7C1562B 2
2 4 0 405 D7FD391F 2
2 4 0 406 D83914BC 2
2 4 0 407 D8758DF6 2
2 4 0 408 D8B1C058 2
2 4 0 409 D8EE9119 2
2 4 0 410 D92B8DCE 2
2 4 0 411 D9687EA0 2
2 4 0 412 D9A5D27B 2
2 4 0 413 D9E3524A 2
2 4 0 414 DA20C3F0 2
2 4 0 415 DA5E9AE5 2
2 4 0 416 DA9CD801 2
2 4 0 417 DADB404F 2
2 4 0 418 DB1923C8 2
2 4 0 419 DB57E27A 2
2 4 0 420 DB96CC5E 2
2 4 0 421 DBD5E174 2
2 4 0 422 DC14A9A2 2
2 4 0 423 DC5414BB 2
2 4 0 424 DC93E231 2
2 4 0 425 DCD3A34D 2
2 4 0 426 DD138F9B 2
2 4 0 427 DD536324 2
2 4 0 428 DD93A514 2
2 4 0 429 DDD4477C 2
2 4 0 430 DE151454 2
2 4 0 431 DE560B9C 2
2 4 0 432 DE96F931 2
2 4 0 433 DED845BA 2
2 4 0 434 DF19BCB3 2
2 4 0 435 DF5B5E1C 2
2 4 0 436 DF9CDF2C 2
2 4 0 437 DFDED4B3 2
2 4 0 438 E020F4AA 2
2 4 0 439 E0633F11 2
2 4 0 440 E0A5E503 2
2 4 0 441 E0E883E9 2
2 4 0 442 E12B7D98 2
2 4 0 443 EEDBA0F5 2
2 4 0 444 EEECEE00 2
2 4 0 445 EEFE3583 2
2 4 0 446 EF0FD64B 2
2 4 0 447 EF21A0C1 2
2 4 0 448 EF3394E5 2
2 4 0 449 EF45B2B7 2
2 4 0 450 EF582788 2
2 4 0 451 EF6A9855 2
2 4 0 452 EF7D32D0 2
2 4 0 453 EF902327 2
2 4 0 454 EFA3109D 2
2 4 0 455 EFB5D7C8 2
2 4 0 456 EFC943A5 2
2 4 0 457 EFDCADC4 2
2 4 0 458 EFF06BDA 2
2 4 0 459 F00452DC 2
2 4 0 460 F01862CA 2
2 4 0 461 F02C9BA4 2
2 4 0 462 F040FD6A 2
2 4 0 463 F055B080 2
2 4 0 464 F069EBC1 2
2 4 0 465 F07EC84B 2
2 4 0 466 F093F502 2
2 4 0 467 F0A92303 2
2 4 0 468 F0BEA06F 2
2 4 0 469 F0D44605 2
2 4 0 470 F0E9EE08 2
2 4 0 471 F0FF6EFE 2
2 4 0 472 F1158DD4 2
2 4 0 473 F12BD4D4 2
2 4 0 474 F14243FE 2
2 4 0 475 F158DB52 2
2 4 0 476 F16FBE47 2
2 4 0 477 F186327F 2
2 4 0 478 F19D4251 2
2 4 0 479 F1B49CA1 2
2 4 0 480 F1CBFC66 2
2 4 0 481 F1E3A5E7 2
2 4 0 482 F1FB05A6 2
2 4 0 483 F212DD88 2
2 4 0 484 F22AFE03 2
2 4 0 485 F24345E6 2
2 4 0 486 F25B458B 2
2 4 0 487 F273DC9F 2
2 4 0 488 F28C9B1B 2
2 4 0 489 F2A59F89 2
2 4 0 490 F2BEAC74 2
2 4 0 491 F2D77306 2
2 4 0 492 F2F0EC89 2
2 4 0 493 F30A6FAC 2
2 4 0 494 F32436DC 2
2 4 0 495 F33D9C31 2
2 4 0 496 F357B16F 2
2 4 0 497 F371ED53 2
2 4 0 498 F38C4FDD 2
2 4 0 499 F3A66E54 2
2 4 0 500 F3C11E8B 2
2 4 0 501 F3DBF568 2
2 4 0 502 F3F6F2EB 2
2 4 0 503 F411C71B 2
2 4 0 504 F42D11EA 2
2 4 0 505 F4489BD9 2
2 4 0 506 F463CB81 2
2 4 0 507 F47FA1FA 2
2 4 0 508 F49B9E57 2
2 4 0 509 F4B7C098 2
2 4 0 510 F4D3A22F 2
2 4 0 511 F4F01099 2
2 4 0 512 F5168000 2
2 4 0 513 F5470000 2
2 4 0 514 F5778000 2
2 4 0 515 F5A80000 2
2 4 0 516 F5D88000 2
2 4 0 517 F6090000 2
2 4 0 518 F6398000 2
2 4 0 519 F66A0000 2
2 4 0 520 F69A8000 2
2 4 0 521 F6CB0000 2
2 4 0 522 F6FB8000 2
2 4 0 523 F72C0000 2
2 4 0 524 F75C8000 2
2 4 0 525 F78D0000 2
2 4 0 526 F7BD8000 2
2 4 0 527 F7EE0000 2
2 4 0 528 F81E8000 2
2 4 0 529 F84F0000 2
2 4 0 530 F87F8000 2
2 4 0 531 F8B00000 2
2 4 0 532 F8E08000 2
2 4 0 533 F9110000 2
2 4 0 534 F9418000 2
2 4 0 535 F9720000 2
2 4 0 536 F9A28000 2
2 4 0 537 F9D30000 2
2 4 0 538 FA038000 2
2 4 0 539 FA340000 2
2 4 0 540 FA648000 2
2 4 0 541 FA950000 2
2 4 0 542 FAC58000 2
2 4 0 543 FAF60000 2
2 4 0 544 FB268000 2
2 4 0 545 FB570000 2
2 4 0 546 FB878000 2
2 4 0 547 FBB80000 2
2 4 0 548 FBE88000 2
2 4 0 549 FC190000 2
2 4 0 550 FC498000 2
2 4 0 551 FC7A0000 2
2 4 0 552 FCAA8000 2
2 4 0 553 FCDB0000 2
2 4 0 554 FD0B8000 2
2 4 0 555 FD3C0000 2
2 4 0 556 FD6C8000 2
2 4 0 557 FD9D0000 2
2 4 0 558 FDCD8000 2
2 4 0 559 FDFE0000 2
2 4 0 560 FE2E8000 2
2 4 0 561 FE5F0000 2
2 4 0 562 FE8F8000 2
2 4 0 563 FEC00000 2
2 4 0 564 FEF08000 2
2 4 0 565 FF210000 2
2 4 0 566 FF518000 2
2 4 0 567 FF820000 2
2 4 0 568 FFB28000 2
2 4 0 569 FFE30000 2
2 4 0 570 00138000 2
2 4 0 571 00440000 2
2 4 0 572 00748000 2
2 4 0 573 00A50000 2
2 4 0 574 00D58000 2
2 4 0 575 01060000 2
2 4 0 576 01368000 2
2 4 0 577 01670000 2
2 4 0 578 01978000 2
2 4 0 579 01C80000 2
2 4 0 580 01F88000 2
2 4 0 581 02290000 2
2 4 0 582 02598000 2
2 4 0 583 028A0000 2
2 4 0 584 02BA8000 2
2 4 0 585 02EB0000 2
2 4 0 586 031B8000 2
2 4 0 587 034C0000 2
2 4 0 588 037C8000 2
2 4 0 589 03AD0000 2
2 4 0 590 03DD8000 2
2 4 0 591 040E0000 2
2 4 0 592 043E8000 2
2 4 0 593 046F0000 2
2 4 0 594 049F8000 2
2 4 0 595 04D00000 2
2 4 0 596 05008000 2
2 4 0 597 05310000 2
2 4 0 598 05618000 2
2 4 0 599 05920000 2
2 4 0 600 05C28000 2
2 4 0 601 05F30000 2
2 4 0 602 06238000 2
2 4 0 603 06540000 2
2 4 0 604 06848000 2
2 4 0 605 06B50000 2
2 4 0 606 06E58000 2
2 4 0 607 07160000 2
2 4 0 608 07468000 2
2 4 0 609 07770000 2
2 4 0 610 07A78000 2
2 4 0 611 07D80000 2
2 4 0 612 08088000 2
2 4 0 613 08390000 2
2 4 0 614 08698000 2
2 4 0 615 089A0000 2
2 4 0 616 08CA8000 2
2 4 0 617 08FB0000 2
2 4 0 618 092B8000 2
2 4 0 619 095C0000 2
2 4 0 620 098C8000 2
2 4 0 621 09BD0000 2
2 4 0 622 09ED8000 2
2 4 0 623 0A1E0000 2
2 4 0 624 0A4E8000 2
2 4 0 625 0A7F0000 2
2 4 0 626 0AAF8000 2
2 4 0 627 0AE00000 2
2 4 0 628 0B108000 2
2 4 0 629 0B410000 2
2 4 0 630 0B718000 2
2 4 0 631 0BA20000 2
2 4 0 632 0BD28000 2
2 4 0 633 0C030000 2
2 4 0 634 0C338000 2
2 4 0 635 0C640000 2
2 4 0 636 0C948000 2
2 4 0 637 0CC50000 2
2 4 0 638 0CF58000 2
2 4 0 639 0D260000 2
2 4 0 640 0D568000 2
2 4 0 641 0D870000 2
2 4 0 642 0DB78000 2
2 4 0 643 0DE80000 2
2 4 0 644 0E188000 2
2 4 0 645 0E490000 2
2 4 0 646 0E798000 2
2 4 0 647 0EAA0000 2
2 4 0 648 0EDA8000 2
2 4 0 649 0F0B0000 2
2 4 0 650 0F3B8000 2
2 4 0 651 0F6C0000 2
2 4 0 652 0F9C8000 2
2 4 0 653 0FCD0000 2
2 4 0 654 0FFD8000 2
2 4 0 655 102E0000 2
2 4 0 656 105E8000 2
2 4 0 657 108F0000 2
2 4 0 658 10BF8000 2
2 4 0 659 10F00000 2
2 4 0 660 11208000 2
2 4 0 661 11510000 2
2 4 0 662 11818000 2
2 4 0 663 11B20000 2
2 4 0 664 11E28000 2
2 4 0 665 12130000 2
2 4 0 666 12438000 2
2 4 0 667 12740000 2
2 4 0 668 12A48000 2
2 4 0 669 12D50000 2
2 4 0 670 13058000 2
2 4 0 671 13360000 2
2 4 0 672 13668000 2
2 4 0 673 13970000 2
2 4 0 674 13C78000 2
2 4 0 675 13F80000 2
2 4 0 676 14288000 2
2 4 0 677 14590000 2
2 4 0 678 14898000 2
2 4 0 679 14BA0000 2
2 4 0 680 14EA8000 2
2 4 0 681 151B0000 2
2 4 0 682 154B8000 2
2 4 0 683 157C0000 2
2 4 0 684 15AC8000 2
2 4 0 685 15DD0000 2
2 4 0 686 160D8000 2
2 4 0 687 163E0000 2
2 4 0 688 166E8000 2
2 4 0 689 169F0000 2
2 4 0 690 16CF8000 2
2 4 0 691 17000000 2
2 4 0 692 17308000 2
2 4 0 693 17610000 2
2 4 0 694 17918000 2
2 4 0 695 17C20000 2
2 4 0 696 17F28000 2
2 4 0 697 18230000 2
2 4 0 698 18538000 2
2 4 0 699 18840000 2
2 4 0 700 18B48000 2
2 4 0 701 18E50000 2
2 4 0 702 19158000 2
2 4 0 703 19460000 2
2 4 0 704 19768000 2
2 4 0 705 19A70000 2
2 4 0 706 19D78000 2
2 4 0 707 1A080000 2
2 4 0 708 1A388000 2
2 4 0 709 1A690000 2
2 4 0 710 1A998000 2
2 4 0 711 1ACA0000 2
2 4 0 712 1AFA8000 2
2 4 0 713 1B2B0000 2
2 4 0 714 1B5B8000 2
2 4 0 715 1B8C0000 2
2 4 0 716 1BBC8000 2
2 4 0 717 1BED0000 2
2 4 0 718 1C1D8000 2
2 4 0 719 1C4E0000 2
2 4 0 720 1C7E8000 2
2 4 0 721 1CAF0000 2
2 4 0 722 1CDF8000 2
2 4 0 723 1D100000 2
2 4 0 724 1D408000 2
2 4 0 725 1D710000 2
2 4 0 726 1DA18000 2
2 4 0 727 1DD20000 2
2 4 0 728 1E028000 2
2 4 0 729 1E330000 2
2 4 0 730 1E638000 2
2 4 0 731 1E940000 2
2 4 0 732 1EC48000 2
2 4 0 733 1EF50000 2
2 4 0 734 1F258000 2
2 4 0 735 1F560000 2
2 4 0 736 1F868000 2
2 4 0 737 1FB70000 2
2 4 0 738 1FE78000 2
2 4 0 739 20180000 2
2 4 0 740 20488000 2
2 4 0 741 20790000 2
2 4 0 742 20A98000 2
2 4 0 743 20DA0000 2
2 4 0 744 210A8000 2
2 4 0 745 213B0000 2
2 4 0 746 216B8000 2
2 4 0 747 219C0000 2
2 4 0 748 21CC8000 2
2 4 0 749 21FD0000 2
2 4 0 750 222D8000 2
2 4 0 751 225E0000 2
2 4 0 752 228E8000 2
2 4 0 753 22BF0000 2
2 4 0 754 22EF8000 2
2 4 0 755 23200000 2
2 4 0 756 23508000 2
2 4 0 757 23810000 2
2 4 0 758 23B18000 2
2 4 0 759 23E20000 2
2 4 0 760 24128000 2
2 4 0 761 24430000 2
2 4 0 762 24738000 2
2 4 0 763 24A40000 2
2 4 0 764 24D48000 2
2 4 0 765 25050000 2
2 4 0 766 25358000 2
2 4 0 767 25660000 2
2 4 0 768 25968000 2
2 4 0 769 25C70000 2
2 4 0 770 25F78000 2
2 4 0 771 26280000 2
2 4 0 772 26588000 2
2 4 0 773 26890000 2
2 4 0 774 26B98000 2
2 4 0 775 26EA0000 2
2 4 0 776 271A8000 2
2 4 0 777 274B0000 2
2 4 0 778 277B8000 2
2 4 0 779 27AC0000 2
2 4 0 780 27DC8000 2
2 4 0 781 280D0000 2
2 4 0 782 283D8000 2
2 4 0 783 286E0000 2
2 4 0 784 289E8000 2
2 4 0 785 28CF0000 2
2 4 0 786 28FF8000 2
2 4 0 787 29300000 2
2 4 0 788 29608000 2
2 4 0 789 29910000 2
2 4 0 790 29C18000 2
2 4 0 791 29F20000 2
2 4 0 792 2A228000 2
2 4 0 793 2A530000 2
2 4 0 794 2A838000 2
2 4 0 795 2AB40000 2
2 4 0 796 2AE48000 2
2 4 0 797 2B150000 2
2 4 0 798 2B458000 2
2 4 0 799 2B760000 2
2 4 0 800 2BA68000 2
2 4 0 801 2BD70000 2
2 4 0 802 2C078000 2
2 4 0 803 2C380000 2
2 4 0 804 2C688000 2
2 4 0 805 2C990000 2
2 4 0 806 2CC98000 2
2 4 0 807 2CFA0000 2
2 4 0 808 2D2A8000 2
2 4 0 809 2D5B0000 2
2 4 0 810 2D8B8000 2
2 4 0 811 2DBC0000 2
2 4 0 812 2DEC8000 2
2 4 0 813 2E1D0000 2
2 4 0 814 2E4D8000 2
2 4 0 815 2E7E0000 2
2 4 0 816 2EAE8000 2
2 4 0 817 2EDF0000 2
2 4 0 818 2F0F8000 2
2 4 0 819 2F400000 2
2 4 0 820 2F708000 2
2 4 0 821 2FA10000 2
2 4 0 822 2FD18000 2
2 4 0 823 30020000 2
2 4 0 824 30328000 2
2 4 0 825 30630000 2
2 4 0 826 30938000 2
2 4 0 827 30C40000 2
2 4 0 828 30F48000 2
2 4 0 829 31250000 2
2 4 0 830 31558000 2
2 4 0 831 31860000 2
2 4 0 832 31B68000 2
2 4 0 833 31E70000 2
2 4 0 834 32178000 2
2 4 0 835 32480000 2
2 4 0 836 32788000 2
2 4 0 837 32A90000 2
2 4 0 838 32D98000 2
2 4 0 839 330A0000 2
2 4 0 840 333A8000 2
2 4 0 841 336B0000 2
2 4 0 842 339B8000 2
2 4 0 843 33CC0000 2
2 4 0 844 33FC8000 2
2 4 0 845 342D0000 2
2 4 0 846 345D8000 2
2 4 0 847 348E0000 2
2 4 0 848 34BE8000 2
2 4 0 849 34EF0000 2
2 4 0 850 351F8000 2
2 4 0 851 35500000 2
2 4 0 852 35808000 2
2 4 0 853 35B10000 2
2 4 0 854 35E18000 2
2 4 0 855 36120000 2
2 4 0 856 36428000 2
2 4 0 857 36730000 2
2 4 0 858 36A38000 2
2 4 0 859 36D40000 2
2 4 0 860 37048000 2
2 4 0 861 37350000 2
2 4 0 862 37658000 2
2 4 0 863 37960000 2
2 4 0 864 37C68000 2
2 4 0 865 37F70000 2
2 4 0 866 38278000 2
2 4 0 867 38580000 2
2 4 0 868 38888000 2
2 4 0 869 38B90000 2
2 4 0 870 38E98000 2
2 4 0 871 391A0000 2
2 4 0 872 394A8000 2
2 4 0 873 397B0000 2
2 4 0 874 39AB8000 2
2 4 0 875 39DC0000 2
2 4 0 876 3A0C8000 2
2 4 0 877 3A3D0000 2
2 4 0 878 3A6D8000 2
2 4 0 879 3A9E0000 2
2 4 0 880 3ACE8000 2
2 4 0 881 3AFF0000 2
2 4 0 882 3B2F8000 2
2 4 0 883 3B600000 2
2 4 0 884 3B908000 2
2 4 0 885 3BC10000 2
2 4 0 886 3BF18000 2
2 4 0 887 3C220000 2
2 4 0 888 3C528000 2
2 4 0 889 3C830000 2
2 4 0 890 3CB38000 2
2 4 0 891 3CE40000 2
2 4 0 892 3D148000 2
2 4 0 893 3D450000 2
2 4 0 894 3D758000 2
2 4 0 895 3DA60000 2
2 4 0 896 3DD68000 2
2 4 0 897 3E070000 2
2 4 0 898 3E378000 2
2 4 0 899 3E680000 2
2 4 0 900 3E988000 2
2 4 0 901 3EC90000 2
2 4 0 902 3EF98000 2
2 4 0 903 3F2A0000 2
2 4 0 904 3F5A8000 2
2 4 0 905 3F8B0000 2
2 4 0 906 3FBB8000 2
2 4 0 907 3FEC0000 2
2 4 0 908 C01C8000 2
2 4 0 909 C04D0000 2
2 4 0 910 C07D8000 2
2 4 0 911 C0AE0000 2
2 4 0 912 C0DE8000 2
2 4 0 913 C10F0000 2
2 4 0 914 C13F8000 2
2 4 0 915 C1700000 2
2 4 0 916 C1A08000 2
2 4 0 917 C1D10000 2
2 4 0 918 C2018000 2
2 4 0 919 C2320000 2
2 4 0 920 C2628000 2
2 4 0 921 C2930000 2
2 4 0 922 C2C38000 2
2 4 0 923 C2F40000 2
2 4 0 924 C3248000 2
2 4 0 925 C3550000 2
2 4 0 926 C3858000 2
2 4 0 927 C3B60000 2
2 4 0 928 C3E68000 2
2 4 0 929 C4170000 2
2 4 0 930 C4478000 2
2 4 0 931 C4780000 2
2 4 0 932 C4A88000 2
2 4 0 933 C4D90000 2
2 4 0 934 C5098000 2
2 4 0 935 C53A0000 2
2 4 0 936 C56A8000 2
2 4 0 937 C59B0000 2
2 4 0 938 C5CB8000 2
2 4 0 939 C5FC0000 2
2 4 0 940 C62C8000 2
2 4 0 941 C65D0000 2
2 4 0 942 C68D8000 2
2 4 0 943 C6BE0000 2
2 4 0 944 C6EE8000 2
2 4 0 945 C71F0000 2
2 4 0 946 C74F8000 2
2 4 0 947 C7800000 2
2 4 0 948 C7B08000 2
2 4 0 949 C7E10000 2
2 4 0 950 C8118000 2
2 4 0 951 C8420000 2
2 4 0 952 C8728000 2
2 4 0 953 C8A30000 2
2 4 0 954 C8D38000 2
2 4 0 955 C9040000 2
2 4 0 956 C9348000 2
2 4 0 957 C9650000 2
2 4 0 958 C9958000 2
2 4 0 959 C9C60000 2
2 4 0 960 C9F72807 2
2 4 0 961 CA285D06 2
2 4 0 962 CA59D101 2
2 4 0 963 CA8B851B 2
2 4 0 964 CABDB7EF 2
2 4 0 965 CAF06BC3 2
2 4 0 966 CB23E117 2
2 4 0 967 CB5859EF 2
2 4 0 968 CB8D9BDB 2
2 4 0 969 CBC3E9A1 2
2 4 0 970 CBFBC749 2
2 4 0 971 CC34FB86 2
2 4 0 972 CC700D07 2
2 4 0 973 CCAD03C1 2
2 4 0 974 CCEC28EB 2
2 4 0 975 CD2E2DA4 2
2 4 0 976 CD72B501 2
2 4 0 977 CDBA906C 2
2 4 0 978 CE05F004 2
2 4 0 979 CE550095 2
2 4 0 980 CEA83565 2
2 4 0 981 CF0023EA 2
2 4 0 982 CF5CDC0E 2
2 4 0 983 CFBF5A6D 2
2 4 0 984 D0279225 2
2 4 0 985 D095B3B6 2
2 4 0 986 D10B03D0 2
2 4 0 987 D18733EE 2
2 4 0 988 D20B1B74 2
2 4 0 989 D2975A74 2
2 4 0 990 D32C0564 2
2 4 0 991 D3C9F162 2
2 4 0 992 D47160D3 2
2 4 0 993 D522F71C 2
2 4 0 994 D5DEF6A2 2
2 4 0 995 D6A5E721 2
2 4 0 996 D778221B 2
2 4 0 997 D8562AC0 2
2 4 0 998 D9406C61 2
2 4 0 999 DA36A8C4 2
2 4 0 1000 DB39F039 2
2 4 0 1001 DC4A128B 2
2 4 0 1002 DD6726D7 2
2 4 0 1003 DE918D71 2
2 4 0 1004 DFC90BE9 2
2 4 0 1005 E10E0B4A 2
2 4 0 1006 E25FE024 2
2 4 0 1007 E3BEFA54 2
2 4 0 1008 E52AA8BB 2
2 4 0 1009 E6A346C0 2
2 4 0 1010 E8278C4A 2
2 4 0 1011 E9B7B793 2
2 4 0 1012 EB532ACF 2
2 4 0 1013 ECF9273B 2
2 4 0 1014 EEA8FC7A 2
2 4 0 1015 F0623808 2
2 4 0 1016 F223CC3C 2
2 4 0 1017 F3ECFD5B 2
2 4 0 1018 F5BCAB2B 2
2 4 0 1019 F792B81E 2
2 4 0 1020 F96D08E2 2
2 4 0 1021 FB4B290E 2
2 4 0 1022 FD2BF560 2
2 4 0 1023 FF0EA0AF 2
2 5 0 0 0DC75F86 2
2 5 0 1 0ED2C962 2
2 5 0 2 0A2D0DF0 2
2 5 0 3 03406330 2
2 5 0 4 C6649120 2
2 5 0 5 0A0928A3 2
2 5 0 6 B8E5367A 2
2 5 0 7 FB140B68 2
2 5 0 8 C3823958 2
2 5 0 9 FEA128E8 2
2 5 0 10 FA85F6E0 2
2 5 0 11 E20D93F7 2
2 5 0 12 E0C02FEC 2
2 5 0 13 294318BA 2
2 5 0 14 DB5CC41D 2
2 5 0 15 0FD01E3F 2
2 5 0 16 100EC5A8 2
2 5 0 17 059FAE8D 2
2 5 0 18 185B433B 2
2 5 0 19 198B7AFA 2
2 5 0 20 DBAFDBAB 2
2 5 0 21 189330A0 2
2 5 0 22 0EC83A0E 2
2 5 0 23 DF5E3DF2 2
2 5 0 24 23B3CA21 2
2 5 0 25 1419D145 2
2 5 0 26 DC2C2AFE 2
2 5 0 27 BE342201 2
2 5 0 28 E2C6BCC2 2
2 5 0 29 E9B8A6A7 2
2 5 0 30 FDC73F85 2
2 5 0 31 FF4AE9E4 2
2 5 0 32 2DEB49D4 2
2 5 0 33 2780F2A7 2
2 5 0 34 EA47438E 2
2 5 0 35 41FE5EF7 2
2 5 0 36 020F91BB 2
2 5 0 37 264936C7 2
2 5 0 38 F3869848 2
2 5 0 39 0824921C 2
2 5 0 40 12D7C80B 2
2 5 0 41 231F97EE 2
2 5 0 42 08E57F22 2
2 5 0 43 09065C1A 2
2 5 0 44 FE93572F 2
2 5 0 45 1883C0B0 2
2 5 0 46 FD1E771D 2
2 5 0 47 EE179629 2
2 5 0 48 D592B706 2
2 5 0 49 50B73105 2
2 5 0 50 31817609 2
2 5 0 51 0B9E5E7B 2
2 5 0 52 1512696F 2
2 5 0 53 D1B23327 2
2 5 0 54 F06D928E 2
2 5 0 55 F3926E02 2
2 5 0 56 FD3BA2AF 2
2 5 0 57 D07D9D6A 2
2 5 0 58 0AA20818 2
2 5 0 59 0B536DE2 2
2 5 0 60 0F0A4B08 2
2 5 0 61 FDFD76A9 2
2 5 0 62 3DDB43B2 2
2 5 0 63 3BA43171 2
2 5 0 64 D1AD4A8D 2
2 5 0 65 D7007367 2
2 5 0 66 19937F87 2
2 5 0 67 42CFF9F5 2
2 5 0 68 DFF54606 2
2 5 0 69 F6DEF258 2
2 5 0 70 EC6E195E 2
2 5 0 71 DF360BEE 2
2 5 0 72 D4F50FAF 2
2 5 0 73 C9BB02D8 2
2 5 0 74 1D04197C 2
2 5 0 75 1AC10C98 2
2 5 0 76 C17F7A17 2
2 5 0 77 0D6D0245 2
2 5 0 78 E7BC3CB2 2
2 5 0 79 0693E7FF 2
2 5 0 80 EB06CA63 2
2 5 0 81 EC2F82EE 2
2 5 0 82 F7C453D4 2
2 5 0 83 0766E71E 2
2 5 0 84 F007C1E4 2
2 5 0 85 D6EF79F7 2
2 5 0 86 C92C77FD 2
2 5 0 87 BC8780DA 2
2 5 0 88 F6524F90 2
2 5 0 89 CCE8911B 2
2 5 0 90 2EBD1D51 2
2 5 0 91 FA9F6A8D 2
2 5 0 92 E422E8F4 2
2 5 0 93 174FC4E6 2
2 5 0 94 DA040370 2
2 5 0 95 EF824089 2
2 5 0 96 D2F9744C 2
2 5 0 97 EF48712B 2
2 5 0 98 F6DE66FA 2
2 5 0 99 E2753E5A 2
2 5 0 100 F1B77CF4 2
2 5 0 101 DF3BD89A 2
2 5 0 102 E2BB69B2 2
2 5 0 103 11A12A68 2
2 5 0 104 031F6492 2
2 5 0 105 BD405DF2 2
2 5 0 106 F8BCFCBB 2
2 5 0 107 26EFD741 2
2 5 0 108 DCE430C8 2
2 5 0 109 EBACE9E1 2
2 5 0 110 CBA67342 2
2 5 0 111 F0FDDEFB 2
2 5 0 112 0E11FF1C 2
2 5 0 113 EC2F34B4 2
2 5 0 114 ABBB15CC 2
2 5 0 115 15ED7F3A 2
2 5 0 116 0F4F782E 2
2 5 0 117 F21D2D17 2
2 5 0 118 CD41A76B 2
2 5 0 119 19906189 2
2 5 0 120 E78F25BE 2
2 5 0 121 4CFDBEF0 2
2 5 0 122 E8A8A114 2
2 5 0 123 27513DE5 2
2 5 0 124 2D0B29BE 2
2 5 0 125 EC9043A0 2
2 5 0 126 1F2DF0A3 2
2 5 0 127 DF2D0DF7 2
2 5 0 128 F7F4A7A8 2
2 5 0 129 2F67616F 2
2 5 0 130 CC49180D 2
2 5 0 131 D870308E 2
2 5 0 132 34116AC2 2
2 5 0 133 F1D378AA 2
2 5 0 134 EA0B782C 2
2 5 0 135 2F493587 2
2 5 0 136 34BEA59A 2
2 5 0 137 00561134 2
2 5 0 138 171838E6 2
2 5 0 139 09E5E2C8 2
2 5 0 140 3E6F021B 2
2 5 0 141 07CD21D6 2
2 5 0 142 3FAF029C 2
2 5 0 143 1911C9CA 2
2 5 0 144 D58CA328 2
2 5 0 145 177D6B68 2
2 5 0 146 D99134B4 2
2 5 0 147 162663C5 2
2 5 0 148 0C09432A 2
2 5 0 149 0E8794E0 2
2 5 0 150 109FB5D9 2
2 5 0 151 D21D6114 2
2 5 0 152 03FC4629 2
2 5 0 153 C4576F66 2
2 5 0 154 F41D3EB2 2
2 5 0 155 13931428 2
2 5 0 156 07AB40AA 2
2 5 0 157 D0E7141B 2
2 5 0 158 381BAE99 2
2 5 0 159 45026535 2
2 5 0 160 302F114A 2
2 5 0 161 10EE6728 2
2 5 0 162 325DEF23 2
2 5 0 163 1A0184B2 2
2 5 0 164 D0845450 2
2 5 0 165 3261858C 2
2 5 0 166 E6B943FB 2
2 5 0 167 ECF9025C 2
2 5 0 168 298F46DC 2
2 5 0 169 BE9D2268 2
2 5 0 170 075B3702 2
2 5 0 171 06958C7E 2
2 5 0 172 E140626C 2
2 5 0 173 EBE5C19E 2
2 5 0 174 17D6EDD0 2
2 5 0 175 3447F36F 2
2 5 0 176 E3E77860 2
2 5 0 177 F0C7081D 2
2 5 0 178 17E81A9C 2
2 5 0 179 E0DF4B95 2
2 5 0 180 15B579F4 2
2 5 0 181 EFAD76B6 2
2 5 0 182 F9115B94 2
2 5 0 183 27AD3C58 2
2 5 0 184 3BE0949A 2
2 5 0 185 0EE8EE86 2
2 5 0 186 30A6E615 2
2 5 0 187 E9EB583C 2
2 5 0 188 E99D18CA 2
2 5 0 189 D4C80428 2
2 5 0 190 01F18A14 2
2 5 0 191 EA594E9B 2
2 5 0 192 1A9FB3A1 2
2 5 0 193 345FFFFC 2
2 5 0 194 E60DF62B 2
2 5 0 195 DC4EB54C 2
2 5 0 196 1B76AEB0 2
2 5 0 197 0FA07B8A 2
2 5 0 198 204443A2 2
2 5 0 199 01E5057F 2
2 5 0 200 39AD5FD2 2
2 5 0 201 DD442104 2
2 5 0 202 FD8D57B3 2
2 5 0 203 25238E54 2
2 5 0 204 2F3BB309 2
2 5 0 205 F4FEE95F 2
2 5 0 206 1678DE30 2
2 5 0 207 D5D4D1A1 2
2 5 0 208 CF60F178 2
2 5 0 209 2CD26CFC 2
2 5 0 210 098B54E4 2
2 5 0 211 03489535 2
2 5 0 212 0C35EA3C 2
2 5 0 213 3C8A9D0E 2
2 5 0 214 EBA948A5 2
2 5 0 215 1A05B4E9 2
2 5 0 216 199D9D68 2
2 5 0 217 F9DD4CB5 2
2 5 0 218 E5B51A01 2
2 5 0 219 25C492E7 2
2 5 0 220 1B14D378 2
2 5 0 221 BC6A7100 2
2 5 0 222 10826424 2
2 5 0 223 CB6D0618 2
2 5 0 224 D0F8079B 2
2 5 0 225 E9885623 2
2 5 0 226 DEDC2B39 2
2 5 0 227 DFC19B36 2
2 5 0 228 43540AFE 2
2 5 0 229 218BB3E0 2
2 5 0 230 17F5B778 2
2 5 0 231 CC8D79B2 2
2 5 0 232 11712FDC 2
2 5 0 233 F196E7DD 2
2 5 0 234 0DDF9DD7 2
2 5 0 235 1A5735F5 2
2 5 0 236 42D47B32 2
2 5 0 237 1B55F382 2
2 5 0 238 08BFB274 2
2 5 0 239 FA5EAF9D 2
2 5 0 240 DEEDA39E 2
2 5 0 241 0C77ACF3 2
2 5 0 242 03C95F3A 2
2 5 0 243 DA93CDF2 2
2 5 0 244 127AEDB6 2
2 5 0 245 20740D58 2
2 5 0 246 F46E473C 2
2 5 0 247 04C5D915 2
2 5 0 248 0DE4CDE7 2
2 5 0 249 C5B8847B 2
2 5 0 250 2543FC13 2
2 5 0 251 221E03C7 2
2 5 0 252 CB5D3983 2
2 5 0 253 32F2E525 2
2 5 0 254 1F2F6A4D 2
2 5 0 255 F5538BE0 2
2 5 0 256 1553F878 2
2 5 0 257 2D72C417 2
2 5 0 258 EF063873 2
2 5 0 259 0D144AEC 2
2 5 0 260 F6A908D5 2
2 5 0 261 EE1A2448 2
2 5 0 262 303274F0 2
2 5 0 263 EA7D125F 2
2 5 0 264 17AAA35B 2
2 5 0 265 272F6282 2
2 5 0 266 F7C3F82B 2
2 5 0 267 2A691069 2
2 5 0 268 E1562420 2
2 5 0 269 C6638CD9 2
2 5 0 270 1C64E338 2
2 5 0 271 0108581D 2
2 5 0 272 35A3821A 2
2 5 0 273 03870CF4 2
2 5 0 274 2E0142AE 2
2 5 0 275 FA760B37 2
2 5 0 276 1488710F 2
2 5 0 277 3F1D0EAF 2
2 5 0 278 E4C5DC38 2
2 5 0 279 FE1410EC 2
2 5 0 280 2C7D75D4 2
2 5 0 281 2B46F631 2
2 5 0 282 D8976DC3 2
2 5 0 283 07BF2B6D 2
2 5 0 284 2B67EA2E 2
2 5 0 285 D538FC58 2
2 5 0 286 17A7FBD2 2
2 5 0 287 3B665741 2
2 5 0 288 FAD4AF21 2
2 5 0 289 34E86314 2
2 5 0 290 BD7ADE7A 2
2 5 0 291 C9C68A6A 2
2 5 0 292 D71FA46D 2
2 5 0 293 FFD02CD8 2
2 5 0 294 BBDA7848 2
2 5 0 295 1232637F 2
2 5 0 296 EBEA8DDA 2
2 5 0 297 37B06E0C 2
2 5 0 298 06C5EDEB 2
2 5 0 299 371B1234 2
2 5 0 300 01F81D76 2
2 5 0 301 1C28AA8A 2
2 5 0 302 1A4E591B 2
2 5 0 303 12DA4ABF 2
2 5 0 304 F55ECC30 2
2 5 0 305 227BFB36 2
2 5 0 306 E9F79844 2
2 5 0 307 E7D9D960 2
2 5 0 308 23EDDA27 2
2 5 0 309 CEC17305 2
2 5 0 310 1B4C538E 2
2 5 0 311 C1CA4106 2
2 5 0 312 0AB4E50A 2
2 5 0 313 1A9D3363 2
2 5 0 314 3A306D86 2
2 5 0 315 E888A190 2
2 5 0 316 2EE25A5E 2
2 5 0 317 FD5BE3FB 2
2 5 0 318 C16F36EA 2
2 5 0 319 EF780A96 2
2 5 0 320 FACF89DD 2
2 5 0 321 EE9EC440 2
2 5 0 322 F6BFCB71 2
2 5 0 323 0A625948 2
2 5 0 324 DB4CA47E 2
2 5 0 325 35CC2982 2
2 5 0 326 2ADEA6B4 2
2 5 0 327 F5897670 2
2 5 0 328 DAE87A90 2
2 5 0 329 234B5AEA 2
2 5 0 330 E2A27742 2
2 5 0 331 2CF60ABA 2
2 5 0 332 C6E00D46 2
2 5 0 333 C40DB9B4 2
2 5 0 334 2060D13F 2
2 5 0 335 D41DA607 2
2 5 0 336 0BFB9C6D 2
2 5 0 337 E5BE0F5C 2
2 5 0 338 D381DC34 2
2 5 0 339 FB983DF3 2
2 5 0 340 FDBB304F 2
2 5 0 341 3546385B 2
2 5 0 342 FA4C1FB4 2
2 5 0 343 D63549A5 2
2 5 0 344 D46F1602 2
2 5 0 345 F34D95A4 2
2 5 0 346 05668A88 2
2 5 0 347 17A93C44 2
2 5 0 348 FCD0BF97 2
2 5 0 349 17AD9D76 2
2 5 0 350 20C22BD2 2
2 5 0 351 02AEE041 2
2 5 0 352 1EA782FC 2
2 5 0 353 C45E7008 2
2 5 0 354 C871048A 2
2 5 0 355 F5EB4F25 2
2 5 0 356 F840DB05 2
2 5 0 357 314CE6CC 2
2 5 0 358 F41C9B9C 2
2 5 0 359 FE93E2AB 2
2 5 0 360 318C4A1E 2
2 5 0 361 CE87DD72 2
2 5 0 362 085BF179 2
2 5 0 363 1506C0BA 2
2 5 0 364 15EC6CF1 2
2 5 0 365 004E9212 2
2 5 0 366 170CBC17 2
2 5 0 367 273B2DF6 2
2 5 0 368 C8062B1A 2
2 5 0 369 D3BDB086 2
2 5 0 370 33CD48EB 2
2 5 0 371 38962034 2
2 5 0 372 F13CB648 2
2 5 0 373 1F98A326 2
2 5 0 374 F45DECF1 2
2 5 0 375 F6641A37 2
2 5 0 376 C4F3BB93 2
2 5 0 377 3BA43312 2
2 5 0 378 CDDF92C1 2
2 5 0 379 CC8A4ABF 2
2 5 0 380 CE4FE908 2
2 5 0 381 FD42CC7B 2
2 5 0 382 CAEC7106 2
2 5 0 383 1DB78776 2
2 5 0 384 288BC1FB 2
2 5 0 385 174A9008 2
2 5 0 386 3BC19CF9 2
2 5 0 387 3A3E4C3D 2
2 5 0 388 1213F892 2
2 5 0 389 C039BEA6 2
2 5 0 390 CD967F92 2
2 5 0 391 EBE55414 2
2 5 0 392 C5ABBC66 2
2 5 0 393 BE5DB1CC 2
2 5 0 394 C0B90E60 2
2 5 0 395 FEDEA297 2
2 5 0 396 EA034A2B 2
2 5 0 397 E3CC7914 2
2 5 0 398 FC6DBD98 2
2 5 0 399 EA8E46BA 2
2 5 0 400 251DA81C 2
2 5 0 401 FD4486CF 2
2 5 0 402 D40B0A34 2
2 5 0 403 C1402DBF 2
2 5 0 404 3E02848A 2
2 5 0 405 C3065E55 2
2 5 0 406 C77EAEC4 2
2 5 0 407 F67B9CEF 2
2 5 0 408 1B867783 2
2 5 0 409 D7D57F66 2
2 5 0 410 E9DD1754 2
2 5 0 411 0F19ACCE 2
2 5 0 412 2930A958 2
2 5 0 413 CADF58DC 2
2 5 0 414 E1A4E2BE 2
2 5 0 415 0986BACD 2
2 5 0 416 2CEC6168 2
2 5 0 417 E6632342 2
2 5 0 418 C71F9A61 2
2 5 0 419 1B646F79 2
2 5 0 420 F093C975 2
2 5 0 421 D0CB66EA 2
2 5 0 422 335D8B48 2
2 5 0 423 16FAB024 2
2 5 0 424 1063103C 2
2 5 0 425 D99B85EC 2
2 5 0 426 CEE6696B 2
2 5 0 427 3C377076 2
2 5 0 428 F1EE63CF 2
2 5 0 429 ED9A870C 2
2 5 0 430 BF92DF33 2
2 5 0 431 FACE02A6 2
2 5 0 432 00C7D9DC 2
2 5 0 433 FC3A0F38 2
2 5 0 434 309F0063 2
2 5 0 435 C241FE60 2
2 5 0 436 FB921A6D 2
2 5 0 437 F593C555 2
2 5 0 438 EF8D402F 2
2 5 0 439 FC0082A6 2
2 5 0 440 30C4514C 2
2 5 0 441 E40A2EEE 2
2 5 0 442 24554584 2
2 5 0 443 3D0256F2 2
2 5 0 444 30470B6D 2
2 5 0 445 16AB6E63 2
2 5 0 446 EEA8CF06 2
2 5 0 447 FA5E28A3 2
2 5 0 448 069A8BAC 2
2 5 0 449 26A4D9FA 2
2 5 0 450 13F35774 2
2 5 0 451 FA3966D5 2
2 5 0 452 CEDF3874 2
2 5 0 453 F7ACA1A4 2
2 5 0 454 E8EDE169 2
2 5 0 455 1A0ECFE8 2
2 5 0 456 0808B698 2
2 5 0 457 3E0B4EED 2
2 5 0 458 3EFACAE0 2
2 5 0 459 F23FA404 2
2 5 0 460 0D10583B 2
2 5 0 461 04A99161 2
2 5 0 462 D63D4A86 2
2 5 0 463 23AC0ABE 2
2 5 0 464 01D4A57E 2
2 5 0 465 EAD8C545 2
2 5 0 466 DADC3CA3 2
2 5 0 467 04CFFC4E 2
2 5 0 468 C27BB248 2
2 5 0 469 C7C6E701 2
2 5 0 470 2A450036 2
2 5 0 471 DB09B88D 2
2 5 0 472 E7A38BA7 2
2 5 0 473 C575F671 2
2 5 0 474 22727E54 2
2 5 0 475 09BC2E2F 2
2 5 0 476 3D7BCD01 2
2 5 0 477 D8A0D597 2
2 5 0 478 05DF66ED 2
2 5 0 479 181C19A1 2
2 5 0 480 E6BA276C 2
2 5 0 481 D79BC694 2
2 5 0 482 E4937FDF 2
2 5 0 483 C461A8A0 2
2 5 0 484 DA02EBD4 2
2 5 0 485 EBD01A4D 2
2 5 0 486 E248C2B5 2
2 5 0 487 C416B64B 2
2 5 0 488 35C18F3B 2
2 5 0 489 D4FBEAF4 2
2 5 0 490 0745F1A6 2
2 5 0 491 248112EF 2
2 5 0 492 C910D671 2
2 5 0 493 F56DDD2E 2
2 5 0 494 2F4572E0 2
2 5 0 495 29C578C7 2
2 5 0 496 1C0FE824 2
2 5 0 497 EB58A9D7 2
2 5 0 498 067DDB6B 2
2 5 0 499 E51F3A9E 2
2 5 0 500 12B62F28 2
2 5 0 501 E2D2770B 2
2 5 0 502 EC22F9B5 2
2 5 0 503 1DA2CB62 2
2 5 0 504 2ED14174 2
2 5 0 505 298AB4E9 2
2 5 0 506 E4F4A9C2 2
2 5 0 507 01F7CF8E 2
2 5 0 508 D27CECDB 2
2 5 0 509 EF61438F 2
2 5 0 510 37075C51 2
2 5 0 511 01648080 2
2 5 0 512 C722F1A2 2
2 5 0 513 FDF38419 2
2 5 0 514 1A943410 2
2 5 0 515 0409E2A1 2
2 5 0 516 27C5C496 2
2 5 0 517 0E55697D 2
2 5 0 518 D6515B3E 2
2 5 0 519 1B8790AC 2
2 5 0 520 3080DDC1 2
2 5 0 521 CED7FE6C 2
2 5 0 522 F8B4657C 2
2 5 0 523 25DECBB9 2
2 5 0 524 DFBB7A9C 2
2 5 0 525 F02BCC64 2
2 5 0 526 3954B1A8 2
2 5 0 527 C685D3C4 2
2 5 0 528 1035F101 2
2 5 0 529 24FE4250 2
2 5 0 530 04640EDE 2
2 5 0 531 D5C12A0E 2
2 5 0 532 DA655EF4 2
2 5 0 533 1A2C5DAE 2
2 5 0 534 ECE07F56 2
2 5 0 535 04C8E256 2
2 5 0 536 0298F3A6 2
2 5 0 537 00F0B07C 2
2 5 0 538 C8ED9053 2
2 5 0 539 0621DD8E 2
2 5 0 540 2330151E 2
2 5 0 541 1E9233E6 2
2 5 0 542 10EBD863 2
2 5 0 543 C9AC6339 2
2 5 0 544 F1513BC9 2
2 5 0 545 24B440E6 2
2 5 0 546 32445459 2
2 5 0 547 D678090C 2
2 5 0 548 3D38154F 2
2 5 0 549 E63E8B34 2
2 5 0 550 39DF8AFA 2
2 5 0 551 D9B08770 2
2 5 0 552 1ECD1FC1 2
2 5 0 553 19C0DB1F 2
2 5 0 554 3E7F07F1 2
2 5 0 555 2130A06D 2
2 5 0 556 383C6B63 2
2 5 0 557 1043B595 2
2 5 0 558 E2C99DA7 2
2 5 0 559 2B98F538 2
2 5 0 560 F6FE751C 2
2 5 0 561 CEC9819A 2
2 5 0 562 40847C84 2
2 5 0 563 E2BBEC58 2
2 5 0 564 F438DEA2 2
2 5 0 565 EA919A46 2
2 5 0 566 18E8E180 2
2 5 0 567 FCD14FA0 2
2 5 0 568 EF23C92A 2
2 5 0 569 0043F4FB 2
2 5 0 570 0E7ABEF3 2
2 5 0 571 CD9EEB32 2
2 5 0 572 0C961F4B 2
2 5 0 573 18EC8C9E 2
2 5 0 574 195D514A 2
2 5 0 575 084919F7 2
2 5 0 576 021D2AB8 2
2 5 0 577 E4819BA1 2
2 5 0 578 D25357B4 2
2 5 0 579 F0028D4A 2
2 5 0 580 0EF15D79 2
2 5 0 581 19209D3E 2
2 5 0 582 C4FD666B 2
2 5 0 583 EDF15911 2
2 5 0 584 377269AB 2
2 5 0 585 FC4DCAFA 2
2 5 0 586 E8F0824D 2
2 5 0 587 1B0AE7DF 2
2 5 0 588 F440B75A 2
2 5 0 589 C1E2DDD8 2
2 5 0 590 0E454E02 2
2 5 0 591 FF84E6AF 2
2 5 0 592 19C99B70 2
2 5 0 593 0A9D7E8A 2
2 5 0 594 C1AD33F4 2
2 5 0 595 286C7604 2
2 5 0 596 307A414D 2
2 5 0 597 F2E85634 2
2 5 0 598 2BAA7DB6 2
2 5 0 599 CAC20D5C 2
2 5 0 600 12882AEF 2
2 5 0 601 2DA57611 2
2 5 0 602 D517A60B 2
2 5 0 603 DCD3BBDE 2
2 5 0 604 19E1D02F 2
2 5 0 605 E5FED848 2
2 5 0 606 E4A8BBDB 2
2 5 0 607 27F98222 2
2 5 0 608 D787A8E9 2
2 5 0 609 BE5F433D 2
2 5 0 610 24A513E4 2
2 5 0 611 153725E5 2
2 5 0 612 FB35A1E4 2
2 5 0 613 0B1AC816 2
2 5 0 614 D60F64F3 2
2 5 0 615 08382742 2
2 5 0 616 336DC6E8 2
2 5 0 617 EE428D60 2
2 5 0 618 E72F5170 2
2 5 0 619 F7BB5C1D 2
2 5 0 620 C11051C1 2
2 5 0 621 0D65FBFD 2
2 5 0 622 2C439BBE 2
2 5 0 623 E5AFEB7E 2
2 5 0 624 CC6C859C 2
2 5 0 625 1875B415 2
2 5 0 626 C3879C30 2
2 5 0 627 E6FE5D9A 2
2 5 0 628 43C23A69 2
2 5 0 629 E925A2DA 2
2 5 0 630 1254CE88 2
2 5 0 631 32152941 2
2 5 0 632 1C66D163 2
2 5 0 633 CBA42CC5 2
2 5 0 634 1626F0B8 2
2 5 0 635 21239326 2
2 5 0 636 0EAE7A14 2
2 5 0 637 F1BCA75B 2
2 5 0 638 DE9FAA8D 2
2 5 0 639 381624C2 2
2 5 0 640 1692530D 2
2 5 0 641 E24DB051 2
2 5 0 642 19FAF024 2
2 5 0 643 3F72D89C 2
2 5 0 644 CCF81E44 2
2 5 0 645 2345AB35 2
2 5 0 646 2CAF8623 2
2 5 0 647 FB306CF5 2
2 5 0 648 E00FD390 2
2 5 0 649 48097406 2
2 5 0 650 FAC1C028 2
2 5 0 651 CAF8C3FE 2
2 5 0 652 33B2DDC6 2
2 5 0 653 1B030E55 2
2 5 0 654 220DE988 2
2 5 0 655 D421845F 2
2 5 0 656 D10B7B4C 2
2 5 0 657 C6D0A0E3 2
2 5 0 658 0743B296 2
2 5 0 659 D940D8C1 2
2 5 0 660 D0829766 2
2 5 0 661 BFC89F36 2
2 5 0 662 F3D34962 2
2 5 0 663 CCBEEA46 2
2 5 0 664 21EDDE75 2
2 5 0 665 DF008A01 2
2 5 0 666 222038BC 2
2 5 0 667 DD3E4A24 2
2 5 0 668 E1FD8DAA 2
2 5 0 669 265CEDF0 2
2 5 0 670 44CB9217 2
2 5 0 671 1BE6FBD0 2
2 5 0 672 F4FFF382 2
2 5 0 673 F257EEA2 2
2 5 0 674 09C621F1 2
2 5 0 675 3099B2B6 2
2 5 0 676 E3BCFFDA 2
2 5 0 677 FBEF4EB0 2
2 5 0 678 BC464860 2
2 5 0 679 DA3D119E 2
2 5 0 680 29195E82 2
2 5 0 681 F4B55A2E 2
2 5 0 682 2C99F100 2
2 5 0 683 1FEA4307 2
2 5 0 684 C07916C9 2
2 5 0 685 1AE0E8C4 2
2 5 0 686 CBEF2432 2
2 5 0 687 0C4BFA0F 2
2 5 0 688 1FC817D4 2
2 5 0 689 EE4A5C1C 2
2 5 0 690 E647C8C0 2
2 5 0 691 D4A6A89D 2
2 5 0 692 E576F421 2
2 5 0 693 23B97B02 2
2 5 0 694 E3D15D50 2
2 5 0 695 0A3DAF20 2
2 5 0 696 289F662D 2
2 5 0 697 215EB9B1 2
2 5 0 698 123470B2 2
2 5 0 699 FFC8974B 2
2 5 0 700 0D90C300 2
2 5 0 701 C165CF5B 2
2 5 0 702 DE079284 2
2 5 0 703 24F87918 2
2 5 0 704 0A6BDCB4 2
2 5 0 705 31F48636 2
2 5 0 706 1ACAEBB8 2
2 5 0 707 3A79D03F 2
2 5 0 708 1D5DF34A 2
2 5 0 709 DDDD3CF8 2
2 5 0 710 2F0EFB19 2
2 5 0 711 EB69CA36 2
2 5 0 712 EF47B96A 2
2 5 0 713 D8AD1FFF 2
2 5 0 714 C7050BE0 2
2 5 0 715 D6615F60 2
2 5 0 716 DD93E8BE 2
2 5 0 717 23A7D01E 2
2 5 0 718 17D6A74F 2
2 5 0 719 C8342ECA 2
2 5 0 720 C9137CCA 2
2 5 0 721 01577DB6 2
2 5 0 722 CD50175C 2
2 5 0 723 DBF17626 2
2 5 0 724 177F39AB 2
2 5 0 725 17CCCB60 2
2 5 0 726 BC9AA6E6 2
2 5 0 727 BE33B828 2
2 5 0 728 3DDE8C28 2
2 5 0 729 D0DBF820 2
2 5 0 730 C6ACFC9C 2
2 5 0 731 F1BD0FCC 2
2 5 0 732 CFF34102 2
2 5 0 733 162560CD 2
2 5 0 734 435D94A2 2
2 5 0 735 D8155D61 2
2 5 0 736 17910F6A 2
2 5 0 737 FDE5D277 2
2 5 0 738 07FFC9E9 2
2 5 0 739 3F69B190 2
2 5 0 740 02C824D8 2
2 5 0 741 4539A378 2
2 5 0 742 C8CCD3FD 2
2 5 0 743 27500F34 2
2 5 0 744 1923E215 2
2 5 0 745 20CDB800 2
2 5 0 746 F569C38F 2
2 5 0 747 1369D3F9 2
2 5 0 748 010E47B1 2
2 5 0 749 E24BC396 2
2 5 0 750 E4E0AFB7 2
2 5 0 751 36E2C8AC 2
2 5 0 752 32607A23 2
2 5 0 753 DC389864 2
2 5 0 754 25DFF5AE 2
2 5 0 755 312A27D8 2
2 5 0 756 DD202652 2
2 5 0 757 2AC71EEB 2
2 5 0 758 2A9BBE55 2
2 5 0 759 F1017286 2
2 5 0 760 D0BC5ED6 2
2 5 0 761 B09E69DB 2
2 5 0 762 FE98FC6A 2
2 5 0 763 287EFE3C 2
2 5 0 764 B042CAD8 2
2 5 0 765 F58C8284 2
2 5 0 766 E9DAD01E 2
2 5 0 767 B77F3B4A 2
2 5 0 768 E601F7E5 2
2 5 0 769 F453B196 2
2 5 0 770 2E494B9E 2
2 5 0 771 1372BBE2 2
2 5 0 772 1D8C33C2 2
2 5 0 773 1E988836 2
2 5 0 774 FB2B3C12 2
2 5 0 775 F7989259 2
2 5 0 776 CDF55EA5 2
2 5 0 777 0CE62DDC 2
2 5 0 778 0D8D8792 2
2 5 0 779 F48D9080 2
2 5 0 780 F262818E 2
2 5 0 781 F8939E78 2
2 5 0 782 EBD8D044 2
2 5 0 783 0C92B127 2
2 5 0 784 0A2BD1D2 2
2 5 0 785 E4CD4676 2
2 5 0 786 EE087B06 2
2 5 0 787 1F08BDC5 2
2 5 0 788 DD1E88EC 2
2 5 0 789 B0A7007F 2
2 5 0 790 22ED9CE0 2
2 5 0 791 0871E402 2
2 5 0 792 EF209D6E 2
2 5 0 793 118BFC4C 2
2 5 0 794 F4C4050D 2
2 5 0 795 CB302C51 2
2 5 0 796 EAA5F4C0 2
2 5 0 797 B8DA72E1 2
2 5 0 798 FDDF176C 2
2 5 0 799 DA822E29 2
2 5 0 800 E58BEBD2 2
2 5 0 801 E23CF96A 2
2 5 0 802 F26EA950 2
2 5 0 803 14CC21B2 2
2 5 0 804 ED993CC0 2
2 5 0 805 D4642820 2
2 5 0 806 C0526E50 2
2 5 0 807 FC5D876E 2
2 5 0 808 13815F69 2
2 5 0 809 4C27CADF 2
2 5 0 810 31B074DB 2
2 5 0 811 E95D38CC 2
2 5 0 812 1B31F9E0 2
2 5 0 813 41BED5C1 2
2 5 0 814 E0DDCFE8 2
2 5 0 815 C483BC4C 2
2 5 0 816 1E7A893B 2
2 5 0 817 04C7F548 2
2 5 0 818 3226E102 2
2 5 0 819 1E7EC656 2
2 5 0 820 2D377DB7 2
2 5 0 821 2111FA38 2
2 5 0 822 C3E96833 2
2 5 0 823 CDE19CCB 2
2 5 0 824 0EC3532E 2
2 5 0 825 E4CE43F1 2
2 5 0 826 0F56ED26 2
2 5 0 827 32B0A91E 2
2 5 0 828 35423655 2
2 5 0 829 005F602E 2
2 5 0 830 19ACD018 2
2 5 0 831 DFB4431D 2
2 5 0 832 C072694E 2
2 5 0 833 E32E412F 2
2 5 0 834 31CA71C7 2
2 5 0 835 F3B07598 2
2 5 0 836 D7CA270C 2
2 5 0 837 0E6B3230 2
2 5 0 838 103F2BD4 2
2 5 0 839 F8A8A2CE 2
2 5 0 840 48AE396F 2
2 5 0 841 1D3CDC1D 2
2 5 0 842 14D311F8 2
2 5 0 843 C96FB04A 2
2 5 0 844 025B48E1 2
2 5 0 845 D43F282A 2
2 5 0 846 34BBDDE6 2
2 5 0 847 B4F56C2F 2
2 5 0 848 E746FD3A 2
2 5 0 849 C9F3EA70 2
2 5 0 850 F45E9B26 2
2 5 0 851 D27CACC0 2
2 5 0 852 DE7E462B 2
2 5 0 853 CD4FDE16 2
2 5 0 854 F6F228F3 2
2 5 0 855 40DE42D5 2
2 5 0 856 06147FB0 2
2 5 0 857 01B143A5 2
2 5 0 858 188F9739 2
2 5 0 859 C571F2B8 2
2 5 0 860 2AE5631C 2
2 5 0 861 448A06E2 2
2 5 0 862 42AFE87A 2
2 5 0 863 1A5BE4F5 2
2 5 0 864 49B16CE7 2
2 5 0 865 2E8C125B 2
2 5 0 866 1A812EBF 2
2 5 0 867 0F0C8D5A 2
2 5 0 868 F0D72F5A 2
2 5 0 869 CEDAC78D 2
2 5 0 870 4381ACC1 2
2 5 0 871 EC389192 2
2 5 0 872 30AA8E04 2
2 5 0 873 099E0DB0 2
2 5 0 874 2CDEF208 2
2 5 0 875 F76EC866 2
2 5 0 876 08045350 2
2 5 0 877 DE7F4B54 2
2 5 0 878 F314D5AA 2
2 5 0 879 D510E5C6 2
2 5 0 880 19A54648 2
2 5 0 881 2629BA40 2
2 5 0 882 D6C9243E 2
2 5 0 883 BE8D5F43 2
2 5 0 884 3BBAEA5B 2
2 5 0 885 23180AE6 2
2 5 0 886 FDC07A20 2
2 5 0 887 C61C71B8 2
2 5 0 888 128D0500 2
2 5 0 889 CD7EC802 2
2 5 0 890 1C01CB64 2
2 5 0 891 F0B445FC 2
2 5 0 892 2106EC07 2
2 5 0 893 F2F540BE 2
2 5 0 894 04A20A1B 2
2 5 0 895 B9608F98 2
2 5 0 896 2181FD96 2
2 5 0 897 1FF5ADF0 2
2 5 0 898 C5C97E4E 2
2 5 0 899 0B713638 2
2 5 0 900 E4C476FA 2
2 5 0 901 E17D7D50 2
2 5 0 902 C20F657B 2
2 5 0 903 E36DBDF1 2
2 5 0 904 C0931DE8 2
2 5 0 905 D3B91D9D 2
2 5 0 906 3D436BCD 2
2 5 0 907 04ACBF02 2
2 5 0 908 D1C34E28 2
2 5 0 909 27A4AD13 2
2 5 0 910 ECE4E57C 2
2 5 0 911 161082FA 2
2 5 0 912 2A42827E 2
2 5 0 913 CD8822A7 2
2 5 0 914 A7F4DE99 2
2 5 0 915 FA55587B 2
2 5 0 916 1298C1B2 2
2 5 0 917 14A3B651 2
2 5 0 918 F73C316E 2
2 5 0 919 23BD761A 2
2 5 0 920 02F70888 2
2 5 0 921 23F25421 2
2 5 0 922 022F803F 2
2 5 0 923 1A347EF0 2
2 5 0 924 C088FCBC 2
2 5 0 925 DA742202 2
2 5 0 926 BEF5F8BE 2
2 5 0 927 DF86F1F0 2
2 5 0 928 0D637286 2
2 5 0 929 0EBC4577 2
2 5 0 930 122825CC 2
2 5 0 931 F7553143 2
2 5 0 932 CDE7C189 2
2 5 0 933 2C7093E4 2
2 5 0 934 0A752DE2 2
2 5 0 935 4626E81E 2
2 5 0 936 BC2629EC 2
2 5 0 937 D92DEC60 2
2 5 0 938 E10FD1FB 2
2 5 0 939 F215C6A4 2
2 5 0 940 B84969BA 2
2 5 0 941 E7C5C37D 2
2 5 0 942 13C61346 2
2 5 0 943 E693A098 2
2 5 0 944 40DEA856 2
2 5 0 945 F9D3D3FA 2
2 5 0 946 2B7E5BD0 2
2 5 0 947 4A15A488 2
2 5 0 948 02AEE680 2
2 5 0 949 4396B94C 2
2 5 0 950 103C749A 2
2 5 0 951 CE20F5EC 2
2 5 0 952 B3CE7AE4 2
2 5 0 953 12111B6A 2
2 5 0 954 04911FD8 2
2 5 0 955 FAE5BF84 2
2 5 0 956 17294EB3 2
2 5 0 957 FD7F3608 2
2 5 0 958 AE7E63D5 2
2 5 0 959 D3FF5F36 2
2 5 0 960 252B2B23 2
2 5 0 961 F38D2402 2
2 5 0 962 24C45A3F 2
2 5 0 963 10664D1D 2
2 5 0 964 1DD3EABE 2
2 5 0 965 2CEE61C8 2
2 5 0 966 F1D00DFD 2
2 5 0 967 25B0B2F5 2
2 5 0 968 FA58B2A9 2
2 5 0 969 27EA03A7 2
2 5 0 970 0366EC59 2
2 5 0 971 E51F9C46 2
2 5 0 972 FFF51AB7 2
2 5 0 973 0450B4C0 2
2 5 0 974 A9C8E420 2
2 5 0 975 BC5B6175 2
2 5 0 976 0800D9C0 2
2 5 0 977 22679C45 2
2 5 0 978 09F7F17A 2
2 5 0 979 E112BADC 2
2 5 0 980 F961CEAA 2
2 5 0 981 F99EB0BC 2
2 5 0 982 E527E3F7 2
2 5 0 983 0D2DD8F2 2
2 5 0 984 CB5759AF 2
2 5 0 985 304E34F2 2
2 5 0 986 E2963268 2
2 5 0 987 3BE3924D 2
2 5 0 988 0A7B54FF 2
2 5 0 989 04CA01DC 2
2 5 0 990 CA313CD2 2
2 5 0 991 14D9281B 2
2 5 0 992 E2893BD4 2
2 5 0 993 15809F24 2
2 5 0 994 E7AB1124 2
2 5 0 995 FF797DB2 2
2 5 0 996 AFC4C019 2
2 5 0 997 1C6FBE2D 2
2 5 0 998 EB5BA6D8 2
2 5 0 999 089FB1EC 2
2 5 0 1000 332E45E3 2
2 5 0 1001 22A0A3EB 2
2 5 0 1002 D379D844 2
2 5 0 1003 C2225017 2
2 5 0 1004 E5BD2E38 2
2 5 0 1005 FFCC7FFD 2
2 5 0 1006 174EA8C8 2
2 5 0 1007 08EBB443 2
2 5 0 1008 005F4D3C 2
2 5 0 1009 27F11D4E 2
2 5 0 1010 DBC1443D 2
2 5 0 1011 1AFD0A02 2
2 5 0 1012 24CE66F2 2
2 5 0 1013 C856D245 2
2 5 0 1014 CE62D918 2
2 5 0 1015 E39FC8C4 2
2 5 0 1016 D8EF8834 2
2 5 0 1017 1BA79A00 2
2 5 0 1018 C9341EF0 2
2 5 0 1019 32921350 2
2 5 0 1020 F7888E91 2
2 5 0 1021 C55E0A89 2
2 5 0 1022 0423B684 2
2 5 0 1023 14D87A55 2
