0 0 0 00000000 12
0 0 1 00000000 12
0 0 2 00000000 12
0 0 3 00000000 12
0 0 4 00000000 12
0 0 5 00000000 12
0 0 6 00000000 12
0 0 7 00000000 12
0 0 8 00000000 12
0 0 9 00000000 12
0 0 10 00000000 12
0 0 11 00000000 12
0 0 12 00000000 12
0 0 13 00000000 12
0 0 14 00000000 12
0 0 15 00000000 12
0 0 16 00000000 12
0 0 17 00000000 12
0 0 18 00000000 12
0 0 19 00000000 12
0 0 20 00000000 12
0 0 21 00000000 12
0 0 22 00000000 12
0 0 23 00000000 12
0 0 24 00000000 12
0 0 25 00000000 12
0 0 26 00000000 12
0 0 27 00000000 12
0 0 28 00000000 12
0 0 29 00000000 12
0 0 30 00000000 12
0 0 31 00000000 12
0 0 32 00000000 12
0 0 33 00000000 12
0 0 34 00000000 12
0 0 35 00000000 12
0 0 36 00000000 12
0 0 37 00000000 12
0 0 38 00000000 12
0 0 39 00000000 12
0 0 40 00000000 12
0 0 41 00000000 12
0 0 42 00000000 12
0 0 43 00000000 12
0 0 44 00000000 12
0 0 45 00000000 12
0 0 46 00000000 12
0 0 47 00000000 12
0 0 48 00000000 12
0 0 49 00000000 12
0 0 50 00000000 12
0 0 51 00000000 12
0 0 52 00000000 12
0 0 53 00000000 12
0 0 54 00000000 12
0 0 55 00000000 12
0 0 56 00000000 12
0 0 57 00000000 12
0 0 58 00000000 12
0 0 59 00000000 12
0 0 60 00000000 12
0 0 61 00000000 12
0 0 62 00000000 12
0 0 63 00000000 12
0 0 64 00000000 12
0 0 65 00000000 12
0 0 66 00000000 12
0 0 67 00000000 12
0 0 68 00000000 12
0 0 69 00000000 12
0 0 70 00000000 12
0 0 71 00000000 12
0 0 72 00000000 12
0 0 73 00000000 12
0 0 74 00000000 12
0 0 75 00000000 12
0 0 76 00000000 12
0 0 77 00000000 12
0 0 78 00000000 12
0 0 79 00000000 12
0 0 80 00000000 12
0 0 81 00000000 12
0 0 82 00000000 12
0 0 83 00000000 12
0 0 84 00000000 12
0 0 85 00000000 12
0 0 86 00000000 12
0 0 87 00000000 12
0 0 88 00000000 12
0 0 89 00000000 12
0 0 90 00000000 12
0 0 91 00000000 12
0 0 92 00000000 12
0 0 93 00000000 12
0 0 94 00000000 12
0 0 95 00000000 12
0 0 96 00000000 12
0 0 97 00000000 12
0 0 98 00000000 12
0 0 99 00000000 12
0 0 100 00000000 12
0 0 101 00000000 12
0 0 102 00000000 12
0 0 103 00000000 12
0 0 104 00000000 12
0 0 105 00000000 12
0 0 106 00000000 12
0 0 107 00000000 12
0 0 108 00000000 12
0 0 109 00000000 12
0 0 110 00000000 12
0 0 111 00000000 12
0 0 112 00000000 12
0 0 113 00000000 12
0 0 114 00000000 12
0 0 115 00000000 12
0 0 116 00000000 12
0 0 117 00000000 12
0 0 118 00000000 12
0 0 119 00000000 12
0 0 120 00000000 12
0 0 121 00000000 12
0 0 122 00000000 12
0 0 123 00000000 12
0 0 124 00000000 12
0 0 125 00000000 12
0 0 126 00000000 12
0 0 127 00000000 12
0 0 128 00000000 12
0 0 129 00000000 12
0 0 130 00000000 12
0 0 131 00000000 12
0 0 132 00000000 12
0 0 133 00000000 12
0 0 134 00000000 12
0 0 135 00000000 12
0 0 136 00000000 12
0 0 137 00000000 12
0 0 138 00000000 12
0 0 139 00000000 12
0 0 140 00000000 12
0 0 141 00000000 12
0 0 142 00000000 12
0 0 143 00000000 12
0 0 144 00000000 12
0 0 145 00000000 12
0 0 146 00000000 12
0 0 147 00000000 12
0 0 148 00000000 12
0 0 149 00000000 12
0 0 150 00000000 12
0 0 151 00000000 12
0 0 152 00000000 12
0 0 153 00000000 12
0 0 154 00000000 12
0 0 155 00000000 12
0 0 156 00000000 12
0 0 157 00000000 12
0 0 158 00000000 12
0 0 159 00000000 12
0 0 160 00000000 12
0 0 161 00000000 12
0 0 162 00000000 12
0 0 163 00000000 12
0 0 164 00000000 12
0 0 165 00000000 12
0 0 166 00000000 12
0 0 167 00000000 12
0 0 168 00000000 12
0 0 169 00000000 12
0 0 170 00000000 12
0 0 171 00000000 12
0 0 172 00000000 12
0 0 173 00000000 12
0 0 174 00000000 12
0 0 175 00000000 12
0 0 176 00000000 12
0 0 177 00000000 12
0 0 178 00000000 12
0 0 179 00000000 12
0 0 180 00000000 12
0 0 181 00000000 12
0 0 182 00000000 12
0 0 183 00000000 12
0 0 184 00000000 12
0 0 185 00000000 12
0 0 186 00000000 12
0 0 187 00000000 12
0 0 188 00000000 12
0 0 189 00000000 12
0 0 190 00000000 12
0 0 191 00000000 12
0 0 192 00000000 12
0 0 193 00000000 12
0 0 194 00000000 12
0 0 195 00000000 12
0 0 196 00000000 12
0 0 197 00000000 12
0 0 198 00000000 12
0 0 199 00000000 12
0 0 200 00000000 12
0 0 201 00000000 12
0 0 202 00000000 12
0 0 203 00000000 12
0 0 204 00000000 12
0 0 205 00000000 12
0 0 206 00000000 12
0 0 207 00000000 12
0 0 208 00000000 12
0 0 209 00000000 12
0 0 210 00000000 12
0 0 211 00000000 12
0 0 212 00000000 12
0 0 213 00000000 12
0 0 214 00000000 12
0 0 215 00000000 12
0 0 216 00000000 12
0 0 217 00000000 12
0 0 218 00000000 12
0 0 219 00000000 12
0 0 220 00000000 12
0 0 221 00000000 12
0 0 222 00000000 12
0 0 223 00000000 12
0 0 224 00000000 12
0 0 225 00000000 12
0 0 226 00000000 12
0 0 227 00000000 12
0 0 228 00000000 12
0 0 229 00000000 12
0 0 230 00000000 12
0 0 231 00000000 12
0 0 232 00000000 12
0 0 233 00000000 12
0 0 234 00000000 12
0 0 235 00000000 12
0 0 236 00000000 12
0 0 237 00000000 12
0 0 238 00000000 12
0 0 239 00000000 12
0 0 240 00000000 12
0 0 241 00000000 12
0 0 242 00000000 12
0 0 243 00000000 12
0 0 244 00000000 12
0 0 245 00000000 12
0 0 246 00000000 12
0 0 247 00000000 12
0 0 248 00000000 12
0 0 249 00000000 12
0 0 250 00000000 12
0 0 251 00000000 12
0 0 252 00000000 12
0 0 253 00000000 12
0 0 254 00000000 12
0 0 255 00000000 12
0 0 256 00000000 12
0 0 257 00000000 12
0 0 258 00000000 12
0 0 259 00000000 12
0 0 260 00000000 12
0 0 261 00000000 12
0 0 262 00000000 12
0 0 263 00000000 12
0 0 264 00000000 12
0 0 265 00000000 12
0 0 266 00000000 12
0 0 267 00000000 12
0 0 268 00000000 12
0 0 269 00000000 12
0 0 270 00000000 12
0 0 271 00000000 12
0 0 272 00000000 12
0 0 273 00000000 12
0 0 274 00000000 12
0 0 275 00000000 12
0 0 276 00000000 12
0 0 277 00000000 12
0 0 278 00000000 12
0 0 279 00000000 12
0 0 280 00000000 12
0 0 281 00000000 12
0 0 282 00000000 12
0 0 283 00000000 12
0 0 284 00000000 12
0 0 285 00000000 12
0 0 286 00000000 12
0 0 287 00000000 12
0 0 288 00000000 12
0 0 289 00000000 12
0 0 290 00000000 12
0 0 291 00000000 12
0 0 292 00000000 12
0 0 293 00000000 12
0 0 294 00000000 12
0 0 295 00000000 12
0 0 296 00000000 12
0 0 297 00000000 12
0 0 298 00000000 12
0 0 299 00000000 12
0 0 300 00000000 12
0 0 301 00000000 12
0 0 302 00000000 12
0 0 303 00000000 12
0 0 304 00000000 12
0 0 305 00000000 12
0 0 306 00000000 12
0 0 307 00000000 12
0 0 308 00000000 12
0 0 309 00000000 12
0 0 310 00000000 12
0 0 311 00000000 12
0 0 312 00000000 12
0 0 313 00000000 12
0 0 314 00000000 12
0 0 315 00000000 12
0 0 316 00000000 12
0 0 317 00000000 12
0 0 318 00000000 12
0 0 319 00000000 12
0 0 320 00000000 12
0 0 321 00000000 12
0 0 322 00000000 12
0 0 323 00000000 12
0 0 324 00000000 12
0 0 325 00000000 12
0 0 326 00000000 12
0 0 327 00000000 12
0 0 328 00000000 12
0 0 329 00000000 12
0 0 330 00000000 12
0 0 331 00000000 12
0 0 332 00000000 12
0 0 333 00000000 12
0 0 334 00000000 12
0 0 335 00000000 12
0 0 336 00000000 12
0 0 337 00000000 12
0 0 338 00000000 12
0 0 339 00000000 12
0 0 340 00000000 12
0 0 341 00000000 12
0 0 342 00000000 12
0 0 343 00000000 12
0 0 344 00000000 12
0 0 345 00000000 12
0 0 346 00000000 12
0 0 347 00000000 12
0 0 348 00000000 12
0 0 349 00000000 12
0 0 350 00000000 12
0 0 351 00000000 12
0 0 352 00000000 12
0 0 353 00000000 12
0 0 354 00000000 12
0 0 355 00000000 12
0 0 356 00000000 12
0 0 357 00000000 12
0 0 358 00000000 12
0 0 359 00000000 12
0 0 360 00000000 12
0 0 361 00000000 12
0 0 362 00000000 12
0 0 363 00000000 12
0 0 364 00000000 12
0 0 365 00000000 12
0 0 366 00000000 12
0 0 367 00000000 12
0 0 368 00000000 12
0 0 369 00000000 12
0 0 370 00000000 12
0 0 371 00000000 12
0 0 372 00000000 12
0 0 373 00000000 12
0 0 374 00000000 12
0 0 375 00000000 12
0 0 376 00000000 12
0 0 377 00000000 12
0 0 378 00000000 12
0 0 379 00000000 12
0 0 380 00000000 12
0 0 381 00000000 12
0 0 382 00000000 12
0 0 383 00000000 12
0 0 384 00000000 12
0 0 385 00000000 12
0 0 386 00000000 12
0 0 387 00000000 12
0 0 388 00000000 12
0 0 389 00000000 12
0 0 390 00000000 12
0 0 391 00000000 12
0 0 392 00000000 12
0 0 393 00000000 12
0 0 394 00000000 12
0 0 395 00000000 12
0 0 396 00000000 12
0 0 397 00000000 12
0 0 398 00000000 12
0 0 399 00000000 12
0 0 400 00000000 12
0 0 401 00000000 12
0 0 402 00000000 12
0 0 403 00000000 12
0 0 404 00000000 12
0 0 405 00000000 12
0 0 406 00000000 12
0 0 407 00000000 12
0 0 408 00000000 12
0 0 409 00000000 12
0 0 410 00000000 12
0 0 411 00000000 12
0 0 412 00000000 12
0 0 413 00000000 12
0 0 414 00000000 12
0 0 415 00000000 12
0 0 416 00000000 12
0 0 417 00000000 12
0 0 418 00000000 12
0 0 419 00000000 12
0 0 420 00000000 12
0 0 421 00000000 12
0 0 422 00000000 12
0 0 423 00000000 12
0 0 424 00000000 12
0 0 425 00000000 12
0 0 426 00000000 12
0 0 427 00000000 12
0 0 428 00000000 12
0 0 429 00000000 12
0 0 430 00000000 12
0 0 431 00000000 12
0 0 432 00000000 12
0 0 433 00000000 12
0 0 434 00000000 12
0 0 435 00000000 12
0 0 436 00000000 12
0 0 437 00000000 12
0 0 438 00000000 12
0 0 439 00000000 12
0 0 440 00000000 12
0 0 441 00000000 12
0 0 442 00000000 12
0 0 443 00000000 12
0 0 444 00000000 12
0 0 445 00000000 12
0 0 446 00000000 12
0 0 447 00000000 12
0 0 448 00000000 12
0 0 449 00000000 12
0 0 450 00000000 12
0 0 451 00000000 12
0 0 452 00000000 12
0 0 453 00000000 12
0 0 454 00000000 12
0 0 455 00000000 12
0 0 456 00000000 12
0 0 457 00000000 12
0 0 458 00000000 12
0 0 459 00000000 12
0 0 460 00000000 12
0 0 461 00000000 12
0 0 462 00000000 12
0 0 463 00000000 12
0 0 464 00000000 12
0 0 465 00000000 12
0 0 466 00000000 12
0 0 467 00000000 12
0 0 468 00000000 12
0 0 469 00000000 12
0 0 470 00000000 12
0 0 471 00000000 12
0 0 472 00000000 12
0 0 473 00000000 12
0 0 474 00000000 12
0 0 475 00000000 12
0 0 476 00000000 12
0 0 477 00000000 12
0 0 478 00000000 12
0 0 479 00000000 12
0 0 480 00000000 12
0 0 481 00000000 12
0 0 482 00000000 12
0 0 483 00000000 12
0 0 484 00000000 12
0 0 485 00000000 12
0 0 486 00000000 12
0 0 487 00000000 12
0 0 488 00000000 12
0 0 489 00000000 12
0 0 490 00000000 12
0 0 491 00000000 12
0 0 492 00000000 12
0 0 493 00000000 12
0 0 494 00000000 12
0 0 495 00000000 12
0 0 496 00000000 12
0 0 497 00000000 12
0 0 498 00000000 12
0 0 499 00000000 12
0 0 500 00000000 12
0 0 501 00000000 12
0 0 502 00000000 12
0 0 503 00000000 12
0 0 504 00000000 12
0 0 505 00000000 12
0 0 506 00000000 12
0 0 507 00000000 12
0 0 508 00000000 12
0 0 509 00000000 12
0 0 510 00000000 12
0 0 511 00000000 12
0 0 512 00000000 12
0 0 513 00000000 12
0 0 514 00000000 12
0 0 515 00000000 12
0 0 516 00000000 12
0 0 517 00000000 12
0 0 518 00000000 12
0 0 519 00000000 12
0 0 520 00000000 12
0 0 521 00000000 12
0 0 522 00000000 12
0 0 523 00000000 12
0 0 524 00000000 12
0 0 525 00000000 12
0 0 526 00000000 12
0 0 527 00000000 12
0 0 528 00000000 12
0 0 529 00000000 12
0 0 530 00000000 12
0 0 531 00000000 12
0 0 532 00000000 12
0 0 533 00000000 12
0 0 534 00000000 12
0 0 535 00000000 12
0 0 536 00000000 12
0 0 537 00000000 12
0 0 538 00000000 12
0 0 539 00000000 12
0 0 540 00000000 12
0 0 541 00000000 12
0 0 542 00000000 12
0 0 543 00000000 12
0 0 544 00000000 12
0 0 545 00000000 12
0 0 546 00000000 12
0 0 547 00000000 12
0 0 548 00000000 12
0 0 549 00000000 12
0 0 550 00000000 12
0 0 551 00000000 12
0 0 552 00000000 12
0 0 553 00000000 12
0 0 554 00000000 12
0 0 555 00000000 12
0 0 556 00000000 12
0 0 557 00000000 12
0 0 558 00000000 12
0 0 559 00000000 12
0 0 560 00000000 12
0 0 561 00000000 12
0 0 562 00000000 12
0 0 563 00000000 12
0 0 564 00000000 12
0 0 565 00000000 12
0 0 566 00000000 12
0 0 567 00000000 12
0 0 568 00000000 12
0 0 569 00000000 12
0 0 570 00000000 12
0 0 571 00000000 12
0 0 572 00000000 12
0 0 573 00000000 12
0 0 574 00000000 12
0 0 575 00000000 12
0 0 576 00000000 12
0 0 577 00000000 12
0 0 578 00000000 12
0 0 579 00000000 12
0 0 580 00000000 12
0 0 581 00000000 12
0 0 582 00000000 12
0 0 583 00000000 12
0 0 584 00000000 12
0 0 585 00000000 12
0 0 586 00000000 12
0 0 587 00000000 12
0 0 588 00000000 12
0 0 589 00000000 12
0 0 590 00000000 12
0 0 591 00000000 12
0 0 592 00000000 12
0 0 593 00000000 12
0 0 594 00000000 12
0 0 595 00000000 12
0 0 596 00000000 12
0 0 597 00000000 12
0 0 598 00000000 12
0 0 599 00000000 12
0 0 600 00000000 12
0 0 601 00000000 12
0 0 602 00000000 12
0 0 603 00000000 12
0 0 604 00000000 12
0 0 605 00000000 12
0 0 606 00000000 12
0 0 607 00000000 12
0 0 608 00000000 12
0 0 609 00000000 12
0 0 610 00000000 12
0 0 611 00000000 12
0 0 612 00000000 12
0 0 613 00000000 12
0 0 614 00000000 12
0 0 615 00000000 12
0 0 616 00000000 12
0 0 617 00000000 12
0 0 618 00000000 12
0 0 619 00000000 12
0 0 620 00000000 12
0 0 621 00000000 12
0 0 622 00000000 12
0 0 623 00000000 12
0 0 624 00000000 12
0 0 625 00000000 12
0 0 626 00000000 12
0 0 627 00000000 12
0 0 628 00000000 12
0 0 629 00000000 12
0 0 630 00000000 12
0 0 631 00000000 12
0 0 632 00000000 12
0 0 633 00000000 12
0 0 634 00000000 12
0 0 635 00000000 12
0 0 636 00000000 12
0 0 637 00000000 12
0 0 638 00000000 12
0 0 639 00000000 12
0 0 640 00000000 12
0 0 641 00000000 12
0 0 642 00000000 12
0 0 643 00000000 12
0 0 644 00000000 12
0 0 645 00000000 12
0 0 646 00000000 12
0 0 647 00000000 12
0 0 648 00000000 12
0 0 649 00000000 12
0 0 650 00000000 12
0 0 651 00000000 12
0 0 652 00000000 12
0 0 653 00000000 12
0 0 654 00000000 12
0 0 655 00000000 12
0 0 656 00000000 12
0 0 657 00000000 12
0 0 658 00000000 12
0 0 659 00000000 12
0 0 660 00000000 12
0 0 661 00000000 12
0 0 662 00000000 12
0 0 663 00000000 12
0 0 664 00000000 12
0 0 665 00000000 12
0 0 666 00000000 12
0 0 667 00000000 12
0 0 668 00000000 12
0 0 669 00000000 12
0 0 670 00000000 12
0 0 671 00000000 12
0 0 672 00000000 12
0 0 673 00000000 12
0 0 674 00000000 12
0 0 675 00000000 12
0 0 676 00000000 12
0 0 677 00000000 12
0 0 678 00000000 12
0 0 679 00000000 12
0 0 680 00000000 12
0 0 681 00000000 12
0 0 682 00000000 12
0 0 683 00000000 12
0 0 684 00000000 12
0 0 685 00000000 12
0 0 686 00000000 12
0 0 687 00000000 12
0 0 688 00000000 12
0 0 689 00000000 12
0 0 690 00000000 12
0 0 691 00000000 12
0 0 692 00000000 12
0 0 693 00000000 12
0 0 694 00000000 12
0 0 695 00000000 12
0 0 696 00000000 12
0 0 697 00000000 12
0 0 698 00000000 12
0 0 699 00000000 12
0 0 700 00000000 12
0 0 701 00000000 12
0 0 702 00000000 12
0 0 703 00000000 12
0 0 704 00000000 12
0 0 705 00000000 12
0 0 706 00000000 12
0 0 707 00000000 12
0 0 708 00000000 12
0 0 709 00000000 12
0 0 710 00000000 12
0 0 711 00000000 12
0 0 712 00000000 12
0 0 713 00000000 12
0 0 714 00000000 12
0 0 715 00000000 12
0 0 716 00000000 12
0 0 717 00000000 12
0 0 718 00000000 12
0 0 719 00000000 12
0 0 720 00000000 12
0 0 721 00000000 12
0 0 722 00000000 12
0 0 723 00000000 12
0 0 724 00000000 12
0 0 725 00000000 12
0 0 726 00000000 12
0 0 727 00000000 12
0 0 728 00000000 12
0 0 729 00000000 12
0 0 730 00000000 12
0 0 731 00000000 12
0 0 732 00000000 12
0 0 733 00000000 12
0 0 734 00000000 12
0 0 735 00000000 12
0 0 736 00000000 12
0 0 737 00000000 12
0 0 738 00000000 12
0 0 739 00000000 12
0 0 740 00000000 12
0 0 741 00000000 12
0 0 742 00000000 12
0 0 743 00000000 12
0 0 744 00000000 12
0 0 745 00000000 12
0 0 746 00000000 12
0 0 747 00000000 12
0 0 748 00000000 12
0 0 749 00000000 12
0 0 750 00000000 12
0 0 751 00000000 12
0 0 752 00000000 12
0 0 753 00000000 12
0 0 754 00000000 12
0 0 755 00000000 12
0 0 756 00000000 12
0 0 757 00000000 12
0 0 758 00000000 12
0 0 759 00000000 12
0 0 760 00000000 12
0 0 761 00000000 12
0 0 762 00000000 12
0 0 763 00000000 12
0 0 764 00000000 12
0 0 765 00000000 12
0 0 766 00000000 12
0 0 767 00000000 12
0 0 768 00000000 12
0 0 769 00000000 12
0 0 770 00000000 12
0 0 771 00000000 12
0 0 772 00000000 12
0 0 773 00000000 12
0 0 774 00000000 12
0 0 775 00000000 12
0 0 776 00000000 12
0 0 777 00000000 12
0 0 778 00000000 12
0 0 779 00000000 12
0 0 780 00000000 12
0 0 781 00000000 12
0 0 782 00000000 12
0 0 783 00000000 12
0 0 784 00000000 12
0 0 785 00000000 12
0 0 786 00000000 12
0 0 787 00000000 12
0 0 788 00000000 12
0 0 789 00000000 12
0 0 790 00000000 12
0 0 791 00000000 12
0 0 792 00000000 12
0 0 793 00000000 12
0 0 794 00000000 12
0 0 795 00000000 12
0 0 796 00000000 12
0 0 797 00000000 12
0 0 798 00000000 12
0 0 799 00000000 12
0 0 800 00000000 12
0 0 801 00000000 12
0 0 802 00000000 12
0 0 803 00000000 12
0 0 804 00000000 12
0 0 805 00000000 12
0 0 806 00000000 12
0 0 807 00000000 12
0 0 808 00000000 12
0 0 809 00000000 12
0 0 810 00000000 12
0 0 811 00000000 12
0 0 812 00000000 12
0 0 813 00000000 12
0 0 814 00000000 12
0 0 815 00000000 12
0 0 816 00000000 12
0 0 817 00000000 12
0 0 818 00000000 12
0 0 819 00000000 12
0 0 820 00000000 12
0 0 821 00000000 12
0 0 822 00000000 12
0 0 823 00000000 12
0 0 824 00000000 12
0 0 825 00000000 12
0 0 826 00000000 12
0 0 827 00000000 12
0 0 828 00000000 12
0 0 829 00000000 12
0 0 830 00000000 12
0 0 831 00000000 12
0 0 832 00000000 12
0 0 833 00000000 12
0 0 834 00000000 12
0 0 835 00000000 12
0 0 836 00000000 12
0 0 837 00000000 12
0 0 838 00000000 12
0 0 839 00000000 12
0 0 840 00000000 12
0 0 841 00000000 12
0 0 842 00000000 12
0 0 843 00000000 12
0 0 844 00000000 12
0 0 845 00000000 12
0 0 846 00000000 12
0 0 847 00000000 12
0 0 848 00000000 12
0 0 849 00000000 12
0 0 850 00000000 12
0 0 851 00000000 12
0 0 852 00000000 12
0 0 853 00000000 12
0 0 854 00000000 12
0 0 855 00000000 12
0 0 856 00000000 12
0 0 857 00000000 12
0 0 858 00000000 12
0 0 859 00000000 12
0 0 860 00000000 12
0 0 861 00000000 12
0 0 862 00000000 12
0 0 863 00000000 12
0 0 864 00000000 12
0 0 865 00000000 12
0 0 866 00000000 12
0 0 867 00000000 12
0 0 868 00000000 12
0 0 869 00000000 12
0 0 870 00000000 12
0 0 871 00000000 12
0 0 872 00000000 12
0 0 873 00000000 12
0 0 874 00000000 12
0 0 875 00000000 12
0 0 876 00000000 12
0 0 877 00000000 12
0 0 878 00000000 12
0 0 879 00000000 12
0 0 880 00000000 12
0 0 881 00000000 12
0 0 882 00000000 12
0 0 883 00000000 12
0 0 884 00000000 12
0 0 885 00000000 12
0 0 886 00000000 12
0 0 887 00000000 12
0 0 888 00000000 12
0 0 889 00000000 12
0 0 890 00000000 12
0 0 891 00000000 12
0 0 892 00000000 12
0 0 893 00000000 12
0 0 894 00000000 12
0 0 895 00000000 12
0 0 896 00000000 12
0 0 897 00000000 12
0 0 898 00000000 12
0 0 899 00000000 12
0 0 900 00000000 12
0 0 901 00000000 12
0 0 902 00000000 12
0 0 903 00000000 12
0 0 904 00000000 12
0 0 905 00000000 12
0 0 906 00000000 12
0 0 907 00000000 12
0 0 908 00000000 12
0 0 909 00000000 12
0 0 910 00000000 12
0 0 911 00000000 12
0 0 912 00000000 12
0 0 913 00000000 12
0 0 914 00000000 12
0 0 915 00000000 12
0 0 916 00000000 12
0 0 917 00000000 12
0 0 918 00000000 12
0 0 919 00000000 12
0 0 920 00000000 12
0 0 921 00000000 12
0 0 922 00000000 12
0 0 923 00000000 12
0 0 924 00000000 12
0 0 925 00000000 12
0 0 926 00000000 12
0 0 927 00000000 12
0 0 928 00000000 12
0 0 929 00000000 12
0 0 930 00000000 12
0 0 931 00000000 12
0 0 932 00000000 12
0 0 933 00000000 12
0 0 934 00000000 12
0 0 935 00000000 12
0 0 936 00000000 12
0 0 937 00000000 12
0 0 938 00000000 12
0 0 939 00000000 12
0 0 940 00000000 12
0 0 941 00000000 12
0 0 942 00000000 12
0 0 943 00000000 12
0 0 944 00000000 12
0 0 945 00000000 12
0 0 946 00000000 12
0 0 947 00000000 12
0 0 948 00000000 12
0 0 949 00000000 12
0 0 950 00000000 12
0 0 951 00000000 12
0 0 952 00000000 12
0 0 953 00000000 12
0 0 954 00000000 12
0 0 955 00000000 12
0 0 956 00000000 12
0 0 957 00000000 12
0 0 958 00000000 12
0 0 959 00000000 12
0 0 960 00000000 12
0 0 961 00000000 12
0 0 962 00000000 12
0 0 963 00000000 12
0 0 964 00000000 12
0 0 965 00000000 12
0 0 966 00000000 12
0 0 967 00000000 12
0 0 968 00000000 12
0 0 969 00000000 12
0 0 970 00000000 12
0 0 971 00000000 12
0 0 972 00000000 12
0 0 973 00000000 12
0 0 974 00000000 12
0 0 975 00000000 12
0 0 976 00000000 12
0 0 977 00000000 12
0 0 978 00000000 12
0 0 979 00000000 12
0 0 980 00000000 12
0 0 981 00000000 12
0 0 982 00000000 12
0 0 983 00000000 12
0 0 984 00000000 12
0 0 985 00000000 12
0 0 986 00000000 12
0 0 987 00000000 12
0 0 988 00000000 12
0 0 989 00000000 12
0 0 990 00000000 12
0 0 991 00000000 12
0 0 992 00000000 12
0 0 993 00000000 12
0 0 994 00000000 12
0 0 995 00000000 12
0 0 996 00000000 12
0 0 997 00000000 12
0 0 998 00000000 12
0 0 999 00000000 12
0 0 1000 00000000 12
0 0 1001 00000000 12
0 0 1002 00000000 12
0 0 1003 00000000 12
0 0 1004 00000000 12
0 0 1005 00000000 12
0 0 1006 00000000 12
0 0 1007 00000000 12
0 0 1008 00000000 12
0 0 1009 00000000 12
0 0 1010 00000000 12
0 0 1011 00000000 12
0 0 1012 00000000 12
0 0 1013 00000000 12
0 0 1014 00000000 12
0 0 1015 00000000 12
0 0 1016 00000000 12
0 0 1017 00000000 12
0 0 1018 00000000 12
0 0 1019 00000000 12
0 0 1020 00000000 12
0 0 1021 00000000 12
0 0 1022 00000000 12
0 0 1023 00000000 12
0 1 0 00000000 12
0 1 1 00000000 12
0 1 2 00000000 12
0 1 3 00000000 12
0 1 4 00000000 12
0 1 5 00000000 12
0 1 6 00000000 12
0 1 7 00000000 12
0 1 8 00000000 12
0 1 9 00000000 12
0 1 10 00000000 12
0 1 11 00000000 12
0 1 12 00000000 12
0 1 13 00000000 12
0 1 14 00000000 12
0 1 15 00000000 12
0 1 16 00000000 12
0 1 17 00000000 12
0 1 18 00000000 12
0 1 19 00000000 12
0 1 20 00000000 12
0 1 21 00000000 12
0 1 22 00000000 12
0 1 23 00000000 12
0 1 24 00000000 12
0 1 25 00000000 12
0 1 26 00000000 12
0 1 27 00000000 12
0 1 28 00000000 12
0 1 29 00000000 12
0 1 30 00000000 12
0 1 31 00000000 12
0 1 32 00000000 12
0 1 33 00000000 12
0 1 34 00000000 12
0 1 35 00000000 12
0 1 36 00000000 12
0 1 37 00000000 12
0 1 38 00000000 12
0 1 39 00000000 12
0 1 40 00000000 12
0 1 41 00000000 12
0 1 42 00000000 12
0 1 43 00000000 12
0 1 44 00000000 12
0 1 45 00000000 12
0 1 46 00000000 12
0 1 47 00000000 12
0 1 48 00000000 12
0 1 49 00000000 12
0 1 50 00000000 12
0 1 51 00000000 12
0 1 52 00000000 12
0 1 53 00000000 12
0 1 54 00000000 12
0 1 55 00000000 12
0 1 56 00000000 12
0 1 57 00000000 12
0 1 58 00000000 12
0 1 59 00000000 12
0 1 60 00000000 12
0 1 61 00000000 12
0 1 62 00000000 12
0 1 63 00000000 12
0 1 64 00000000 12
0 1 65 00000000 12
0 1 66 00000000 12
0 1 67 00000000 12
0 1 68 00000000 12
0 1 69 00000000 12
0 1 70 00000000 12
0 1 71 00000000 12
0 1 72 00000000 12
0 1 73 00000000 12
0 1 74 00000000 12
0 1 75 00000000 12
0 1 76 00000000 12
0 1 77 00000000 12
0 1 78 00000000 12
0 1 79 00000000 12
0 1 80 00000000 12
0 1 81 00000000 12
0 1 82 00000000 12
0 1 83 00000000 12
0 1 84 00000000 12
0 1 85 00000000 12
0 1 86 00000000 12
0 1 87 00000000 12
0 1 88 00000000 12
0 1 89 00000000 12
0 1 90 00000000 12
0 1 91 00000000 12
0 1 92 00000000 12
0 1 93 00000000 12
0 1 94 00000000 12
0 1 95 00000000 12
0 1 96 00000000 12
0 1 97 00000000 12
0 1 98 00000000 12
0 1 99 00000000 12
0 1 100 00000000 12
0 1 101 00000000 12
0 1 102 00000000 12
0 1 103 00000000 12
0 1 104 00000000 12
0 1 105 00000000 12
0 1 106 00000000 12
0 1 107 00000000 12
0 1 108 00000000 12
0 1 109 00000000 12
0 1 110 00000000 12
0 1 111 00000000 12
0 1 112 00000000 12
0 1 113 00000000 12
0 1 114 00000000 12
0 1 115 00000000 12
0 1 116 00000000 12
0 1 117 00000000 12
0 1 118 00000000 12
0 1 119 00000000 12
0 1 120 00000000 12
0 1 121 00000000 12
0 1 122 00000000 12
0 1 123 00000000 12
0 1 124 00000000 12
0 1 125 00000000 12
0 1 126 00000000 12
0 1 127 00000000 12
0 1 128 00000000 12
0 1 129 00000000 12
0 1 130 00000000 12
0 1 131 00000000 12
0 1 132 00000000 12
0 1 133 00000000 12
0 1 134 00000000 12
0 1 135 00000000 12
0 1 136 00000000 12
0 1 137 00000000 12
0 1 138 00000000 12
0 1 139 00000000 12
0 1 140 00000000 12
0 1 141 00000000 12
0 1 142 00000000 12
0 1 143 00000000 12
0 1 144 00000000 12
0 1 145 00000000 12
0 1 146 00000000 12
0 1 147 00000000 12
0 1 148 00000000 12
0 1 149 00000000 12
0 1 150 00000000 12
0 1 151 00000000 12
0 1 152 00000000 12
0 1 153 00000000 12
0 1 154 00000000 12
0 1 155 00000000 12
0 1 156 00000000 12
0 1 157 00000000 12
0 1 158 00000000 12
0 1 159 00000000 12
0 1 160 00000000 12
0 1 161 00000000 12
0 1 162 00000000 12
0 1 163 00000000 12
0 1 164 00000000 12
0 1 165 00000000 12
0 1 166 00000000 12
0 1 167 00000000 12
0 1 168 00000000 12
0 1 169 00000000 12
0 1 170 00000000 12
0 1 171 00000000 12
0 1 172 00000000 12
0 1 173 00000000 12
0 1 174 00000000 12
0 1 175 00000000 12
0 1 176 00000000 12
0 1 177 00000000 12
0 1 178 00000000 12
0 1 179 00000000 12
0 1 180 00000000 12
0 1 181 00000000 12
0 1 182 00000000 12
0 1 183 00000000 12
0 1 184 00000000 12
0 1 185 00000000 12
0 1 186 00000000 12
0 1 187 00000000 12
0 1 188 00000000 12
0 1 189 00000000 12
0 1 190 00000000 12
0 1 191 00000000 12
0 1 192 00000000 12
0 1 193 00000000 12
0 1 194 00000000 12
0 1 195 00000000 12
0 1 196 00000000 12
0 1 197 00000000 12
0 1 198 00000000 12
0 1 199 00000000 12
0 1 200 00000000 12
0 1 201 00000000 12
0 1 202 00000000 12
0 1 203 00000000 12
0 1 204 00000000 12
0 1 205 00000000 12
0 1 206 00000000 12
0 1 207 00000000 12
0 1 208 00000000 12
0 1 209 00000000 12
0 1 210 00000000 12
0 1 211 00000000 12
0 1 212 00000000 12
0 1 213 00000000 12
0 1 214 00000000 12
0 1 215 00000000 12
0 1 216 00000000 12
0 1 217 00000000 12
0 1 218 00000000 12
0 1 219 00000000 12
0 1 220 00000000 12
0 1 221 00000000 12
0 1 222 00000000 12
0 1 223 00000000 12
0 1 224 00000000 12
0 1 225 00000000 12
0 1 226 00000000 12
0 1 227 00000000 12
0 1 228 00000000 12
0 1 229 00000000 12
0 1 230 00000000 12
0 1 231 00000000 12
0 1 232 00000000 12
0 1 233 00000000 12
0 1 234 00000000 12
0 1 235 00000000 12
0 1 236 00000000 12
0 1 237 00000000 12
0 1 238 00000000 12
0 1 239 00000000 12
0 1 240 00000000 12
0 1 241 00000000 12
0 1 242 00000000 12
0 1 243 00000000 12
0 1 244 00000000 12
0 1 245 00000000 12
0 1 246 00000000 12
0 1 247 00000000 12
0 1 248 00000000 12
0 1 249 00000000 12
0 1 250 00000000 12
0 1 251 00000000 12
0 1 252 00000000 12
0 1 253 00000000 12
0 1 254 00000000 12
0 1 255 00000000 12
0 1 256 00000000 12
0 1 257 00000000 12
0 1 258 00000000 12
0 1 259 00000000 12
0 1 260 00000000 12
0 1 261 00000000 12
0 1 262 00000000 12
0 1 263 00000000 12
0 1 264 00000000 12
0 1 265 00000000 12
0 1 266 00000000 12
0 1 267 00000000 12
0 1 268 00000000 12
0 1 269 00000000 12
0 1 270 00000000 12
0 1 271 00000000 12
0 1 272 00000000 12
0 1 273 00000000 12
0 1 274 00000000 12
0 1 275 00000000 12
0 1 276 00000000 12
0 1 277 00000000 12
0 1 278 00000000 12
0 1 279 00000000 12
0 1 280 00000000 12
0 1 281 00000000 12
0 1 282 00000000 12
0 1 283 00000000 12
0 1 284 00000000 12
0 1 285 00000000 12
0 1 286 00000000 12
0 1 287 00000000 12
0 1 288 00000000 12
0 1 289 00000000 12
0 1 290 00000000 12
0 1 291 00000000 12
0 1 292 00000000 12
0 1 293 00000000 12
0 1 294 00000000 12
0 1 295 00000000 12
0 1 296 00000000 12
0 1 297 00000000 12
0 1 298 00000000 12
0 1 299 00000000 12
0 1 300 00000000 12
0 1 301 00000000 12
0 1 302 00000000 12
0 1 303 00000000 12
0 1 304 00000000 12
0 1 305 00000000 12
0 1 306 00000000 12
0 1 307 00000000 12
0 1 308 00000000 12
0 1 309 00000000 12
0 1 310 00000000 12
0 1 311 00000000 12
0 1 312 00000000 12
0 1 313 00000000 12
0 1 314 00000000 12
0 1 315 00000000 12
0 1 316 00000000 12
0 1 317 00000000 12
0 1 318 00000000 12
0 1 319 00000000 12
0 1 320 00000000 12
0 1 321 00000000 12
0 1 322 00000000 12
0 1 323 00000000 12
0 1 324 00000000 12
0 1 325 00000000 12
0 1 326 00000000 12
0 1 327 00000000 12
0 1 328 00000000 12
0 1 329 00000000 12
0 1 330 00000000 12
0 1 331 00000000 12
0 1 332 00000000 12
0 1 333 00000000 12
0 1 334 00000000 12
0 1 335 00000000 12
0 1 336 00000000 12
0 1 337 00000000 12
0 1 338 00000000 12
0 1 339 00000000 12
0 1 340 00000000 12
0 1 341 00000000 12
0 1 342 00000000 12
0 1 343 00000000 12
0 1 344 00000000 12
0 1 345 00000000 12
0 1 346 00000000 12
0 1 347 00000000 12
0 1 348 00000000 12
0 1 349 00000000 12
0 1 350 00000000 12
0 1 351 00000000 12
0 1 352 00000000 12
0 1 353 00000000 12
0 1 354 00000000 12
0 1 355 00000000 12
0 1 356 00000000 12
0 1 357 00000000 12
0 1 358 00000000 12
0 1 359 00000000 12
0 1 360 00000000 12
0 1 361 00000000 12
0 1 362 00000000 12
0 1 363 00000000 12
0 1 364 00000000 12
0 1 365 00000000 12
0 1 366 00000000 12
0 1 367 00000000 12
0 1 368 00000000 12
0 1 369 00000000 12
0 1 370 00000000 12
0 1 371 00000000 12
0 1 372 00000000 12
0 1 373 00000000 12
0 1 374 00000000 12
0 1 375 00000000 12
0 1 376 00000000 12
0 1 377 00000000 12
0 1 378 00000000 12
0 1 379 00000000 12
0 1 380 00000000 12
0 1 381 00000000 12
0 1 382 00000000 12
0 1 383 00000000 12
0 1 384 00000000 12
0 1 385 00000000 12
0 1 386 00000000 12
0 1 387 00000000 12
0 1 388 00000000 12
0 1 389 00000000 12
0 1 390 00000000 12
0 1 391 00000000 12
0 1 392 00000000 12
0 1 393 00000000 12
0 1 394 00000000 12
0 1 395 00000000 12
0 1 396 00000000 12
0 1 397 00000000 12
0 1 398 00000000 12
0 1 399 00000000 12
0 1 400 00000000 12
0 1 401 00000000 12
0 1 402 00000000 12
0 1 403 00000000 12
0 1 404 00000000 12
0 1 405 00000000 12
0 1 406 00000000 12
0 1 407 00000000 12
0 1 408 00000000 12
0 1 409 00000000 12
0 1 410 00000000 12
0 1 411 00000000 12
0 1 412 00000000 12
0 1 413 00000000 12
0 1 414 00000000 12
0 1 415 00000000 12
0 1 416 00000000 12
0 1 417 00000000 12
0 1 418 00000000 12
0 1 419 00000000 12
0 1 420 00000000 12
0 1 421 00000000 12
0 1 422 00000000 12
0 1 423 00000000 12
0 1 424 00000000 12
0 1 425 00000000 12
0 1 426 00000000 12
0 1 427 00000000 12
0 1 428 00000000 12
0 1 429 00000000 12
0 1 430 00000000 12
0 1 431 00000000 12
0 1 432 00000000 12
0 1 433 00000000 12
0 1 434 00000000 12
0 1 435 00000000 12
0 1 436 00000000 12
0 1 437 00000000 12
0 1 438 00000000 12
0 1 439 00000000 12
0 1 440 00000000 12
0 1 441 00000000 12
0 1 442 00000000 12
0 1 443 00000000 12
0 1 444 00000000 12
0 1 445 00000000 12
0 1 446 00000000 12
0 1 447 00000000 12
0 1 448 00000000 12
0 1 449 00000000 12
0 1 450 00000000 12
0 1 451 00000000 12
0 1 452 00000000 12
0 1 453 00000000 12
0 1 454 00000000 12
0 1 455 00000000 12
0 1 456 00000000 12
0 1 457 00000000 12
0 1 458 00000000 12
0 1 459 00000000 12
0 1 460 00000000 12
0 1 461 00000000 12
0 1 462 00000000 12
0 1 463 00000000 12
0 1 464 00000000 12
0 1 465 00000000 12
0 1 466 00000000 12
0 1 467 00000000 12
0 1 468 00000000 12
0 1 469 00000000 12
0 1 470 00000000 12
0 1 471 00000000 12
0 1 472 00000000 12
0 1 473 00000000 12
0 1 474 00000000 12
0 1 475 00000000 12
0 1 476 00000000 12
0 1 477 00000000 12
0 1 478 00000000 12
0 1 479 00000000 12
0 1 480 00000000 12
0 1 481 00000000 12
0 1 482 00000000 12
0 1 483 00000000 12
0 1 484 00000000 12
0 1 485 00000000 12
0 1 486 00000000 12
0 1 487 00000000 12
0 1 488 00000000 12
0 1 489 00000000 12
0 1 490 00000000 12
0 1 491 00000000 12
0 1 492 00000000 12
0 1 493 00000000 12
0 1 494 00000000 12
0 1 495 00000000 12
0 1 496 00000000 12
0 1 497 00000000 12
0 1 498 00000000 12
0 1 499 00000000 12
0 1 500 00000000 12
0 1 501 00000000 12
0 1 502 00000000 12
0 1 503 00000000 12
0 1 504 00000000 12
0 1 505 00000000 12
0 1 506 00000000 12
0 1 507 00000000 12
0 1 508 00000000 12
0 1 509 00000000 12
0 1 510 00000000 12
0 1 511 00000000 12
0 1 512 00000000 12
0 1 513 00000000 12
0 1 514 00000000 12
0 1 515 00000000 12
0 1 516 00000000 12
0 1 517 00000000 12
0 1 518 00000000 12
0 1 519 00000000 12
0 1 520 00000000 12
0 1 521 00000000 12
0 1 522 00000000 12
0 1 523 00000000 12
0 1 524 00000000 12
0 1 525 00000000 12
0 1 526 00000000 12
0 1 527 00000000 12
0 1 528 00000000 12
0 1 529 00000000 12
0 1 530 00000000 12
0 1 531 00000000 12
0 1 532 00000000 12
0 1 533 00000000 12
0 1 534 00000000 12
0 1 535 00000000 12
0 1 536 00000000 12
0 1 537 00000000 12
0 1 538 00000000 12
0 1 539 00000000 12
0 1 540 00000000 12
0 1 541 00000000 12
0 1 542 00000000 12
0 1 543 00000000 12
0 1 544 00000000 12
0 1 545 00000000 12
0 1 546 00000000 12
0 1 547 00000000 12
0 1 548 00000000 12
0 1 549 00000000 12
0 1 550 00000000 12
0 1 551 00000000 12
0 1 552 00000000 12
0 1 553 00000000 12
0 1 554 00000000 12
0 1 555 00000000 12
0 1 556 00000000 12
0 1 557 00000000 12
0 1 558 00000000 12
0 1 559 00000000 12
0 1 560 00000000 12
0 1 561 00000000 12
0 1 562 00000000 12
0 1 563 00000000 12
0 1 564 00000000 12
0 1 565 00000000 12
0 1 566 00000000 12
0 1 567 00000000 12
0 1 568 00000000 12
0 1 569 00000000 12
0 1 570 00000000 12
0 1 571 00000000 12
0 1 572 00000000 12
0 1 573 00000000 12
0 1 574 00000000 12
0 1 575 00000000 12
0 1 576 00000000 12
0 1 577 00000000 12
0 1 578 00000000 12
0 1 579 00000000 12
0 1 580 00000000 12
0 1 581 00000000 12
0 1 582 00000000 12
0 1 583 00000000 12
0 1 584 00000000 12
0 1 585 00000000 12
0 1 586 00000000 12
0 1 587 00000000 12
0 1 588 00000000 12
0 1 589 00000000 12
0 1 590 00000000 12
0 1 591 00000000 12
0 1 592 00000000 12
0 1 593 00000000 12
0 1 594 00000000 12
0 1 595 00000000 12
0 1 596 00000000 12
0 1 597 00000000 12
0 1 598 00000000 12
0 1 599 00000000 12
0 1 600 00000000 12
0 1 601 00000000 12
0 1 602 00000000 12
0 1 603 00000000 12
0 1 604 00000000 12
0 1 605 00000000 12
0 1 606 00000000 12
0 1 607 00000000 12
0 1 608 00000000 12
0 1 609 00000000 12
0 1 610 00000000 12
0 1 611 00000000 12
0 1 612 00000000 12
0 1 613 00000000 12
0 1 614 00000000 12
0 1 615 00000000 12
0 1 616 00000000 12
0 1 617 00000000 12
0 1 618 00000000 12
0 1 619 00000000 12
0 1 620 00000000 12
0 1 621 00000000 12
0 1 622 00000000 12
0 1 623 00000000 12
0 1 624 00000000 12
0 1 625 00000000 12
0 1 626 00000000 12
0 1 627 00000000 12
0 1 628 00000000 12
0 1 629 00000000 12
0 1 630 00000000 12
0 1 631 00000000 12
0 1 632 00000000 12
0 1 633 00000000 12
0 1 634 00000000 12
0 1 635 00000000 12
0 1 636 00000000 12
0 1 637 00000000 12
0 1 638 00000000 12
0 1 639 00000000 12
0 1 640 00000000 12
0 1 641 00000000 12
0 1 642 00000000 12
0 1 643 00000000 12
0 1 644 00000000 12
0 1 645 00000000 12
0 1 646 00000000 12
0 1 647 00000000 12
0 1 648 00000000 12
0 1 649 00000000 12
0 1 650 00000000 12
0 1 651 00000000 12
0 1 652 00000000 12
0 1 653 00000000 12
0 1 654 00000000 12
0 1 655 00000000 12
0 1 656 00000000 12
0 1 657 00000000 12
0 1 658 00000000 12
0 1 659 00000000 12
0 1 660 00000000 12
0 1 661 00000000 12
0 1 662 00000000 12
0 1 663 00000000 12
0 1 664 00000000 12
0 1 665 00000000 12
0 1 666 00000000 12
0 1 667 00000000 12
0 1 668 00000000 12
0 1 669 00000000 12
0 1 670 00000000 12
0 1 671 00000000 12
0 1 672 00000000 12
0 1 673 00000000 12
0 1 674 00000000 12
0 1 675 00000000 12
0 1 676 00000000 12
0 1 677 00000000 12
0 1 678 00000000 12
0 1 679 00000000 12
0 1 680 00000000 12
0 1 681 00000000 12
0 1 682 00000000 12
0 1 683 00000000 12
0 1 684 00000000 12
0 1 685 00000000 12
0 1 686 00000000 12
0 1 687 00000000 12
0 1 688 00000000 12
0 1 689 00000000 12
0 1 690 00000000 12
0 1 691 00000000 12
0 1 692 00000000 12
0 1 693 00000000 12
0 1 694 00000000 12
0 1 695 00000000 12
0 1 696 00000000 12
0 1 697 00000000 12
0 1 698 00000000 12
0 1 699 00000000 12
0 1 700 00000000 12
0 1 701 00000000 12
0 1 702 00000000 12
0 1 703 00000000 12
0 1 704 00000000 12
0 1 705 00000000 12
0 1 706 00000000 12
0 1 707 00000000 12
0 1 708 00000000 12
0 1 709 00000000 12
0 1 710 00000000 12
0 1 711 00000000 12
0 1 712 00000000 12
0 1 713 00000000 12
0 1 714 00000000 12
0 1 715 00000000 12
0 1 716 00000000 12
0 1 717 00000000 12
0 1 718 00000000 12
0 1 719 00000000 12
0 1 720 00000000 12
0 1 721 00000000 12
0 1 722 00000000 12
0 1 723 00000000 12
0 1 724 00000000 12
0 1 725 00000000 12
0 1 726 00000000 12
0 1 727 00000000 12
0 1 728 00000000 12
0 1 729 00000000 12
0 1 730 00000000 12
0 1 731 00000000 12
0 1 732 00000000 12
0 1 733 00000000 12
0 1 734 00000000 12
0 1 735 00000000 12
0 1 736 00000000 12
0 1 737 00000000 12
0 1 738 00000000 12
0 1 739 00000000 12
0 1 740 00000000 12
0 1 741 00000000 12
0 1 742 00000000 12
0 1 743 00000000 12
0 1 744 00000000 12
0 1 745 00000000 12
0 1 746 00000000 12
0 1 747 00000000 12
0 1 748 00000000 12
0 1 749 00000000 12
0 1 750 00000000 12
0 1 751 00000000 12
0 1 752 00000000 12
0 1 753 00000000 12
0 1 754 00000000 12
0 1 755 00000000 12
0 1 756 00000000 12
0 1 757 00000000 12
0 1 758 00000000 12
0 1 759 00000000 12
0 1 760 00000000 12
0 1 761 00000000 12
0 1 762 00000000 12
0 1 763 00000000 12
0 1 764 00000000 12
0 1 765 00000000 12
0 1 766 00000000 12
0 1 767 00000000 12
0 1 768 00000000 12
0 1 769 00000000 12
0 1 770 00000000 12
0 1 771 00000000 12
0 1 772 00000000 12
0 1 773 00000000 12
0 1 774 00000000 12
0 1 775 00000000 12
0 1 776 00000000 12
0 1 777 00000000 12
0 1 778 00000000 12
0 1 779 00000000 12
0 1 780 00000000 12
0 1 781 00000000 12
0 1 782 00000000 12
0 1 783 00000000 12
0 1 784 00000000 12
0 1 785 00000000 12
0 1 786 00000000 12
0 1 787 00000000 12
0 1 788 00000000 12
0 1 789 00000000 12
0 1 790 00000000 12
0 1 791 00000000 12
0 1 792 00000000 12
0 1 793 00000000 12
0 1 794 00000000 12
0 1 795 00000000 12
0 1 796 00000000 12
0 1 797 00000000 12
0 1 798 00000000 12
0 1 799 00000000 12
0 1 800 00000000 12
0 1 801 00000000 12
0 1 802 00000000 12
0 1 803 00000000 12
0 1 804 00000000 12
0 1 805 00000000 12
0 1 806 00000000 12
0 1 807 00000000 12
0 1 808 00000000 12
0 1 809 00000000 12
0 1 810 00000000 12
0 1 811 00000000 12
0 1 812 00000000 12
0 1 813 00000000 12
0 1 814 00000000 12
0 1 815 00000000 12
0 1 816 00000000 12
0 1 817 00000000 12
0 1 818 00000000 12
0 1 819 00000000 12
0 1 820 00000000 12
0 1 821 00000000 12
0 1 822 00000000 12
0 1 823 00000000 12
0 1 824 00000000 12
0 1 825 00000000 12
0 1 826 00000000 12
0 1 827 00000000 12
0 1 828 00000000 12
0 1 829 00000000 12
0 1 830 00000000 12
0 1 831 00000000 12
0 1 832 00000000 12
0 1 833 00000000 12
0 1 834 00000000 12
0 1 835 00000000 12
0 1 836 00000000 12
0 1 837 00000000 12
0 1 838 00000000 12
0 1 839 00000000 12
0 1 840 00000000 12
0 1 841 00000000 12
0 1 842 00000000 12
0 1 843 00000000 12
0 1 844 00000000 12
0 1 845 00000000 12
0 1 846 00000000 12
0 1 847 00000000 12
0 1 848 00000000 12
0 1 849 00000000 12
0 1 850 00000000 12
0 1 851 00000000 12
0 1 852 00000000 12
0 1 853 00000000 12
0 1 854 00000000 12
0 1 855 00000000 12
0 1 856 00000000 12
0 1 857 00000000 12
0 1 858 00000000 12
0 1 859 00000000 12
0 1 860 00000000 12
0 1 861 00000000 12
0 1 862 00000000 12
0 1 863 00000000 12
0 1 864 00000000 12
0 1 865 00000000 12
0 1 866 00000000 12
0 1 867 00000000 12
0 1 868 00000000 12
0 1 869 00000000 12
0 1 870 00000000 12
0 1 871 00000000 12
0 1 872 00000000 12
0 1 873 00000000 12
0 1 874 00000000 12
0 1 875 00000000 12
0 1 876 00000000 12
0 1 877 00000000 12
0 1 878 00000000 12
0 1 879 00000000 12
0 1 880 00000000 12
0 1 881 00000000 12
0 1 882 00000000 12
0 1 883 00000000 12
0 1 884 00000000 12
0 1 885 00000000 12
0 1 886 00000000 12
0 1 887 00000000 12
0 1 888 00000000 12
0 1 889 00000000 12
0 1 890 00000000 12
0 1 891 00000000 12
0 1 892 00000000 12
0 1 893 00000000 12
0 1 894 00000000 12
0 1 895 00000000 12
0 1 896 00000000 12
0 1 897 00000000 12
0 1 898 00000000 12
0 1 899 00000000 12
0 1 900 00000000 12
0 1 901 00000000 12
0 1 902 00000000 12
0 1 903 00000000 12
0 1 904 00000000 12
0 1 905 00000000 12
0 1 906 00000000 12
0 1 907 00000000 12
0 1 908 00000000 12
0 1 909 00000000 12
0 1 910 00000000 12
0 1 911 00000000 12
0 1 912 00000000 12
0 1 913 00000000 12
0 1 914 00000000 12
0 1 915 00000000 12
0 1 916 00000000 12
0 1 917 00000000 12
0 1 918 00000000 12
0 1 919 00000000 12
0 1 920 00000000 12
0 1 921 00000000 12
0 1 922 00000000 12
0 1 923 00000000 12
0 1 924 00000000 12
0 1 925 00000000 12
0 1 926 00000000 12
0 1 927 00000000 12
0 1 928 00000000 12
0 1 929 00000000 12
0 1 930 00000000 12
0 1 931 00000000 12
0 1 932 00000000 12
0 1 933 00000000 12
0 1 934 00000000 12
0 1 935 00000000 12
0 1 936 00000000 12
0 1 937 00000000 12
0 1 938 00000000 12
0 1 939 00000000 12
0 1 940 00000000 12
0 1 941 00000000 12
0 1 942 00000000 12
0 1 943 00000000 12
0 1 944 00000000 12
0 1 945 00000000 12
0 1 946 00000000 12
0 1 947 00000000 12
0 1 948 00000000 12
0 1 949 00000000 12
0 1 950 00000000 12
0 1 951 00000000 12
0 1 952 00000000 12
0 1 953 00000000 12
0 1 954 00000000 12
0 1 955 00000000 12
0 1 956 00000000 12
0 1 957 00000000 12
0 1 958 00000000 12
0 1 959 00000000 12
0 1 960 00000000 12
0 1 961 00000000 12
0 1 962 00000000 12
0 1 963 00000000 12
0 1 964 00000000 12
0 1 965 00000000 12
0 1 966 00000000 12
0 1 967 00000000 12
0 1 968 00000000 12
0 1 969 00000000 12
0 1 970 00000000 12
0 1 971 00000000 12
0 1 972 00000000 12
0 1 973 00000000 12
0 1 974 00000000 12
0 1 975 00000000 12
0 1 976 00000000 12
0 1 977 00000000 12
0 1 978 00000000 12
0 1 979 00000000 12
0 1 980 00000000 12
0 1 981 00000000 12
0 1 982 00000000 12
0 1 983 00000000 12
0 1 984 00000000 12
0 1 985 00000000 12
0 1 986 00000000 12
0 1 987 00000000 12
0 1 988 00000000 12
0 1 989 00000000 12
0 1 990 00000000 12
0 1 991 00000000 12
0 1 992 00000000 12
0 1 993 00000000 12
0 1 994 00000000 12
0 1 995 00000000 12
0 1 996 00000000 12
0 1 997 00000000 12
0 1 998 00000000 12
0 1 999 00000000 12
0 1 1000 00000000 12
0 1 1001 00000000 12
0 1 1002 00000000 12
0 1 1003 00000000 12
0 1 1004 00000000 12
0 1 1005 00000000 12
0 1 1006 00000000 12
0 1 1007 00000000 12
0 1 1008 00000000 12
0 1 1009 00000000 12
0 1 1010 00000000 12
0 1 1011 00000000 12
0 1 1012 00000000 12
0 1 1013 00000000 12
0 1 1014 00000000 12
0 1 1015 00000000 12
0 1 1016 00000000 12
0 1 1017 00000000 12
0 1 1018 00000000 12
0 1 1019 00000000 12
0 1 1020 00000000 12
0 1 1021 00000000 12
0 1 1022 00000000 12
0 1 1023 00000000 12
0 2 0 00000000 12
0 2 1 00000000 12
0 2 2 00000000 12
0 2 3 00000000 12
0 2 4 00000000 12
0 2 5 00000000 12
0 2 6 00000000 12
0 2 7 00000000 12
0 2 8 00000000 12
0 2 9 00000000 12
0 2 10 00000000 12
0 2 11 00000000 12
0 2 12 00000000 12
0 2 13 00000000 12
0 2 14 00000000 12
0 2 15 00000000 12
0 2 16 00000000 12
0 2 17 00000000 12
0 2 18 00000000 12
0 2 19 00000000 12
0 2 20 00000000 12
0 2 21 00000000 12
0 2 22 00000000 12
0 2 23 00000000 12
0 2 24 00000000 12
0 2 25 00000000 12
0 2 26 00000000 12
0 2 27 00000000 12
0 2 28 00000000 12
0 2 29 00000000 12
0 2 30 00000000 12
0 2 31 00000000 12
0 2 32 00000000 12
0 2 33 00000000 12
0 2 34 00000000 12
0 2 35 00000000 12
0 2 36 00000000 12
0 2 37 00000000 12
0 2 38 00000000 12
0 2 39 00000000 12
0 2 40 00000000 12
0 2 41 00000000 12
0 2 42 00000000 12
0 2 43 00000000 12
0 2 44 00000000 12
0 2 45 00000000 12
0 2 46 00000000 12
0 2 47 00000000 12
0 2 48 00000000 12
0 2 49 00000000 12
0 2 50 00000000 12
0 2 51 00000000 12
0 2 52 00000000 12
0 2 53 00000000 12
0 2 54 00000000 12
0 2 55 00000000 12
0 2 56 00000000 12
0 2 57 00000000 12
0 2 58 00000000 12
0 2 59 00000000 12
0 2 60 00000000 12
0 2 61 00000000 12
0 2 62 00000000 12
0 2 63 00000000 12
0 2 64 00000000 12
0 2 65 00000000 12
0 2 66 00000000 12
0 2 67 00000000 12
0 2 68 00000000 12
0 2 69 00000000 12
0 2 70 00000000 12
0 2 71 00000000 12
0 2 72 00000000 12
0 2 73 00000000 12
0 2 74 00000000 12
0 2 75 00000000 12
0 2 76 00000000 12
0 2 77 00000000 12
0 2 78 00000000 12
0 2 79 00000000 12
0 2 80 00000000 12
0 2 81 00000000 12
0 2 82 00000000 12
0 2 83 00000000 12
0 2 84 00000000 12
0 2 85 00000000 12
0 2 86 00000000 12
0 2 87 00000000 12
0 2 88 00000000 12
0 2 89 00000000 12
0 2 90 00000000 12
0 2 91 00000000 12
0 2 92 00000000 12
0 2 93 00000000 12
0 2 94 00000000 12
0 2 95 00000000 12
0 2 96 00000000 12
0 2 97 00000000 12
0 2 98 00000000 12
0 2 99 00000000 12
0 2 100 00000000 12
0 2 101 00000000 12
0 2 102 00000000 12
0 2 103 00000000 12
0 2 104 00000000 12
0 2 105 00000000 12
0 2 106 00000000 12
0 2 107 00000000 12
0 2 108 00000000 12
0 2 109 00000000 12
0 2 110 00000000 12
0 2 111 00000000 12
0 2 112 00000000 12
0 2 113 00000000 12
0 2 114 00000000 12
0 2 115 00000000 12
0 2 116 00000000 12
0 2 117 00000000 12
0 2 118 00000000 12
0 2 119 00000000 12
0 2 120 00000000 12
0 2 121 00000000 12
0 2 122 00000000 12
0 2 123 00000000 12
0 2 124 00000000 12
0 2 125 00000000 12
0 2 126 00000000 12
0 2 127 00000000 12
0 2 128 00000000 12
0 2 129 00000000 12
0 2 130 00000000 12
0 2 131 00000000 12
0 2 132 00000000 12
0 2 133 00000000 12
0 2 134 00000000 12
0 2 135 00000000 12
0 2 136 00000000 12
0 2 137 00000000 12
0 2 138 00000000 12
0 2 139 00000000 12
0 2 140 00000000 12
0 2 141 00000000 12
0 2 142 00000000 12
0 2 143 00000000 12
0 2 144 00000000 12
0 2 145 00000000 12
0 2 146 00000000 12
0 2 147 00000000 12
0 2 148 00000000 12
0 2 149 00000000 12
0 2 150 00000000 12
0 2 151 00000000 12
0 2 152 00000000 12
0 2 153 00000000 12
0 2 154 00000000 12
0 2 155 00000000 12
0 2 156 00000000 12
0 2 157 00000000 12
0 2 158 00000000 12
0 2 159 00000000 12
0 2 160 00000000 12
0 2 161 00000000 12
0 2 162 00000000 12
0 2 163 00000000 12
0 2 164 00000000 12
0 2 165 00000000 12
0 2 166 00000000 12
0 2 167 00000000 12
0 2 168 00000000 12
0 2 169 00000000 12
0 2 170 00000000 12
0 2 171 00000000 12
0 2 172 00000000 12
0 2 173 00000000 12
0 2 174 00000000 12
0 2 175 00000000 12
0 2 176 00000000 12
0 2 177 00000000 12
0 2 178 00000000 12
0 2 179 00000000 12
0 2 180 00000000 12
0 2 181 00000000 12
0 2 182 00000000 12
0 2 183 00000000 12
0 2 184 00000000 12
0 2 185 00000000 12
0 2 186 00000000 12
0 2 187 00000000 12
0 2 188 00000000 12
0 2 189 00000000 12
0 2 190 00000000 12
0 2 191 00000000 12
0 2 192 00000000 12
0 2 193 00000000 12
0 2 194 00000000 12
0 2 195 00000000 12
0 2 196 00000000 12
0 2 197 00000000 12
0 2 198 00000000 12
0 2 199 00000000 12
0 2 200 00000000 12
0 2 201 00000000 12
0 2 202 00000000 12
0 2 203 00000000 12
0 2 204 00000000 12
0 2 205 00000000 12
0 2 206 00000000 12
0 2 207 00000000 12
0 2 208 00000000 12
0 2 209 00000000 12
0 2 210 00000000 12
0 2 211 00000000 12
0 2 212 00000000 12
0 2 213 00000000 12
0 2 214 00000000 12
0 2 215 00000000 12
0 2 216 00000000 12
0 2 217 00000000 12
0 2 218 00000000 12
0 2 219 00000000 12
0 2 220 00000000 12
0 2 221 00000000 12
0 2 222 00000000 12
0 2 223 00000000 12
0 2 224 00000000 12
0 2 225 00000000 12
0 2 226 00000000 12
0 2 227 00000000 12
0 2 228 00000000 12
0 2 229 00000000 12
0 2 230 00000000 12
0 2 231 00000000 12
0 2 232 00000000 12
0 2 233 00000000 12
0 2 234 00000000 12
0 2 235 00000000 12
0 2 236 00000000 12
0 2 237 00000000 12
0 2 238 00000000 12
0 2 239 00000000 12
0 2 240 00000000 12
0 2 241 00000000 12
0 2 242 00000000 12
0 2 243 00000000 12
0 2 244 00000000 12
0 2 245 00000000 12
0 2 246 00000000 12
0 2 247 00000000 12
0 2 248 00000000 12
0 2 249 00000000 12
0 2 250 00000000 12
0 2 251 00000000 12
0 2 252 00000000 12
0 2 253 00000000 12
0 2 254 00000000 12
0 2 255 00000000 12
0 2 256 00000000 12
0 2 257 00000000 12
0 2 258 00000000 12
0 2 259 00000000 12
0 2 260 00000000 12
0 2 261 00000000 12
0 2 262 00000000 12
0 2 263 00000000 12
0 2 264 00000000 12
0 2 265 00000000 12
0 2 266 00000000 12
0 2 267 00000000 12
0 2 268 00000000 12
0 2 269 00000000 12
0 2 270 00000000 12
0 2 271 00000000 12
0 2 272 00000000 12
0 2 273 00000000 12
0 2 274 00000000 12
0 2 275 00000000 12
0 2 276 00000000 12
0 2 277 00000000 12
0 2 278 00000000 12
0 2 279 00000000 12
0 2 280 00000000 12
0 2 281 00000000 12
0 2 282 00000000 12
0 2 283 00000000 12
0 2 284 00000000 12
0 2 285 00000000 12
0 2 286 00000000 12
0 2 287 00000000 12
0 2 288 00000000 12
0 2 289 00000000 12
0 2 290 00000000 12
0 2 291 00000000 12
0 2 292 00000000 12
0 2 293 00000000 12
0 2 294 00000000 12
0 2 295 00000000 12
0 2 296 00000000 12
0 2 297 00000000 12
0 2 298 00000000 12
0 2 299 00000000 12
0 2 300 00000000 12
0 2 301 00000000 12
0 2 302 00000000 12
0 2 303 00000000 12
0 2 304 00000000 12
0 2 305 00000000 12
0 2 306 00000000 12
0 2 307 00000000 12
0 2 308 00000000 12
0 2 309 00000000 12
0 2 310 00000000 12
0 2 311 00000000 12
0 2 312 00000000 12
0 2 313 00000000 12
0 2 314 00000000 12
0 2 315 00000000 12
0 2 316 00000000 12
0 2 317 00000000 12
0 2 318 00000000 12
0 2 319 00000000 12
0 2 320 00000000 12
0 2 321 00000000 12
0 2 322 00000000 12
0 2 323 00000000 12
0 2 324 00000000 12
0 2 325 00000000 12
0 2 326 00000000 12
0 2 327 00000000 12
0 2 328 00000000 12
0 2 329 00000000 12
0 2 330 00000000 12
0 2 331 00000000 12
0 2 332 00000000 12
0 2 333 00000000 12
0 2 334 00000000 12
0 2 335 00000000 12
0 2 336 00000000 12
0 2 337 00000000 12
0 2 338 00000000 12
0 2 339 00000000 12
0 2 340 00000000 12
0 2 341 00000000 12
0 2 342 00000000 12
0 2 343 00000000 12
0 2 344 00000000 12
0 2 345 00000000 12
0 2 346 00000000 12
0 2 347 00000000 12
0 2 348 00000000 12
0 2 349 00000000 12
0 2 350 00000000 12
0 2 351 00000000 12
0 2 352 00000000 12
0 2 353 00000000 12
0 2 354 00000000 12
0 2 355 00000000 12
0 2 356 00000000 12
0 2 357 00000000 12
0 2 358 00000000 12
0 2 359 00000000 12
0 2 360 00000000 12
0 2 361 00000000 12
0 2 362 00000000 12
0 2 363 00000000 12
0 2 364 00000000 12
0 2 365 00000000 12
0 2 366 00000000 12
0 2 367 00000000 12
0 2 368 00000000 12
0 2 369 00000000 12
0 2 370 00000000 12
0 2 371 00000000 12
0 2 372 00000000 12
0 2 373 00000000 12
0 2 374 00000000 12
0 2 375 00000000 12
0 2 376 00000000 12
0 2 377 00000000 12
0 2 378 00000000 12
0 2 379 00000000 12
0 2 380 00000000 12
0 2 381 00000000 12
0 2 382 00000000 12
0 2 383 00000000 12
0 2 384 00000000 12
0 2 385 00000000 12
0 2 386 00000000 12
0 2 387 00000000 12
0 2 388 00000000 12
0 2 389 00000000 12
0 2 390 00000000 12
0 2 391 00000000 12
0 2 392 00000000 12
0 2 393 00000000 12
0 2 394 00000000 12
0 2 395 00000000 12
0 2 396 00000000 12
0 2 397 00000000 12
0 2 398 00000000 12
0 2 399 00000000 12
0 2 400 00000000 12
0 2 401 00000000 12
0 2 402 00000000 12
0 2 403 00000000 12
0 2 404 00000000 12
0 2 405 00000000 12
0 2 406 00000000 12
0 2 407 00000000 12
0 2 408 00000000 12
0 2 409 00000000 12
0 2 410 00000000 12
0 2 411 00000000 12
0 2 412 00000000 12
0 2 413 00000000 12
0 2 414 00000000 12
0 2 415 00000000 12
0 2 416 00000000 12
0 2 417 00000000 12
0 2 418 00000000 12
0 2 419 00000000 12
0 2 420 00000000 12
0 2 421 00000000 12
0 2 422 00000000 12
0 2 423 00000000 12
0 2 424 00000000 12
0 2 425 00000000 12
0 2 426 00000000 12
0 2 427 00000000 12
0 2 428 00000000 12
0 2 429 00000000 12
0 2 430 00000000 12
0 2 431 00000000 12
0 2 432 00000000 12
0 2 433 00000000 12
0 2 434 00000000 12
0 2 435 00000000 12
0 2 436 00000000 12
0 2 437 00000000 12
0 2 438 00000000 12
0 2 439 00000000 12
0 2 440 00000000 12
0 2 441 00000000 12
0 2 442 00000000 12
0 2 443 00000000 12
0 2 444 00000000 12
0 2 445 00000000 12
0 2 446 00000000 12
0 2 447 00000000 12
0 2 448 00000000 12
0 2 449 00000000 12
0 2 450 00000000 12
0 2 451 00000000 12
0 2 452 00000000 12
0 2 453 00000000 12
0 2 454 00000000 12
0 2 455 00000000 12
0 2 456 00000000 12
0 2 457 00000000 12
0 2 458 00000000 12
0 2 459 00000000 12
0 2 460 00000000 12
0 2 461 00000000 12
0 2 462 00000000 12
0 2 463 00000000 12
0 2 464 00000000 12
0 2 465 00000000 12
0 2 466 00000000 12
0 2 467 00000000 12
0 2 468 00000000 12
0 2 469 00000000 12
0 2 470 00000000 12
0 2 471 00000000 12
0 2 472 00000000 12
0 2 473 00000000 12
0 2 474 00000000 12
0 2 475 00000000 12
0 2 476 00000000 12
0 2 477 00000000 12
0 2 478 00000000 12
0 2 479 00000000 12
0 2 480 00000000 12
0 2 481 00000000 12
0 2 482 00000000 12
0 2 483 00000000 12
0 2 484 00000000 12
0 2 485 00000000 12
0 2 486 00000000 12
0 2 487 00000000 12
0 2 488 00000000 12
0 2 489 00000000 12
0 2 490 00000000 12
0 2 491 00000000 12
0 2 492 00000000 12
0 2 493 00000000 12
0 2 494 00000000 12
0 2 495 00000000 12
0 2 496 00000000 12
0 2 497 00000000 12
0 2 498 00000000 12
0 2 499 00000000 12
0 2 500 00000000 12
0 2 501 00000000 12
0 2 502 00000000 12
0 2 503 00000000 12
0 2 504 00000000 12
0 2 505 00000000 12
0 2 506 00000000 12
0 2 507 00000000 12
0 2 508 00000000 12
0 2 509 00000000 12
0 2 510 00000000 12
0 2 511 00000000 12
0 2 512 00000000 12
0 2 513 00000000 12
0 2 514 00000000 12
0 2 515 00000000 12
0 2 516 00000000 12
0 2 517 00000000 12
0 2 518 00000000 12
0 2 519 00000000 12
0 2 520 00000000 12
0 2 521 00000000 12
0 2 522 00000000 12
0 2 523 00000000 12
0 2 524 00000000 12
0 2 525 00000000 12
0 2 526 00000000 12
0 2 527 00000000 12
0 2 528 00000000 12
0 2 529 00000000 12
0 2 530 00000000 12
0 2 531 00000000 12
0 2 532 00000000 12
0 2 533 00000000 12
0 2 534 00000000 12
0 2 535 00000000 12
0 2 536 00000000 12
0 2 537 00000000 12
0 2 538 00000000 12
0 2 539 00000000 12
0 2 540 00000000 12
0 2 541 00000000 12
0 2 542 00000000 12
0 2 543 00000000 12
0 2 544 00000000 12
0 2 545 00000000 12
0 2 546 00000000 12
0 2 547 00000000 12
0 2 548 00000000 12
0 2 549 00000000 12
0 2 550 00000000 12
0 2 551 00000000 12
0 2 552 00000000 12
0 2 553 00000000 12
0 2 554 00000000 12
0 2 555 00000000 12
0 2 556 00000000 12
0 2 557 00000000 12
0 2 558 00000000 12
0 2 559 00000000 12
0 2 560 00000000 12
0 2 561 00000000 12
0 2 562 00000000 12
0 2 563 00000000 12
0 2 564 00000000 12
0 2 565 00000000 12
0 2 566 00000000 12
0 2 567 00000000 12
0 2 568 00000000 12
0 2 569 00000000 12
0 2 570 00000000 12
0 2 571 00000000 12
0 2 572 00000000 12
0 2 573 00000000 12
0 2 574 00000000 12
0 2 575 00000000 12
0 2 576 00000000 12
0 2 577 00000000 12
0 2 578 00000000 12
0 2 579 00000000 12
0 2 580 00000000 12
0 2 581 00000000 12
0 2 582 00000000 12
0 2 583 00000000 12
0 2 584 00000000 12
0 2 585 00000000 12
0 2 586 00000000 12
0 2 587 00000000 12
0 2 588 00000000 12
0 2 589 00000000 12
0 2 590 00000000 12
0 2 591 00000000 12
0 2 592 00000000 12
0 2 593 00000000 12
0 2 594 00000000 12
0 2 595 00000000 12
0 2 596 00000000 12
0 2 597 00000000 12
0 2 598 00000000 12
0 2 599 00000000 12
0 2 600 00000000 12
0 2 601 00000000 12
0 2 602 00000000 12
0 2 603 00000000 12
0 2 604 00000000 12
0 2 605 00000000 12
0 2 606 00000000 12
0 2 607 00000000 12
0 2 608 00000000 12
0 2 609 00000000 12
0 2 610 00000000 12
0 2 611 00000000 12
0 2 612 00000000 12
0 2 613 00000000 12
0 2 614 00000000 12
0 2 615 00000000 12
0 2 616 00000000 12
0 2 617 00000000 12
0 2 618 00000000 12
0 2 619 00000000 12
0 2 620 00000000 12
0 2 621 00000000 12
0 2 622 00000000 12
0 2 623 00000000 12
0 2 624 00000000 12
0 2 625 00000000 12
0 2 626 00000000 12
0 2 627 00000000 12
0 2 628 00000000 12
0 2 629 00000000 12
0 2 630 00000000 12
0 2 631 00000000 12
0 2 632 00000000 12
0 2 633 00000000 12
0 2 634 00000000 12
0 2 635 00000000 12
0 2 636 00000000 12
0 2 637 00000000 12
0 2 638 00000000 12
0 2 639 00000000 12
0 2 640 00000000 12
0 2 641 00000000 12
0 2 642 00000000 12
0 2 643 00000000 12
0 2 644 00000000 12
0 2 645 00000000 12
0 2 646 00000000 12
0 2 647 00000000 12
0 2 648 00000000 12
0 2 649 00000000 12
0 2 650 00000000 12
0 2 651 00000000 12
0 2 652 00000000 12
0 2 653 00000000 12
0 2 654 00000000 12
0 2 655 00000000 12
0 2 656 00000000 12
0 2 657 00000000 12
0 2 658 00000000 12
0 2 659 00000000 12
0 2 660 00000000 12
0 2 661 00000000 12
0 2 662 00000000 12
0 2 663 00000000 12
0 2 664 00000000 12
0 2 665 00000000 12
0 2 666 00000000 12
0 2 667 00000000 12
0 2 668 00000000 12
0 2 669 00000000 12
0 2 670 00000000 12
0 2 671 00000000 12
0 2 672 00000000 12
0 2 673 00000000 12
0 2 674 00000000 12
0 2 675 00000000 12
0 2 676 00000000 12
0 2 677 00000000 12
0 2 678 00000000 12
0 2 679 00000000 12
0 2 680 00000000 12
0 2 681 00000000 12
0 2 682 00000000 12
0 2 683 00000000 12
0 2 684 00000000 12
0 2 685 00000000 12
0 2 686 00000000 12
0 2 687 00000000 12
0 2 688 00000000 12
0 2 689 00000000 12
0 2 690 00000000 12
0 2 691 00000000 12
0 2 692 00000000 12
0 2 693 00000000 12
0 2 694 00000000 12
0 2 695 00000000 12
0 2 696 00000000 12
0 2 697 00000000 12
0 2 698 00000000 12
0 2 699 00000000 12
0 2 700 00000000 12
0 2 701 00000000 12
0 2 702 00000000 12
0 2 703 00000000 12
0 2 704 00000000 12
0 2 705 00000000 12
0 2 706 00000000 12
0 2 707 00000000 12
0 2 708 00000000 12
0 2 709 00000000 12
0 2 710 00000000 12
0 2 711 00000000 12
0 2 712 00000000 12
0 2 713 00000000 12
0 2 714 00000000 12
0 2 715 00000000 12
0 2 716 00000000 12
0 2 717 00000000 12
0 2 718 00000000 12
0 2 719 00000000 12
0 2 720 00000000 12
0 2 721 00000000 12
0 2 722 00000000 12
0 2 723 00000000 12
0 2 724 00000000 12
0 2 725 00000000 12
0 2 726 00000000 12
0 2 727 00000000 12
0 2 728 00000000 12
0 2 729 00000000 12
0 2 730 00000000 12
0 2 731 00000000 12
0 2 732 00000000 12
0 2 733 00000000 12
0 2 734 00000000 12
0 2 735 00000000 12
0 2 736 00000000 12
0 2 737 00000000 12
0 2 738 00000000 12
0 2 739 00000000 12
0 2 740 00000000 12
0 2 741 00000000 12
0 2 742 00000000 12
0 2 743 00000000 12
0 2 744 00000000 12
0 2 745 00000000 12
0 2 746 00000000 12
0 2 747 00000000 12
0 2 748 00000000 12
0 2 749 00000000 12
0 2 750 00000000 12
0 2 751 00000000 12
0 2 752 00000000 12
0 2 753 00000000 12
0 2 754 00000000 12
0 2 755 00000000 12
0 2 756 00000000 12
0 2 757 00000000 12
0 2 758 00000000 12
0 2 759 00000000 12
0 2 760 00000000 12
0 2 761 00000000 12
0 2 762 00000000 12
0 2 763 00000000 12
0 2 764 00000000 12
0 2 765 00000000 12
0 2 766 00000000 12
0 2 767 00000000 12
0 2 768 00000000 12
0 2 769 00000000 12
0 2 770 00000000 12
0 2 771 00000000 12
0 2 772 00000000 12
0 2 773 00000000 12
0 2 774 00000000 12
0 2 775 00000000 12
0 2 776 00000000 12
0 2 777 00000000 12
0 2 778 00000000 12
0 2 779 00000000 12
0 2 780 00000000 12
0 2 781 00000000 12
0 2 782 00000000 12
0 2 783 00000000 12
0 2 784 00000000 12
0 2 785 00000000 12
0 2 786 00000000 12
0 2 787 00000000 12
0 2 788 00000000 12
0 2 789 00000000 12
0 2 790 00000000 12
0 2 791 00000000 12
0 2 792 00000000 12
0 2 793 00000000 12
0 2 794 00000000 12
0 2 795 00000000 12
0 2 796 00000000 12
0 2 797 00000000 12
0 2 798 00000000 12
0 2 799 00000000 12
0 2 800 00000000 12
0 2 801 00000000 12
0 2 802 00000000 12
0 2 803 00000000 12
0 2 804 00000000 12
0 2 805 00000000 12
0 2 806 00000000 12
0 2 807 00000000 12
0 2 808 00000000 12
0 2 809 00000000 12
0 2 810 00000000 12
0 2 811 00000000 12
0 2 812 00000000 12
0 2 813 00000000 12
0 2 814 00000000 12
0 2 815 00000000 12
0 2 816 00000000 12
0 2 817 00000000 12
0 2 818 00000000 12
0 2 819 00000000 12
0 2 820 00000000 12
0 2 821 00000000 12
0 2 822 00000000 12
0 2 823 00000000 12
0 2 824 00000000 12
0 2 825 00000000 12
0 2 826 00000000 12
0 2 827 00000000 12
0 2 828 00000000 12
0 2 829 00000000 12
0 2 830 00000000 12
0 2 831 00000000 12
0 2 832 00000000 12
0 2 833 00000000 12
0 2 834 00000000 12
0 2 835 00000000 12
0 2 836 00000000 12
0 2 837 00000000 12
0 2 838 00000000 12
0 2 839 00000000 12
0 2 840 00000000 12
0 2 841 00000000 12
0 2 842 00000000 12
0 2 843 00000000 12
0 2 844 00000000 12
0 2 845 00000000 12
0 2 846 00000000 12
0 2 847 00000000 12
0 2 848 00000000 12
0 2 849 00000000 12
0 2 850 00000000 12
0 2 851 00000000 12
0 2 852 00000000 12
0 2 853 00000000 12
0 2 854 00000000 12
0 2 855 00000000 12
0 2 856 00000000 12
0 2 857 00000000 12
0 2 858 00000000 12
0 2 859 00000000 12
0 2 860 00000000 12
0 2 861 00000000 12
0 2 862 00000000 12
0 2 863 00000000 12
0 2 864 00000000 12
0 2 865 00000000 12
0 2 866 00000000 12
0 2 867 00000000 12
0 2 868 00000000 12
0 2 869 00000000 12
0 2 870 00000000 12
0 2 871 00000000 12
0 2 872 00000000 12
0 2 873 00000000 12
0 2 874 00000000 12
0 2 875 00000000 12
0 2 876 00000000 12
0 2 877 00000000 12
0 2 878 00000000 12
0 2 879 00000000 12
0 2 880 00000000 12
0 2 881 00000000 12
0 2 882 00000000 12
0 2 883 00000000 12
0 2 884 00000000 12
0 2 885 00000000 12
0 2 886 00000000 12
0 2 887 00000000 12
0 2 888 00000000 12
0 2 889 00000000 12
0 2 890 00000000 12
0 2 891 00000000 12
0 2 892 00000000 12
0 2 893 00000000 12
0 2 894 00000000 12
0 2 895 00000000 12
0 2 896 00000000 12
0 2 897 00000000 12
0 2 898 00000000 12
0 2 899 00000000 12
0 2 900 00000000 12
0 2 901 00000000 12
0 2 902 00000000 12
0 2 903 00000000 12
0 2 904 00000000 12
0 2 905 00000000 12
0 2 906 00000000 12
0 2 907 00000000 12
0 2 908 00000000 12
0 2 909 00000000 12
0 2 910 00000000 12
0 2 911 00000000 12
0 2 912 00000000 12
0 2 913 00000000 12
0 2 914 00000000 12
0 2 915 00000000 12
0 2 916 00000000 12
0 2 917 00000000 12
0 2 918 00000000 12
0 2 919 00000000 12
0 2 920 00000000 12
0 2 921 00000000 12
0 2 922 00000000 12
0 2 923 00000000 12
0 2 924 00000000 12
0 2 925 00000000 12
0 2 926 00000000 12
0 2 927 00000000 12
0 2 928 00000000 12
0 2 929 00000000 12
0 2 930 00000000 12
0 2 931 00000000 12
0 2 932 00000000 12
0 2 933 00000000 12
0 2 934 00000000 12
0 2 935 00000000 12
0 2 936 00000000 12
0 2 937 00000000 12
0 2 938 00000000 12
0 2 939 00000000 12
0 2 940 00000000 12
0 2 941 00000000 12
0 2 942 00000000 12
0 2 943 00000000 12
0 2 944 00000000 12
0 2 945 00000000 12
0 2 946 00000000 12
0 2 947 00000000 12
0 2 948 00000000 12
0 2 949 00000000 12
0 2 950 00000000 12
0 2 951 00000000 12
0 2 952 00000000 12
0 2 953 00000000 12
0 2 954 00000000 12
0 2 955 00000000 12
0 2 956 00000000 12
0 2 957 00000000 12
0 2 958 00000000 12
0 2 959 00000000 12
0 2 960 00000000 12
0 2 961 00000000 12
0 2 962 00000000 12
0 2 963 00000000 12
0 2 964 00000000 12
0 2 965 00000000 12
0 2 966 00000000 12
0 2 967 00000000 12
0 2 968 00000000 12
0 2 969 00000000 12
0 2 970 00000000 12
0 2 971 00000000 12
0 2 972 00000000 12
0 2 973 00000000 12
0 2 974 00000000 12
0 2 975 00000000 12
0 2 976 00000000 12
0 2 977 00000000 12
0 2 978 00000000 12
0 2 979 00000000 12
0 2 980 00000000 12
0 2 981 00000000 12
0 2 982 00000000 12
0 2 983 00000000 12
0 2 984 00000000 12
0 2 985 00000000 12
0 2 986 00000000 12
0 2 987 00000000 12
0 2 988 00000000 12
0 2 989 00000000 12
0 2 990 00000000 12
0 2 991 00000000 12
0 2 992 00000000 12
0 2 993 00000000 12
0 2 994 00000000 12
0 2 995 00000000 12
0 2 996 00000000 12
0 2 997 00000000 12
0 2 998 00000000 12
0 2 999 00000000 12
0 2 1000 00000000 12
0 2 1001 00000000 12
0 2 1002 00000000 12
0 2 1003 00000000 12
0 2 1004 00000000 12
0 2 1005 00000000 12
0 2 1006 00000000 12
0 2 1007 00000000 12
0 2 1008 00000000 12
0 2 1009 00000000 12
0 2 1010 00000000 12
0 2 1011 00000000 12
0 2 1012 00000000 12
0 2 1013 00000000 12
0 2 1014 00000000 12
0 2 1015 00000000 12
0 2 1016 00000000 12
0 2 1017 00000000 12
0 2 1018 00000000 12
0 2 1019 00000000 12
0 2 1020 00000000 12
0 2 1021 00000000 12
0 2 1022 00000000 12
0 2 1023 00000000 12
0 3 0 00000000 9
0 3 1 00000000 9
0 3 2 00000000 9
0 3 3 00000000 9
0 3 4 00000000 9
0 3 5 00000000 9
0 3 6 00000000 9
0 3 7 00000000 9
0 3 8 00000000 9
0 3 9 00000000 9
0 3 10 00000000 9
0 3 11 00000000 9
0 3 12 00000000 9
0 3 13 00000000 9
0 3 14 00000000 9
0 3 15 00000000 9
0 3 16 00000000 9
0 3 17 00000000 9
0 3 18 00000000 9
0 3 19 00000000 9
0 3 20 00000000 9
0 3 21 00000000 9
0 3 22 00000000 9
0 3 23 00000000 9
0 3 24 00000000 9
0 3 25 00000000 9
0 3 26 00000000 9
0 3 27 00000000 9
0 3 28 00000000 9
0 3 29 00000000 9
0 3 30 00000000 9
0 3 31 00000000 9
0 3 32 00000000 9
0 3 33 00000000 9
0 3 34 00000000 9
0 3 35 00000000 9
0 3 36 00000000 9
0 3 37 00000000 9
0 3 38 00000000 9
0 3 39 00000000 9
0 3 40 00000000 9
0 3 41 00000000 9
0 3 42 00000000 9
0 3 43 00000000 9
0 3 44 00000000 9
0 3 45 00000000 9
0 3 46 00000000 9
0 3 47 00000000 9
0 3 48 00000000 9
0 3 49 00000000 9
0 3 50 00000000 9
0 3 51 00000000 9
0 3 52 00000000 9
0 3 53 00000000 9
0 3 54 00000000 9
0 3 55 00000000 9
0 3 56 00000000 9
0 3 57 00000000 9
0 3 58 00000000 9
0 3 59 00000000 9
0 3 60 00000000 9
0 3 61 00000000 9
0 3 62 00000000 9
0 3 63 00000000 9
0 3 64 00000000 9
0 3 65 00000000 9
0 3 66 00000000 9
0 3 67 00000000 9
0 3 68 00000000 9
0 3 69 00000000 9
0 3 70 00000000 9
0 3 71 00000000 9
0 3 72 00000000 9
0 3 73 00000000 9
0 3 74 00000000 9
0 3 75 00000000 9
0 3 76 00000000 9
0 3 77 00000000 9
0 3 78 00000000 9
0 3 79 00000000 9
0 3 80 00000000 9
0 3 81 00000000 9
0 3 82 00000000 9
0 3 83 00000000 9
0 3 84 00000000 9
0 3 85 00000000 9
0 3 86 00000000 9
0 3 87 00000000 9
0 3 88 00000000 9
0 3 89 00000000 9
0 3 90 00000000 9
0 3 91 00000000 9
0 3 92 00000000 9
0 3 93 00000000 9
0 3 94 00000000 9
0 3 95 00000000 9
0 3 96 00000000 9
0 3 97 00000000 9
0 3 98 00000000 9
0 3 99 00000000 9
0 3 100 00000000 9
0 3 101 00000000 9
0 3 102 00000000 9
0 3 103 00000000 9
0 3 104 00000000 9
0 3 105 00000000 9
0 3 106 00000000 9
0 3 107 00000000 9
0 3 108 00000000 9
0 3 109 00000000 9
0 3 110 00000000 9
0 3 111 00000000 9
0 3 112 00000000 9
0 3 113 00000000 9
0 3 114 00000000 9
0 3 115 00000000 9
0 3 116 00000000 9
0 3 117 00000000 9
0 3 118 00000000 9
0 3 119 00000000 9
0 3 120 00000000 9
0 3 121 00000000 9
0 3 122 00000000 9
0 3 123 00000000 9
0 3 124 00000000 9
0 3 125 00000000 9
0 3 126 00000000 9
0 3 127 00000000 9
0 3 128 00000000 9
0 3 129 00000000 9
0 3 130 00000000 9
0 3 131 00000000 9
0 3 132 00000000 9
0 3 133 00000000 9
0 3 134 00000000 9
0 3 135 00000000 9
0 3 136 00000000 9
0 3 137 00000000 9
0 3 138 00000000 9
0 3 139 00000000 9
0 3 140 00000000 9
0 3 141 00000000 9
0 3 142 00000000 9
0 3 143 00000000 9
0 3 144 00000000 9
0 3 145 00000000 9
0 3 146 00000000 9
0 3 147 00000000 9
0 3 148 00000000 9
0 3 149 00000000 9
0 3 150 00000000 9
0 3 151 00000000 9
0 3 152 00000000 9
0 3 153 00000000 9
0 3 154 00000000 9
0 3 155 00000000 9
0 3 156 00000000 9
0 3 157 00000000 9
0 3 158 00000000 9
0 3 159 00000000 9
0 3 160 00000000 9
0 3 161 00000000 9
0 3 162 00000000 9
0 3 163 00000000 9
0 3 164 00000000 9
0 3 165 00000000 9
0 3 166 00000000 9
0 3 167 00000000 9
0 3 168 00000000 9
0 3 169 00000000 9
0 3 170 00000000 9
0 3 171 00000000 9
0 3 172 00000000 9
0 3 173 00000000 9
0 3 174 00000000 9
0 3 175 00000000 9
0 3 176 00000000 9
0 3 177 00000000 9
0 3 178 00000000 9
0 3 179 00000000 9
0 3 180 00000000 9
0 3 181 00000000 9
0 3 182 00000000 9
0 3 183 00000000 9
0 3 184 00000000 9
0 3 185 00000000 9
0 3 186 00000000 9
0 3 187 00000000 9
0 3 188 00000000 9
0 3 189 00000000 9
0 3 190 00000000 9
0 3 191 00000000 9
0 3 192 00000000 9
0 3 193 00000000 9
0 3 194 00000000 9
0 3 195 00000000 9
0 3 196 00000000 9
0 3 197 00000000 9
0 3 198 00000000 9
0 3 199 00000000 9
0 3 200 00000000 9
0 3 201 00000000 9
0 3 202 00000000 9
0 3 203 00000000 9
0 3 204 00000000 9
0 3 205 00000000 9
0 3 206 00000000 9
0 3 207 00000000 9
0 3 208 00000000 9
0 3 209 00000000 9
0 3 210 00000000 9
0 3 211 00000000 9
0 3 212 00000000 9
0 3 213 00000000 9
0 3 214 00000000 9
0 3 215 00000000 9
0 3 216 00000000 9
0 3 217 00000000 9
0 3 218 00000000 9
0 3 219 00000000 9
0 3 220 00000000 9
0 3 221 00000000 9
0 3 222 00000000 9
0 3 223 00000000 9
0 3 224 00000000 9
0 3 225 00000000 9
0 3 226 00000000 9
0 3 227 00000000 9
0 3 228 00000000 9
0 3 229 00000000 9
0 3 230 00000000 9
0 3 231 00000000 9
0 3 232 00000000 9
0 3 233 00000000 9
0 3 234 00000000 9
0 3 235 00000000 9
0 3 236 00000000 9
0 3 237 00000000 9
0 3 238 00000000 9
0 3 239 00000000 9
0 3 240 00000000 9
0 3 241 00000000 9
0 3 242 00000000 9
0 3 243 00000000 9
0 3 244 00000000 9
0 3 245 00000000 9
0 3 246 00000000 9
0 3 247 00000000 9
0 3 248 00000000 9
0 3 249 00000000 9
0 3 250 00000000 9
0 3 251 00000000 9
0 3 252 00000000 9
0 3 253 00000000 9
0 3 254 00000000 9
0 3 255 00000000 9
0 3 256 00000000 9
0 3 257 00000000 9
0 3 258 00000000 9
0 3 259 00000000 9
0 3 260 00000000 9
0 3 261 00000000 9
0 3 262 00000000 9
0 3 263 00000000 9
0 3 264 00000000 9
0 3 265 00000000 9
0 3 266 00000000 9
0 3 267 00000000 9
0 3 268 00000000 9
0 3 269 00000000 9
0 3 270 00000000 9
0 3 271 00000000 9
0 3 272 00000000 9
0 3 273 00000000 9
0 3 274 00000000 9
0 3 275 00000000 9
0 3 276 00000000 9
0 3 277 00000000 9
0 3 278 00000000 9
0 3 279 00000000 9
0 3 280 00000000 9
0 3 281 00000000 9
0 3 282 00000000 9
0 3 283 00000000 9
0 3 284 00000000 9
0 3 285 00000000 9
0 3 286 00000000 9
0 3 287 00000000 9
0 3 288 00000000 9
0 3 289 00000000 9
0 3 290 00000000 9
0 3 291 00000000 9
0 3 292 00000000 9
0 3 293 00000000 9
0 3 294 00000000 9
0 3 295 00000000 9
0 3 296 00000000 9
0 3 297 00000000 9
0 3 298 00000000 9
0 3 299 00000000 9
0 3 300 00000000 9
0 3 301 00000000 9
0 3 302 00000000 9
0 3 303 00000000 9
0 3 304 00000000 9
0 3 305 00000000 9
0 3 306 00000000 9
0 3 307 00000000 9
0 3 308 00000000 9
0 3 309 00000000 9
0 3 310 00000000 9
0 3 311 00000000 9
0 3 312 00000000 9
0 3 313 00000000 9
0 3 314 00000000 9
0 3 315 00000000 9
0 3 316 00000000 9
0 3 317 00000000 9
0 3 318 00000000 9
0 3 319 00000000 9
0 3 320 00000000 9
0 3 321 00000000 9
0 3 322 00000000 9
0 3 323 00000000 9
0 3 324 00000000 9
0 3 325 00000000 9
0 3 326 00000000 9
0 3 327 00000000 9
0 3 328 00000000 9
0 3 329 00000000 9
0 3 330 00000000 9
0 3 331 00000000 9
0 3 332 00000000 9
0 3 333 00000000 9
0 3 334 00000000 9
0 3 335 00000000 9
0 3 336 00000000 9
0 3 337 00000000 9
0 3 338 00000000 9
0 3 339 00000000 9
0 3 340 00000000 9
0 3 341 00000000 9
0 3 342 00000000 9
0 3 343 00000000 9
0 3 344 00000000 9
0 3 345 00000000 9
0 3 346 00000000 9
0 3 347 00000000 9
0 3 348 00000000 9
0 3 349 00000000 9
0 3 350 00000000 9
0 3 351 00000000 9
0 3 352 00000000 9
0 3 353 00000000 9
0 3 354 00000000 9
0 3 355 00000000 9
0 3 356 00000000 9
0 3 357 00000000 9
0 3 358 00000000 9
0 3 359 00000000 9
0 3 360 00000000 9
0 3 361 00000000 9
0 3 362 00000000 9
0 3 363 00000000 9
0 3 364 00000000 9
0 3 365 00000000 9
0 3 366 00000000 9
0 3 367 00000000 9
0 3 368 00000000 9
0 3 369 00000000 9
0 3 370 00000000 9
0 3 371 00000000 9
0 3 372 00000000 9
0 3 373 00000000 9
0 3 374 00000000 9
0 3 375 00000000 9
0 3 376 00000000 9
0 3 377 00000000 9
0 3 378 00000000 9
0 3 379 00000000 9
0 3 380 00000000 9
0 3 381 00000000 9
0 3 382 00000000 9
0 3 383 00000000 9
0 3 384 00000000 9
0 3 385 00000000 9
0 3 386 00000000 9
0 3 387 00000000 9
0 3 388 00000000 9
0 3 389 00000000 9
0 3 390 00000000 9
0 3 391 00000000 9
0 3 392 00000000 9
0 3 393 00000000 9
0 3 394 00000000 9
0 3 395 00000000 9
0 3 396 00000000 9
0 3 397 00000000 9
0 3 398 00000000 9
0 3 399 00000000 9
0 3 400 00000000 9
0 3 401 00000000 9
0 3 402 00000000 9
0 3 403 00000000 9
0 3 404 00000000 9
0 3 405 00000000 9
0 3 406 00000000 9
0 3 407 00000000 9
0 3 408 00000000 9
0 3 409 00000000 9
0 3 410 00000000 9
0 3 411 00000000 9
0 3 412 00000000 9
0 3 413 00000000 9
0 3 414 00000000 9
0 3 415 00000000 9
0 3 416 00000000 9
0 3 417 00000000 9
0 3 418 00000000 9
0 3 419 00000000 9
0 3 420 00000000 9
0 3 421 00000000 9
0 3 422 00000000 9
0 3 423 00000000 9
0 3 424 00000000 9
0 3 425 00000000 9
0 3 426 00000000 9
0 3 427 00000000 9
0 3 428 00000000 9
0 3 429 00000000 9
0 3 430 00000000 9
0 3 431 00000000 9
0 3 432 00000000 9
0 3 433 00000000 9
0 3 434 00000000 9
0 3 435 00000000 9
0 3 436 00000000 9
0 3 437 00000000 9
0 3 438 00000000 9
0 3 439 00000000 9
0 3 440 00000000 9
0 3 441 00000000 9
0 3 442 00000000 9
0 3 443 00000000 9
0 3 444 00000000 9
0 3 445 00000000 9
0 3 446 00000000 9
0 3 447 00000000 9
0 3 448 00000000 9
0 3 449 00000000 9
0 3 450 00000000 9
0 3 451 00000000 9
0 3 452 00000000 9
0 3 453 00000000 9
0 3 454 00000000 9
0 3 455 00000000 9
0 3 456 00000000 9
0 3 457 00000000 9
0 3 458 00000000 9
0 3 459 00000000 9
0 3 460 00000000 9
0 3 461 00000000 9
0 3 462 00000000 9
0 3 463 00000000 9
0 3 464 00000000 9
0 3 465 00000000 9
0 3 466 00000000 9
0 3 467 00000000 9
0 3 468 00000000 9
0 3 469 00000000 9
0 3 470 00000000 9
0 3 471 00000000 9
0 3 472 00000000 9
0 3 473 00000000 9
0 3 474 00000000 9
0 3 475 00000000 9
0 3 476 00000000 9
0 3 477 00000000 9
0 3 478 00000000 9
0 3 479 00000000 9
0 3 480 00000000 9
0 3 481 00000000 9
0 3 482 00000000 9
0 3 483 00000000 9
0 3 484 00000000 9
0 3 485 00000000 9
0 3 486 00000000 9
0 3 487 00000000 9
0 3 488 00000000 9
0 3 489 00000000 9
0 3 490 00000000 9
0 3 491 00000000 9
0 3 492 00000000 9
0 3 493 00000000 9
0 3 494 00000000 9
0 3 495 00000000 9
0 3 496 00000000 9
0 3 497 00000000 9
0 3 498 00000000 9
0 3 499 00000000 9
0 3 500 00000000 9
0 3 501 00000000 9
0 3 502 00000000 9
0 3 503 00000000 9
0 3 504 00000000 9
0 3 505 00000000 9
0 3 506 00000000 9
0 3 507 00000000 9
0 3 508 00000000 9
0 3 509 00000000 9
0 3 510 00000000 9
0 3 511 00000000 9
0 3 512 00000000 9
0 3 513 00000000 9
0 3 514 00000000 9
0 3 515 00000000 9
0 3 516 00000000 9
0 3 517 00000000 9
0 3 518 00000000 9
0 3 519 00000000 9
0 3 520 00000000 9
0 3 521 00000000 9
0 3 522 00000000 9
0 3 523 00000000 9
0 3 524 00000000 9
0 3 525 00000000 9
0 3 526 00000000 9
0 3 527 00000000 9
0 3 528 00000000 9
0 3 529 00000000 9
0 3 530 00000000 9
0 3 531 00000000 9
0 3 532 00000000 9
0 3 533 00000000 9
0 3 534 00000000 9
0 3 535 00000000 9
0 3 536 00000000 9
0 3 537 00000000 9
0 3 538 00000000 9
0 3 539 00000000 9
0 3 540 00000000 9
0 3 541 00000000 9
0 3 542 00000000 9
0 3 543 00000000 9
0 3 544 00000000 9
0 3 545 00000000 9
0 3 546 00000000 9
0 3 547 00000000 9
0 3 548 00000000 9
0 3 549 00000000 9
0 3 550 00000000 9
0 3 551 00000000 9
0 3 552 00000000 9
0 3 553 00000000 9
0 3 554 00000000 9
0 3 555 00000000 9
0 3 556 00000000 9
0 3 557 00000000 9
0 3 558 00000000 9
0 3 559 00000000 9
0 3 560 00000000 9
0 3 561 00000000 9
0 3 562 00000000 9
0 3 563 00000000 9
0 3 564 00000000 9
0 3 565 00000000 9
0 3 566 00000000 9
0 3 567 00000000 9
0 3 568 00000000 9
0 3 569 00000000 9
0 3 570 00000000 9
0 3 571 00000000 9
0 3 572 00000000 9
0 3 573 00000000 9
0 3 574 00000000 9
0 3 575 00000000 9
0 3 576 00000000 9
0 3 577 00000000 9
0 3 578 00000000 9
0 3 579 00000000 9
0 3 580 00000000 9
0 3 581 00000000 9
0 3 582 00000000 9
0 3 583 00000000 9
0 3 584 00000000 9
0 3 585 00000000 9
0 3 586 00000000 9
0 3 587 00000000 9
0 3 588 00000000 9
0 3 589 00000000 9
0 3 590 00000000 9
0 3 591 00000000 9
0 3 592 00000000 9
0 3 593 00000000 9
0 3 594 00000000 9
0 3 595 00000000 9
0 3 596 00000000 9
0 3 597 00000000 9
0 3 598 00000000 9
0 3 599 00000000 9
0 3 600 00000000 9
0 3 601 00000000 9
0 3 602 00000000 9
0 3 603 00000000 9
0 3 604 00000000 9
0 3 605 00000000 9
0 3 606 00000000 9
0 3 607 00000000 9
0 3 608 00000000 9
0 3 609 00000000 9
0 3 610 00000000 9
0 3 611 00000000 9
0 3 612 00000000 9
0 3 613 00000000 9
0 3 614 00000000 9
0 3 615 00000000 9
0 3 616 00000000 9
0 3 617 00000000 9
0 3 618 00000000 9
0 3 619 00000000 9
0 3 620 00000000 9
0 3 621 00000000 9
0 3 622 00000000 9
0 3 623 00000000 9
0 3 624 00000000 9
0 3 625 00000000 9
0 3 626 00000000 9
0 3 627 00000000 9
0 3 628 00000000 9
0 3 629 00000000 9
0 3 630 00000000 9
0 3 631 00000000 9
0 3 632 00000000 9
0 3 633 00000000 9
0 3 634 00000000 9
0 3 635 00000000 9
0 3 636 00000000 9
0 3 637 00000000 9
0 3 638 00000000 9
0 3 639 00000000 9
0 3 640 00000000 9
0 3 641 00000000 9
0 3 642 00000000 9
0 3 643 00000000 9
0 3 644 00000000 9
0 3 645 00000000 9
0 3 646 00000000 9
0 3 647 00000000 9
0 3 648 00000000 9
0 3 649 00000000 9
0 3 650 00000000 9
0 3 651 00000000 9
0 3 652 00000000 9
0 3 653 00000000 9
0 3 654 00000000 9
0 3 655 00000000 9
0 3 656 00000000 9
0 3 657 00000000 9
0 3 658 00000000 9
0 3 659 00000000 9
0 3 660 00000000 9
0 3 661 00000000 9
0 3 662 00000000 9
0 3 663 00000000 9
0 3 664 00000000 9
0 3 665 00000000 9
0 3 666 00000000 9
0 3 667 00000000 9
0 3 668 00000000 9
0 3 669 00000000 9
0 3 670 00000000 9
0 3 671 00000000 9
0 3 672 00000000 9
0 3 673 00000000 9
0 3 674 00000000 9
0 3 675 00000000 9
0 3 676 00000000 9
0 3 677 00000000 9
0 3 678 00000000 9
0 3 679 00000000 9
0 3 680 00000000 9
0 3 681 00000000 9
0 3 682 00000000 9
0 3 683 00000000 9
0 3 684 00000000 9
0 3 685 00000000 9
0 3 686 00000000 9
0 3 687 00000000 9
0 3 688 00000000 9
0 3 689 00000000 9
0 3 690 00000000 9
0 3 691 00000000 9
0 3 692 00000000 9
0 3 693 00000000 9
0 3 694 00000000 9
0 3 695 00000000 9
0 3 696 00000000 9
0 3 697 00000000 9
0 3 698 00000000 9
0 3 699 00000000 9
0 3 700 00000000 9
0 3 701 00000000 9
0 3 702 00000000 9
0 3 703 00000000 9
0 3 704 00000000 9
0 3 705 00000000 9
0 3 706 00000000 9
0 3 707 00000000 9
0 3 708 00000000 9
0 3 709 00000000 9
0 3 710 00000000 9
0 3 711 00000000 9
0 3 712 00000000 9
0 3 713 00000000 9
0 3 714 00000000 9
0 3 715 00000000 9
0 3 716 00000000 9
0 3 717 00000000 9
0 3 718 00000000 9
0 3 719 00000000 9
0 3 720 00000000 9
0 3 721 00000000 9
0 3 722 00000000 9
0 3 723 00000000 9
0 3 724 00000000 9
0 3 725 00000000 9
0 3 726 00000000 9
0 3 727 00000000 9
0 3 728 00000000 9
0 3 729 00000000 9
0 3 730 00000000 9
0 3 731 00000000 9
0 3 732 00000000 9
0 3 733 00000000 9
0 3 734 00000000 9
0 3 735 00000000 9
0 3 736 00000000 9
0 3 737 00000000 9
0 3 738 00000000 9
0 3 739 00000000 9
0 3 740 00000000 9
0 3 741 00000000 9
0 3 742 00000000 9
0 3 743 00000000 9
0 3 744 00000000 9
0 3 745 00000000 9
0 3 746 00000000 9
0 3 747 00000000 9
0 3 748 00000000 9
0 3 749 00000000 9
0 3 750 00000000 9
0 3 751 00000000 9
0 3 752 00000000 9
0 3 753 00000000 9
0 3 754 00000000 9
0 3 755 00000000 9
0 3 756 00000000 9
0 3 757 00000000 9
0 3 758 00000000 9
0 3 759 00000000 9
0 3 760 00000000 9
0 3 761 00000000 9
0 3 762 00000000 9
0 3 763 00000000 9
0 3 764 00000000 9
0 3 765 00000000 9
0 3 766 00000000 9
0 3 767 00000000 9
0 3 768 00000000 9
0 3 769 00000000 9
0 3 770 00000000 9
0 3 771 00000000 9
0 3 772 00000000 9
0 3 773 00000000 9
0 3 774 00000000 9
0 3 775 00000000 9
0 3 776 00000000 9
0 3 777 00000000 9
0 3 778 00000000 9
0 3 779 00000000 9
0 3 780 00000000 9
0 3 781 00000000 9
0 3 782 00000000 9
0 3 783 00000000 9
0 3 784 00000000 9
0 3 785 00000000 9
0 3 786 00000000 9
0 3 787 00000000 9
0 3 788 00000000 9
0 3 789 00000000 9
0 3 790 00000000 9
0 3 791 00000000 9
0 3 792 00000000 9
0 3 793 00000000 9
0 3 794 00000000 9
0 3 795 00000000 9
0 3 796 00000000 9
0 3 797 00000000 9
0 3 798 00000000 9
0 3 799 00000000 9
0 3 800 00000000 9
0 3 801 00000000 9
0 3 802 00000000 9
0 3 803 00000000 9
0 3 804 00000000 9
0 3 805 00000000 9
0 3 806 00000000 9
0 3 807 00000000 9
0 3 808 00000000 9
0 3 809 00000000 9
0 3 810 00000000 9
0 3 811 00000000 9
0 3 812 00000000 9
0 3 813 00000000 9
0 3 814 00000000 9
0 3 815 00000000 9
0 3 816 00000000 9
0 3 817 00000000 9
0 3 818 00000000 9
0 3 819 00000000 9
0 3 820 00000000 9
0 3 821 00000000 9
0 3 822 00000000 9
0 3 823 00000000 9
0 3 824 00000000 9
0 3 825 00000000 9
0 3 826 00000000 9
0 3 827 00000000 9
0 3 828 00000000 9
0 3 829 00000000 9
0 3 830 00000000 9
0 3 831 00000000 9
0 3 832 00000000 9
0 3 833 00000000 9
0 3 834 00000000 9
0 3 835 00000000 9
0 3 836 00000000 9
0 3 837 00000000 9
0 3 838 00000000 9
0 3 839 00000000 9
0 3 840 00000000 9
0 3 841 00000000 9
0 3 842 00000000 9
0 3 843 00000000 9
0 3 844 00000000 9
0 3 845 00000000 9
0 3 846 00000000 9
0 3 847 00000000 9
0 3 848 00000000 9
0 3 849 00000000 9
0 3 850 00000000 9
0 3 851 00000000 9
0 3 852 00000000 9
0 3 853 00000000 9
0 3 854 00000000 9
0 3 855 00000000 9
0 3 856 00000000 9
0 3 857 00000000 9
0 3 858 00000000 9
0 3 859 00000000 9
0 3 860 00000000 9
0 3 861 00000000 9
0 3 862 00000000 9
0 3 863 00000000 9
0 3 864 00000000 9
0 3 865 00000000 9
0 3 866 00000000 9
0 3 867 00000000 9
0 3 868 00000000 9
0 3 869 00000000 9
0 3 870 00000000 9
0 3 871 00000000 9
0 3 872 00000000 9
0 3 873 00000000 9
0 3 874 00000000 9
0 3 875 00000000 9
0 3 876 00000000 9
0 3 877 00000000 9
0 3 878 00000000 9
0 3 879 00000000 9
0 3 880 00000000 9
0 3 881 00000000 9
0 3 882 00000000 9
0 3 883 00000000 9
0 3 884 00000000 9
0 3 885 00000000 9
0 3 886 00000000 9
0 3 887 00000000 9
0 3 888 00000000 9
0 3 889 00000000 9
0 3 890 00000000 9
0 3 891 00000000 9
0 3 892 00000000 9
0 3 893 00000000 9
0 3 894 00000000 9
0 3 895 00000000 9
0 3 896 00000000 9
0 3 897 00000000 9
0 3 898 00000000 9
0 3 899 00000000 9
0 3 900 00000000 9
0 3 901 00000000 9
0 3 902 00000000 9
0 3 903 00000000 9
0 3 904 00000000 9
0 3 905 00000000 9
0 3 906 00000000 9
0 3 907 00000000 9
0 3 908 00000000 9
0 3 909 00000000 9
0 3 910 00000000 9
0 3 911 00000000 9
0 3 912 00000000 9
0 3 913 00000000 9
0 3 914 00000000 9
0 3 915 00000000 9
0 3 916 00000000 9
0 3 917 00000000 9
0 3 918 00000000 9
0 3 919 00000000 9
0 3 920 00000000 9
0 3 921 00000000 9
0 3 922 00000000 9
0 3 923 00000000 9
0 3 924 00000000 9
0 3 925 00000000 9
0 3 926 00000000 9
0 3 927 00000000 9
0 3 928 00000000 9
0 3 929 00000000 9
0 3 930 00000000 9
0 3 931 00000000 9
0 3 932 00000000 9
0 3 933 00000000 9
0 3 934 00000000 9
0 3 935 00000000 9
0 3 936 00000000 9
0 3 937 00000000 9
0 3 938 00000000 9
0 3 939 00000000 9
0 3 940 00000000 9
0 3 941 00000000 9
0 3 942 00000000 9
0 3 943 00000000 9
0 3 944 00000000 9
0 3 945 00000000 9
0 3 946 00000000 9
0 3 947 00000000 9
0 3 948 00000000 9
0 3 949 00000000 9
0 3 950 00000000 9
0 3 951 00000000 9
0 3 952 00000000 9
0 3 953 00000000 9
0 3 954 00000000 9
0 3 955 00000000 9
0 3 956 00000000 9
0 3 957 00000000 9
0 3 958 00000000 9
0 3 959 00000000 9
0 3 960 00000000 9
0 3 961 00000000 9
0 3 962 00000000 9
0 3 963 00000000 9
0 3 964 00000000 9
0 3 965 00000000 9
0 3 966 00000000 9
0 3 967 00000000 9
0 3 968 00000000 9
0 3 969 00000000 9
0 3 970 00000000 9
0 3 971 00000000 9
0 3 972 00000000 9
0 3 973 00000000 9
0 3 974 00000000 9
0 3 975 00000000 9
0 3 976 00000000 9
0 3 977 00000000 9
0 3 978 00000000 9
0 3 979 00000000 9
0 3 980 00000000 9
0 3 981 00000000 9
0 3 982 00000000 9
0 3 983 00000000 9
0 3 984 00000000 9
0 3 985 00000000 9
0 3 986 00000000 9
0 3 987 00000000 9
0 3 988 00000000 9
0 3 989 00000000 9
0 3 990 00000000 9
0 3 991 00000000 9
0 3 992 00000000 9
0 3 993 00000000 9
0 3 994 00000000 9
0 3 995 00000000 9
0 3 996 00000000 9
0 3 997 00000000 9
0 3 998 00000000 9
0 3 999 00000000 9
0 3 1000 00000000 9
0 3 1001 00000000 9
0 3 1002 00000000 9
0 3 1003 00000000 9
0 3 1004 00000000 9
0 3 1005 00000000 9
0 3 1006 00000000 9
0 3 1007 00000000 9
0 3 1008 00000000 9
0 3 1009 00000000 9
0 3 1010 00000000 9
0 3 1011 00000000 9
0 3 1012 00000000 9
0 3 1013 00000000 9
0 3 1014 00000000 9
0 3 1015 00000000 9
0 3 1016 00000000 9
0 3 1017 00000000 9
0 3 1018 00000000 9
0 3 1019 00000000 9
0 3 1020 00000000 9
0 3 1021 00000000 9
0 3 1022 00000000 9
0 3 1023 00000000 9
0 4 0 00000000 12
0 4 1 00000000 12
0 4 2 00000000 12
0 4 3 00000000 12
0 4 4 00000000 12
0 4 5 00000000 12
0 4 6 00000000 12
0 4 7 00000000 12
0 4 8 00000000 12
0 4 9 00000000 12
0 4 10 00000000 12
0 4 11 00000000 12
0 4 12 00000000 12
0 4 13 00000000 12
0 4 14 00000000 12
0 4 15 00000000 12
0 4 16 00000000 12
0 4 17 00000000 12
0 4 18 00000000 12
0 4 19 00000000 12
0 4 20 00000000 12
0 4 21 00000000 12
0 4 22 00000000 12
0 4 23 00000000 12
0 4 24 00000000 12
0 4 25 00000000 12
0 4 26 00000000 12
0 4 27 00000000 12
0 4 28 00000000 12
0 4 29 00000000 12
0 4 30 00000000 12
0 4 31 00000000 12
0 4 32 00000000 12
0 4 33 00000000 12
0 4 34 00000000 12
0 4 35 00000000 12
0 4 36 00000000 12
0 4 37 00000000 12
0 4 38 00000000 12
0 4 39 00000000 12
0 4 40 00000000 12
0 4 41 00000000 12
0 4 42 00000000 12
0 4 43 00000000 12
0 4 44 00000000 12
0 4 45 00000000 12
0 4 46 00000000 12
0 4 47 00000000 12
0 4 48 00000000 12
0 4 49 00000000 12
0 4 50 00000000 12
0 4 51 00000000 12
0 4 52 00000000 12
0 4 53 00000000 12
0 4 54 00000000 12
0 4 55 00000000 12
0 4 56 00000000 12
0 4 57 00000000 12
0 4 58 00000000 12
0 4 59 00000000 12
0 4 60 00000000 12
0 4 61 00000000 12
0 4 62 00000000 12
0 4 63 00000000 12
0 4 64 00000000 12
0 4 65 00000000 12
0 4 66 00000000 12
0 4 67 00000000 12
0 4 68 00000000 12
0 4 69 00000000 12
0 4 70 00000000 12
0 4 71 00000000 12
0 4 72 00000000 12
0 4 73 00000000 12
0 4 74 00000000 12
0 4 75 00000000 12
0 4 76 00000000 12
0 4 77 00000000 12
0 4 78 00000000 12
0 4 79 00000000 12
0 4 80 00000000 12
0 4 81 00000000 12
0 4 82 00000000 12
0 4 83 00000000 12
0 4 84 00000000 12
0 4 85 00000000 12
0 4 86 00000000 12
0 4 87 00000000 12
0 4 88 00000000 12
0 4 89 00000000 12
0 4 90 00000000 12
0 4 91 00000000 12
0 4 92 00000000 12
0 4 93 00000000 12
0 4 94 00000000 12
0 4 95 00000000 12
0 4 96 00000000 12
0 4 97 00000000 12
0 4 98 00000000 12
0 4 99 00000000 12
0 4 100 00000000 12
0 4 101 00000000 12
0 4 102 00000000 12
0 4 103 00000000 12
0 4 104 00000000 12
0 4 105 00000000 12
0 4 106 00000000 12
0 4 107 00000000 12
0 4 108 00000000 12
0 4 109 00000000 12
0 4 110 00000000 12
0 4 111 00000000 12
0 4 112 00000000 12
0 4 113 00000000 12
0 4 114 00000000 12
0 4 115 00000000 12
0 4 116 00000000 12
0 4 117 00000000 12
0 4 118 00000000 12
0 4 119 00000000 12
0 4 120 00000000 12
0 4 121 00000000 12
0 4 122 00000000 12
0 4 123 00000000 12
0 4 124 00000000 12
0 4 125 00000000 12
0 4 126 00000000 12
0 4 127 00000000 12
0 4 128 00000000 12
0 4 129 00000000 12
0 4 130 00000000 12
0 4 131 00000000 12
0 4 132 00000000 12
0 4 133 00000000 12
0 4 134 00000000 12
0 4 135 00000000 12
0 4 136 00000000 12
0 4 137 00000000 12
0 4 138 00000000 12
0 4 139 00000000 12
0 4 140 00000000 12
0 4 141 00000000 12
0 4 142 00000000 12
0 4 143 00000000 12
0 4 144 00000000 12
0 4 145 00000000 12
0 4 146 00000000 12
0 4 147 00000000 12
0 4 148 00000000 12
0 4 149 00000000 12
0 4 150 00000000 12
0 4 151 00000000 12
0 4 152 00000000 12
0 4 153 00000000 12
0 4 154 00000000 12
0 4 155 00000000 12
0 4 156 00000000 12
0 4 157 00000000 12
0 4 158 00000000 12
0 4 159 00000000 12
0 4 160 00000000 12
0 4 161 00000000 12
0 4 162 00000000 12
0 4 163 00000000 12
0 4 164 00000000 12
0 4 165 00000000 12
0 4 166 00000000 12
0 4 167 00000000 12
0 4 168 00000000 12
0 4 169 00000000 12
0 4 170 00000000 12
0 4 171 00000000 12
0 4 172 00000000 12
0 4 173 00000000 12
0 4 174 00000000 12
0 4 175 00000000 12
0 4 176 00000000 12
0 4 177 00000000 12
0 4 178 00000000 12
0 4 179 00000000 12
0 4 180 00000000 12
0 4 181 00000000 12
0 4 182 00000000 12
0 4 183 00000000 12
0 4 184 00000000 12
0 4 185 00000000 12
0 4 186 00000000 12
0 4 187 00000000 12
0 4 188 00000000 12
0 4 189 00000000 12
0 4 190 00000000 12
0 4 191 00000000 12
0 4 192 00000000 12
0 4 193 00000000 12
0 4 194 00000000 12
0 4 195 00000000 12
0 4 196 00000000 12
0 4 197 00000000 12
0 4 198 00000000 12
0 4 199 00000000 12
0 4 200 00000000 12
0 4 201 00000000 12
0 4 202 00000000 12
0 4 203 00000000 12
0 4 204 00000000 12
0 4 205 00000000 12
0 4 206 00000000 12
0 4 207 00000000 12
0 4 208 00000000 12
0 4 209 00000000 12
0 4 210 00000000 12
0 4 211 00000000 12
0 4 212 00000000 12
0 4 213 00000000 12
0 4 214 00000000 12
0 4 215 00000000 12
0 4 216 00000000 12
0 4 217 00000000 12
0 4 218 00000000 12
0 4 219 00000000 12
0 4 220 00000000 12
0 4 221 00000000 12
0 4 222 00000000 12
0 4 223 00000000 12
0 4 224 00000000 12
0 4 225 00000000 12
0 4 226 00000000 12
0 4 227 00000000 12
0 4 228 00000000 12
0 4 229 00000000 12
0 4 230 00000000 12
0 4 231 00000000 12
0 4 232 00000000 12
0 4 233 00000000 12
0 4 234 00000000 12
0 4 235 00000000 12
0 4 236 00000000 12
0 4 237 00000000 12
0 4 238 00000000 12
0 4 239 00000000 12
0 4 240 00000000 12
0 4 241 00000000 12
0 4 242 00000000 12
0 4 243 00000000 12
0 4 244 00000000 12
0 4 245 00000000 12
0 4 246 00000000 12
0 4 247 00000000 12
0 4 248 00000000 12
0 4 249 00000000 12
0 4 250 00000000 12
0 4 251 00000000 12
0 4 252 00000000 12
0 4 253 00000000 12
0 4 254 00000000 12
0 4 255 00000000 12
0 4 256 00000000 12
0 4 257 00000000 12
0 4 258 00000000 12
0 4 259 00000000 12
0 4 260 00000000 12
0 4 261 00000000 12
0 4 262 00000000 12
0 4 263 00000000 12
0 4 264 00000000 12
0 4 265 00000000 12
0 4 266 00000000 12
0 4 267 00000000 12
0 4 268 00000000 12
0 4 269 00000000 12
0 4 270 00000000 12
0 4 271 00000000 12
0 4 272 00000000 12
0 4 273 00000000 12
0 4 274 00000000 12
0 4 275 00000000 12
0 4 276 00000000 12
0 4 277 00000000 12
0 4 278 00000000 12
0 4 279 00000000 12
0 4 280 00000000 12
0 4 281 00000000 12
0 4 282 00000000 12
0 4 283 00000000 12
0 4 284 00000000 12
0 4 285 00000000 12
0 4 286 00000000 12
0 4 287 00000000 12
0 4 288 00000000 12
0 4 289 00000000 12
0 4 290 00000000 12
0 4 291 00000000 12
0 4 292 00000000 12
0 4 293 00000000 12
0 4 294 00000000 12
0 4 295 00000000 12
0 4 296 00000000 12
0 4 297 00000000 12
0 4 298 00000000 12
0 4 299 00000000 12
0 4 300 00000000 12
0 4 301 00000000 12
0 4 302 00000000 12
0 4 303 00000000 12
0 4 304 00000000 12
0 4 305 00000000 12
0 4 306 00000000 12
0 4 307 00000000 12
0 4 308 00000000 12
0 4 309 00000000 12
0 4 310 00000000 12
0 4 311 00000000 12
0 4 312 00000000 12
0 4 313 00000000 12
0 4 314 00000000 12
0 4 315 00000000 12
0 4 316 00000000 12
0 4 317 00000000 12
0 4 318 00000000 12
0 4 319 00000000 12
0 4 320 00000000 12
0 4 321 00000000 12
0 4 322 00000000 12
0 4 323 00000000 12
0 4 324 00000000 12
0 4 325 00000000 12
0 4 326 00000000 12
0 4 327 00000000 12
0 4 328 00000000 12
0 4 329 00000000 12
0 4 330 00000000 12
0 4 331 00000000 12
0 4 332 00000000 12
0 4 333 00000000 12
0 4 334 00000000 12
0 4 335 00000000 12
0 4 336 00000000 12
0 4 337 00000000 12
0 4 338 00000000 12
0 4 339 00000000 12
0 4 340 00000000 12
0 4 341 00000000 12
0 4 342 00000000 12
0 4 343 00000000 12
0 4 344 00000000 12
0 4 345 00000000 12
0 4 346 00000000 12
0 4 347 00000000 12
0 4 348 00000000 12
0 4 349 00000000 12
0 4 350 00000000 12
0 4 351 00000000 12
0 4 352 00000000 12
0 4 353 00000000 12
0 4 354 00000000 12
0 4 355 00000000 12
0 4 356 00000000 12
0 4 357 00000000 12
0 4 358 00000000 12
0 4 359 00000000 12
0 4 360 00000000 12
0 4 361 00000000 12
0 4 362 00000000 12
0 4 363 00000000 12
0 4 364 00000000 12
0 4 365 00000000 12
0 4 366 00000000 12
0 4 367 00000000 12
0 4 368 00000000 12
0 4 369 00000000 12
0 4 370 00000000 12
0 4 371 00000000 12
0 4 372 00000000 12
0 4 373 00000000 12
0 4 374 00000000 12
0 4 375 00000000 12
0 4 376 00000000 12
0 4 377 00000000 12
0 4 378 00000000 12
0 4 379 00000000 12
0 4 380 00000000 12
0 4 381 00000000 12
0 4 382 00000000 12
0 4 383 00000000 12
0 4 384 00000000 12
0 4 385 00000000 12
0 4 386 00000000 12
0 4 387 00000000 12
0 4 388 00000000 12
0 4 389 00000000 12
0 4 390 00000000 12
0 4 391 00000000 12
0 4 392 00000000 12
0 4 393 00000000 12
0 4 394 00000000 12
0 4 395 00000000 12
0 4 396 00000000 12
0 4 397 00000000 12
0 4 398 00000000 12
0 4 399 00000000 12
0 4 400 00000000 12
0 4 401 00000000 12
0 4 402 00000000 12
0 4 403 00000000 12
0 4 404 00000000 12
0 4 405 00000000 12
0 4 406 00000000 12
0 4 407 00000000 12
0 4 408 00000000 12
0 4 409 00000000 12
0 4 410 00000000 12
0 4 411 00000000 12
0 4 412 00000000 12
0 4 413 00000000 12
0 4 414 00000000 12
0 4 415 00000000 12
0 4 416 00000000 12
0 4 417 00000000 12
0 4 418 00000000 12
0 4 419 00000000 12
0 4 420 00000000 12
0 4 421 00000000 12
0 4 422 00000000 12
0 4 423 00000000 12
0 4 424 00000000 12
0 4 425 00000000 12
0 4 426 00000000 12
0 4 427 00000000 12
0 4 428 00000000 12
0 4 429 00000000 12
0 4 430 00000000 12
0 4 431 00000000 12
0 4 432 00000000 12
0 4 433 00000000 12
0 4 434 00000000 12
0 4 435 00000000 12
0 4 436 00000000 12
0 4 437 00000000 12
0 4 438 00000000 12
0 4 439 00000000 12
0 4 440 00000000 12
0 4 441 00000000 12
0 4 442 00000000 12
0 4 443 00000000 12
0 4 444 00000000 12
0 4 445 00000000 12
0 4 446 00000000 12
0 4 447 00000000 12
0 4 448 00000000 12
0 4 449 00000000 12
0 4 450 00000000 12
0 4 451 00000000 12
0 4 452 00000000 12
0 4 453 00000000 12
0 4 454 00000000 12
0 4 455 00000000 12
0 4 456 00000000 12
0 4 457 00000000 12
0 4 458 00000000 12
0 4 459 00000000 12
0 4 460 00000000 12
0 4 461 00000000 12
0 4 462 00000000 12
0 4 463 00000000 12
0 4 464 00000000 12
0 4 465 00000000 12
0 4 466 00000000 12
0 4 467 00000000 12
0 4 468 00000000 12
0 4 469 00000000 12
0 4 470 00000000 12
0 4 471 00000000 12
0 4 472 00000000 12
0 4 473 00000000 12
0 4 474 00000000 12
0 4 475 00000000 12
0 4 476 00000000 12
0 4 477 00000000 12
0 4 478 00000000 12
0 4 479 00000000 12
0 4 480 00000000 12
0 4 481 00000000 12
0 4 482 00000000 12
0 4 483 00000000 12
0 4 484 00000000 12
0 4 485 00000000 12
0 4 486 00000000 12
0 4 487 00000000 12
0 4 488 00000000 12
0 4 489 00000000 12
0 4 490 00000000 12
0 4 491 00000000 12
0 4 492 00000000 12
0 4 493 00000000 12
0 4 494 00000000 12
0 4 495 00000000 12
0 4 496 00000000 12
0 4 497 00000000 12
0 4 498 00000000 12
0 4 499 00000000 12
0 4 500 00000000 12
0 4 501 00000000 12
0 4 502 00000000 12
0 4 503 00000000 12
0 4 504 00000000 12
0 4 505 00000000 12
0 4 506 00000000 12
0 4 507 00000000 12
0 4 508 00000000 12
0 4 509 00000000 12
0 4 510 00000000 12
0 4 511 00000000 12
0 4 512 00000000 12
0 4 513 00000000 12
0 4 514 00000000 12
0 4 515 00000000 12
0 4 516 00000000 12
0 4 517 00000000 12
0 4 518 00000000 12
0 4 519 00000000 12
0 4 520 00000000 12
0 4 521 00000000 12
0 4 522 00000000 12
0 4 523 00000000 12
0 4 524 00000000 12
0 4 525 00000000 12
0 4 526 00000000 12
0 4 527 00000000 12
0 4 528 00000000 12
0 4 529 00000000 12
0 4 530 00000000 12
0 4 531 00000000 12
0 4 532 00000000 12
0 4 533 00000000 12
0 4 534 00000000 12
0 4 535 00000000 12
0 4 536 00000000 12
0 4 537 00000000 12
0 4 538 00000000 12
0 4 539 00000000 12
0 4 540 00000000 12
0 4 541 00000000 12
0 4 542 00000000 12
0 4 543 00000000 12
0 4 544 00000000 12
0 4 545 00000000 12
0 4 546 00000000 12
0 4 547 00000000 12
0 4 548 00000000 12
0 4 549 00000000 12
0 4 550 00000000 12
0 4 551 00000000 12
0 4 552 00000000 12
0 4 553 00000000 12
0 4 554 00000000 12
0 4 555 00000000 12
0 4 556 00000000 12
0 4 557 00000000 12
0 4 558 00000000 12
0 4 559 00000000 12
0 4 560 00000000 12
0 4 561 00000000 12
0 4 562 00000000 12
0 4 563 00000000 12
0 4 564 00000000 12
0 4 565 00000000 12
0 4 566 00000000 12
0 4 567 00000000 12
0 4 568 00000000 12
0 4 569 00000000 12
0 4 570 00000000 12
0 4 571 00000000 12
0 4 572 00000000 12
0 4 573 00000000 12
0 4 574 00000000 12
0 4 575 00000000 12
0 4 576 00000000 12
0 4 577 00000000 12
0 4 578 00000000 12
0 4 579 00000000 12
0 4 580 00000000 12
0 4 581 00000000 12
0 4 582 00000000 12
0 4 583 00000000 12
0 4 584 00000000 12
0 4 585 00000000 12
0 4 586 00000000 12
0 4 587 00000000 12
0 4 588 00000000 12
0 4 589 00000000 12
0 4 590 00000000 12
0 4 591 00000000 12
0 4 592 00000000 12
0 4 593 00000000 12
0 4 594 00000000 12
0 4 595 00000000 12
0 4 596 00000000 12
0 4 597 00000000 12
0 4 598 00000000 12
0 4 599 00000000 12
0 4 600 00000000 12
0 4 601 00000000 12
0 4 602 00000000 12
0 4 603 00000000 12
0 4 604 00000000 12
0 4 605 00000000 12
0 4 606 00000000 12
0 4 607 00000000 12
0 4 608 00000000 12
0 4 609 00000000 12
0 4 610 00000000 12
0 4 611 00000000 12
0 4 612 00000000 12
0 4 613 00000000 12
0 4 614 00000000 12
0 4 615 00000000 12
0 4 616 00000000 12
0 4 617 00000000 12
0 4 618 00000000 12
0 4 619 00000000 12
0 4 620 00000000 12
0 4 621 00000000 12
0 4 622 00000000 12
0 4 623 00000000 12
0 4 624 00000000 12
0 4 625 00000000 12
0 4 626 00000000 12
0 4 627 00000000 12
0 4 628 00000000 12
0 4 629 00000000 12
0 4 630 00000000 12
0 4 631 00000000 12
0 4 632 00000000 12
0 4 633 00000000 12
0 4 634 00000000 12
0 4 635 00000000 12
0 4 636 00000000 12
0 4 637 00000000 12
0 4 638 00000000 12
0 4 639 00000000 12
0 4 640 00000000 12
0 4 641 00000000 12
0 4 642 00000000 12
0 4 643 00000000 12
0 4 644 00000000 12
0 4 645 00000000 12
0 4 646 00000000 12
0 4 647 00000000 12
0 4 648 00000000 12
0 4 649 00000000 12
0 4 650 00000000 12
0 4 651 00000000 12
0 4 652 00000000 12
0 4 653 00000000 12
0 4 654 00000000 12
0 4 655 00000000 12
0 4 656 00000000 12
0 4 657 00000000 12
0 4 658 00000000 12
0 4 659 00000000 12
0 4 660 00000000 12
0 4 661 00000000 12
0 4 662 00000000 12
0 4 663 00000000 12
0 4 664 00000000 12
0 4 665 00000000 12
0 4 666 00000000 12
0 4 667 00000000 12
0 4 668 00000000 12
0 4 669 00000000 12
0 4 670 00000000 12
0 4 671 00000000 12
0 4 672 00000000 12
0 4 673 00000000 12
0 4 674 00000000 12
0 4 675 00000000 12
0 4 676 00000000 12
0 4 677 00000000 12
0 4 678 00000000 12
0 4 679 00000000 12
0 4 680 00000000 12
0 4 681 00000000 12
0 4 682 00000000 12
0 4 683 00000000 12
0 4 684 00000000 12
0 4 685 00000000 12
0 4 686 00000000 12
0 4 687 00000000 12
0 4 688 00000000 12
0 4 689 00000000 12
0 4 690 00000000 12
0 4 691 00000000 12
0 4 692 00000000 12
0 4 693 00000000 12
0 4 694 00000000 12
0 4 695 00000000 12
0 4 696 00000000 12
0 4 697 00000000 12
0 4 698 00000000 12
0 4 699 00000000 12
0 4 700 00000000 12
0 4 701 00000000 12
0 4 702 00000000 12
0 4 703 00000000 12
0 4 704 00000000 12
0 4 705 00000000 12
0 4 706 00000000 12
0 4 707 00000000 12
0 4 708 00000000 12
0 4 709 00000000 12
0 4 710 00000000 12
0 4 711 00000000 12
0 4 712 00000000 12
0 4 713 00000000 12
0 4 714 00000000 12
0 4 715 00000000 12
0 4 716 00000000 12
0 4 717 00000000 12
0 4 718 00000000 12
0 4 719 00000000 12
0 4 720 00000000 12
0 4 721 00000000 12
0 4 722 00000000 12
0 4 723 00000000 12
0 4 724 00000000 12
0 4 725 00000000 12
0 4 726 00000000 12
0 4 727 00000000 12
0 4 728 00000000 12
0 4 729 00000000 12
0 4 730 00000000 12
0 4 731 00000000 12
0 4 732 00000000 12
0 4 733 00000000 12
0 4 734 00000000 12
0 4 735 00000000 12
0 4 736 00000000 12
0 4 737 00000000 12
0 4 738 00000000 12
0 4 739 00000000 12
0 4 740 00000000 12
0 4 741 00000000 12
0 4 742 00000000 12
0 4 743 00000000 12
0 4 744 00000000 12
0 4 745 00000000 12
0 4 746 00000000 12
0 4 747 00000000 12
0 4 748 00000000 12
0 4 749 00000000 12
0 4 750 00000000 12
0 4 751 00000000 12
0 4 752 00000000 12
0 4 753 00000000 12
0 4 754 00000000 12
0 4 755 00000000 12
0 4 756 00000000 12
0 4 757 00000000 12
0 4 758 00000000 12
0 4 759 00000000 12
0 4 760 00000000 12
0 4 761 00000000 12
0 4 762 00000000 12
0 4 763 00000000 12
0 4 764 00000000 12
0 4 765 00000000 12
0 4 766 00000000 12
0 4 767 00000000 12
0 4 768 00000000 12
0 4 769 00000000 12
0 4 770 00000000 12
0 4 771 00000000 12
0 4 772 00000000 12
0 4 773 00000000 12
0 4 774 00000000 12
0 4 775 00000000 12
0 4 776 00000000 12
0 4 777 00000000 12
0 4 778 00000000 12
0 4 779 00000000 12
0 4 780 00000000 12
0 4 781 00000000 12
0 4 782 00000000 12
0 4 783 00000000 12
0 4 784 00000000 12
0 4 785 00000000 12
0 4 786 00000000 12
0 4 787 00000000 12
0 4 788 00000000 12
0 4 789 00000000 12
0 4 790 00000000 12
0 4 791 00000000 12
0 4 792 00000000 12
0 4 793 00000000 12
0 4 794 00000000 12
0 4 795 00000000 12
0 4 796 00000000 12
0 4 797 00000000 12
0 4 798 00000000 12
0 4 799 00000000 12
0 4 800 00000000 12
0 4 801 00000000 12
0 4 802 00000000 12
0 4 803 00000000 12
0 4 804 00000000 12
0 4 805 00000000 12
0 4 806 00000000 12
0 4 807 00000000 12
0 4 808 00000000 12
0 4 809 00000000 12
0 4 810 00000000 12
0 4 811 00000000 12
0 4 812 00000000 12
0 4 813 00000000 12
0 4 814 00000000 12
0 4 815 00000000 12
0 4 816 00000000 12
0 4 817 00000000 12
0 4 818 00000000 12
0 4 819 00000000 12
0 4 820 00000000 12
0 4 821 00000000 12
0 4 822 00000000 12
0 4 823 00000000 12
0 4 824 00000000 12
0 4 825 00000000 12
0 4 826 00000000 12
0 4 827 00000000 12
0 4 828 00000000 12
0 4 829 00000000 12
0 4 830 00000000 12
0 4 831 00000000 12
0 4 832 00000000 12
0 4 833 00000000 12
0 4 834 00000000 12
0 4 835 00000000 12
0 4 836 00000000 12
0 4 837 00000000 12
0 4 838 00000000 12
0 4 839 00000000 12
0 4 840 00000000 12
0 4 841 00000000 12
0 4 842 00000000 12
0 4 843 00000000 12
0 4 844 00000000 12
0 4 845 00000000 12
0 4 846 00000000 12
0 4 847 00000000 12
0 4 848 00000000 12
0 4 849 00000000 12
0 4 850 00000000 12
0 4 851 00000000 12
0 4 852 00000000 12
0 4 853 00000000 12
0 4 854 00000000 12
0 4 855 00000000 12
0 4 856 00000000 12
0 4 857 00000000 12
0 4 858 00000000 12
0 4 859 00000000 12
0 4 860 00000000 12
0 4 861 00000000 12
0 4 862 00000000 12
0 4 863 00000000 12
0 4 864 00000000 12
0 4 865 00000000 12
0 4 866 00000000 12
0 4 867 00000000 12
0 4 868 00000000 12
0 4 869 00000000 12
0 4 870 00000000 12
0 4 871 00000000 12
0 4 872 00000000 12
0 4 873 00000000 12
0 4 874 00000000 12
0 4 875 00000000 12
0 4 876 00000000 12
0 4 877 00000000 12
0 4 878 00000000 12
0 4 879 00000000 12
0 4 880 00000000 12
0 4 881 00000000 12
0 4 882 00000000 12
0 4 883 00000000 12
0 4 884 00000000 12
0 4 885 00000000 12
0 4 886 00000000 12
0 4 887 00000000 12
0 4 888 00000000 12
0 4 889 00000000 12
0 4 890 00000000 12
0 4 891 00000000 12
0 4 892 00000000 12
0 4 893 00000000 12
0 4 894 00000000 12
0 4 895 00000000 12
0 4 896 00000000 12
0 4 897 00000000 12
0 4 898 00000000 12
0 4 899 00000000 12
0 4 900 00000000 12
0 4 901 00000000 12
0 4 902 00000000 12
0 4 903 00000000 12
0 4 904 00000000 12
0 4 905 00000000 12
0 4 906 00000000 12
0 4 907 00000000 12
0 4 908 00000000 12
0 4 909 00000000 12
0 4 910 00000000 12
0 4 911 00000000 12
0 4 912 00000000 12
0 4 913 00000000 12
0 4 914 00000000 12
0 4 915 00000000 12
0 4 916 00000000 12
0 4 917 00000000 12
0 4 918 00000000 12
0 4 919 00000000 12
0 4 920 00000000 12
0 4 921 00000000 12
0 4 922 00000000 12
0 4 923 00000000 12
0 4 924 00000000 12
0 4 925 00000000 12
0 4 926 00000000 12
0 4 927 00000000 12
0 4 928 00000000 12
0 4 929 00000000 12
0 4 930 00000000 12
0 4 931 00000000 12
0 4 932 00000000 12
0 4 933 00000000 12
0 4 934 00000000 12
0 4 935 00000000 12
0 4 936 00000000 12
0 4 937 00000000 12
0 4 938 00000000 12
0 4 939 00000000 12
0 4 940 00000000 12
0 4 941 00000000 12
0 4 942 00000000 12
0 4 943 00000000 12
0 4 944 00000000 12
0 4 945 00000000 12
0 4 946 00000000 12
0 4 947 00000000 12
0 4 948 00000000 12
0 4 949 00000000 12
0 4 950 00000000 12
0 4 951 00000000 12
0 4 952 00000000 12
0 4 953 00000000 12
0 4 954 00000000 12
0 4 955 00000000 12
0 4 956 00000000 12
0 4 957 00000000 12
0 4 958 00000000 12
0 4 959 00000000 12
0 4 960 00000000 12
0 4 961 00000000 12
0 4 962 00000000 12
0 4 963 00000000 12
0 4 964 00000000 12
0 4 965 00000000 12
0 4 966 00000000 12
0 4 967 00000000 12
0 4 968 00000000 12
0 4 969 00000000 12
0 4 970 00000000 12
0 4 971 00000000 12
0 4 972 00000000 12
0 4 973 00000000 12
0 4 974 00000000 12
0 4 975 00000000 12
0 4 976 00000000 12
0 4 977 00000000 12
0 4 978 00000000 12
0 4 979 00000000 12
0 4 980 00000000 12
0 4 981 00000000 12
0 4 982 00000000 12
0 4 983 00000000 12
0 4 984 00000000 12
0 4 985 00000000 12
0 4 986 00000000 12
0 4 987 00000000 12
0 4 988 00000000 12
0 4 989 00000000 12
0 4 990 00000000 12
0 4 991 00000000 12
0 4 992 00000000 12
0 4 993 00000000 12
0 4 994 00000000 12
0 4 995 00000000 12
0 4 996 00000000 12
0 4 997 00000000 12
0 4 998 00000000 12
0 4 999 00000000 12
0 4 1000 00000000 12
0 4 1001 00000000 12
0 4 1002 00000000 12
0 4 1003 00000000 12
0 4 1004 00000000 12
0 4 1005 00000000 12
0 4 1006 00000000 12
0 4 1007 00000000 12
0 4 1008 00000000 12
0 4 1009 00000000 12
0 4 1010 00000000 12
0 4 1011 00000000 12
0 4 1012 00000000 12
0 4 1013 00000000 12
0 4 1014 00000000 12
0 4 1015 00000000 12
0 4 1016 00000000 12
0 4 1017 00000000 12
0 4 1018 00000000 12
0 4 1019 00000000 12
0 4 1020 00000000 12
0 4 1021 00000000 12
0 4 1022 00000000 12
0 4 1023 00000000 12
0 5 0 00000000 12
0 5 1 00000000 12
0 5 2 00000000 12
0 5 3 00000000 12
0 5 4 00000000 12
0 5 5 00000000 12
0 5 6 00000000 12
0 5 7 00000000 12
0 5 8 00000000 12
0 5 9 00000000 12
0 5 10 00000000 12
0 5 11 00000000 12
0 5 12 00000000 12
0 5 13 00000000 12
0 5 14 00000000 12
0 5 15 00000000 12
0 5 16 00000000 12
0 5 17 00000000 12
0 5 18 00000000 12
0 5 19 00000000 12
0 5 20 00000000 12
0 5 21 00000000 12
0 5 22 00000000 12
0 5 23 00000000 12
0 5 24 00000000 12
0 5 25 00000000 12
0 5 26 00000000 12
0 5 27 00000000 12
0 5 28 00000000 12
0 5 29 00000000 12
0 5 30 00000000 12
0 5 31 00000000 12
0 5 32 00000000 12
0 5 33 00000000 12
0 5 34 00000000 12
0 5 35 00000000 12
0 5 36 00000000 12
0 5 37 00000000 12
0 5 38 00000000 12
0 5 39 00000000 12
0 5 40 00000000 12
0 5 41 00000000 12
0 5 42 00000000 12
0 5 43 00000000 12
0 5 44 00000000 12
0 5 45 00000000 12
0 5 46 00000000 12
0 5 47 00000000 12
0 5 48 00000000 12
0 5 49 00000000 12
0 5 50 00000000 12
0 5 51 00000000 12
0 5 52 00000000 12
0 5 53 00000000 12
0 5 54 00000000 12
0 5 55 00000000 12
0 5 56 00000000 12
0 5 57 00000000 12
0 5 58 00000000 12
0 5 59 00000000 12
0 5 60 00000000 12
0 5 61 00000000 12
0 5 62 00000000 12
0 5 63 00000000 12
0 5 64 00000000 12
0 5 65 00000000 12
0 5 66 00000000 12
0 5 67 00000000 12
0 5 68 00000000 12
0 5 69 00000000 12
0 5 70 00000000 12
0 5 71 00000000 12
0 5 72 00000000 12
0 5 73 00000000 12
0 5 74 00000000 12
0 5 75 00000000 12
0 5 76 00000000 12
0 5 77 00000000 12
0 5 78 00000000 12
0 5 79 00000000 12
0 5 80 00000000 12
0 5 81 00000000 12
0 5 82 00000000 12
0 5 83 00000000 12
0 5 84 00000000 12
0 5 85 00000000 12
0 5 86 00000000 12
0 5 87 00000000 12
0 5 88 00000000 12
0 5 89 00000000 12
0 5 90 00000000 12
0 5 91 00000000 12
0 5 92 00000000 12
0 5 93 00000000 12
0 5 94 00000000 12
0 5 95 00000000 12
0 5 96 00000000 12
0 5 97 00000000 12
0 5 98 00000000 12
0 5 99 00000000 12
0 5 100 00000000 12
0 5 101 00000000 12
0 5 102 00000000 12
0 5 103 00000000 12
0 5 104 00000000 12
0 5 105 00000000 12
0 5 106 00000000 12
0 5 107 00000000 12
0 5 108 00000000 12
0 5 109 00000000 12
0 5 110 00000000 12
0 5 111 00000000 12
0 5 112 00000000 12
0 5 113 00000000 12
0 5 114 00000000 12
0 5 115 00000000 12
0 5 116 00000000 12
0 5 117 00000000 12
0 5 118 00000000 12
0 5 119 00000000 12
0 5 120 00000000 12
0 5 121 00000000 12
0 5 122 00000000 12
0 5 123 00000000 12
0 5 124 00000000 12
0 5 125 00000000 12
0 5 126 00000000 12
0 5 127 00000000 12
0 5 128 00000000 12
0 5 129 00000000 12
0 5 130 00000000 12
0 5 131 00000000 12
0 5 132 00000000 12
0 5 133 00000000 12
0 5 134 00000000 12
0 5 135 00000000 12
0 5 136 00000000 12
0 5 137 00000000 12
0 5 138 00000000 12
0 5 139 00000000 12
0 5 140 00000000 12
0 5 141 00000000 12
0 5 142 00000000 12
0 5 143 00000000 12
0 5 144 00000000 12
0 5 145 00000000 12
0 5 146 00000000 12
0 5 147 00000000 12
0 5 148 00000000 12
0 5 149 00000000 12
0 5 150 00000000 12
0 5 151 00000000 12
0 5 152 00000000 12
0 5 153 00000000 12
0 5 154 00000000 12
0 5 155 00000000 12
0 5 156 00000000 12
0 5 157 00000000 12
0 5 158 00000000 12
0 5 159 00000000 12
0 5 160 00000000 12
0 5 161 00000000 12
0 5 162 00000000 12
0 5 163 00000000 12
0 5 164 00000000 12
0 5 165 00000000 12
0 5 166 00000000 12
0 5 167 00000000 12
0 5 168 00000000 12
0 5 169 00000000 12
0 5 170 00000000 12
0 5 171 00000000 12
0 5 172 00000000 12
0 5 173 00000000 12
0 5 174 00000000 12
0 5 175 00000000 12
0 5 176 00000000 12
0 5 177 00000000 12
0 5 178 00000000 12
0 5 179 00000000 12
0 5 180 00000000 12
0 5 181 00000000 12
0 5 182 00000000 12
0 5 183 00000000 12
0 5 184 00000000 12
0 5 185 00000000 12
0 5 186 00000000 12
0 5 187 00000000 12
0 5 188 00000000 12
0 5 189 00000000 12
0 5 190 00000000 12
0 5 191 00000000 12
0 5 192 00000000 12
0 5 193 00000000 12
0 5 194 00000000 12
0 5 195 00000000 12
0 5 196 00000000 12
0 5 197 00000000 12
0 5 198 00000000 12
0 5 199 00000000 12
0 5 200 00000000 12
0 5 201 00000000 12
0 5 202 00000000 12
0 5 203 00000000 12
0 5 204 00000000 12
0 5 205 00000000 12
0 5 206 00000000 12
0 5 207 00000000 12
0 5 208 00000000 12
0 5 209 00000000 12
0 5 210 00000000 12
0 5 211 00000000 12
0 5 212 00000000 12
0 5 213 00000000 12
0 5 214 00000000 12
0 5 215 00000000 12
0 5 216 00000000 12
0 5 217 00000000 12
0 5 218 00000000 12
0 5 219 00000000 12
0 5 220 00000000 12
0 5 221 00000000 12
0 5 222 00000000 12
0 5 223 00000000 12
0 5 224 00000000 12
0 5 225 00000000 12
0 5 226 00000000 12
0 5 227 00000000 12
0 5 228 00000000 12
0 5 229 00000000 12
0 5 230 00000000 12
0 5 231 00000000 12
0 5 232 00000000 12
0 5 233 00000000 12
0 5 234 00000000 12
0 5 235 00000000 12
0 5 236 00000000 12
0 5 237 00000000 12
0 5 238 00000000 12
0 5 239 00000000 12
0 5 240 00000000 12
0 5 241 00000000 12
0 5 242 00000000 12
0 5 243 00000000 12
0 5 244 00000000 12
0 5 245 00000000 12
0 5 246 00000000 12
0 5 247 00000000 12
0 5 248 00000000 12
0 5 249 00000000 12
0 5 250 00000000 12
0 5 251 00000000 12
0 5 252 00000000 12
0 5 253 00000000 12
0 5 254 00000000 12
0 5 255 00000000 12
0 5 256 00000000 12
0 5 257 00000000 12
0 5 258 00000000 12
0 5 259 00000000 12
0 5 260 00000000 12
0 5 261 00000000 12
0 5 262 00000000 12
0 5 263 00000000 12
0 5 264 00000000 12
0 5 265 00000000 12
0 5 266 00000000 12
0 5 267 00000000 12
0 5 268 00000000 12
0 5 269 00000000 12
0 5 270 00000000 12
0 5 271 00000000 12
0 5 272 00000000 12
0 5 273 00000000 12
0 5 274 00000000 12
0 5 275 00000000 12
0 5 276 00000000 12
0 5 277 00000000 12
0 5 278 00000000 12
0 5 279 00000000 12
0 5 280 00000000 12
0 5 281 00000000 12
0 5 282 00000000 12
0 5 283 00000000 12
0 5 284 00000000 12
0 5 285 00000000 12
0 5 286 00000000 12
0 5 287 00000000 12
0 5 288 00000000 12
0 5 289 00000000 12
0 5 290 00000000 12
0 5 291 00000000 12
0 5 292 00000000 12
0 5 293 00000000 12
0 5 294 00000000 12
0 5 295 00000000 12
0 5 296 00000000 12
0 5 297 00000000 12
0 5 298 00000000 12
0 5 299 00000000 12
0 5 300 00000000 12
0 5 301 00000000 12
0 5 302 00000000 12
0 5 303 00000000 12
0 5 304 00000000 12
0 5 305 00000000 12
0 5 306 00000000 12
0 5 307 00000000 12
0 5 308 00000000 12
0 5 309 00000000 12
0 5 310 00000000 12
0 5 311 00000000 12
0 5 312 00000000 12
0 5 313 00000000 12
0 5 314 00000000 12
0 5 315 00000000 12
0 5 316 00000000 12
0 5 317 00000000 12
0 5 318 00000000 12
0 5 319 00000000 12
0 5 320 00000000 12
0 5 321 00000000 12
0 5 322 00000000 12
0 5 323 00000000 12
0 5 324 00000000 12
0 5 325 00000000 12
0 5 326 00000000 12
0 5 327 00000000 12
0 5 328 00000000 12
0 5 329 00000000 12
0 5 330 00000000 12
0 5 331 00000000 12
0 5 332 00000000 12
0 5 333 00000000 12
0 5 334 00000000 12
0 5 335 00000000 12
0 5 336 00000000 12
0 5 337 00000000 12
0 5 338 00000000 12
0 5 339 00000000 12
0 5 340 00000000 12
0 5 341 00000000 12
0 5 342 00000000 12
0 5 343 00000000 12
0 5 344 00000000 12
0 5 345 00000000 12
0 5 346 00000000 12
0 5 347 00000000 12
0 5 348 00000000 12
0 5 349 00000000 12
0 5 350 00000000 12
0 5 351 00000000 12
0 5 352 00000000 12
0 5 353 00000000 12
0 5 354 00000000 12
0 5 355 00000000 12
0 5 356 00000000 12
0 5 357 00000000 12
0 5 358 00000000 12
0 5 359 00000000 12
0 5 360 00000000 12
0 5 361 00000000 12
0 5 362 00000000 12
0 5 363 00000000 12
0 5 364 00000000 12
0 5 365 00000000 12
0 5 366 00000000 12
0 5 367 00000000 12
0 5 368 00000000 12
0 5 369 00000000 12
0 5 370 00000000 12
0 5 371 00000000 12
0 5 372 00000000 12
0 5 373 00000000 12
0 5 374 00000000 12
0 5 375 00000000 12
0 5 376 00000000 12
0 5 377 00000000 12
0 5 378 00000000 12
0 5 379 00000000 12
0 5 380 00000000 12
0 5 381 00000000 12
0 5 382 00000000 12
0 5 383 00000000 12
0 5 384 00000000 12
0 5 385 00000000 12
0 5 386 00000000 12
0 5 387 00000000 12
0 5 388 00000000 12
0 5 389 00000000 12
0 5 390 00000000 12
0 5 391 00000000 12
0 5 392 00000000 12
0 5 393 00000000 12
0 5 394 00000000 12
0 5 395 00000000 12
0 5 396 00000000 12
0 5 397 00000000 12
0 5 398 00000000 12
0 5 399 00000000 12
0 5 400 00000000 12
0 5 401 00000000 12
0 5 402 00000000 12
0 5 403 00000000 12
0 5 404 00000000 12
0 5 405 00000000 12
0 5 406 00000000 12
0 5 407 00000000 12
0 5 408 00000000 12
0 5 409 00000000 12
0 5 410 00000000 12
0 5 411 00000000 12
0 5 412 00000000 12
0 5 413 00000000 12
0 5 414 00000000 12
0 5 415 00000000 12
0 5 416 00000000 12
0 5 417 00000000 12
0 5 418 00000000 12
0 5 419 00000000 12
0 5 420 00000000 12
0 5 421 00000000 12
0 5 422 00000000 12
0 5 423 00000000 12
0 5 424 00000000 12
0 5 425 00000000 12
0 5 426 00000000 12
0 5 427 00000000 12
0 5 428 00000000 12
0 5 429 00000000 12
0 5 430 00000000 12
0 5 431 00000000 12
0 5 432 00000000 12
0 5 433 00000000 12
0 5 434 00000000 12
0 5 435 00000000 12
0 5 436 00000000 12
0 5 437 00000000 12
0 5 438 00000000 12
0 5 439 00000000 12
0 5 440 00000000 12
0 5 441 00000000 12
0 5 442 00000000 12
0 5 443 00000000 12
0 5 444 00000000 12
0 5 445 00000000 12
0 5 446 00000000 12
0 5 447 00000000 12
0 5 448 00000000 12
0 5 449 00000000 12
0 5 450 00000000 12
0 5 451 00000000 12
0 5 452 00000000 12
0 5 453 00000000 12
0 5 454 00000000 12
0 5 455 00000000 12
0 5 456 00000000 12
0 5 457 00000000 12
0 5 458 00000000 12
0 5 459 00000000 12
0 5 460 00000000 12
0 5 461 00000000 12
0 5 462 00000000 12
0 5 463 00000000 12
0 5 464 00000000 12
0 5 465 00000000 12
0 5 466 00000000 12
0 5 467 00000000 12
0 5 468 00000000 12
0 5 469 00000000 12
0 5 470 00000000 12
0 5 471 00000000 12
0 5 472 00000000 12
0 5 473 00000000 12
0 5 474 00000000 12
0 5 475 00000000 12
0 5 476 00000000 12
0 5 477 00000000 12
0 5 478 00000000 12
0 5 479 00000000 12
0 5 480 00000000 12
0 5 481 00000000 12
0 5 482 00000000 12
0 5 483 00000000 12
0 5 484 00000000 12
0 5 485 00000000 12
0 5 486 00000000 12
0 5 487 00000000 12
0 5 488 00000000 12
0 5 489 00000000 12
0 5 490 00000000 12
0 5 491 00000000 12
0 5 492 00000000 12
0 5 493 00000000 12
0 5 494 00000000 12
0 5 495 00000000 12
0 5 496 00000000 12
0 5 497 00000000 12
0 5 498 00000000 12
0 5 499 00000000 12
0 5 500 00000000 12
0 5 501 00000000 12
0 5 502 00000000 12
0 5 503 00000000 12
0 5 504 00000000 12
0 5 505 00000000 12
0 5 506 00000000 12
0 5 507 00000000 12
0 5 508 00000000 12
0 5 509 00000000 12
0 5 510 00000000 12
0 5 511 00000000 12
0 5 512 00000000 12
0 5 513 00000000 12
0 5 514 00000000 12
0 5 515 00000000 12
0 5 516 00000000 12
0 5 517 00000000 12
0 5 518 00000000 12
0 5 519 00000000 12
0 5 520 00000000 12
0 5 521 00000000 12
0 5 522 00000000 12
0 5 523 00000000 12
0 5 524 00000000 12
0 5 525 00000000 12
0 5 526 00000000 12
0 5 527 00000000 12
0 5 528 00000000 12
0 5 529 00000000 12
0 5 530 00000000 12
0 5 531 00000000 12
0 5 532 00000000 12
0 5 533 00000000 12
0 5 534 00000000 12
0 5 535 00000000 12
0 5 536 00000000 12
0 5 537 00000000 12
0 5 538 00000000 12
0 5 539 00000000 12
0 5 540 00000000 12
0 5 541 00000000 12
0 5 542 00000000 12
0 5 543 00000000 12
0 5 544 00000000 12
0 5 545 00000000 12
0 5 546 00000000 12
0 5 547 00000000 12
0 5 548 00000000 12
0 5 549 00000000 12
0 5 550 00000000 12
0 5 551 00000000 12
0 5 552 00000000 12
0 5 553 00000000 12
0 5 554 00000000 12
0 5 555 00000000 12
0 5 556 00000000 12
0 5 557 00000000 12
0 5 558 00000000 12
0 5 559 00000000 12
0 5 560 00000000 12
0 5 561 00000000 12
0 5 562 00000000 12
0 5 563 00000000 12
0 5 564 00000000 12
0 5 565 00000000 12
0 5 566 00000000 12
0 5 567 00000000 12
0 5 568 00000000 12
0 5 569 00000000 12
0 5 570 00000000 12
0 5 571 00000000 12
0 5 572 00000000 12
0 5 573 00000000 12
0 5 574 00000000 12
0 5 575 00000000 12
0 5 576 00000000 12
0 5 577 00000000 12
0 5 578 00000000 12
0 5 579 00000000 12
0 5 580 00000000 12
0 5 581 00000000 12
0 5 582 00000000 12
0 5 583 00000000 12
0 5 584 00000000 12
0 5 585 00000000 12
0 5 586 00000000 12
0 5 587 00000000 12
0 5 588 00000000 12
0 5 589 00000000 12
0 5 590 00000000 12
0 5 591 00000000 12
0 5 592 00000000 12
0 5 593 00000000 12
0 5 594 00000000 12
0 5 595 00000000 12
0 5 596 00000000 12
0 5 597 00000000 12
0 5 598 00000000 12
0 5 599 00000000 12
0 5 600 00000000 12
0 5 601 00000000 12
0 5 602 00000000 12
0 5 603 00000000 12
0 5 604 00000000 12
0 5 605 00000000 12
0 5 606 00000000 12
0 5 607 00000000 12
0 5 608 00000000 12
0 5 609 00000000 12
0 5 610 00000000 12
0 5 611 00000000 12
0 5 612 00000000 12
0 5 613 00000000 12
0 5 614 00000000 12
0 5 615 00000000 12
0 5 616 00000000 12
0 5 617 00000000 12
0 5 618 00000000 12
0 5 619 00000000 12
0 5 620 00000000 12
0 5 621 00000000 12
0 5 622 00000000 12
0 5 623 00000000 12
0 5 624 00000000 12
0 5 625 00000000 12
0 5 626 00000000 12
0 5 627 00000000 12
0 5 628 00000000 12
0 5 629 00000000 12
0 5 630 00000000 12
0 5 631 00000000 12
0 5 632 00000000 12
0 5 633 00000000 12
0 5 634 00000000 12
0 5 635 00000000 12
0 5 636 00000000 12
0 5 637 00000000 12
0 5 638 00000000 12
0 5 639 00000000 12
0 5 640 00000000 12
0 5 641 00000000 12
0 5 642 00000000 12
0 5 643 00000000 12
0 5 644 00000000 12
0 5 645 00000000 12
0 5 646 00000000 12
0 5 647 00000000 12
0 5 648 00000000 12
0 5 649 00000000 12
0 5 650 00000000 12
0 5 651 00000000 12
0 5 652 00000000 12
0 5 653 00000000 12
0 5 654 00000000 12
0 5 655 00000000 12
0 5 656 00000000 12
0 5 657 00000000 12
0 5 658 00000000 12
0 5 659 00000000 12
0 5 660 00000000 12
0 5 661 00000000 12
0 5 662 00000000 12
0 5 663 00000000 12
0 5 664 00000000 12
0 5 665 00000000 12
0 5 666 00000000 12
0 5 667 00000000 12
0 5 668 00000000 12
0 5 669 00000000 12
0 5 670 00000000 12
0 5 671 00000000 12
0 5 672 00000000 12
0 5 673 00000000 12
0 5 674 00000000 12
0 5 675 00000000 12
0 5 676 00000000 12
0 5 677 00000000 12
0 5 678 00000000 12
0 5 679 00000000 12
0 5 680 00000000 12
0 5 681 00000000 12
0 5 682 00000000 12
0 5 683 00000000 12
0 5 684 00000000 12
0 5 685 00000000 12
0 5 686 00000000 12
0 5 687 00000000 12
0 5 688 00000000 12
0 5 689 00000000 12
0 5 690 00000000 12
0 5 691 00000000 12
0 5 692 00000000 12
0 5 693 00000000 12
0 5 694 00000000 12
0 5 695 00000000 12
0 5 696 00000000 12
0 5 697 00000000 12
0 5 698 00000000 12
0 5 699 00000000 12
0 5 700 00000000 12
0 5 701 00000000 12
0 5 702 00000000 12
0 5 703 00000000 12
0 5 704 00000000 12
0 5 705 00000000 12
0 5 706 00000000 12
0 5 707 00000000 12
0 5 708 00000000 12
0 5 709 00000000 12
0 5 710 00000000 12
0 5 711 00000000 12
0 5 712 00000000 12
0 5 713 00000000 12
0 5 714 00000000 12
0 5 715 00000000 12
0 5 716 00000000 12
0 5 717 00000000 12
0 5 718 00000000 12
0 5 719 00000000 12
0 5 720 00000000 12
0 5 721 00000000 12
0 5 722 00000000 12
0 5 723 00000000 12
0 5 724 00000000 12
0 5 725 00000000 12
0 5 726 00000000 12
0 5 727 00000000 12
0 5 728 00000000 12
0 5 729 00000000 12
0 5 730 00000000 12
0 5 731 00000000 12
0 5 732 00000000 12
0 5 733 00000000 12
0 5 734 00000000 12
0 5 735 00000000 12
0 5 736 00000000 12
0 5 737 00000000 12
0 5 738 00000000 12
0 5 739 00000000 12
0 5 740 00000000 12
0 5 741 00000000 12
0 5 742 00000000 12
0 5 743 00000000 12
0 5 744 00000000 12
0 5 745 00000000 12
0 5 746 00000000 12
0 5 747 00000000 12
0 5 748 00000000 12
0 5 749 00000000 12
0 5 750 00000000 12
0 5 751 00000000 12
0 5 752 00000000 12
0 5 753 00000000 12
0 5 754 00000000 12
0 5 755 00000000 12
0 5 756 00000000 12
0 5 757 00000000 12
0 5 758 00000000 12
0 5 759 00000000 12
0 5 760 00000000 12
0 5 761 00000000 12
0 5 762 00000000 12
0 5 763 00000000 12
0 5 764 00000000 12
0 5 765 00000000 12
0 5 766 00000000 12
0 5 767 00000000 12
0 5 768 00000000 12
0 5 769 00000000 12
0 5 770 00000000 12
0 5 771 00000000 12
0 5 772 00000000 12
0 5 773 00000000 12
0 5 774 00000000 12
0 5 775 00000000 12
0 5 776 00000000 12
0 5 777 00000000 12
0 5 778 00000000 12
0 5 779 00000000 12
0 5 780 00000000 12
0 5 781 00000000 12
0 5 782 00000000 12
0 5 783 00000000 12
0 5 784 00000000 12
0 5 785 00000000 12
0 5 786 00000000 12
0 5 787 00000000 12
0 5 788 00000000 12
0 5 789 00000000 12
0 5 790 00000000 12
0 5 791 00000000 12
0 5 792 00000000 12
0 5 793 00000000 12
0 5 794 00000000 12
0 5 795 00000000 12
0 5 796 00000000 12
0 5 797 00000000 12
0 5 798 00000000 12
0 5 799 00000000 12
0 5 800 00000000 12
0 5 801 00000000 12
0 5 802 00000000 12
0 5 803 00000000 12
0 5 804 00000000 12
0 5 805 00000000 12
0 5 806 00000000 12
0 5 807 00000000 12
0 5 808 00000000 12
0 5 809 00000000 12
0 5 810 00000000 12
0 5 811 00000000 12
0 5 812 00000000 12
0 5 813 00000000 12
0 5 814 00000000 12
0 5 815 00000000 12
0 5 816 00000000 12
0 5 817 00000000 12
0 5 818 00000000 12
0 5 819 00000000 12
0 5 820 00000000 12
0 5 821 00000000 12
0 5 822 00000000 12
0 5 823 00000000 12
0 5 824 00000000 12
0 5 825 00000000 12
0 5 826 00000000 12
0 5 827 00000000 12
0 5 828 00000000 12
0 5 829 00000000 12
0 5 830 00000000 12
0 5 831 00000000 12
0 5 832 00000000 12
0 5 833 00000000 12
0 5 834 00000000 12
0 5 835 00000000 12
0 5 836 00000000 12
0 5 837 00000000 12
0 5 838 00000000 12
0 5 839 00000000 12
0 5 840 00000000 12
0 5 841 00000000 12
0 5 842 00000000 12
0 5 843 00000000 12
0 5 844 00000000 12
0 5 845 00000000 12
0 5 846 00000000 12
0 5 847 00000000 12
0 5 848 00000000 12
0 5 849 00000000 12
0 5 850 00000000 12
0 5 851 00000000 12
0 5 852 00000000 12
0 5 853 00000000 12
0 5 854 00000000 12
0 5 855 00000000 12
0 5 856 00000000 12
0 5 857 00000000 12
0 5 858 00000000 12
0 5 859 00000000 12
0 5 860 00000000 12
0 5 861 00000000 12
0 5 862 00000000 12
0 5 863 00000000 12
0 5 864 00000000 12
0 5 865 00000000 12
0 5 866 00000000 12
0 5 867 00000000 12
0 5 868 00000000 12
0 5 869 00000000 12
0 5 870 00000000 12
0 5 871 00000000 12
0 5 872 00000000 12
0 5 873 00000000 12
0 5 874 00000000 12
0 5 875 00000000 12
0 5 876 00000000 12
0 5 877 00000000 12
0 5 878 00000000 12
0 5 879 00000000 12
0 5 880 00000000 12
0 5 881 00000000 12
0 5 882 00000000 12
0 5 883 00000000 12
0 5 884 00000000 12
0 5 885 00000000 12
0 5 886 00000000 12
0 5 887 00000000 12
0 5 888 00000000 12
0 5 889 00000000 12
0 5 890 00000000 12
0 5 891 00000000 12
0 5 892 00000000 12
0 5 893 00000000 12
0 5 894 00000000 12
0 5 895 00000000 12
0 5 896 00000000 12
0 5 897 00000000 12
0 5 898 00000000 12
0 5 899 00000000 12
0 5 900 00000000 12
0 5 901 00000000 12
0 5 902 00000000 12
0 5 903 00000000 12
0 5 904 00000000 12
0 5 905 00000000 12
0 5 906 00000000 12
0 5 907 00000000 12
0 5 908 00000000 12
0 5 909 00000000 12
0 5 910 00000000 12
0 5 911 00000000 12
0 5 912 00000000 12
0 5 913 00000000 12
0 5 914 00000000 12
0 5 915 00000000 12
0 5 916 00000000 12
0 5 917 00000000 12
0 5 918 00000000 12
0 5 919 00000000 12
0 5 920 00000000 12
0 5 921 00000000 12
0 5 922 00000000 12
0 5 923 00000000 12
0 5 924 00000000 12
0 5 925 00000000 12
0 5 926 00000000 12
0 5 927 00000000 12
0 5 928 00000000 12
0 5 929 00000000 12
0 5 930 00000000 12
0 5 931 00000000 12
0 5 932 00000000 12
0 5 933 00000000 12
0 5 934 00000000 12
0 5 935 00000000 12
0 5 936 00000000 12
0 5 937 00000000 12
0 5 938 00000000 12
0 5 939 00000000 12
0 5 940 00000000 12
0 5 941 00000000 12
0 5 942 00000000 12
0 5 943 00000000 12
0 5 944 00000000 12
0 5 945 00000000 12
0 5 946 00000000 12
0 5 947 00000000 12
0 5 948 00000000 12
0 5 949 00000000 12
0 5 950 00000000 12
0 5 951 00000000 12
0 5 952 00000000 12
0 5 953 00000000 12
0 5 954 00000000 12
0 5 955 00000000 12
0 5 956 00000000 12
0 5 957 00000000 12
0 5 958 00000000 12
0 5 959 00000000 12
0 5 960 00000000 12
0 5 961 00000000 12
0 5 962 00000000 12
0 5 963 00000000 12
0 5 964 00000000 12
0 5 965 00000000 12
0 5 966 00000000 12
0 5 967 00000000 12
0 5 968 00000000 12
0 5 969 00000000 12
0 5 970 00000000 12
0 5 971 00000000 12
0 5 972 00000000 12
0 5 973 00000000 12
0 5 974 00000000 12
0 5 975 00000000 12
0 5 976 00000000 12
0 5 977 00000000 12
0 5 978 00000000 12
0 5 979 00000000 12
0 5 980 00000000 12
0 5 981 00000000 12
0 5 982 00000000 12
0 5 983 00000000 12
0 5 984 00000000 12
0 5 985 00000000 12
0 5 986 00000000 12
0 5 987 00000000 12
0 5 988 00000000 12
0 5 989 00000000 12
0 5 990 00000000 12
0 5 991 00000000 12
0 5 992 00000000 12
0 5 993 00000000 12
0 5 994 00000000 12
0 5 995 00000000 12
0 5 996 00000000 12
0 5 997 00000000 12
0 5 998 00000000 12
0 5 999 00000000 12
0 5 1000 00000000 12
0 5 1001 00000000 12
0 5 1002 00000000 12
0 5 1003 00000000 12
0 5 1004 00000000 12
0 5 1005 00000000 12
0 5 1006 00000000 12
0 5 1007 00000000 12
0 5 1008 00000000 12
0 5 1009 00000000 12
0 5 1010 00000000 12
0 5 1011 00000000 12
0 5 1012 00000000 12
0 5 1013 00000000 12
0 5 1014 00000000 12
0 5 1015 00000000 12
0 5 1016 00000000 12
0 5 1017 00000000 12
0 5 1018 00000000 12
0 5 1019 00000000 12
0 5 1020 00000000 12
0 5 1021 00000000 12
0 5 1022 00000000 12
0 5 1023 00000000 12
1 0 0 00000235 12
1 0 1 FFFFFDCA 12
1 0 2 FFFFFDCA 12
1 0 3 00000238 12
1 0 4 00000230 12
1 0 5 FFFFFDC6 12
1 0 6 FFFFFDCE 12
1 0 7 0000023C 12
1 0 8 0000022C 12
1 0 9 FFFFFDC2 12
1 0 10 FFFFFDD2 12
1 0 11 00000240 12
1 0 12 00000228 12
1 0 13 FFFFFDBE 12
1 0 14 FFFFFDD6 12
1 0 15 00000242 12
1 0 16 00000226 12
1 0 17 FFFFFDBC 12
1 0 18 FFFFFDD8 12
1 0 19 00000246 12
1 0 20 00000222 12
1 0 21 FFFFFDB8 12
1 0 22 FFFFFDDC 12
1 0 23 0000024A 12
1 0 24 0000021E 12
1 0 25 FFFFFDB4 12
1 0 26 FFFFFDE0 12
1 0 27 0000024E 12
1 0 28 0000021A 12
1 0 29 FFFFFDB0 12
1 0 30 FFFFFDE4 12
1 0 31 00000250 12
1 0 32 00000218 12
1 0 33 FFFFFDAE 12
1 0 34 FFFFFDE6 12
1 0 35 00000254 12
1 0 36 00000214 12
1 0 37 FFFFFDAA 12
1 0 38 FFFFFDEA 12
1 0 39 00000256 12
1 0 40 0000020E 12
1 0 41 FFFFFDA6 12
1 0 42 FFFFFDEE 12
1 0 43 0000025A 12
1 0 44 0000020A 12
1 0 45 FFFFFDA4 12
1 0 46 FFFFFDF0 12
1 0 47 0000025C 12
1 0 48 00000208 12
1 0 49 FFFFFDA0 12
1 0 50 FFFFFDF4 12
1 0 51 00000260 12
1 0 52 00000204 12
1 0 53 FFFFFD9C 12
1 0 54 FFFFFDF8 12
1 0 55 00000264 12
1 0 56 00000200 12
1 0 57 FFFFFD9A 12
1 0 58 FFFFFDFE 12
1 0 59 00000268 12
1 0 60 000001FC 12
1 0 61 FFFFFD98 12
1 0 62 FFFFFE00 12
1 0 63 0000026A 12
1 0 64 000001FA 12
1 0 65 FFFFFD94 12
1 0 66 FFFFFE04 12
1 0 67 0000026C 12
1 0 68 000001F4 12
1 0 69 FFFFFD90 12
1 0 70 FFFFFE08 12
1 0 71 00000270 12
1 0 72 000001F0 12
1 0 73 FFFFFD8C 12
1 0 74 FFFFFE0C 12
1 0 75 00000272 12
1 0 76 000001EE 12
1 0 77 FFFFFD8C 12
1 0 78 FFFFFE10 12
1 0 79 00000276 12
1 0 80 000001EA 12
1 0 81 FFFFFD88 12
1 0 82 FFFFFE14 12
1 0 83 0000027A 12
1 0 84 000001E6 12
1 0 85 FFFFFD84 12
1 0 86 FFFFFE18 12
1 0 87 0000027C 12
1 0 88 000001E0 12
1 0 89 FFFFFD82 12
1 0 90 FFFFFE1A 12
1 0 91 0000027E 12
1 0 92 000001DE 12
1 0 93 FFFFFD7E 12
1 0 94 FFFFFE1E 12
1 0 95 00000282 12
1 0 96 000001DA 12
1 0 97 FFFFFD7C 12
1 0 98 FFFFFE24 12
1 0 99 00000286 12
1 0 100 000001D6 12
1 0 101 FFFFFD78 12
1 0 102 FFFFFE28 12
1 0 103 00000288 12
1 0 104 000001D0 12
1 0 105 FFFFFD76 12
1 0 106 FFFFFE2A 12
1 0 107 0000028A 12
1 0 108 000001CE 12
1 0 109 FFFFFD74 12
1 0 110 FFFFFE30 12
1 0 111 0000028E 12
1 0 112 000001CA 12
1 0 113 FFFFFD70 12
1 0 114 FFFFFE34 12
1 0 115 00000292 12
1 0 116 000001C6 12
1 0 117 FFFFFD6E 12
1 0 118 FFFFFE36 12
1 0 119 00000292 12
1 0 120 000001C2 12
1 0 121 FFFFFD6A 12
1 0 122 FFFFFE3A 12
1 0 123 00000296 12
1 0 124 000001BE 12
1 0 125 FFFFFD68 12
1 0 126 FFFFFE40 12
1 0 127 0000029A 12
1 0 128 000001BA 12
1 0 129 FFFFFD64 12
1 0 130 FFFFFE44 12
1 0 131 0000029C 12
1 0 132 000001B4 12
1 0 133 FFFFFD62 12
1 0 134 FFFFFE46 12
1 0 135 0000029E 12
1 0 136 000001B2 12
1 0 137 FFFFFD60 12
1 0 138 FFFFFE4C 12
1 0 139 000002A2 12
1 0 140 000001AE 12
1 0 141 FFFFFD5C 12
1 0 142 FFFFFE50 12
1 0 143 000002A4 12
1 0 144 000001A8 12
1 0 145 FFFFFD5C 12
1 0 146 FFFFFE54 12
1 0 147 000002A6 12
1 0 148 000001A6 12
1 0 149 FFFFFD58 12
1 0 150 FFFFFE58 12
1 0 151 000002A8 12
1 0 152 000001A0 12
1 0 153 FFFFFD54 12
1 0 154 FFFFFE5C 12
1 0 155 000002AC 12
1 0 156 0000019C 12
1 0 157 FFFFFD54 12
1 0 158 FFFFFE60 12
1 0 159 000002AE 12
1 0 160 0000019A 12
1 0 161 FFFFFD50 12
1 0 162 FFFFFE64 12
1 0 163 000002B0 12
1 0 164 00000194 12
1 0 165 FFFFFD4E 12
1 0 166 FFFFFE6A 12
1 0 167 000002B4 12
1 0 168 00000190 12
1 0 169 FFFFFD4C 12
1 0 170 FFFFFE6C 12
1 0 171 000002B4 12
1 0 172 0000018C 12
1 0 173 FFFFFD4A 12
1 0 174 FFFFFE72 12
1 0 175 000002B8 12
1 0 176 00000188 12
1 0 177 FFFFFD46 12
1 0 178 FFFFFE76 12
1 0 179 000002BA 12
1 0 180 00000182 12
1 0 181 FFFFFD44 12
1 0 182 FFFFFE78 12
1 0 183 000002BC 12
1 0 184 00000180 12
1 0 185 FFFFFD42 12
1 0 186 FFFFFE7E 12
1 0 187 000002BE 12
1 0 188 0000017A 12
1 0 189 FFFFFD3E 12
1 0 190 FFFFFE82 12
1 0 191 000002C2 12
1 0 192 00000176 12
1 0 193 FFFFFD3E 12
1 0 194 FFFFFE86 12
1 0 195 000002C2 12
1 0 196 00000172 12
1 0 197 FFFFFD3A 12
1 0 198 FFFFFE8A 12
1 0 199 000002C6 12
1 0 200 0000016E 12
1 0 201 FFFFFD38 12
1 0 202 FFFFFE90 12
1 0 203 000002C8 12
1 0 204 00000168 12
1 0 205 FFFFFD38 12
1 0 206 FFFFFE94 12
1 0 207 000002CA 12
1 0 208 00000166 12
1 0 209 FFFFFD34 12
1 0 210 FFFFFE98 12
1 0 211 000002CC 12
1 0 212 00000160 12
1 0 213 FFFFFD32 12
1 0 214 FFFFFE9E 12
1 0 215 000002D0 12
1 0 216 0000015C 12
1 0 217 FFFFFD30 12
1 0 218 FFFFFEA0 12
1 0 219 000002D0 12
1 0 220 00000158 12
1 0 221 FFFFFD2E 12
1 0 222 FFFFFEA6 12
1 0 223 000002D2 12
1 0 224 00000152 12
1 0 225 FFFFFD2A 12
1 0 226 FFFFFEAA 12
1 0 227 000002D6 12
1 0 228 0000014E 12
1 0 229 FFFFFD2A 12
1 0 230 FFFFFEAE 12
1 0 231 000002D6 12
1 0 232 0000014A 12
1 0 233 FFFFFD28 12
1 0 234 FFFFFEB4 12
1 0 235 000002DA 12
1 0 236 00000146 12
1 0 237 FFFFFD24 12
1 0 238 FFFFFEB8 12
1 0 239 000002DC 12
1 0 240 00000140 12
1 0 241 FFFFFD24 12
1 0 242 FFFFFEBC 12
1 0 243 000002DC 12
1 0 244 0000013C 12
1 0 245 FFFFFD20 12
1 0 246 FFFFFEC0 12
1 0 247 000002E0 12
1 0 248 00000138 12
1 0 249 FFFFFD20 12
1 0 250 FFFFFEC4 12
1 0 251 000002E0 12
1 0 252 00000134 12
1 0 253 FFFFFD1E 12
1 0 254 FFFFFECA 12
1 0 255 000002E2 12
1 0 256 0000012E 12
1 0 257 FFFFFD1A 12
1 0 258 FFFFFECE 12
1 0 259 000002E6 12
1 0 260 0000012A 12
1 0 261 FFFFFD1A 12
1 0 262 FFFFFED2 12
1 0 263 000002E6 12
1 0 264 00000126 12
1 0 265 FFFFFD18 12
1 0 266 FFFFFED8 12
1 0 267 000002E8 12
1 0 268 00000120 12
1 0 269 FFFFFD16 12
1 0 270 FFFFFEDA 12
1 0 271 000002EA 12
1 0 272 0000011E 12
1 0 273 FFFFFD14 12
1 0 274 FFFFFEE0 12
1 0 275 000002EC 12
1 0 276 00000118 12
1 0 277 FFFFFD12 12
1 0 278 FFFFFEE6 12
1 0 279 000002EE 12
1 0 280 00000112 12
1 0 281 FFFFFD12 12
1 0 282 FFFFFEEA 12
1 0 283 000002F0 12
1 0 284 00000110 12
1 0 285 FFFFFD0E 12
1 0 286 FFFFFEEE 12
1 0 287 000002F2 12
1 0 288 0000010A 12
1 0 289 FFFFFD0E 12
1 0 290 FFFFFEF2 12
1 0 291 000002F2 12
1 0 292 00000106 12
1 0 293 FFFFFD0C 12
1 0 294 FFFFFEF8 12
1 0 295 000002F4 12
1 0 296 00000100 12
1 0 297 FFFFFD0C 12
1 0 298 FFFFFEFC 12
1 0 299 000002F6 12
1 0 300 000000FE 12
1 0 301 FFFFFD08 12
1 0 302 FFFFFF00 12
1 0 303 000002F8 12
1 0 304 000000F8 12
1 0 305 FFFFFD06 12
1 0 306 FFFFFF06 12
1 0 307 000002FA 12
1 0 308 000000F2 12
1 0 309 FFFFFD06 12
1 0 310 FFFFFF0A 12
1 0 311 000002FA 12
1 0 312 000000EE 12
1 0 313 FFFFFD04 12
1 0 314 FFFFFF10 12
1 0 315 000002FC 12
1 0 316 000000E8 12
1 0 317 FFFFFD04 12
1 0 318 FFFFFF14 12
1 0 319 000002FE 12
1 0 320 000000E6 12
1 0 321 FFFFFD00 12
1 0 322 FFFFFF18 12
1 0 323 00000300 12
1 0 324 000000E0 12
1 0 325 FFFFFD00 12
1 0 326 FFFFFF1C 12
1 0 327 00000300 12
1 0 328 000000DC 12
1 0 329 FFFFFCFE 12
1 0 330 FFFFFF22 12
1 0 331 00000302 12
1 0 332 000000D6 12
1 0 333 FFFFFCFE 12
1 0 334 FFFFFF26 12
1 0 335 00000302 12
1 0 336 000000D2 12
1 0 337 FFFFFCFC 12
1 0 338 FFFFFF2C 12
1 0 339 00000304 12
1 0 340 000000CC 12
1 0 341 FFFFFCFC 12
1 0 342 FFFFFF30 12
1 0 343 00000306 12
1 0 344 000000CA 12
1 0 345 FFFFFCF8 12
1 0 346 FFFFFF34 12
1 0 347 00000308 12
1 0 348 000000C4 12
1 0 349 FFFFFCF8 12
1 0 350 FFFFFF38 12
1 0 351 00000308 12
1 0 352 000000C0 12
1 0 353 FFFFFCF6 12
1 0 354 FFFFFF3E 12
1 0 355 0000030A 12
1 0 356 000000BA 12
1 0 357 FFFFFCF6 12
1 0 358 FFFFFF42 12
1 0 359 0000030A 12
1 0 360 000000B6 12
1 0 361 FFFFFCF4 12
1 0 362 FFFFFF48 12
1 0 363 0000030C 12
1 0 364 000000B0 12
1 0 365 FFFFFCF4 12
1 0 366 FFFFFF4C 12
1 0 367 0000030C 12
1 0 368 000000AC 12
1 0 369 FFFFFCF2 12
1 0 370 FFFFFF52 12
1 0 371 0000030E 12
1 0 372 000000A6 12
1 0 373 FFFFFCF2 12
1 0 374 FFFFFF56 12
1 0 375 0000030E 12
1 0 376 000000A2 12
1 0 377 FFFFFCF0 12
1 0 378 FFFFFF5C 12
1 0 379 00000310 12
1 0 380 0000009C 12
1 0 381 FFFFFCF0 12
1 0 382 FFFFFF60 12
1 0 383 00000310 12
1 0 384 00000098 12
1 0 385 FFFFFCF0 12
1 0 386 FFFFFF64 12
1 0 387 00000310 12
1 0 388 00000094 12
1 0 389 FFFFFCEE 12
1 0 390 FFFFFF6A 12
1 0 391 00000312 12
1 0 392 0000008E 12
1 0 393 FFFFFCEE 12
1 0 394 FFFFFF6E 12
1 0 395 00000312 12
1 0 396 0000008A 12
1 0 397 FFFFFCEC 12
1 0 398 FFFFFF74 12
1 0 399 00000314 12
1 0 400 00000084 12
1 0 401 FFFFFCEC 12
1 0 402 FFFFFF78 12
1 0 403 00000314 12
1 0 404 00000080 12
1 0 405 FFFFFCEA 12
1 0 406 FFFFFF7E 12
1 0 407 00000316 12
1 0 408 0000007A 12
1 0 409 FFFFFCEA 12
1 0 410 FFFFFF82 12
1 0 411 00000316 12
1 0 412 00000076 12
1 0 413 FFFFFCEA 12
1 0 414 FFFFFF86 12
1 0 415 00000316 12
1 0 416 00000072 12
1 0 417 FFFFFCE8 12
1 0 418 FFFFFF8C 12
1 0 419 00000318 12
1 0 420 0000006C 12
1 0 421 FFFFFCE8 12
1 0 422 FFFFFF90 12
1 0 423 00000318 12
1 0 424 00000068 12
1 0 425 FFFFFCE6 12
1 0 426 FFFFFF96 12
1 0 427 0000031A 12
1 0 428 00000062 12
1 0 429 FFFFFCE6 12
1 0 430 FFFFFF9A 12
1 0 431 0000031A 12
1 0 432 0000005E 12
1 0 433 FFFFFCE6 12
1 0 434 FFFFFF9E 12
1 0 435 0000031A 12
1 0 436 0000005A 12
1 0 437 FFFFFCE4 12
1 0 438 FFFFFFA4 12
1 0 439 0000031C 12
1 0 440 00000054 12
1 0 441 FFFFFCE4 12
1 0 442 FFFFFFA8 12
1 0 443 0000031C 12
1 0 444 00000050 12
1 0 445 FFFFFCE4 12
1 0 446 FFFFFFAC 12
1 0 447 0000031C 12
1 0 448 0000004C 12
1 0 449 FFFFFCE2 12
1 0 450 FFFFFFB2 12
1 0 451 0000031E 12
1 0 452 00000046 12
1 0 453 FFFFFCE2 12
1 0 454 FFFFFFB6 12
1 0 455 0000031E 12
1 0 456 00000042 12
1 0 457 FFFFFCE4 12
1 0 458 FFFFFFBC 12
1 0 459 0000031E 12
1 0 460 0000003E 12
1 0 461 FFFFFCE2 12
1 0 462 FFFFFFC2 12
1 0 463 0000031E 12
1 0 464 00000036 12
1 0 465 FFFFFCE2 12
1 0 466 FFFFFFC6 12
1 0 467 0000031E 12
1 0 468 00000032 12
1 0 469 FFFFFCE2 12
1 0 470 FFFFFFCA 12
1 0 471 0000031E 12
1 0 472 0000002E 12
1 0 473 FFFFFCE0 12
1 0 474 FFFFFFD0 12
1 0 475 00000320 12
1 0 476 00000028 12
1 0 477 FFFFFCE0 12
1 0 478 FFFFFFD4 12
1 0 479 00000320 12
1 0 480 00000024 12
1 0 481 FFFFFCE0 12
1 0 482 FFFFFFD8 12
1 0 483 00000320 12
1 0 484 00000020 12
1 0 485 FFFFFCE2 12
1 0 486 FFFFFFDE 12
1 0 487 0000031E 12
1 0 488 0000001A 12
1 0 489 FFFFFCE0 12
1 0 490 FFFFFFE4 12
1 0 491 00000320 12
1 0 492 00000014 12
1 0 493 FFFFFCE0 12
1 0 494 FFFFFFE8 12
1 0 495 00000320 12
1 0 496 00000010 12
1 0 497 FFFFFCE0 12
1 0 498 FFFFFFEC 12
1 0 499 00000320 12
1 0 500 0000000C 12
1 0 501 FFFFFCDE 12
1 0 502 FFFFFFF2 12
1 0 503 00000320 12
1 0 504 00000008 12
1 0 505 FFFFFCE0 12
1 0 506 FFFFFFF8 12
1 0 507 00000320 12
1 0 508 00000000 12
1 0 509 FFFFFCE0 12
1 0 510 FFFFFFFC 12
1 0 511 00000320 12
1 0 512 FFFFFFFC 12
1 0 513 FFFFFCE0 12
1 0 514 00000000 12
1 0 515 00000320 12
1 0 516 FFFFFFF8 12
1 0 517 FFFFFCE0 12
1 0 518 00000004 12
1 0 519 00000320 12
1 0 520 FFFFFFF4 12
1 0 521 FFFFFCDE 12
1 0 522 0000000A 12
1 0 523 00000322 12
1 0 524 FFFFFFEE 12
1 0 525 FFFFFCE0 12
1 0 526 00000010 12
1 0 527 00000320 12
1 0 528 FFFFFFE8 12
1 0 529 FFFFFCE0 12
1 0 530 00000014 12
1 0 531 00000320 12
1 0 532 FFFFFFE4 12
1 0 533 FFFFFCE0 12
1 0 534 00000018 12
1 0 535 00000320 12
1 0 536 FFFFFFE0 12
1 0 537 FFFFFCE2 12
1 0 538 0000001E 12
1 0 539 0000031E 12
1 0 540 FFFFFFDA 12
1 0 541 FFFFFCE0 12
1 0 542 00000024 12
1 0 543 00000320 12
1 0 544 FFFFFFD4 12
1 0 545 FFFFFCE0 12
1 0 546 00000028 12
1 0 547 00000320 12
1 0 548 FFFFFFD0 12
1 0 549 FFFFFCE0 12
1 0 550 0000002C 12
1 0 551 00000320 12
1 0 552 FFFFFFCC 12
1 0 553 FFFFFCE2 12
1 0 554 00000032 12
1 0 555 0000031E 12
1 0 556 FFFFFFC6 12
1 0 557 FFFFFCE2 12
1 0 558 00000036 12
1 0 559 0000031E 12
1 0 560 FFFFFFC2 12
1 0 561 FFFFFCE2 12
1 0 562 0000003A 12
1 0 563 0000031E 12
1 0 564 FFFFFFBE 12
1 0 565 FFFFFCE4 12
1 0 566 00000040 12
1 0 567 0000031C 12
1 0 568 FFFFFFB8 12
1 0 569 FFFFFCE2 12
1 0 570 00000046 12
1 0 571 0000031E 12
1 0 572 FFFFFFB2 12
1 0 573 FFFFFCE2 12
1 0 574 0000004A 12
1 0 575 0000031E 12
1 0 576 FFFFFFAE 12
1 0 577 FFFFFCE4 12
1 0 578 00000050 12
1 0 579 0000031C 12
1 0 580 FFFFFFA8 12
1 0 581 FFFFFCE4 12
1 0 582 00000054 12
1 0 583 0000031C 12
1 0 584 FFFFFFA4 12
1 0 585 FFFFFCE4 12
1 0 586 00000058 12
1 0 587 0000031C 12
1 0 588 FFFFFFA0 12
1 0 589 FFFFFCE6 12
1 0 590 0000005E 12
1 0 591 0000031A 12
1 0 592 FFFFFF9A 12
1 0 593 FFFFFCE6 12
1 0 594 00000062 12
1 0 595 0000031A 12
1 0 596 FFFFFF96 12
1 0 597 FFFFFCE6 12
1 0 598 00000066 12
1 0 599 0000031A 12
1 0 600 FFFFFF92 12
1 0 601 FFFFFCE8 12
1 0 602 0000006C 12
1 0 603 00000318 12
1 0 604 FFFFFF8C 12
1 0 605 FFFFFCE8 12
1 0 606 00000070 12
1 0 607 00000318 12
1 0 608 FFFFFF88 12
1 0 609 FFFFFCEA 12
1 0 610 00000076 12
1 0 611 00000316 12
1 0 612 FFFFFF82 12
1 0 613 FFFFFCEA 12
1 0 614 0000007A 12
1 0 615 00000316 12
1 0 616 FFFFFF7E 12
1 0 617 FFFFFCEA 12
1 0 618 0000007E 12
1 0 619 00000316 12
1 0 620 FFFFFF7A 12
1 0 621 FFFFFCEC 12
1 0 622 00000084 12
1 0 623 00000314 12
1 0 624 FFFFFF74 12
1 0 625 FFFFFCEC 12
1 0 626 00000088 12
1 0 627 00000314 12
1 0 628 FFFFFF70 12
1 0 629 FFFFFCEE 12
1 0 630 0000008E 12
1 0 631 00000312 12
1 0 632 FFFFFF6A 12
1 0 633 FFFFFCEE 12
1 0 634 00000092 12
1 0 635 00000312 12
1 0 636 FFFFFF66 12
1 0 637 FFFFFCF0 12
1 0 638 00000098 12
1 0 639 00000310 12
1 0 640 FFFFFF60 12
1 0 641 FFFFFCF0 12
1 0 642 0000009C 12
1 0 643 00000310 12
1 0 644 FFFFFF5C 12
1 0 645 FFFFFCF0 12
1 0 646 000000A0 12
1 0 647 00000310 12
1 0 648 FFFFFF58 12
1 0 649 FFFFFCF2 12
1 0 650 000000A6 12
1 0 651 0000030E 12
1 0 652 FFFFFF52 12
1 0 653 FFFFFCF2 12
1 0 654 000000AA 12
1 0 655 0000030E 12
1 0 656 FFFFFF4E 12
1 0 657 FFFFFCF4 12
1 0 658 000000B0 12
1 0 659 0000030C 12
1 0 660 FFFFFF48 12
1 0 661 FFFFFCF4 12
1 0 662 000000B4 12
1 0 663 0000030C 12
1 0 664 FFFFFF44 12
1 0 665 FFFFFCF6 12
1 0 666 000000BA 12
1 0 667 0000030A 12
1 0 668 FFFFFF3E 12
1 0 669 FFFFFCF6 12
1 0 670 000000BE 12
1 0 671 0000030A 12
1 0 672 FFFFFF3A 12
1 0 673 FFFFFCF8 12
1 0 674 000000C4 12
1 0 675 00000308 12
1 0 676 FFFFFF34 12
1 0 677 FFFFFCF8 12
1 0 678 000000C8 12
1 0 679 00000306 12
1 0 680 FFFFFF32 12
1 0 681 FFFFFCFC 12
1 0 682 000000CC 12
1 0 683 00000304 12
1 0 684 FFFFFF2C 12
1 0 685 FFFFFCFC 12
1 0 686 000000D0 12
1 0 687 00000304 12
1 0 688 FFFFFF28 12
1 0 689 FFFFFCFE 12
1 0 690 000000D6 12
1 0 691 00000302 12
1 0 692 FFFFFF22 12
1 0 693 FFFFFCFE 12
1 0 694 000000DA 12
1 0 695 00000302 12
1 0 696 FFFFFF1E 12
1 0 697 FFFFFD00 12
1 0 698 000000E0 12
1 0 699 00000300 12
1 0 700 FFFFFF18 12
1 0 701 FFFFFD00 12
1 0 702 000000E4 12
1 0 703 00000300 12
1 0 704 FFFFFF14 12
1 0 705 FFFFFD04 12
1 0 706 000000E8 12
1 0 707 000002FC 12
1 0 708 FFFFFF10 12
1 0 709 FFFFFD04 12
1 0 710 000000EC 12
1 0 711 000002FC 12
1 0 712 FFFFFF0C 12
1 0 713 FFFFFD06 12
1 0 714 000000F2 12
1 0 715 000002FA 12
1 0 716 FFFFFF06 12
1 0 717 FFFFFD06 12
1 0 718 000000F6 12
1 0 719 000002FA 12
1 0 720 FFFFFF02 12
1 0 721 FFFFFD08 12
1 0 722 000000FC 12
1 0 723 000002F8 12
1 0 724 FFFFFEFC 12
1 0 725 FFFFFD0C 12
1 0 726 00000100 12
1 0 727 000002F4 12
1 0 728 FFFFFEF8 12
1 0 729 FFFFFD0C 12
1 0 730 00000104 12
1 0 731 000002F4 12
1 0 732 FFFFFEF4 12
1 0 733 FFFFFD0E 12
1 0 734 0000010A 12
1 0 735 000002F2 12
1 0 736 FFFFFEEE 12
1 0 737 FFFFFD0E 12
1 0 738 0000010E 12
1 0 739 000002F2 12
1 0 740 FFFFFEEA 12
1 0 741 FFFFFD12 12
1 0 742 00000112 12
1 0 743 000002EE 12
1 0 744 FFFFFEE6 12
1 0 745 FFFFFD12 12
1 0 746 00000116 12
1 0 747 000002EE 12
1 0 748 FFFFFEE2 12
1 0 749 FFFFFD14 12
1 0 750 0000011C 12
1 0 751 000002EC 12
1 0 752 FFFFFEDC 12
1 0 753 FFFFFD16 12
1 0 754 00000122 12
1 0 755 000002E8 12
1 0 756 FFFFFED8 12
1 0 757 FFFFFD18 12
1 0 758 00000124 12
1 0 759 000002E8 12
1 0 760 FFFFFED4 12
1 0 761 FFFFFD1A 12
1 0 762 0000012A 12
1 0 763 000002E6 12
1 0 764 FFFFFECE 12
1 0 765 FFFFFD1A 12
1 0 766 0000012E 12
1 0 767 000002E4 12
1 0 768 FFFFFECC 12
1 0 769 FFFFFD1E 12
1 0 770 00000132 12
1 0 771 000002E2 12
1 0 772 FFFFFEC6 12
1 0 773 FFFFFD20 12
1 0 774 00000138 12
1 0 775 000002E0 12
1 0 776 FFFFFEC0 12
1 0 777 FFFFFD20 12
1 0 778 0000013C 12
1 0 779 000002DE 12
1 0 780 FFFFFEBE 12
1 0 781 FFFFFD24 12
1 0 782 00000140 12
1 0 783 000002DC 12
1 0 784 FFFFFEB8 12
1 0 785 FFFFFD24 12
1 0 786 00000144 12
1 0 787 000002DC 12
1 0 788 FFFFFEB4 12
1 0 789 FFFFFD28 12
1 0 790 00000148 12
1 0 791 000002D8 12
1 0 792 FFFFFEB0 12
1 0 793 FFFFFD2A 12
1 0 794 0000014E 12
1 0 795 000002D6 12
1 0 796 FFFFFEAA 12
1 0 797 FFFFFD2A 12
1 0 798 00000152 12
1 0 799 000002D4 12
1 0 800 FFFFFEA8 12
1 0 801 FFFFFD2E 12
1 0 802 00000156 12
1 0 803 000002D2 12
1 0 804 FFFFFEA2 12
1 0 805 FFFFFD30 12
1 0 806 0000015C 12
1 0 807 000002D0 12
1 0 808 FFFFFE9C 12
1 0 809 FFFFFD32 12
1 0 810 0000015E 12
1 0 811 000002CE 12
1 0 812 FFFFFE9A 12
1 0 813 FFFFFD34 12
1 0 814 00000164 12
1 0 815 000002CC 12
1 0 816 FFFFFE94 12
1 0 817 FFFFFD38 12
1 0 818 00000168 12
1 0 819 000002C8 12
1 0 820 FFFFFE90 12
1 0 821 FFFFFD38 12
1 0 822 0000016C 12
1 0 823 000002C8 12
1 0 824 FFFFFE8C 12
1 0 825 FFFFFD3A 12
1 0 826 00000172 12
1 0 827 000002C4 12
1 0 828 FFFFFE88 12
1 0 829 FFFFFD3E 12
1 0 830 00000176 12
1 0 831 000002C4 12
1 0 832 FFFFFE84 12
1 0 833 FFFFFD3E 12
1 0 834 0000017A 12
1 0 835 000002C0 12
1 0 836 FFFFFE80 12
1 0 837 FFFFFD42 12
1 0 838 0000017E 12
1 0 839 000002BE 12
1 0 840 FFFFFE7A 12
1 0 841 FFFFFD44 12
1 0 842 00000184 12
1 0 843 000002BC 12
1 0 844 FFFFFE78 12
1 0 845 FFFFFD46 12
1 0 846 00000186 12
1 0 847 000002BA 12
1 0 848 FFFFFE72 12
1 0 849 FFFFFD4A 12
1 0 850 0000018A 12
1 0 851 000002B6 12
1 0 852 FFFFFE6E 12
1 0 853 FFFFFD4C 12
1 0 854 00000190 12
1 0 855 000002B4 12
1 0 856 FFFFFE68 12
1 0 857 FFFFFD4E 12
1 0 858 00000192 12
1 0 859 000002B2 12
1 0 860 FFFFFE66 12
1 0 861 FFFFFD50 12
1 0 862 00000198 12
1 0 863 000002B0 12
1 0 864 FFFFFE60 12
1 0 865 FFFFFD54 12
1 0 866 0000019C 12
1 0 867 000002AC 12
1 0 868 FFFFFE5C 12
1 0 869 FFFFFD54 12
1 0 870 000001A0 12
1 0 871 000002AA 12
1 0 872 FFFFFE5A 12
1 0 873 FFFFFD58 12
1 0 874 000001A4 12
1 0 875 000002A8 12
1 0 876 FFFFFE54 12
1 0 877 FFFFFD5C 12
1 0 878 000001A8 12
1 0 879 000002A4 12
1 0 880 FFFFFE50 12
1 0 881 FFFFFD5C 12
1 0 882 000001AC 12
1 0 883 000002A2 12
1 0 884 FFFFFE4E 12
1 0 885 FFFFFD60 12
1 0 886 000001B0 12
1 0 887 000002A0 12
1 0 888 FFFFFE48 12
1 0 889 FFFFFD62 12
1 0 890 000001B6 12
1 0 891 0000029C 12
1 0 892 FFFFFE44 12
1 0 893 FFFFFD64 12
1 0 894 000001B8 12
1 0 895 0000029C 12
1 0 896 FFFFFE40 12
1 0 897 FFFFFD68 12
1 0 898 000001BC 12
1 0 899 00000298 12
1 0 900 FFFFFE3C 12
1 0 901 FFFFFD6A 12
1 0 902 000001C2 12
1 0 903 00000294 12
1 0 904 FFFFFE38 12
1 0 905 FFFFFD6E 12
1 0 906 000001C6 12
1 0 907 00000294 12
1 0 908 FFFFFE34 12
1 0 909 FFFFFD70 12
1 0 910 000001C8 12
1 0 911 00000290 12
1 0 912 FFFFFE30 12
1 0 913 FFFFFD74 12
1 0 914 000001CC 12
1 0 915 0000028C 12
1 0 916 FFFFFE2C 12
1 0 917 FFFFFD76 12
1 0 918 000001D2 12
1 0 919 00000288 12
1 0 920 FFFFFE28 12
1 0 921 FFFFFD78 12
1 0 922 000001D4 12
1 0 923 00000288 12
1 0 924 FFFFFE24 12
1 0 925 FFFFFD7C 12
1 0 926 000001D8 12
1 0 927 00000284 12
1 0 928 FFFFFE20 12
1 0 929 FFFFFD7E 12
1 0 930 000001DE 12
1 0 931 00000280 12
1 0 932 FFFFFE1C 12
1 0 933 FFFFFD82 12
1 0 934 000001E2 12
1 0 935 0000027E 12
1 0 936 FFFFFE1A 12
1 0 937 FFFFFD84 12
1 0 938 000001E4 12
1 0 939 0000027C 12
1 0 940 FFFFFE14 12
1 0 941 FFFFFD88 12
1 0 942 000001E8 12
1 0 943 00000278 12
1 0 944 FFFFFE10 12
1 0 945 FFFFFD8C 12
1 0 946 000001EC 12
1 0 947 00000274 12
1 0 948 FFFFFE0C 12
1 0 949 FFFFFD8C 12
1 0 950 000001F0 12
1 0 951 00000272 12
1 0 952 FFFFFE0A 12
1 0 953 FFFFFD90 12
1 0 954 000001F4 12
1 0 955 0000026E 12
1 0 956 FFFFFE06 12
1 0 957 FFFFFD94 12
1 0 958 000001F8 12
1 0 959 0000026C 12
1 0 960 FFFFFE00 12
1 0 961 FFFFFD98 12
1 0 962 000001FC 12
1 0 963 00000268 12
1 0 964 FFFFFDFC 12
1 0 965 FFFFFD9A 12
1 0 966 000001FE 12
1 0 967 00000266 12
1 0 968 FFFFFDFA 12
1 0 969 FFFFFD9C 12
1 0 970 00000204 12
1 0 971 00000262 12
1 0 972 FFFFFDF6 12
1 0 973 FFFFFDA0 12
1 0 974 00000208 12
1 0 975 0000025E 12
1 0 976 FFFFFDF2 12
1 0 977 FFFFFDA4 12
1 0 978 0000020C 12
1 0 979 0000025C 12
1 0 980 FFFFFDF0 12
1 0 981 FFFFFDA6 12
1 0 982 0000020E 12
1 0 983 00000258 12
1 0 984 FFFFFDEC 12
1 0 985 FFFFFDAA 12
1 0 986 00000212 12
1 0 987 00000256 12
1 0 988 FFFFFDE6 12
1 0 989 FFFFFDAE 12
1 0 990 00000216 12
1 0 991 00000252 12
1 0 992 FFFFFDE2 12
1 0 993 FFFFFDB0 12
1 0 994 00000218 12
1 0 995 00000250 12
1 0 996 FFFFFDE0 12
1 0 997 FFFFFDB4 12
1 0 998 0000021C 12
1 0 999 0000024C 12
1 0 1000 FFFFFDDC 12
1 0 1001 FFFFFDB8 12
1 0 1002 00000220 12
1 0 1003 00000248 12
1 0 1004 FFFFFDD8 12
1 0 1005 FFFFFDBC 12
1 0 1006 00000224 12
1 0 1007 00000244 12
1 0 1008 FFFFFDD4 12
1 0 1009 FFFFFDBE 12
1 0 1010 00000226 12
1 0 1011 00000242 12
1 0 1012 FFFFFDD2 12
1 0 1013 FFFFFDC2 12
1 0 1014 0000022A 12
1 0 1015 0000023E 12
1 0 1016 FFFFFDCE 12
1 0 1017 FFFFFDC6 12
1 0 1018 0000022E 12
1 0 1019 0000023A 12
1 0 1020 FFFFFDCA 12
1 0 1021 FFFFFDCA 12
1 0 1022 00000232 12
1 0 1023 00000237 12
1 1 0 FFFEFF8D 12
1 1 1 0002F752 12
1 1 2 FFFB2F70 12
1 1 3 00067996 12
1 1 4 FFF81DFC 12
1 1 5 0008FBCA 12
1 1 6 FFF6444C 12
1 1 7 000A1A50 12
1 1 8 FFF5EBF8 12
1 1 9 0009A902 12
1 1 10 FFF72284 12
1 1 11 0007B954 12
1 1 12 FFF9B7EC 12
1 1 13 00049812 12
1 1 14 FFFD45E0 12
1 1 15 0000C0FA 12
1 1 16 00013FBE 12
1 1 17 FFFCCBF6 12
1 1 18 0005084A 12
1 1 19 FFF955DA 12
1 1 20 00080984 12
1 1 21 FFF6E766 12
1 1 22 0009CCC4 12
1 1 23 FFF5E0F8 12
1 1 24 000A0C24 12
1 1 25 FFF66B1A 12
1 1 26 0008BDDC 12
1 1 27 FFF87080 12
1 1 28 00061594 12
1 1 29 FFFBA106 12
1 1 30 00027C98 12
1 1 31 FFFF7EA0 12
1 1 32 FFFE8114 12
1 1 33 0003702C 12
1 1 34 FFFAC0D6 12
1 1 35 0006D9AA 12
1 1 36 FFF7D03E 12
1 1 37 0009340C 12
1 1 38 FFF6239A 12
1 1 39 000A2228 12
1 1 40 FFF5FD48 12
1 1 41 00097F48 12
1 1 42 FFF76318 12
1 1 43 0007646A 12
1 1 44 FFFA1DDE 12
1 1 45 00042524 12
1 1 46 FFFDC15A 12
1 1 47 000041AC 12
1 1 48 0001BDD0 12
1 1 49 FFFC541A 12
1 1 50 00057550 12
1 1 51 FFF8F7E8 12
1 1 52 000854B2 12
1 1 53 FFF6B1DC 12
1 1 54 0009EA88 12
1 1 55 FFF5DC38 12
1 1 56 0009F7C8 12
1 1 57 FFF697D0 12
1 1 58 00087A90 12
1 1 59 FFF8C7C6 12
1 1 60 0005ADC2 12
1 1 61 FFFC1558 12
1 1 62 0002004A 12
1 1 63 FFFFFE02 12
1 1 64 FFFE038E 12
1 1 65 0003E6FC 12
1 1 66 FFFA556A 12
1 1 67 00073576 12
1 1 68 FFF78798 12
1 1 69 000966B6 12
1 1 70 FFF608EA 12
1 1 71 000A23D4 12
1 1 72 FFF614B4 12
1 1 73 00094FB0 12
1 1 74 FFF7A8FE 12
1 1 75 00070AF8 12
1 1 76 FFFA876A 12
1 1 77 0003AFA2 12
1 1 78 FFFE3E40 12
1 1 79 FFFFC24E 12
1 1 80 00023ABA 12
1 1 81 FFFBDE82 12
1 1 82 0005DEF8 12
1 1 83 FFF89E4C 12
1 1 84 00089ABE 12
1 1 85 FFF68224 12
1 1 86 000A0218 12
1 1 87 FFF5DDA8 12
1 1 88 0009DD50 12
1 1 89 FFF6CA44 12
1 1 90 00083216 12
1 1 91 FFF9236C 12
1 1 92 00054282 12
1 1 93 FFFC8C10 12
1 1 94 000182CA 12
1 1 95 00007D62 12
1 1 96 FFFD8746 12
1 1 97 00045B4E 12
1 1 98 FFF9ED92 12
1 1 99 00078CD0 12
1 1 100 FFF74432 12
1 1 101 00099398 12
1 1 102 FFF5F45A 12
1 1 103 000A1F44 12
1 1 104 FFF63234 12
1 1 105 00091A64 12
1 1 106 FFF7F402 12
1 1 107 0006AD20 12
1 1 108 FFFAF45E 12
1 1 109 000337CE 12
1 1 110 FFFEBC46 12
1 1 111 FFFF4308 12
1 1 112 0002B650 12
1 1 113 FFFB6B78 12
1 1 114 00064500 12
1 1 115 FFF84938 12
1 1 116 0008DB82 12
1 1 117 FFF6582C 12
1 1 118 000A1398 12
1 1 119 FFF5E568 12
1 1 120 0009BCB4 12
1 1 121 FFF70264 12
1 1 122 0007E492 12
1 1 123 FFF9834C 12
1 1 124 0004D404 12
1 1 125 FFFD04DA 12
1 1 126 00010466 12
1 1 127 0000FC7C 12
1 1 128 FFFD0C78 12
1 1 129 0004CD04 12
1 1 130 FFF98962 12
1 1 131 0007DF8C 12
1 1 132 FFF7061C 12
1 1 133 0009BA82 12
1 1 134 FFF5E60C 12
1 1 135 000A1476 12
1 1 136 FFF655C2 12
1 1 137 0008DF78 12
1 1 138 FFF843FC 12
1 1 139 00064B36 12
1 1 140 FFFB6464 12
1 1 141 0002BE0C 12
1 1 142 FFFF3B06 12
1 1 143 FFFEC42A 12
1 1 144 00033042 12
1 1 145 FFFAFB2C 12
1 1 146 0006A740 12
1 1 147 FFF7F8EC 12
1 1 148 000916CA 12
1 1 149 FFF63448 12
1 1 150 000A1EBE 12
1 1 151 FFF5F35A 12
1 1 152 00099622 12
1 1 153 FFF74016 12
1 1 154 0007922C 12
1 1 155 FFF9E73E 12
1 1 156 00046276 12
1 1 157 FFFD7F84 12
1 1 158 0000855C 12
1 1 159 00017AF0 12
1 1 160 FFFC9388 12
1 1 161 00053BB6 12
1 1 162 FFF92942 12
1 1 163 00082D66 12
1 1 164 FFF6CD9E 12
1 1 165 0009DB72 12
1 1 166 FFF5DDF4 12
1 1 167 000A0360 12
1 1 168 FFF67F54 12
1 1 169 00089F02 12
1 1 170 FFF898CE 12
1 1 171 0005E562 12
1 1 172 FFFBD74C 12
1 1 173 00024284 12
1 1 174 FFFFBA54 12
1 1 175 FFFE461E 12
1 1 176 0003A82E 12
1 1 177 FFFA8E1E 12
1 1 178 00070540 12
1 1 179 FFF7AD96 12
1 1 180 00094C76 12
1 1 181 FFF61656 12
1 1 182 000A23C0 12
1 1 183 FFF60780 12
1 1 184 000969A2 12
1 1 185 FFF78334 12
1 1 186 00073B10 12
1 1 187 FFFA4ED8 12
1 1 188 0003EE50 12
1 1 189 FFFDFBC6 12
1 1 190 000005F2 12
1 1 191 0001F87C 12
1 1 192 FFFC1CB0 12
1 1 193 0005A73E 12
1 1 194 FFF8CD46 12
1 1 195 00087628 12
1 1 196 FFF69AD8 12
1 1 197 0009F654 12
1 1 198 FFF5DC16 12
1 1 199 0009EC28 12
1 1 200 FFF6AEBC 12
1 1 201 00085942 12
1 1 202 FFF8F228 12
1 1 203 00057BF4 12
1 1 204 FFFC4CBC 12
1 1 205 0001C5B0 12
1 1 206 000039B4 12
1 1 207 FFFDC924 12
1 1 208 00041DDC 12
1 1 209 FFFA2450 12
1 1 210 00075F02 12
1 1 211 FFF7676A 12
1 1 212 00097C5A 12
1 1 213 FFF5FE84 12
1 1 214 000A227C 12
1 1 215 FFF621BC 12
1 1 216 00093768 12
1 1 217 FFF7CB80 12
1 1 218 0006DF8C 12
1 1 219 FFFABA0E 12
1 1 220 000377A6 12
1 1 221 FFFE7944 12
1 1 222 FFFF8688 12
1 1 223 000274D0 12
1 1 224 FFFBA840 12
1 1 225 00060F48 12
1 1 226 FFF875BA 12
1 1 227 0008B9BC 12
1 1 228 FFF66DD2 12
1 1 229 000A0B1C 12
1 1 230 FFF5E06E 12
1 1 231 0009CED4 12
1 1 232 FFF6E3DE 12
1 1 233 00080E72 12
1 1 234 FFF94FC6 12
1 1 235 00050F20 12
1 1 236 FFFCC476 12
1 1 237 000147AE 12
1 1 238 0000B902 12
1 1 239 FFFD4D8A 12
1 1 240 000490FA 12
1 1 241 FFF9BE1A 12
1 1 242 0007B442 12
1 1 243 FFF7267C 12
1 1 244 0009A674 12
1 1 245 FFF5ECEA 12
1 1 246 000A1AF0 12
1 1 247 FFF6422A 12
1 1 248 0008FF62 12
1 1 249 FFF818E4 12
1 1 250 00067FC4 12
1 1 251 FFFB2880 12
1 1 252 0002FEDC 12
1 1 253 FFFEF7A2 12
1 1 254 FFFF0776 12
1 1 255 0002EFAE 12
1 1 256 FFFB3672 12
1 1 257 0006738E 12
1 1 258 FFF822E0 12
1 1 259 0008F7F2 12
1 1 260 FFF646B0 12
1 1 261 000A199C 12
1 1 262 FFF5EB1A 12
1 1 263 0009AB72 12
1 1 264 FFF71E9E 12
1 1 265 0007BE92 12
1 1 266 FFF9B19E 12
1 1 267 00049F2C 12
1 1 268 FFFD3E30 12
1 1 269 0000C8E8 12
1 1 270 000137DC 12
1 1 271 FFFCD394 12
1 1 272 00050150 12
1 1 273 FFF95BCC 12
1 1 274 000804B6 12
1 1 275 FFF6EAF2 12
1 1 276 0009CAAE 12
1 1 277 FFF5E17E 12
1 1 278 000A0D32 12
1 1 279 FFF66880 12
1 1 280 0008C1E8 12
1 1 281 FFF86B22 12
1 1 282 00061C00 12
1 1 283 FFFB99EA 12
1 1 284 00028440 12
1 1 285 FFFF76A2 12
1 1 286 FFFE8900 12
1 1 287 000368AE 12
1 1 288 FFFAC7AA 12
1 1 289 0006D3D4 12
1 1 290 FFF7D4E4 12
1 1 291 000930A6 12
1 1 292 FFF62588 12
1 1 293 000A21EA 12
1 1 294 FFF5FBF2 12
1 1 295 00098214 12
1 1 296 FFF75EE4 12
1 1 297 000769F8 12
1 1 298 FFFA174C 12
1 1 299 00042C5A 12
1 1 300 FFFDB9A0 12
1 1 301 000049AC 12
1 1 302 0001B5F0 12
1 1 303 FFFC5B8E 12
1 1 304 00056E8E 12
1 1 305 FFF8FD90 12
1 1 306 0008503E 12
1 1 307 FFF6B528 12
1 1 308 0009E8BA 12
1 1 309 FFF5DC4C 12
1 1 310 0009F940 12
1 1 311 FFF694D8 12
1 1 312 00087EF0 12
1 1 313 FFF8C214 12
1 1 314 0005B472 12
1 1 315 FFFC0E06 12
1 1 316 00020818 12
1 1 317 FFFFF608 12
1 1 318 FFFE0B62 12
1 1 319 0003DFA0 12
1 1 320 FFFA5C08 12
1 1 321 00072FE0 12
1 1 322 FFF78BF6 12
1 1 323 000963A6 12
1 1 324 FFF60A7C 12
1 1 325 000A23EC 12
1 1 326 FFF61308 12
1 1 327 000952D2 12
1 1 328 FFF7A47A 12
1 1 329 000710B6 12
1 1 330 FFFA80B2 12
1 1 331 0003B702 12
1 1 332 FFFE3670 12
1 1 333 FFFFCA3A 12
1 1 334 000232FC 12
1 1 335 FFFBE5D6 12
1 1 336 0005D86A 12
1 1 337 FFF8A3B0 12
1 1 338 0008969A 12
1 1 339 FFF68504 12
1 1 340 000A00BA 12
1 1 341 FFF5DD5E 12
1 1 342 0009DF26 12
1 1 343 FFF6C6EC 12
1 1 344 000836D0 12
1 1 345 FFF91D82 12
1 1 346 00054958 12
1 1 347 FFFC848E 12
1 1 348 00018AB2 12
1 1 349 0000756A 12
1 1 350 FFFD8EFE 12
1 1 351 0004541E 12
1 1 352 FFF9F3F2 12
1 1 353 00078786 12
1 1 354 FFF74832 12
1 1 355 000990DA 12
1 1 356 FFF5F592 12
1 1 357 000A1FC4 12
1 1 358 FFF63024 12
1 1 359 00091DD8 12
1 1 360 FFF7EF36 12
1 1 361 0006B32C 12
1 1 362 FFFAED6A 12
1 1 363 00033F48 12
1 1 364 FFFEB46E 12
1 1 365 FFFF4AF8 12
1 1 366 0002AEA6 12
1 1 367 FFFB7292 12
1 1 368 00063EBE 12
1 1 369 FFF84E54 12
1 1 370 0008D7B2 12
1 1 371 FFF65AC0 12
1 1 372 000A128C 12
1 1 373 FFF5E4A8 12
1 1 374 0009BF02 12
1 1 375 FFF6FEBE 12
1 1 376 0007E98E 12
1 1 377 FFF97D26 12
1 1 378 0004DB08 12
1 1 379 FFFCFD42 12
1 1 380 00010C54 12
1 1 381 0000F486 12
1 1 382 FFFD141E 12
1 1 383 0004C5FE 12
1 1 384 FFF98F8A 12
1 1 385 0007DA8A 12
1 1 386 FFF709CE 12
1 1 387 0009B830 12
1 1 388 FFF5E6D6 12
1 1 389 000A1554 12
1 1 390 FFF65358 12
1 1 391 0008E340 12
1 1 392 FFF83EE8 12
1 1 393 0006517C 12
1 1 394 FFFB5D4A 12
1 1 395 0002C5AA 12
1 1 396 FFFF331A 12
1 1 397 FFFECC16 12
1 1 398 000328AC 12
1 1 399 FFFB022C 12
1 1 400 0006A128 12
1 1 401 FFF7FDC0 12
1 1 402 00091350 12
1 1 403 FFF6366A 12
1 1 404 000A1E26 12
1 1 405 FFF5F23A 12
1 1 406 000998CA 12
1 1 407 FFF73C1C 12
1 1 408 00079770 12
1 1 409 FFF9E0D2 12
1 1 410 000469AE 12
1 1 411 FFFD77D8 12
1 1 412 00008D4A 12
1 1 413 00017310 12
1 1 414 FFFC9B06 12
1 1 415 000534E8 12
1 1 416 FFF92F1C 12
1 1 417 000828BE 12
1 1 418 FFF6D0EC 12
1 1 419 0009D982 12
1 1 420 FFF5DE58 12
1 1 421 000A04A8 12
1 1 422 FFF67C86 12
1 1 423 0008A32E 12
1 1 424 FFF8935E 12
1 1 425 0005EBEC 12
1 1 426 FFFBCFFC 12
1 1 427 00024A46 12
1 1 428 FFFFB258 12
1 1 429 FFFE4DF6 12
1 1 430 0003A0C2 12
1 1 431 FFFA94D2 12
1 1 432 0006FF82 12
1 1 433 FFF7B212 12
1 1 434 0009495C 12
1 1 435 FFF6181C 12
1 1 436 000A2388 12
1 1 437 FFF605FE 12
1 1 438 00096CA8 12
1 1 439 FFF77EE2 12
1 1 440 000740A2 12
1 1 441 FFFA4848 12
1 1 442 0003F59E 12
1 1 443 FFFDF3FC 12
1 1 444 00000DEA 12
1 1 445 0001F0AA 12
1 1 446 FFFC240C 12
1 1 447 0005A09E 12
1 1 448 FFF8D2E6 12
1 1 449 000871D0 12
1 1 450 FFF69DC8 12
1 1 451 0009F4C8 12
1 1 452 FFF5DC12 12
1 1 453 0009EDD6 12
1 1 454 FFF6AB8C 12
1 1 455 00085DCA 12
1 1 456 FFF8EC6C 12
1 1 457 000582AC 12
1 1 458 FFFC4550 12
1 1 459 0001CD70 12
1 1 460 000031CE 12
1 1 461 FFFDD0F2 12
1 1 462 0004168E 12
1 1 463 FFFA2AD6 12
1 1 464 00075986 12
1 1 465 FFF76B8C 12
1 1 466 000979A0 12
1 1 467 FFF5FFEC 12
1 1 468 000A22A6 12
1 1 469 FFF61FE8 12
1 1 470 00093AB6 12
1 1 471 FFF7C6D8 12
1 1 472 0006E566 12
1 1 473 FFFAB338 12
1 1 474 00037F28 12
1 1 475 FFFE715C 12
1 1 476 FFFF8E8A 12
1 1 477 00026D1A 12
1 1 478 FFFBAF72 12
1 1 479 000608DE 12
1 1 480 FFF87B1A 12
1 1 481 0008B5C6 12
1 1 482 FFF6705A 12
1 1 483 000A09DC 12
1 1 484 FFF5E01A 12
1 1 485 0009D0D8 12
1 1 486 FFF6E05E 12
1 1 487 00081342 12
1 1 488 FFF949D0 12
1 1 489 00051610 12
1 1 490 FFFCBCE4 12
1 1 491 00014F88 12
1 1 492 0000B118 12
1 1 493 FFFD5534 12
1 1 494 000489E2 12
1 1 495 FFF9C46A 12
1 1 496 0007AF0A 12
1 1 497 FFF72A3A 12
1 1 498 0009A42A 12
1 1 499 FFF5EDE6 12
1 1 500 000A1B8A 12
1 1 501 FFF63FF0 12
1 1 502 00090314 12
1 1 503 FFF813F4 12
1 1 504 000685DA 12
1 1 505 FFFB2170 12
1 1 506 00030686 12
1 1 507 FFFEEFBC 12
1 1 508 FFFF0F62 12
1 1 509 0002E80A 12
1 1 510 FFFB3D80 12
1 1 511 00066D52 12
1 1 512 FFF82802 12
1 1 513 0008F448 12
1 1 514 FFF648E4 12
1 1 515 000A18CA 12
1 1 516 FFF5EA58 12
1 1 517 0009ADD0 12
1 1 518 FFF71ACE 12
1 1 519 0007C3A6 12
1 1 520 FFF9AB70 12
1 1 521 0004A642 12
1 1 522 FFFD368A 12
1 1 523 0000D0D8 12
1 1 524 00012FF0 12
1 1 525 FFFCDB22 12
1 1 526 0004FA66 12
1 1 527 FFF961E0 12
1 1 528 0007FFC8 12
1 1 529 FFF6EE7E 12
1 1 530 0009C89E 12
1 1 531 FFF5E216 12
1 1 532 000A0E2C 12
1 1 533 FFF665F6 12
1 1 534 0008C5E0 12
1 1 535 FFF865E6 12
1 1 536 00062250 12
1 1 537 FFFB92B6 12
1 1 538 00028BF8 12
1 1 539 FFFF6EBC 12
1 1 540 FFFE90DC 12
1 1 541 00036132 12
1 1 542 FFFACE76 12
1 1 543 0006CDDC 12
1 1 544 FFF7D9B0 12
1 1 545 00092D5C 12
1 1 546 FFF62754 12
1 1 547 000A2178 12
1 1 548 FFF5FAD4 12
1 1 549 000984D2 12
1 1 550 FFF75AB8 12
1 1 551 00076F5A 12
1 1 552 FFFA10E0 12
1 1 553 000433AC 12
1 1 554 FFFDB1D4 12
1 1 555 000051A8 12
1 1 556 0001AE0C 12
1 1 557 FFFC6308 12
1 1 558 000567CC 12
1 1 559 FFF90368 12
1 1 560 00084B98 12
1 1 561 FFF6B83A 12
1 1 562 0009E724 12
1 1 563 FFF5DC7E 12
1 1 564 0009FAA4 12
1 1 565 FFF691DE 12
1 1 566 00088352 12
1 1 567 FFF8BC8E 12
1 1 568 0005BAFE 12
1 1 569 FFFC06AE 12
1 1 570 00020FE2 12
1 1 571 FFFFEE10 12
1 1 572 FFFE1338 12
1 1 573 0003D840 12
1 1 574 FFFA62AC 12
1 1 575 00072A3E 12
1 1 576 FFF7905E 12
1 1 577 000960C0 12
1 1 578 FFF60BDE 12
1 1 579 000A23EE 12
1 1 580 FFF61178 12
1 1 581 000955FC 12
1 1 582 FFF79FEE 12
1 1 583 00071666 12
1 1 584 FFFA7A06 12
1 1 585 0003BE6C 12
1 1 586 FFFE2E9C 12
1 1 587 FFFFD23C 12
1 1 588 00022B26 12
1 1 589 FFFBED12 12
1 1 590 0005D1F8 12
1 1 591 FFF8A930 12
1 1 592 0008925C 12
1 1 593 FFF687C4 12
1 1 594 0009FF82 12
1 1 595 FFF5DD2E 12
1 1 596 0009E0E8 12
1 1 597 FFF6C3A2 12
1 1 598 00083B72 12
1 1 599 FFF917B6 12
1 1 600 0005501A 12
1 1 601 FFFC7D1E 12
1 1 602 00019284 12
1 1 603 00006D74 12
1 1 604 FFFD96C2 12
1 1 605 00044CE0 12
1 1 606 FFF9FA5E 12
1 1 607 00078238 12
1 1 608 FFF74C3C 12
1 1 609 00098E4A 12
1 1 610 FFF5F69E 12
1 1 611 000A2022 12
1 1 612 FFF62E3A 12
1 1 613 00092160 12
1 1 614 FFF7EA56 12
1 1 615 0006B91C 12
1 1 616 FFFAE690 12
1 1 617 000346E2 12
1 1 618 FFFEAC7E 12
1 1 619 FFFF52EC 12
1 1 620 0002A6EA 12
1 1 621 FFFB79AC 12
1 1 622 0006387C 12
1 1 623 FFF8538C 12
1 1 624 0008D3C4 12
1 1 625 FFF65D24 12
1 1 626 000A11B2 12
1 1 627 FFF5E424 12
1 1 628 0009C110 12
1 1 629 FFF6FB0E 12
1 1 630 0007EE92 12
1 1 631 FFF9770E 12
1 1 632 0004E202 12
1 1 633 FFFCF5AA 12
1 1 634 00011438 12
1 1 635 0000EC92 12
1 1 636 FFFD1BCC 12
1 1 637 0004BF02 12
1 1 638 FFF995A8 12
1 1 639 0007D584 12
1 1 640 FFF70D88 12
1 1 641 0009B5F8 12
1 1 642 FFF5E782 12
1 1 643 000A1610 12
1 1 644 FFF65114 12
1 1 645 0008E716 12
1 1 646 FFF839C4 12
1 1 647 000657B4 12
1 1 648 FFFB5636 12
1 1 649 0002CD52 12
1 1 650 FFFF2B34 12
1 1 651 FFFED402 12
1 1 652 00032112 12
1 1 653 FFFB0922 12
1 1 654 00069B1C 12
1 1 655 FFF802AE 12
1 1 656 00090FB6 12
1 1 657 FFF63862 12
1 1 658 000A1DBE 12
1 1 659 FFF5F14A 12
1 1 660 00099B44 12
1 1 661 FFF7381C 12
1 1 662 00079CB6 12
1 1 663 FFF9DA78 12
1 1 664 000470E0 12
1 1 665 FFFD7026 12
1 1 666 00009536 12
1 1 667 00016B2C 12
1 1 668 FFFCA28E 12
1 1 669 00052E10 12
1 1 670 FFF93506 12
1 1 671 000823F2 12
1 1 672 FFF6D45E 12
1 1 673 0009D7BA 12
1 1 674 FFF5DE90 12
1 1 675 000A05C8 12
1 1 676 FFF679E2 12
1 1 677 0008A766 12
1 1 678 FFF88DE6 12
1 1 679 0005F260 12
1 1 680 FFFBC8C0 12
1 1 681 00025208 12
1 1 682 FFFFAA66 12
1 1 683 FFFE55E4 12
1 1 684 0003993C 12
1 1 685 FFFA9B98 12
1 1 686 0006F9B6 12
1 1 687 FFF7B6B0 12
1 1 688 0009461C 12
1 1 689 FFF619C0 12
1 1 690 000A2376 12
1 1 691 FFF604A4 12
1 1 692 00096F84 12
1 1 693 FFF77A88 12
1 1 694 00074634 12
1 1 695 FFFA41B8 12
1 1 696 0003FCF2 12
1 1 697 FFFDEC2A 12
1 1 698 000015E2 12
1 1 699 0001E8D0 12
1 1 700 FFFC2B7A 12
1 1 701 000599FA 12
1 1 702 FFF8D88A 12
1 1 703 00086D68 12
1 1 704 FFF6A0CC 12
1 1 705 0009F354 12
1 1 706 FFF5DBF6 12
1 1 707 0009EF54 12
1 1 708 FFF6A88E 12
1 1 709 0008624E 12
1 1 710 FFF8E6B4 12
1 1 711 0005895C 12
1 1 712 FFFC3DE6 12
1 1 713 0001D558 12
1 1 714 000029C8 12
1 1 715 FFFDD8BA 12
1 1 716 00040F3C 12
1 1 717 FFFA3158 12
1 1 718 0007540E 12
1 1 719 FFF76FD4 12
1 1 720 000976C4 12
1 1 721 FFF6012C 12
1 1 722 000A22FA 12
1 1 723 FFF61E34 12
1 1 724 00093DEC 12
1 1 725 FFF7C228 12
1 1 726 0006EB40 12
1 1 727 FFFAAC6A 12
1 1 728 000386A6 12
1 1 729 FFFE6982 12
1 1 730 FFFF9672 12
1 1 731 00026552 12
1 1 732 FFFBB6BA 12
1 1 733 00060274 12
1 1 734 FFF88072 12
1 1 735 0008B1A8 12
1 1 736 FFF6730C 12
1 1 737 000A08D6 12
1 1 738 FFF5DF90 12
1 1 739 0009D2BA 12
1 1 740 FFF6DD02 12
1 1 741 00081814 12
1 1 742 FFF943D6 12
1 1 743 00051CF8 12
1 1 744 FFFCB556 12
1 1 745 00015776 12
1 1 746 0000A922 12
1 1 747 FFFD5CF0 12
1 1 748 000482B2 12
1 1 749 FFF9CAB6 12
1 1 750 0007A9D8 12
1 1 751 FFF72E36 12
1 1 752 0009A1A2 12
1 1 753 FFF5EEC8 12
1 1 754 000A1C3A 12
1 1 755 FFF63DCE 12
1 1 756 000906AC 12
1 1 757 FFF80EEA 12
1 1 758 00068C00 12
1 1 759 FFFB1A82 12
1 1 760 00030E12 12
1 1 761 FFFEE7C8 12
1 1 762 FFFF1756 12
1 1 763 0002E068 12
1 1 764 FFFB448E 12
1 1 765 0006672E 12
1 1 766 FFF82D04 12
1 1 767 0008F090 12
1 1 768 FFF64B24 12
1 1 769 000A1822 12
1 1 770 FFF5E96E 12
1 1 771 0009B01E 12
1 1 772 FFF7170C 12
1 1 773 0007C8DA 12
1 1 774 FFF9A522 12
1 1 775 0004AD52 12
1 1 776 FFFD2EE4 12
1 1 777 0000D8CE 12
1 1 778 00012804 12
1 1 779 FFFCE2BC 12
1 1 780 0004F366 12
1 1 781 FFF967E8 12
1 1 782 0007FAE6 12
1 1 783 FFF6F218 12
1 1 784 0009C67C 12
1 1 785 FFF5E294 12
1 1 786 000A0F40 12
1 1 787 FFF6637A 12
1 1 788 0008C9CC 12
1 1 789 FFF8609A 12
1 1 790 000628AC 12
1 1 791 FFFB8B8A 12
1 1 792 000293B2 12
1 1 793 FFFF66C2 12
1 1 794 FFFE98BE 12
1 1 795 000359AA 12
1 1 796 FFFAD55C 12
1 1 797 0006C808 12
1 1 798 FFF7DE5A 12
1 1 799 000929F6 12
1 1 800 FFF6293E 12
1 1 801 000A2134 12
1 1 802 FFF5F986 12
1 1 803 00098788 12
1 1 804 FFF75698 12
1 1 805 000774CE 12
1 1 806 FFFA0A60 12
1 1 807 00043AE8 12
1 1 808 FFFDAA16 12
1 1 809 0000599E 12
1 1 810 0001A634 12
1 1 811 FFFC6A7A 12
1 1 812 00056108 12
1 1 813 FFF90930 12
1 1 814 00084702 12
1 1 815 FFF6BB84 12
1 1 816 0009E55C 12
1 1 817 FFF5DC8E 12
1 1 818 0009FC1E 12
1 1 819 FFF68EFE 12
1 1 820 0008879A 12
1 1 821 FFF8B6FC 12
1 1 822 0005C192 12
1 1 823 FFFBFF5C 12
1 1 824 000217B0 12
1 1 825 FFFFE620 12
1 1 826 FFFE1B00 12
1 1 827 0003D0DC 12
1 1 828 FFFA6956 12
1 1 829 000724A6 12
1 1 830 FFF794BE 12
1 1 831 00095DA4 12
1 1 832 FFF60D78 12
1 1 833 000A240C 12
1 1 834 FFF60FC8 12
1 1 835 000958FE 12
1 1 836 FFF79B8C 12
1 1 837 00071C22 12
1 1 838 FFFA734E 12
1 1 839 0003C5D8 12
1 1 840 FFFE26BE 12
1 1 841 FFFFDA2E 12
1 1 842 00022366 12
1 1 843 FFFBF466 12
1 1 844 0005CB64 12
1 1 845 FFF8AEB2 12
1 1 846 00088E16 12
1 1 847 FFF68AA8 12
1 1 848 0009FE24 12
1 1 849 FFF5DCDA 12
1 1 850 0009E2CA 12
1 1 851 FFF6C068 12
1 1 852 0008400E 12
1 1 853 FFF911D0 12
1 1 854 000556F6 12
1 1 855 FFFC75A8 12
1 1 856 00019A60 12
1 1 857 00006588 12
1 1 858 FFFD9E74 12
1 1 859 000445B4 12
1 1 860 FFFA00C4 12
1 1 861 00077CD4 12
1 1 862 FFF75060 12
1 1 863 00098B9A 12
1 1 864 FFF5F7C6 12
1 1 865 000A2098 12
1 1 866 FFF62C36 12
1 1 867 000924BC 12
1 1 868 FFF7E59E 12
1 1 869 0006BF20 12
1 1 870 FFFADFA2 12
1 1 871 00034E60 12
1 1 872 FFFEA4A0 12
1 1 873 FFFF5AD4 12
1 1 874 00029F4A 12
1 1 875 FFFB80E6 12
1 1 876 00063214 12
1 1 877 FFF858C4 12
1 1 878 0008CFDA 12
1 1 879 FFF65FA0 12
1 1 880 000A10C0 12
1 1 881 FFF5E36A 12
1 1 882 0009C354 12
1 1 883 FFF6F78C 12
1 1 884 0007F368 12
1 1 885 FFF970F2 12
1 1 886 0004E902 12
1 1 887 FFFCEE0C 12
1 1 888 00011C2A 12
1 1 889 0000E4B2 12
1 1 890 FFFD235A 12
1 1 891 0004B7E8 12
1 1 892 FFF99BE6 12
1 1 893 0007D078 12
1 1 894 FFF71142 12
1 1 895 0009B3A0 12
1 1 896 FFF5E84C 12
1 1 897 000A16F8 12
1 1 898 FFF64EA0 12
1 1 899 0008EAD2 12
1 1 900 FFF834BA 12
1 1 901 00065DFA 12
1 1 902 FFFB4F14 12
1 1 903 0002D4FA 12
1 1 904 FFFF233E 12
1 1 905 FFFEDBEC 12
1 1 906 00031986 12
1 1 907 FFFB1010 12
1 1 908 00069510 12
1 1 909 FFF80794 12
1 1 910 00090C24 12
1 1 911 FFF63A84 12
1 1 912 000A1D28 12
1 1 913 FFF5F02E 12
1 1 914 00099DE6 12
1 1 915 FFF73432 12
1 1 916 0007A1EA 12
1 1 917 FFF9D41C 12
1 1 918 0004780E 12
1 1 919 FFFD6876 12
1 1 920 00009D26 12
1 1 921 00016350 12
1 1 922 FFFCAA06 12
1 1 923 0005272A 12
1 1 924 FFF93B04 12
1 1 925 00081F32 12
1 1 926 FFF6D7C4 12
1 1 927 0009D5B6 12
1 1 928 FFF5DF06 12
1 1 929 000A0716 12
1 1 930 FFF6770E 12
1 1 931 0008AB6E 12
1 1 932 FFF8889C 12
1 1 933 0005F8DC 12
1 1 934 FFFBC176 12
1 1 935 000259C8 12
1 1 936 FFFFA270 12
1 1 937 FFFE5DB0 12
1 1 938 000391DA 12
1 1 939 FFFAA262 12
1 1 940 0006F3DC 12
1 1 941 FFF7BB48 12
1 1 942 000942E4 12
1 1 943 FFF61B74 12
1 1 944 000A2350 12
1 1 945 FFF60330 12
1 1 946 0009727C 12
1 1 947 FFF7763A 12
1 1 948 00074BC2 12
1 1 949 FFFA3B1A 12
1 1 950 00040452 12
1 1 951 FFFDE45C 12
1 1 952 00001DDE 12
1 1 953 0001E108 12
1 1 954 FFFC32CE 12
1 1 955 0005934C 12
1 1 956 FFF8DE3C 12
1 1 957 000868F6 12
1 1 958 FFF6A3DC 12
1 1 959 0009F1BC 12
1 1 960 FFF5DBFC 12
1 1 961 0009F102 12
1 1 962 FFF6A55E 12
1 1 963 000866B4 12
1 1 964 FFF8E114 12
1 1 965 00059010 12
1 1 966 FFFC3676 12
1 1 967 0001DD1E 12
1 1 968 000021E0 12
1 1 969 FFFDE078 12
1 1 970 00040800 12
1 1 971 FFFA37E6 12
1 1 972 00074E80 12
1 1 973 FFF7740E 12
1 1 974 000973F6 12
1 1 975 FFF60290 12
1 1 976 000A232C 12
1 1 977 FFF61C62 12
1 1 978 00094138 12
1 1 979 FFF7BDA8 12
1 1 980 0006F0F8 12
1 1 981 FFFAA5A4 12
1 1 982 00038E1E 12
1 1 983 FFFE61A8 12
1 1 984 FFFF9E6A 12
1 1 985 00025DA4 12
1 1 986 FFFBBDDE 12
1 1 987 0005FBF4 12
1 1 988 FFF885E8 12
1 1 989 0008AD8C 12
1 1 990 FFF675BE 12
1 1 991 000A07AA 12
1 1 992 FFF5DF2A 12
1 1 993 0009D4C2 12
1 1 994 FFF6D982 12
1 1 995 00081CCA 12
1 1 996 FFF93DF4 12
1 1 997 000523DC 12
1 1 998 FFFCADCA 12
1 1 999 00015F5A 12
1 1 1000 0000A130 12
1 1 1001 FFFD64A0 12
1 1 1002 00047B94 12
1 1 1003 FFF9D104 12
1 1 1004 0007A496 12
1 1 1005 FFF73220 12
1 1 1006 00099F2A 12
1 1 1007 FFF5EFC2 12
1 1 1008 000A1CD2 12
1 1 1009 FFF63B9C 12
1 1 1010 00090A54 12
1 1 1011 FFF80A1E 12
1 1 1012 000691F4 12
1 1 1013 FFFB137C 12
1 1 1014 000315BA 12
1 1 1015 FFFEDFE2 12
1 1 1016 FFFF1F40 12
1 1 1017 0002D8C4 12
1 1 1018 FFFB4B94 12
1 1 1019 000660F4 12
1 1 1020 FFF8322A 12
1 1 1021 0008ECB8 12
1 1 1022 FFF64D8A 12
1 1 1023 000A1753 12
1 2 0 0000E430 12
1 2 1 FFFD5C2C 12
1 2 2 000449FA 12
1 2 3 FFFA3966 12
1 2 4 00070B44 12
1 2 5 FFF7F43E 12
1 2 6 0008BE44 12
1 2 7 FFF6E3DC 12
1 2 8 000921BA 12
1 2 9 FFF73128 12
1 2 10 000826AE 12
1 2 11 FFF8D072 12
1 2 12 0005F2D8 12
1 2 13 FFFB8366 12
1 2 14 0002DAD0 12
1 2 15 FFFEE296 12
1 2 16 FFFF552A 12
1 2 17 00026C84 12
1 2 18 FFFBE92A 12
1 2 19 0005997E 12
1 2 20 FFF91A0C 12
1 2 21 0007EF84 12
1 2 22 FFF753B2 12
1 2 23 0009151E 12
1 2 24 FFF6DA16 12
1 2 25 0008DE16 12
1 2 26 FFF7BF96 12
1 2 27 000752C6 12
1 2 28 FFF9E1C4 12
1 2 29 0004AE6C 12
1 2 30 FFFCEEB8 12
1 2 31 00015682 12
1 2 32 00007152 12
1 2 33 FFFDCB2A 12
1 2 34 0003E2FA 12
1 2 35 FFFA9490 12
1 2 36 0006BF72 12
1 2 37 FFF82DE2 12
1 2 38 00089904 12
1 2 39 FFF6F354 12
1 2 40 000928A4 12
1 2 41 FFF7140E 12
1 2 42 000858CE 12
1 2 43 FFF88B34 12
1 2 44 00064896 12
1 2 45 FFFB2070 12
1 2 46 0003474A 12
1 2 47 FFFE709E 12
1 2 48 FFFFC83A 12
1 2 49 0001FCC2 12
1 2 50 FFFC5172 12
1 2 51 00053C9E 12
1 2 52 FFF967FC 12
1 2 53 0007B38C 12
1 2 54 FFF77B84 12
1 2 55 000902E2 12
1 2 56 FFF6D5F6 12
1 2 57 0008F868 12
1 2 58 FFF79010 12
1 2 59 000795B8 12
1 2 60 FFF98DF2 12
1 2 61 00051000 12
1 2 62 FFFC8322 12
1 2 63 0001C7FA 12
1 2 64 FFFFFE32 12
1 2 65 FFFE3B9C 12
1 2 66 00037982 12
1 2 67 FFFAF30C 12
1 2 68 00066F7E 12
1 2 69 FFF86C50 12
1 2 70 00086E82 12
1 2 71 FFF70852 12
1 2 72 000929F8 12
1 2 73 FFF6FC78 12
1 2 74 000885C2 12
1 2 75 FFF84A80 12
1 2 76 00069A84 12
1 2 77 FFFAC06C 12
1 2 78 0003B1CA 12
1 2 79 FFFDFFB2 12
1 2 80 00003B56 12
1 2 81 00018BC4 12
1 2 82 FFFCBC04 12
1 2 83 0004DC7C 12
1 2 84 FFF9BA04 12
1 2 85 000772BA 12
1 2 86 FFF7A8AC 12
1 2 87 0008EB22 12
1 2 88 FFF6D770 12
1 2 89 00090D3C 12
1 2 90 FFF765B4 12
1 2 91 0007D3FA 12
1 2 92 FFF93E1C 12
1 2 93 00056E6A 12
1 2 94 FFFC19BC 12
1 2 95 00023856 12
1 2 96 FFFF8B16 12
1 2 97 FFFEAD14 12
1 2 98 00030DF0 12
1 2 99 FFFB54AE 12
1 2 100 00061B86 12
1 2 101 FFF8AF5C 12
1 2 102 00083ED6 12
1 2 103 FFF722D0 12
1 2 104 000925AC 12
1 2 105 FFF6EA6A 12
1 2 106 0008AD7E 12
1 2 107 FFF80EAC 12
1 2 108 0006E842 12
1 2 109 FFFA63A4 12
1 2 110 00041A06 12
1 2 111 FFFD8FF6 12
1 2 112 0000AE5E 12
1 2 113 000119D2 12
1 2 114 FFFD2894 12
1 2 115 00047974 12
1 2 116 FFFA0FD0 12
1 2 117 00072D62 12
1 2 118 FFF7DAE8 12
1 2 119 0008CDD4 12
1 2 120 FFF6DE9E 12
1 2 121 00091C80 12
1 2 122 FFF740A4 12
1 2 123 00080D6E 12
1 2 124 FFF8F26E 12
1 2 125 0005C970 12
1 2 126 FFFBB2CA 12
1 2 127 0002A760 12
1 2 128 FFFF1838 12
1 2 129 FFFF1F64 12
1 2 130 0002A07A 12
1 2 131 FFFBB926 12
1 2 132 0005C3DA 12
1 2 133 FFF8F700 12
1 2 134 00080A02 12
1 2 135 FFF742C6 12
1 2 136 00091BBC 12
1 2 137 FFF6DDFA 12
1 2 138 0008CFDC 12
1 2 139 FFF7D7B6 12
1 2 140 000731C4 12
1 2 141 FFFA0A5E 12
1 2 142 00047FB0 12
1 2 143 FFFD21B4 12
1 2 144 00012100 12
1 2 145 0000A72C 12
1 2 146 FFFD96EC 12
1 2 147 0004138C 12
1 2 148 FFFA6962 12
1 2 149 0006E38C 12
1 2 150 FFF8123E 12
1 2 151 0008AB26 12
1 2 152 FFF6EB66 12
1 2 153 00092618 12
1 2 154 FFF72102 12
1 2 155 000841EC 12
1 2 156 FFF8AB12 12
1 2 157 000620E4 12
1 2 158 FFFB4E7E 12
1 2 159 000314BA 12
1 2 160 FFFEA5F6 12
1 2 161 FFFF9244 12
1 2 162 0002315A 12
1 2 163 FFFC204A 12
1 2 164 00056896 12
1 2 165 FFF942F8 12
1 2 166 0007D03E 12
1 2 167 FFF7682C 12
1 2 168 00090C1E 12
1 2 169 FFF6D738 12
1 2 170 0008ECC0 12
1 2 171 FFF7A5B8 12
1 2 172 000776E6 12
1 2 173 FFF9B4B4 12
1 2 174 0004E2A4 12
1 2 175 FFFCB540 12
1 2 176 000192E4 12
1 2 177 00003432 12
1 2 178 FFFE06B0 12
1 2 179 0003AB3E 12
1 2 180 FFFAC64C 12
1 2 181 0006957C 12
1 2 182 FFF84E6E 12
1 2 183 00088318 12
1 2 184 FFF6FDC6 12
1 2 185 00092A0C 12
1 2 186 FFF706DA 12
1 2 187 00087150 12
1 2 188 FFF86848 12
1 2 189 000674A4 12
1 2 190 FFFAED04 12
1 2 191 00038032 12
1 2 192 FFFE3486 12
1 2 193 00000566 12
1 2 194 0001C0E8 12
1 2 195 FFFC89D0 12
1 2 196 000509F6 12
1 2 197 FFF9930E 12
1 2 198 000791AE 12
1 2 199 FFF792DE 12
1 2 200 0008F6F4 12
1 2 201 FFF6D618 12
1 2 202 00090424 12
1 2 203 FFF778E4 12
1 2 204 0007B76A 12
1 2 205 FFF962FE 12
1 2 206 00054282 12
1 2 207 FFFC4AD6 12
1 2 208 000203CE 12
1 2 209 FFFFC102 12
1 2 210 FFFE77C2 12
1 2 211 0003409A 12
1 2 212 FFFB2684 12
1 2 213 0006435C 12
1 2 214 FFF88F5E 12
1 2 215 000855DC 12
1 2 216 FFF715A8 12
1 2 217 00092868 12
1 2 218 FFF6F22C 12
1 2 219 00089B88 12
1 2 220 FFF82A1A 12
1 2 221 0006C460 12
1 2 222 FFFA8EB0 12
1 2 223 0003E982 12
1 2 224 FFFDC432 12
1 2 225 00007888 12
1 2 226 00014F5A 12
1 2 227 FFFCF57A 12
1 2 228 0004A83E 12
1 2 229 FFF9E71C 12
1 2 230 00074E76 12
1 2 231 FFF7C2B8 12
1 2 232 0008DC46 12
1 2 233 FFF6DA8A 12
1 2 234 0009160C 12
1 2 235 FFF75166 12
1 2 236 0007F316 12
1 2 237 FFF9155A 12
1 2 238 00059F26 12
1 2 239 FFFBE2B8 12
1 2 240 00027378 12
1 2 241 FFFF4DFE 12
1 2 242 FFFEE9BC 12
1 2 243 0002D3F8 12
1 2 244 FFFB89B0 12
1 2 245 0005ED62 12
1 2 246 FFF8D4E6 12
1 2 247 00082362 12
1 2 248 FFF73324 12
1 2 249 00092114 12
1 2 250 FFF6E31A 12
1 2 251 0008C064 12
1 2 252 FFF7F0D4 12
1 2 253 00070FEA 12
1 2 254 FFFA33C4 12
1 2 255 0004506E 12
1 2 256 FFFD5532 12
1 2 257 0000EB62 12
1 2 258 0000DCFA 12
1 2 259 FFFD6304 12
1 2 260 000443A8 12
1 2 261 FFFA3EF4 12
1 2 262 000706B0 12
1 2 263 FFF7F7AA 12
1 2 264 0008BC22 12
1 2 265 FFF6E4B2 12
1 2 266 0009224C 12
1 2 267 FFF72F2E 12
1 2 268 000829F4 12
1 2 269 FFF8CBF4 12
1 2 270 0005F858 12
1 2 271 FFFB7D1C 12
1 2 272 0002E1A8 12
1 2 273 FFFEDB6A 12
1 2 274 FFFF5C60 12
1 2 275 00026592 12
1 2 276 FFFBEFA0 12
1 2 277 000593C4 12
1 2 278 FFF91ED2 12
1 2 279 0007EBFA 12
1 2 280 FFF755F4 12
1 2 281 00091422 12
1 2 282 FFF6D9A8 12
1 2 283 0008DFD4 12
1 2 284 FFF7BC88 12
1 2 285 00075718 12
1 2 286 FFF9DC6A 12
1 2 287 0004B4A6 12
1 2 288 FFFCE7E6 12
1 2 289 00015D9C 12
1 2 290 00006A22 12
1 2 291 FFFDD234 12
1 2 292 0003DC68 12
1 2 293 FFFA9A4E 12
1 2 294 0006BAA2 12
1 2 295 FFF83198 12
1 2 296 00089692 12
1 2 297 FFF6F470 12
1 2 298 000928F0 12
1 2 299 FFF71274 12
1 2 300 00085BBA 12
1 2 301 FFF88700 12
1 2 302 00064DD8 12
1 2 303 FFFB1A4A 12
1 2 304 00034E0E 12
1 2 305 FFFE6988 12
1 2 306 FFFFCF6C 12
1 2 307 0001F5BC 12
1 2 308 FFFC580E 12
1 2 309 000536AE 12
1 2 310 FFF96D02 12
1 2 311 0007AF9C 12
1 2 312 FFF77E34 12
1 2 313 00090190 12
1 2 314 FFF6D5E0 12
1 2 315 0008F9DA 12
1 2 316 FFF78D4A 12
1 2 317 000799C4 12
1 2 318 FFF988D4 12
1 2 319 00051604 12
1 2 320 FFFC7C78 12
1 2 321 0001CF02 12
1 2 322 FFFFF702 12
1 2 323 FFFE42B2 12
1 2 324 000372D0 12
1 2 325 FFFAF910 12
1 2 326 00066A5C 12
1 2 327 FFF87056 12
1 2 328 00086BB4 12
1 2 329 FFF709DA 12
1 2 330 000929D4 12
1 2 331 FFF6FB30 12
1 2 332 00088862 12
1 2 333 FFF846A4 12
1 2 334 00069F7A 12
1 2 335 FFFABA86 12
1 2 336 0003B862 12
1 2 337 FFFDF8A4 12
1 2 338 00004298 12
1 2 339 000184A6 12
1 2 340 FFFCC2C4 12
1 2 341 0004D66C 12
1 2 342 FFF9BF3A 12
1 2 343 00076E90 12
1 2 344 FFF7AB9E 12
1 2 345 0008E972 12
1 2 346 FFF6D7BA 12
1 2 347 00090E54 12
1 2 348 FFF76346 12
1 2 349 0007D7C8 12
1 2 350 FFF93934 12
1 2 351 00057430 12
1 2 352 FFFC1340 12
1 2 353 00023F50 12
1 2 354 FFFF83E6 12
1 2 355 FFFEB436 12
1 2 356 00030722 12
1 2 357 FFFB5AD4 12
1 2 358 00061634 12
1 2 359 FFF8B3BC 12
1 2 360 00083BAA 12
1 2 361 FFF724B6 12
1 2 362 00092528 12
1 2 363 FFF6E984 12
1 2 364 0008AFC0 12
1 2 365 FFF80B0C 12
1 2 366 0006ED04 12
1 2 367 FFFA5DF0 12
1 2 368 0004207C 12
1 2 369 FFFD88FE 12
1 2 370 0000B596 12
1 2 371 000112B2 12
1 2 372 FFFD2F6C 12
1 2 373 0004732E 12
1 2 374 FFFA1548 12
1 2 375 000728E4 12
1 2 376 FFF7DE3C 12
1 2 377 0008CBD2 12
1 2 378 FFF6DF42 12
1 2 379 00091D34 12
1 2 380 FFF73E90 12
1 2 381 000810DE 12
1 2 382 FFF8EDD4 12
1 2 383 0005CF0A 12
1 2 384 FFFBAC6A 12
1 2 385 0002AE34 12
1 2 386 FFFF111E 12
1 2 387 FFFF269C 12
1 2 388 00029982 12
1 2 389 FFFBBF84 12
1 2 390 0005BE42 12
1 2 391 FFF8FBA0 12
1 2 392 0008068E 12
1 2 393 FFF74502 12
1 2 394 00091AE0 12
1 2 395 FFF6DD74 12
1 2 396 0008D1C0 12
1 2 397 FFF7D464 12
1 2 398 00073644 12
1 2 399 FFFA04E2 12
1 2 400 000485FA 12
1 2 401 FFFD1AEE 12
1 2 402 00012814 12
1 2 403 0000A002 12
1 2 404 FFFD9DDE 12
1 2 405 00040D28 12
1 2 406 FFFA6F0A 12
1 2 407 0006DECE 12
1 2 408 FFF815D8 12
1 2 409 0008A8CE 12
1 2 410 FFF6EC60 12
1 2 411 0009267E 12
1 2 412 FFF71F3C 12
1 2 413 0008450E 12
1 2 414 FFF8A6C2 12
1 2 415 0006264E 12
1 2 416 FFFB4842 12
1 2 417 00031B8C 12
1 2 418 FFFE9ECA 12
1 2 419 FFFF997C 12
1 2 420 00022A56 12
1 2 421 FFFC26CA 12
1 2 422 000562CA 12
1 2 423 FFF947D2 12
1 2 424 0007CC80 12
1 2 425 FFF76ABA 12
1 2 426 00090AEE 12
1 2 427 FFF6D6FE 12
1 2 428 0008EE5A 12
1 2 429 FFF7A2BC 12
1 2 430 00077B18 12
1 2 431 FFF9AF7C 12
1 2 432 0004E8B8 12
1 2 433 FFFCAE96 12
1 2 434 000199F0 12
1 2 435 00002CF6 12
1 2 436 FFFE0DC4 12
1 2 437 0003A4A4 12
1 2 438 FFFACC36 12
1 2 439 0006907C 12
1 2 440 FFF85256 12
1 2 441 0008806A 12
1 2 442 FFF6FF1E 12
1 2 443 00092A1A 12
1 2 444 FFF7056A 12
1 2 445 00087426 12
1 2 446 FFF86438 12
1 2 447 000679C4 12
1 2 448 FFFAE704 12
1 2 449 000386D0 12
1 2 450 FFFE2D7A 12
1 2 451 00000C9E 12
1 2 452 0001B9D0 12
1 2 453 FFFC9074 12
1 2 454 000503FC 12
1 2 455 FFF99830 12
1 2 456 00078DA0 12
1 2 457 FFF795BC 12
1 2 458 0008F56A 12
1 2 459 FFF6D630 12
1 2 460 00090570 12
1 2 461 FFF77644 12
1 2 462 0007BB46 12
1 2 463 FFF95E04 12
1 2 464 00054868 12
1 2 465 FFFC4448 12
1 2 466 00020AD0 12
1 2 467 FFFFB9CC 12
1 2 468 FFFE7EDE 12
1 2 469 000339DA 12
1 2 470 FFFB2CA0 12
1 2 471 00063E2A 12
1 2 472 FFF89384 12
1 2 473 000852D0 12
1 2 474 FFF71766 12
1 2 475 0009280E 12
1 2 476 FFF6F120 12
1 2 477 00089DFE 12
1 2 478 FFF82664 12
1 2 479 0006C93E 12
1 2 480 FFFA88E6 12
1 2 481 0003F002 12
1 2 482 FFFDBD32 12
1 2 483 00007FB4 12
1 2 484 0001483C 12
1 2 485 FFFCFC42 12
1 2 486 0004A212 12
1 2 487 FFF9EC7A 12
1 2 488 00074A22 12
1 2 489 FFF7C5F0 12
1 2 490 0008DA5E 12
1 2 491 FFF6DB14 12
1 2 492 000916EC 12
1 2 493 FFF74F14 12
1 2 494 0007F6B2 12
1 2 495 FFF91096 12
1 2 496 0005A4DE 12
1 2 497 FFFBDC46 12
1 2 498 00027A6E 12
1 2 499 FFFF46D8 12
1 2 500 FFFEF0DE 12
1 2 501 0002CD20 12
1 2 502 FFFB8FF6 12
1 2 503 0005E7EE 12
1 2 504 FFF8D958 12
1 2 505 00082014 12
1 2 506 FFF73528 12
1 2 507 00092062 12
1 2 508 FFF6E266 12
1 2 509 0008C27E 12
1 2 510 FFF7ED6E 12
1 2 511 00071478 12
1 2 512 FFFA2E38 12
1 2 513 000456BC 12
1 2 514 FFFD4E5A 12
1 2 515 0000F27C 12
1 2 516 0000D5DA 12
1 2 517 FFFD69EE 12
1 2 518 00043D46 12
1 2 519 FFFA4496 12
1 2 520 0007020E 12
1 2 521 FFF7FB38 12
1 2 522 0008B9DC 12
1 2 523 FFF6E590 12
1 2 524 000922D4 12
1 2 525 FFF72D30 12
1 2 526 00082D3E 12
1 2 527 FFF8C77C 12
1 2 528 0005FDD0 12
1 2 529 FFFB76E4 12
1 2 530 0002E874 12
1 2 531 FFFED452 12
1 2 532 FFFF6386 12
1 2 533 00025EA0 12
1 2 534 FFFBF616 12
1 2 535 00058E14 12
1 2 536 FFF9238A 12
1 2 537 0007E84C 12
1 2 538 FFF75860 12
1 2 539 00091312 12
1 2 540 FFF6D952 12
1 2 541 0008E1AE 12
1 2 542 FFF7B962 12
1 2 543 00075B64 12
1 2 544 FFF9D718 12
1 2 545 0004BAD4 12
1 2 546 FFFCE11E 12
1 2 547 000164BA 12
1 2 548 000062EE 12
1 2 549 FFFDD92A 12
1 2 550 0003D5EA 12
1 2 551 FFFAA028 12
1 2 552 0006B5BC 12
1 2 553 FFF83564 12
1 2 554 00089408 12
1 2 555 FFF6F5B2 12
1 2 556 00092912 12
1 2 557 FFF710DA 12
1 2 558 00085EA8 12
1 2 559 FFF882D2 12
1 2 560 00065312 12
1 2 561 FFFB1436 12
1 2 562 000354C4 12
1 2 563 FFFE6284 12
1 2 564 FFFFD690 12
1 2 565 0001EEBA 12
1 2 566 FFFC5EA0 12
1 2 567 000530CA 12
1 2 568 FFF971FE 12
1 2 569 0007ABAC 12
1 2 570 FFF780E2 12
1 2 571 00090030 12
1 2 572 FFF6D5DC 12
1 2 573 0008FB4E 12
1 2 574 FFF78A7E 12
1 2 575 00079DCE 12
1 2 576 FFF983B6 12
1 2 577 00051BFE 12
1 2 578 FFFC75D4 12
1 2 579 0001D610 12
1 2 580 FFFFEFD0 12
1 2 581 FFFE49B2 12
1 2 582 00036C36 12
1 2 583 FFFAFF16 12
1 2 584 00066536 12
1 2 585 FFF8746A 12
1 2 586 000868DC 12
1 2 587 FFF70B60 12
1 2 588 000929B2 12
1 2 589 FFF6F9E4 12
1 2 590 00088B0A 12
1 2 591 FFF842B8 12
1 2 592 0006A47C 12
1 2 593 FFFAB4A8 12
1 2 594 0003BEF2 12
1 2 595 FFFDF1A6 12
1 2 596 000049C2 12
1 2 597 00017D92 12
1 2 598 FFFCC97C 12
1 2 599 0004D04A 12
1 2 600 FFF9C480 12
1 2 601 00076A4A 12
1 2 602 FFF7AEB0 12
1 2 603 0008E7B6 12
1 2 604 FFF6D818 12
1 2 605 00090F70 12
1 2 606 FFF760CE 12
1 2 607 0007DB86 12
1 2 608 FFF93456 12
1 2 609 000579F2 12
1 2 610 FFFC0CC2 12
1 2 611 0002464C 12
1 2 612 FFFF7CB2 12
1 2 613 FFFEBB54 12
1 2 614 0003005C 12
1 2 615 FFFB6116 12
1 2 616 000610C8 12
1 2 617 FFF8B818 12
1 2 618 00083880 12
1 2 619 FFF72698 12
1 2 620 000924A8 12
1 2 621 FFF6E890 12
1 2 622 0008B212 12
1 2 623 FFF80774 12
1 2 624 0006F1C0 12
1 2 625 FFFA5852 12
1 2 626 000426DA 12
1 2 627 FFFD8218 12
1 2 628 0000BCBE 12
1 2 629 00010B90 12
1 2 630 FFFD363E 12
1 2 631 00046CE0 12
1 2 632 FFFA1ACC 12
1 2 633 00072460 12
1 2 634 FFF7E192 12
1 2 635 0008C9C6 12
1 2 636 FFF6DFF0 12
1 2 637 00091E00 12
1 2 638 FFF73C64 12
1 2 639 0008145C 12
1 2 640 FFF8E930 12
1 2 641 0005D492 12
1 2 642 FFFBA61A 12
1 2 643 0002B524 12
1 2 644 FFFF09E4 12
1 2 645 FFFF2DC6 12
1 2 646 0002929E 12
1 2 647 FFFBC5EA 12
1 2 648 0005B8A0 12
1 2 649 FFF90040 12
1 2 650 00080314 12
1 2 651 FFF74742 12
1 2 652 000919FE 12
1 2 653 FFF6DCDC 12
1 2 654 0008D3B8 12
1 2 655 FFF7D122 12
1 2 656 00073AB2 12
1 2 657 FFF9FF70 12
1 2 658 00048C3C 12
1 2 659 FFFD1420 12
1 2 660 00012F34 12
1 2 661 000098D8 12
1 2 662 FFFDA4CE 12
1 2 663 000406B4 12
1 2 664 FFFA74BE 12
1 2 665 0006DA04 12
1 2 666 FFF8197E 12
1 2 667 0008A664 12
1 2 668 FFF6ED70 12
1 2 669 000926E0 12
1 2 670 FFF71D76 12
1 2 671 0008482C 12
1 2 672 FFF8A270 12
1 2 673 00062BA0 12
1 2 674 FFFB4216 12
1 2 675 00032246 12
1 2 676 FFFE97B6 12
1 2 677 FFFFA0A4 12
1 2 678 00022360 12
1 2 679 FFFC2D58 12
1 2 680 00055CF4 12
1 2 681 FFF94CC0 12
1 2 682 0007C8AE 12
1 2 683 FFF76D4C 12
1 2 684 000909B6 12
1 2 685 FFF6D6C6 12
1 2 686 0008EFF6 12
1 2 687 FFF79FCE 12
1 2 688 00077F3E 12
1 2 689 FFF9AA54 12
1 2 690 0004EEBE 12
1 2 691 FFFCA7DA 12
1 2 692 0001A10C 12
1 2 693 000025C8 12
1 2 694 FFFE14C6 12
1 2 695 00039E04 12
1 2 696 FFFAD228 12
1 2 697 00068B70 12
1 2 698 FFF8564A 12
1 2 699 00087DB2 12
1 2 700 FFF70082 12
1 2 701 00092A22 12
1 2 702 FFF703FA 12
1 2 703 000876F0 12
1 2 704 FFF86030 12
1 2 705 00067ED4 12
1 2 706 FFFAE10E 12
1 2 707 00038D7A 12
1 2 708 FFFE2668 12
1 2 709 000013D0 12
1 2 710 0001B2BE 12
1 2 711 FFFC9726 12
1 2 712 0004FDF2 12
1 2 713 FFF99D58 12
1 2 714 0007898A 12
1 2 715 FFF798A2 12
1 2 716 0008F3D8 12
1 2 717 FFF6D64C 12
1 2 718 000906B8 12
1 2 719 FFF773AA 12
1 2 720 0007BF22 12
1 2 721 FFF95912 12
1 2 722 00054E46 12
1 2 723 FFFC3DBC 12
1 2 724 000211D0 12
1 2 725 FFFFB2A0 12
1 2 726 FFFE85F0 12
1 2 727 0003332A 12
1 2 728 FFFB32AE 12
1 2 729 000638D8 12
1 2 730 FFF897CA 12
1 2 731 00084FC6 12
1 2 732 FFF7191E 12
1 2 733 000927CC 12
1 2 734 FFF6EFFC 12
1 2 735 0008A074 12
1 2 736 FFF822A8 12
1 2 737 0006CE10 12
1 2 738 FFFA8324 12
1 2 739 0003F67C 12
1 2 740 FFFDB63E 12
1 2 741 000086E6 12
1 2 742 0001411A 12
1 2 743 FFFD030A 12
1 2 744 00049BE2 12
1 2 745 FFF9F1EC 12
1 2 746 000745B2 12
1 2 747 FFF7C918 12
1 2 748 0008D886 12
1 2 749 FFF6DB86 12
1 2 750 000917DE 12
1 2 751 FFF74CC4 12
1 2 752 0007FA48 12
1 2 753 FFF90BF2 12
1 2 754 0005AA7C 12
1 2 755 FFFBD5E4 12
1 2 756 00028154 12
1 2 757 FFFF3FAE 12
1 2 758 FFFEF7FE 12
1 2 759 0002C640 12
1 2 760 FFFB9646 12
1 2 761 0005E268 12
1 2 762 FFF8DDDC 12
1 2 763 00081CAE 12
1 2 764 FFF73740 12
1 2 765 00091FC2 12
1 2 766 FFF6E1A2 12
1 2 767 0008C4AE 12
1 2 768 FFF7E9F6 12
1 2 769 0007190C 12
1 2 770 FFFA28A8 12
1 2 771 00045D0E 12
1 2 772 FFFD477A 12
1 2 773 0000F9A6 12
1 2 774 0000CEB4 12
1 2 775 FFFD70D8 12
1 2 776 000436E6 12
1 2 777 FFFA4A34 12
1 2 778 0006FD66 12
1 2 779 FFF7FEC2 12
1 2 780 0008B79E 12
1 2 781 FFF6E65E 12
1 2 782 0009236C 12
1 2 783 FFF72B4A 12
1 2 784 00083076 12
1 2 785 FFF8C316 12
1 2 786 0006033C 12
1 2 787 FFFB70A2 12
1 2 788 0002EF4C 12
1 2 789 FFFECD22 12
1 2 790 FFFF6ABE 12
1 2 791 000257B2 12
1 2 792 FFFBFC82 12
1 2 793 0005885C 12
1 2 794 FFF92852 12
1 2 795 0007E49C 12
1 2 796 FFF75ACA 12
1 2 797 00091222 12
1 2 798 FFF6D8DE 12
1 2 799 0008E37C 12
1 2 800 FFF7B640 12
1 2 801 00075FAA 12
1 2 802 FFF9D1C6 12
1 2 803 0004C0F8 12
1 2 804 FFFCDA60 12
1 2 805 00016BD2 12
1 2 806 00005BC6 12
1 2 807 FFFDE024 12
1 2 808 0003CF6A 12
1 2 809 FFFAA5FC 12
1 2 810 0006B0D0 12
1 2 811 FFF83946 12
1 2 812 00089166 12
1 2 813 FFF6F6DE 12
1 2 814 0009294C 12
1 2 815 FFF70F34 12
1 2 816 000861A0 12
1 2 817 FFF87EA6 12
1 2 818 00065850 12
1 2 819 FFFB0E2E 12
1 2 820 00035B70 12
1 2 821 FFFE5B6C 12
1 2 822 FFFFDDC4 12
1 2 823 0001E7AA 12
1 2 824 FFFC6542 12
1 2 825 00052AD2 12
1 2 826 FFF97710 12
1 2 827 0007A7AE 12
1 2 828 FFF783A6 12
1 2 829 0008FEDA 12
1 2 830 FFF6D5CC 12
1 2 831 0008FCC6 12
1 2 832 FFF787B2 12
1 2 833 0007A1C6 12
1 2 834 FFF97EA8 12
1 2 835 000521F2 12
1 2 836 FFFC6F30 12
1 2 837 0001DD1E 12
1 2 838 FFFFE89E 12
1 2 839 FFFE50C2 12
1 2 840 0003658C 12
1 2 841 FFFB051C 12
1 2 842 0006600E 12
1 2 843 FFF8788C 12
1 2 844 000865F2 12
1 2 845 FFF70CE4 12
1 2 846 00092996 12
1 2 847 FFF6F8A6 12
1 2 848 00088D9E 12
1 2 849 FFF83EEA 12
1 2 850 0006A968 12
1 2 851 FFFAAECC 12
1 2 852 0003C580 12
1 2 853 FFFDEAAC 12
1 2 854 000050E8 12
1 2 855 00017672 12
1 2 856 FFFCD03C 12
1 2 857 0004CA26 12
1 2 858 FFF9C9CC 12
1 2 859 00076614 12
1 2 860 FFF7B1B4 12
1 2 861 0008E5FE 12
1 2 862 FFF6D86A 12
1 2 863 0009108C 12
1 2 864 FFF75E54 12
1 2 865 0007DF2A 12
1 2 866 FFF92F8E 12
1 2 867 00057FB0 12
1 2 868 FFFC064A 12
1 2 869 00024D46 12
1 2 870 FFFF7584 12
1 2 871 FFFEC27E 12
1 2 872 0002F986 12
1 2 873 FFFB6754 12
1 2 874 00060B58 12
1 2 875 FFF8BC7E 12
1 2 876 00083548 12
1 2 877 FFF72864 12
1 2 878 0009243E 12
1 2 879 FFF6E7A4 12
1 2 880 0008B458 12
1 2 881 FFF803EE 12
1 2 882 0006F670 12
1 2 883 FFFA52A8 12
1 2 884 00042D46 12
1 2 885 FFFD7B2C 12
1 2 886 0000C3E6 12
1 2 887 00010466 12
1 2 888 FFFD3D18 12
1 2 889 00046688 12
1 2 890 FFFA205C 12
1 2 891 00071FDC 12
1 2 892 FFF7E4EC 12
1 2 893 0008C7C4 12
1 2 894 FFF6E090 12
1 2 895 00091EB6 12
1 2 896 FFF73A52 12
1 2 897 000817B6 12
1 2 898 FFF8E4A8 12
1 2 899 0005DA20 12
1 2 900 FFFB9FC0 12
1 2 901 0002BBF8 12
1 2 902 FFFF02CC 12
1 2 903 FFFF34E8 12
1 2 904 00028BC0 12
1 2 905 FFFBCC4A 12
1 2 906 0005B300 12
1 2 907 FFF904EE 12
1 2 908 0007FF8E 12
1 2 909 FFF74972 12
1 2 910 0009192A 12
1 2 911 FFF6DC42 12
1 2 912 0008D5B6 12
1 2 913 FFF7CDE0 12
1 2 914 00073F24 12
1 2 915 FFF9FA10 12
1 2 916 00049270 12
1 2 917 FFFD0D48 12
1 2 918 0001365C 12
1 2 919 0000919E 12
1 2 920 FFFDABCA 12
1 2 921 00040032 12
1 2 922 FFFA7A86 12
1 2 923 0006D538 12
1 2 924 FFF81D2E 12
1 2 925 0008A402 12
1 2 926 FFF6EE74 12
1 2 927 00092744 12
1 2 928 FFF71BB0 12
1 2 929 00084B3A 12
1 2 930 FFF89E2E 12
1 2 931 000630E4 12
1 2 932 FFFB3BFA 12
1 2 933 000328FC 12
1 2 934 FFFE90AA 12
1 2 935 FFFFA7DA 12
1 2 936 00021C5E 12
1 2 937 FFFC33F0 12
1 2 938 0005570E 12
1 2 939 FFF951AE 12
1 2 940 0007C4DC 12
1 2 941 FFF76FD0 12
1 2 942 0009088C 12
1 2 943 FFF6D684 12
1 2 944 0008F19C 12
1 2 945 FFF79CE2 12
1 2 946 00078362 12
1 2 947 FFF9A520 12
1 2 948 0004F4D2 12
1 2 949 FFFCA134 12
1 2 950 0001A816 12
1 2 951 00001E9A 12
1 2 952 FFFE1BCC 12
1 2 953 00039768 12
1 2 954 FFFAD81A 12
1 2 955 00068666 12
1 2 956 FFF85A40 12
1 2 957 00087B04 12
1 2 958 FFF701DA 12
1 2 959 00092A32 12
1 2 960 FFF7028A 12
1 2 961 000879AA 12
1 2 962 FFF85C3C 12
1 2 963 000683D6 12
1 2 964 FFFADB24 12
1 2 965 00039410 12
1 2 966 FFFE1F68 12
1 2 967 00001B08 12
1 2 968 0001ABA8 12
1 2 969 FFFC9DDC 12
1 2 970 0004F7DE 12
1 2 971 FFF9A28C 12
1 2 972 0007856A 12
1 2 973 FFF79B72 12
1 2 974 0008F25E 12
1 2 975 FFF6D678 12
1 2 976 000907F0 12
1 2 977 FFF7711C 12
1 2 978 0007C2F2 12
1 2 979 FFF95428 12
1 2 980 0005541C 12
1 2 981 FFFC3730 12
1 2 982 000218CE 12
1 2 983 FFFFAB68 12
1 2 984 FFFE8D12 12
1 2 985 00032C60 12
1 2 986 FFFB38E2 12
1 2 987 0006338E 12
1 2 988 FFF89C0A 12
1 2 989 00084CB8 12
1 2 990 FFF71AD8 12
1 2 991 00092780 12
1 2 992 FFF6EEE4 12
1 2 993 0008A2D8 12
1 2 994 FFF81F00 12
1 2 995 0006D2D8 12
1 2 996 FFFA7D6A 12
1 2 997 0003FCF6 12
1 2 998 FFFDAF4A 12
1 2 999 00008E18 12
1 2 1000 000139F8 12
1 2 1001 FFFD09DE 12
1 2 1002 000495A0 12
1 2 1003 FFF9F754 12
1 2 1004 00074152 12
1 2 1005 FFF7CC44 12
1 2 1006 0008D6AA 12
1 2 1007 FFF6DC0A 12
1 2 1008 000918C2 12
1 2 1009 FFF74A94 12
1 2 1010 0007FDC0 12
1 2 1011 FFF90748 12
1 2 1012 0005B022 12
1 2 1013 FFFBCF84 12
1 2 1014 00028838 12
1 2 1015 FFFF3878 12
1 2 1016 FFFEFF2C 12
1 2 1017 0002BF6E 12
1 2 1018 FFFB9C8C 12
1 2 1019 0005DCD8 12
1 2 1020 FFF8E272 12
1 2 1021 00081956 12
1 2 1022 FFF73950 12
1 2 1023 00091F15 12
1 3 0 00000000 9
1 3 1 00000000 9
1 3 2 00000000 9
1 3 3 00000000 9
1 3 4 00000000 9
1 3 5 00000000 9
1 3 6 00000000 9
1 3 7 00000000 9
1 3 8 00000000 9
1 3 9 00000000 9
1 3 10 00000000 9
1 3 11 00000000 9
1 3 12 00000000 9
1 3 13 00000000 9
1 3 14 00000000 9
1 3 15 00000000 9
1 3 16 00000000 9
1 3 17 00000000 9
1 3 18 00000000 9
1 3 19 00000000 9
1 3 20 00000000 9
1 3 21 00000000 9
1 3 22 00000000 9
1 3 23 00000000 9
1 3 24 00000000 9
1 3 25 00000000 9
1 3 26 00000000 9
1 3 27 00000000 9
1 3 28 00000000 9
1 3 29 00000000 9
1 3 30 00000000 9
1 3 31 00000000 9
1 3 32 00000000 9
1 3 33 00000000 9
1 3 34 00000000 9
1 3 35 00000000 9
1 3 36 00000000 9
1 3 37 00000000 9
1 3 38 00000000 9
1 3 39 00000000 9
1 3 40 00000000 9
1 3 41 00000000 9
1 3 42 00000000 9
1 3 43 00000000 9
1 3 44 00000000 9
1 3 45 00000000 9
1 3 46 00000000 9
1 3 47 00000000 9
1 3 48 00000000 9
1 3 49 00000000 9
1 3 50 00000000 9
1 3 51 00000000 9
1 3 52 00000000 9
1 3 53 00000000 9
1 3 54 00000000 9
1 3 55 00000000 9
1 3 56 00000000 9
1 3 57 00000000 9
1 3 58 00000000 9
1 3 59 00000000 9
1 3 60 00000000 9
1 3 61 00000000 9
1 3 62 00000000 9
1 3 63 00000000 9
1 3 64 00000000 9
1 3 65 00000000 9
1 3 66 00000000 9
1 3 67 00000000 9
1 3 68 00000000 9
1 3 69 00000000 9
1 3 70 00000000 9
1 3 71 00000000 9
1 3 72 00000000 9
1 3 73 00000000 9
1 3 74 00000000 9
1 3 75 00000000 9
1 3 76 00000000 9
1 3 77 00000000 9
1 3 78 00000000 9
1 3 79 00000000 9
1 3 80 00000000 9
1 3 81 00000000 9
1 3 82 00000000 9
1 3 83 00000000 9
1 3 84 00000000 9
1 3 85 00000000 9
1 3 86 00000000 9
1 3 87 00000000 9
1 3 88 00000000 9
1 3 89 00000000 9
1 3 90 00000000 9
1 3 91 00000000 9
1 3 92 00000000 9
1 3 93 00000000 9
1 3 94 00000000 9
1 3 95 00000000 9
1 3 96 00000000 9
1 3 97 00000000 9
1 3 98 00000000 9
1 3 99 00000000 9
1 3 100 00000000 9
1 3 101 00000000 9
1 3 102 00000000 9
1 3 103 00000000 9
1 3 104 00000000 9
1 3 105 00000000 9
1 3 106 00000000 9
1 3 107 00000000 9
1 3 108 00000000 9
1 3 109 00000000 9
1 3 110 00000000 9
1 3 111 00000000 9
1 3 112 00000000 9
1 3 113 00000000 9
1 3 114 00000000 9
1 3 115 00000000 9
1 3 116 00000000 9
1 3 117 00000000 9
1 3 118 00000000 9
1 3 119 00000000 9
1 3 120 00000000 9
1 3 121 00000000 9
1 3 122 00000000 9
1 3 123 00000000 9
1 3 124 00000000 9
1 3 125 00000000 9
1 3 126 00000000 9
1 3 127 00000000 9
1 3 128 00000000 9
1 3 129 00000000 9
1 3 130 00000000 9
1 3 131 00000000 9
1 3 132 00000000 9
1 3 133 00000000 9
1 3 134 00000000 9
1 3 135 00000000 9
1 3 136 00000000 9
1 3 137 00000000 9
1 3 138 00000000 9
1 3 139 00000000 9
1 3 140 00000000 9
1 3 141 00000000 9
1 3 142 00000000 9
1 3 143 00000000 9
1 3 144 00000000 9
1 3 145 00000000 9
1 3 146 00000000 9
1 3 147 00000000 9
1 3 148 00000000 9
1 3 149 00000000 9
1 3 150 00000000 9
1 3 151 00000000 9
1 3 152 00000000 9
1 3 153 00000000 9
1 3 154 00000000 9
1 3 155 00000000 9
1 3 156 00000000 9
1 3 157 00000000 9
1 3 158 00000000 9
1 3 159 00000000 9
1 3 160 00000000 9
1 3 161 00000000 9
1 3 162 00000000 9
1 3 163 00000000 9
1 3 164 00000000 9
1 3 165 00000000 9
1 3 166 00000000 9
1 3 167 00000000 9
1 3 168 00000000 9
1 3 169 00000000 9
1 3 170 00000000 9
1 3 171 00000000 9
1 3 172 00000000 9
1 3 173 00000000 9
1 3 174 00000000 9
1 3 175 00000000 9
1 3 176 00000000 9
1 3 177 00000000 9
1 3 178 00000000 9
1 3 179 00000000 9
1 3 180 00000000 9
1 3 181 00000000 9
1 3 182 00000000 9
1 3 183 00000000 9
1 3 184 00000000 9
1 3 185 00000000 9
1 3 186 00000000 9
1 3 187 00000000 9
1 3 188 00000000 9
1 3 189 00000000 9
1 3 190 00000000 9
1 3 191 00000000 9
1 3 192 00000000 9
1 3 193 00000000 9
1 3 194 00000000 9
1 3 195 00000000 9
1 3 196 00000000 9
1 3 197 00000000 9
1 3 198 00000000 9
1 3 199 00000000 9
1 3 200 00000000 9
1 3 201 00000000 9
1 3 202 00000000 9
1 3 203 00000000 9
1 3 204 00000000 9
1 3 205 00000000 9
1 3 206 00000000 9
1 3 207 00000000 9
1 3 208 00000000 9
1 3 209 00000000 9
1 3 210 00000000 9
1 3 211 00000000 9
1 3 212 00000000 9
1 3 213 00000000 9
1 3 214 00000000 9
1 3 215 00000000 9
1 3 216 00000000 9
1 3 217 00000000 9
1 3 218 00000000 9
1 3 219 00000000 9
1 3 220 00000000 9
1 3 221 00000000 9
1 3 222 00000000 9
1 3 223 00000000 9
1 3 224 00000000 9
1 3 225 00000000 9
1 3 226 00000000 9
1 3 227 00000000 9
1 3 228 00000000 9
1 3 229 00000000 9
1 3 230 00000000 9
1 3 231 00000000 9
1 3 232 00000000 9
1 3 233 00000000 9
1 3 234 00000000 9
1 3 235 00000000 9
1 3 236 00000000 9
1 3 237 00000000 9
1 3 238 00000000 9
1 3 239 00000000 9
1 3 240 00000000 9
1 3 241 00000000 9
1 3 242 00000000 9
1 3 243 00000000 9
1 3 244 00000000 9
1 3 245 00000000 9
1 3 246 00000000 9
1 3 247 00000000 9
1 3 248 00000000 9
1 3 249 00000000 9
1 3 250 00000000 9
1 3 251 00000000 9
1 3 252 00000000 9
1 3 253 00000000 9
1 3 254 00000000 9
1 3 255 00000000 9
1 3 256 00000000 9
1 3 257 00000000 9
1 3 258 00000000 9
1 3 259 00000000 9
1 3 260 00000000 9
1 3 261 00000000 9
1 3 262 00000000 9
1 3 263 00000000 9
1 3 264 00000000 9
1 3 265 00000000 9
1 3 266 00000000 9
1 3 267 00000000 9
1 3 268 00000000 9
1 3 269 00000000 9
1 3 270 00000000 9
1 3 271 00000000 9
1 3 272 00000000 9
1 3 273 00000000 9
1 3 274 00000000 9
1 3 275 00000000 9
1 3 276 00000000 9
1 3 277 00000000 9
1 3 278 00000000 9
1 3 279 00000000 9
1 3 280 00000000 9
1 3 281 00000000 9
1 3 282 00000000 9
1 3 283 00000000 9
1 3 284 00000000 9
1 3 285 00000000 9
1 3 286 00000000 9
1 3 287 00000000 9
1 3 288 00000000 9
1 3 289 00000000 9
1 3 290 00000000 9
1 3 291 00000000 9
1 3 292 00000000 9
1 3 293 00000000 9
1 3 294 00000000 9
1 3 295 00000000 9
1 3 296 00000000 9
1 3 297 00000000 9
1 3 298 00000000 9
1 3 299 00000000 9
1 3 300 00000000 9
1 3 301 00000000 9
1 3 302 00000000 9
1 3 303 00000000 9
1 3 304 00000000 9
1 3 305 00000000 9
1 3 306 00000000 9
1 3 307 00000000 9
1 3 308 00000000 9
1 3 309 00000000 9
1 3 310 00000000 9
1 3 311 00000000 9
1 3 312 00000000 9
1 3 313 00000000 9
1 3 314 00000000 9
1 3 315 00000000 9
1 3 316 00000000 9
1 3 317 00000000 9
1 3 318 00000000 9
1 3 319 00000000 9
1 3 320 00000000 9
1 3 321 00000000 9
1 3 322 00000000 9
1 3 323 00000000 9
1 3 324 00000000 9
1 3 325 00000000 9
1 3 326 00000000 9
1 3 327 00000000 9
1 3 328 00000000 9
1 3 329 00000000 9
1 3 330 00000000 9
1 3 331 00000000 9
1 3 332 00000000 9
1 3 333 00000000 9
1 3 334 00000000 9
1 3 335 00000000 9
1 3 336 00000000 9
1 3 337 00000000 9
1 3 338 00000000 9
1 3 339 00000000 9
1 3 340 00000000 9
1 3 341 00000000 9
1 3 342 00000000 9
1 3 343 00000000 9
1 3 344 00000000 9
1 3 345 00000000 9
1 3 346 00000000 9
1 3 347 00000000 9
1 3 348 00000000 9
1 3 349 00000000 9
1 3 350 00000000 9
1 3 351 00000000 9
1 3 352 00000000 9
1 3 353 00000000 9
1 3 354 00000000 9
1 3 355 00000000 9
1 3 356 00000000 9
1 3 357 00000000 9
1 3 358 00000000 9
1 3 359 00000000 9
1 3 360 00000000 9
1 3 361 00000000 9
1 3 362 00000000 9
1 3 363 00000000 9
1 3 364 00000000 9
1 3 365 00000000 9
1 3 366 00000000 9
1 3 367 00000000 9
1 3 368 00000000 9
1 3 369 00000000 9
1 3 370 00000000 9
1 3 371 00000000 9
1 3 372 00000000 9
1 3 373 00000000 9
1 3 374 00000000 9
1 3 375 00000000 9
1 3 376 00000000 9
1 3 377 00000000 9
1 3 378 00000000 9
1 3 379 00000000 9
1 3 380 00000000 9
1 3 381 00000000 9
1 3 382 00000000 9
1 3 383 00000000 9
1 3 384 00000000 9
1 3 385 00000000 9
1 3 386 00000000 9
1 3 387 00000000 9
1 3 388 00000000 9
1 3 389 00000000 9
1 3 390 00000000 9
1 3 391 00000000 9
1 3 392 00000000 9
1 3 393 00000000 9
1 3 394 00000000 9
1 3 395 00000000 9
1 3 396 00000000 9
1 3 397 00000000 9
1 3 398 00000000 9
1 3 399 00000000 9
1 3 400 00000000 9
1 3 401 00000000 9
1 3 402 00000000 9
1 3 403 00000000 9
1 3 404 00000000 9
1 3 405 00000000 9
1 3 406 00000000 9
1 3 407 00000000 9
1 3 408 00000000 9
1 3 409 00000000 9
1 3 410 00000000 9
1 3 411 00000000 9
1 3 412 00000000 9
1 3 413 00000000 9
1 3 414 00000000 9
1 3 415 00000000 9
1 3 416 00000000 9
1 3 417 00000000 9
1 3 418 00000000 9
1 3 419 00000000 9
1 3 420 00000000 9
1 3 421 00000000 9
1 3 422 00000000 9
1 3 423 00000000 9
1 3 424 00000000 9
1 3 425 00000000 9
1 3 426 00000000 9
1 3 427 00000000 9
1 3 428 00000000 9
1 3 429 00000000 9
1 3 430 00000000 9
1 3 431 00000000 9
1 3 432 00000000 9
1 3 433 00000000 9
1 3 434 00000000 9
1 3 435 00000000 9
1 3 436 00000000 9
1 3 437 00000000 9
1 3 438 00000000 9
1 3 439 00000000 9
1 3 440 00000000 9
1 3 441 00000000 9
1 3 442 00000000 9
1 3 443 00000000 9
1 3 444 00000000 9
1 3 445 00000000 9
1 3 446 00000000 9
1 3 447 00000000 9
1 3 448 00000000 9
1 3 449 00000000 9
1 3 450 00000000 9
1 3 451 00000000 9
1 3 452 00000000 9
1 3 453 00000000 9
1 3 454 00000000 9
1 3 455 00000000 9
1 3 456 00000000 9
1 3 457 00000000 9
1 3 458 00000000 9
1 3 459 00000000 9
1 3 460 00000000 9
1 3 461 00000000 9
1 3 462 00000000 9
1 3 463 00000000 9
1 3 464 00000000 9
1 3 465 00000000 9
1 3 466 00000000 9
1 3 467 00000000 9
1 3 468 00000000 9
1 3 469 00000000 9
1 3 470 00000000 9
1 3 471 00000000 9
1 3 472 00000000 9
1 3 473 00000000 9
1 3 474 00000000 9
1 3 475 00000000 9
1 3 476 00000000 9
1 3 477 00000000 9
1 3 478 00000000 9
1 3 479 00000000 9
1 3 480 00000000 9
1 3 481 00000000 9
1 3 482 00000000 9
1 3 483 00000000 9
1 3 484 00000000 9
1 3 485 00000000 9
1 3 486 00000000 9
1 3 487 00000000 9
1 3 488 00000000 9
1 3 489 00000000 9
1 3 490 00000000 9
1 3 491 00000000 9
1 3 492 00000000 9
1 3 493 00000000 9
1 3 494 00000000 9
1 3 495 00000000 9
1 3 496 00000000 9
1 3 497 00000000 9
1 3 498 00000000 9
1 3 499 00000000 9
1 3 500 00000000 9
1 3 501 00000000 9
1 3 502 00000000 9
1 3 503 00000000 9
1 3 504 00000000 9
1 3 505 00000000 9
1 3 506 00000000 9
1 3 507 00000000 9
1 3 508 00000000 9
1 3 509 00000000 9
1 3 510 00000000 9
1 3 511 00000000 9
1 3 512 00000000 9
1 3 513 00000000 9
1 3 514 00000000 9
1 3 515 00000000 9
1 3 516 00000000 9
1 3 517 00000000 9
1 3 518 00000000 9
1 3 519 00000000 9
1 3 520 00000000 9
1 3 521 00000000 9
1 3 522 00000000 9
1 3 523 00000000 9
1 3 524 00000000 9
1 3 525 00000000 9
1 3 526 00000000 9
1 3 527 00000000 9
1 3 528 00000000 9
1 3 529 00000000 9
1 3 530 00000000 9
1 3 531 00000000 9
1 3 532 00000000 9
1 3 533 00000000 9
1 3 534 00000000 9
1 3 535 00000000 9
1 3 536 00000000 9
1 3 537 00000000 9
1 3 538 00000000 9
1 3 539 00000000 9
1 3 540 00000000 9
1 3 541 00000000 9
1 3 542 00000000 9
1 3 543 00000000 9
1 3 544 00000000 9
1 3 545 00000000 9
1 3 546 00000000 9
1 3 547 00000000 9
1 3 548 00000000 9
1 3 549 00000000 9
1 3 550 00000000 9
1 3 551 00000000 9
1 3 552 00000000 9
1 3 553 00000000 9
1 3 554 00000000 9
1 3 555 00000000 9
1 3 556 00000000 9
1 3 557 00000000 9
1 3 558 00000000 9
1 3 559 00000000 9
1 3 560 00000000 9
1 3 561 00000000 9
1 3 562 00000000 9
1 3 563 00000000 9
1 3 564 00000000 9
1 3 565 00000000 9
1 3 566 00000000 9
1 3 567 00000000 9
1 3 568 00000000 9
1 3 569 00000000 9
1 3 570 00000000 9
1 3 571 00000000 9
1 3 572 00000000 9
1 3 573 00000000 9
1 3 574 00000000 9
1 3 575 00000000 9
1 3 576 00000000 9
1 3 577 00000000 9
1 3 578 00000000 9
1 3 579 00000000 9
1 3 580 00000000 9
1 3 581 00000000 9
1 3 582 00000000 9
1 3 583 00000000 9
1 3 584 00000000 9
1 3 585 00000000 9
1 3 586 00000000 9
1 3 587 00000000 9
1 3 588 00000000 9
1 3 589 00000000 9
1 3 590 00000000 9
1 3 591 00000000 9
1 3 592 00000000 9
1 3 593 00000000 9
1 3 594 00000000 9
1 3 595 00000000 9
1 3 596 00000000 9
1 3 597 00000000 9
1 3 598 00000000 9
1 3 599 00000000 9
1 3 600 00000000 9
1 3 601 00000000 9
1 3 602 00000000 9
1 3 603 00000000 9
1 3 604 00000000 9
1 3 605 00000000 9
1 3 606 00000000 9
1 3 607 00000000 9
1 3 608 00000000 9
1 3 609 00000000 9
1 3 610 00000000 9
1 3 611 00000000 9
1 3 612 00000000 9
1 3 613 00000000 9
1 3 614 00000000 9
1 3 615 00000000 9
1 3 616 00000000 9
1 3 617 00000000 9
1 3 618 00000000 9
1 3 619 00000000 9
1 3 620 00000000 9
1 3 621 00000000 9
1 3 622 00000000 9
1 3 623 00000000 9
1 3 624 00000000 9
1 3 625 00000000 9
1 3 626 00000000 9
1 3 627 00000000 9
1 3 628 00000000 9
1 3 629 00000000 9
1 3 630 00000000 9
1 3 631 00000000 9
1 3 632 00000000 9
1 3 633 00000000 9
1 3 634 00000000 9
1 3 635 00000000 9
1 3 636 00000000 9
1 3 637 00000000 9
1 3 638 00000000 9
1 3 639 00000000 9
1 3 640 00000000 9
1 3 641 00000000 9
1 3 642 00000000 9
1 3 643 00000000 9
1 3 644 00000000 9
1 3 645 00000000 9
1 3 646 00000000 9
1 3 647 00000000 9
1 3 648 00000000 9
1 3 649 00000000 9
1 3 650 00000000 9
1 3 651 00000000 9
1 3 652 00000000 9
1 3 653 00000000 9
1 3 654 00000000 9
1 3 655 00000000 9
1 3 656 00000000 9
1 3 657 00000000 9
1 3 658 00000000 9
1 3 659 00000000 9
1 3 660 00000000 9
1 3 661 00000000 9
1 3 662 00000000 9
1 3 663 00000000 9
1 3 664 00000000 9
1 3 665 00000000 9
1 3 666 00000000 9
1 3 667 00000000 9
1 3 668 00000000 9
1 3 669 00000000 9
1 3 670 00000000 9
1 3 671 00000000 9
1 3 672 00000000 9
1 3 673 00000000 9
1 3 674 00000000 9
1 3 675 00000000 9
1 3 676 00000000 9
1 3 677 00000000 9
1 3 678 00000000 9
1 3 679 00000000 9
1 3 680 00000000 9
1 3 681 00000000 9
1 3 682 00000000 9
1 3 683 00000000 9
1 3 684 00000000 9
1 3 685 00000000 9
1 3 686 00000000 9
1 3 687 00000000 9
1 3 688 00000000 9
1 3 689 00000000 9
1 3 690 00000000 9
1 3 691 00000000 9
1 3 692 00000000 9
1 3 693 00000000 9
1 3 694 00000000 9
1 3 695 00000000 9
1 3 696 00000000 9
1 3 697 00000000 9
1 3 698 00000000 9
1 3 699 00000000 9
1 3 700 00000000 9
1 3 701 00000000 9
1 3 702 00000000 9
1 3 703 00000000 9
1 3 704 00000000 9
1 3 705 00000000 9
1 3 706 00000000 9
1 3 707 00000000 9
1 3 708 00000000 9
1 3 709 00000000 9
1 3 710 00000000 9
1 3 711 00000000 9
1 3 712 00000000 9
1 3 713 00000000 9
1 3 714 00000000 9
1 3 715 00000000 9
1 3 716 00000000 9
1 3 717 00000000 9
1 3 718 00000000 9
1 3 719 00000000 9
1 3 720 00000000 9
1 3 721 00000000 9
1 3 722 00000000 9
1 3 723 00000000 9
1 3 724 00000000 9
1 3 725 00000000 9
1 3 726 00000000 9
1 3 727 00000000 9
1 3 728 00000000 9
1 3 729 00000000 9
1 3 730 00000000 9
1 3 731 00000000 9
1 3 732 00000000 9
1 3 733 00000000 9
1 3 734 00000000 9
1 3 735 00000000 9
1 3 736 00000000 9
1 3 737 00000000 9
1 3 738 00000000 9
1 3 739 00000000 9
1 3 740 00000000 9
1 3 741 00000000 9
1 3 742 00000000 9
1 3 743 00000000 9
1 3 744 00000000 9
1 3 745 00000000 9
1 3 746 00000000 9
1 3 747 00000000 9
1 3 748 00000000 9
1 3 749 00000000 9
1 3 750 00000000 9
1 3 751 00000000 9
1 3 752 00000000 9
1 3 753 00000000 9
1 3 754 00000000 9
1 3 755 00000000 9
1 3 756 00000000 9
1 3 757 00000000 9
1 3 758 00000000 9
1 3 759 00000000 9
1 3 760 00000000 9
1 3 761 00000000 9
1 3 762 00000000 9
1 3 763 00000000 9
1 3 764 00000000 9
1 3 765 00000000 9
1 3 766 00000000 9
1 3 767 00000000 9
1 3 768 00000000 9
1 3 769 00000000 9
1 3 770 00000000 9
1 3 771 00000000 9
1 3 772 00000000 9
1 3 773 00000000 9
1 3 774 00000000 9
1 3 775 00000000 9
1 3 776 00000000 9
1 3 777 00000000 9
1 3 778 00000000 9
1 3 779 00000000 9
1 3 780 00000000 9
1 3 781 00000000 9
1 3 782 00000000 9
1 3 783 00000000 9
1 3 784 00000000 9
1 3 785 00000000 9
1 3 786 00000000 9
1 3 787 00000000 9
1 3 788 00000000 9
1 3 789 00000000 9
1 3 790 00000000 9
1 3 791 00000000 9
1 3 792 00000000 9
1 3 793 00000000 9
1 3 794 00000000 9
1 3 795 00000000 9
1 3 796 00000000 9
1 3 797 00000000 9
1 3 798 00000000 9
1 3 799 00000000 9
1 3 800 00000000 9
1 3 801 00000000 9
1 3 802 00000000 9
1 3 803 00000000 9
1 3 804 00000000 9
1 3 805 00000000 9
1 3 806 00000000 9
1 3 807 00000000 9
1 3 808 00000000 9
1 3 809 00000000 9
1 3 810 00000000 9
1 3 811 00000000 9
1 3 812 00000000 9
1 3 813 00000000 9
1 3 814 00000000 9
1 3 815 00000000 9
1 3 816 00000000 9
1 3 817 00000000 9
1 3 818 00000000 9
1 3 819 00000000 9
1 3 820 00000000 9
1 3 821 00000000 9
1 3 822 00000000 9
1 3 823 00000000 9
1 3 824 00000000 9
1 3 825 00000000 9
1 3 826 00000000 9
1 3 827 00000000 9
1 3 828 00000000 9
1 3 829 00000000 9
1 3 830 00000000 9
1 3 831 00000000 9
1 3 832 00000000 9
1 3 833 00000000 9
1 3 834 00000000 9
1 3 835 00000000 9
1 3 836 00000000 9
1 3 837 00000000 9
1 3 838 00000000 9
1 3 839 00000000 9
1 3 840 00000000 9
1 3 841 00000000 9
1 3 842 00000000 9
1 3 843 00000000 9
1 3 844 00000000 9
1 3 845 00000000 9
1 3 846 00000000 9
1 3 847 00000000 9
1 3 848 00000000 9
1 3 849 00000000 9
1 3 850 00000000 9
1 3 851 00000000 9
1 3 852 00000000 9
1 3 853 00000000 9
1 3 854 00000000 9
1 3 855 00000000 9
1 3 856 00000000 9
1 3 857 00000000 9
1 3 858 00000000 9
1 3 859 00000000 9
1 3 860 00000000 9
1 3 861 00000000 9
1 3 862 00000000 9
1 3 863 00000000 9
1 3 864 00000000 9
1 3 865 00000000 9
1 3 866 00000000 9
1 3 867 00000000 9
1 3 868 00000000 9
1 3 869 00000000 9
1 3 870 00000000 9
1 3 871 00000000 9
1 3 872 00000000 9
1 3 873 00000000 9
1 3 874 00000000 9
1 3 875 00000000 9
1 3 876 00000000 9
1 3 877 00000000 9
1 3 878 00000000 9
1 3 879 00000000 9
1 3 880 00000000 9
1 3 881 00000000 9
1 3 882 00000000 9
1 3 883 00000000 9
1 3 884 00000000 9
1 3 885 00000000 9
1 3 886 00000000 9
1 3 887 00000000 9
1 3 888 00000000 9
1 3 889 00000000 9
1 3 890 00000000 9
1 3 891 00000000 9
1 3 892 00000000 9
1 3 893 00000000 9
1 3 894 00000000 9
1 3 895 00000000 9
1 3 896 000000B6 9
1 3 897 FFFFFF4E 9
1 3 898 FFFFFF42 9
1 3 899 000000AC 9
1 3 900 000000BC 9
1 3 901 FFFFFF56 9
1 3 902 FFFFFF3A 9
1 3 903 000000A4 9
1 3 904 000000C4 9
1 3 905 FFFFFF62 9
1 3 906 FFFFFF32 9
1 3 907 0000009A 9
1 3 908 000000CE 9
1 3 909 FFFFFF6A 9
1 3 910 FFFFFF2A 9
1 3 911 00000090 9
1 3 912 000000D4 9
1 3 913 FFFFFF74 9
1 3 914 FFFFFF24 9
1 3 915 00000086 9
1 3 916 000000DA 9
1 3 917 FFFFFF80 9
1 3 918 FFFFFF1C 9
1 3 919 0000007C 9
1 3 920 000000E0 9
1 3 921 FFFFFF8C 9
1 3 922 FFFFFF18 9
1 3 923 0000006E 9
1 3 924 000000E6 9
1 3 925 FFFFFF96 9
1 3 926 FFFFFF12 9
1 3 927 00000064 9
1 3 928 000000EC 9
1 3 929 FFFFFFA2 9
1 3 930 FFFFFF0E 9
1 3 931 00000058 9
1 3 932 000000F0 9
1 3 933 FFFFFFAE 9
1 3 934 FFFFFF0A 9
1 3 935 0000004C 9
1 3 936 000000F4 9
1 3 937 FFFFFFBA 9
1 3 938 FFFFFF06 9
1 3 939 00000040 9
1 3 940 000000F8 9
1 3 941 FFFFFFC6 9
1 3 942 FFFFFF02 9
1 3 943 00000034 9
1 3 944 000000F8 9
1 3 945 FFFFFFD2 9
1 3 946 FFFFFF02 9
1 3 947 00000028 9
1 3 948 000000FC 9
1 3 949 FFFFFFDE 9
1 3 950 FFFFFEFE 9
1 3 951 0000001C 9
1 3 952 000000FC 9
1 3 953 FFFFFFEA 9
1 3 954 FFFFFEFE 9
1 3 955 0000000E 9
1 3 956 000000FE 9
1 3 957 FFFFFFF8 9
1 3 958 FFFFFEFC 9
1 3 959 00000002 9
1 3 960 000000FE 9
1 3 961 00000004 9
1 3 962 FFFFFEFC 9
1 3 963 FFFFFFF6 9
1 3 964 000000FE 9
1 3 965 00000012 9
1 3 966 FFFFFEFE 9
1 3 967 FFFFFFE8 9
1 3 968 000000FC 9
1 3 969 0000001C 9
1 3 970 FFFFFF00 9
1 3 971 FFFFFFDE 9
1 3 972 000000FA 9
1 3 973 0000002A 9
1 3 974 FFFFFF02 9
1 3 975 FFFFFFD0 9
1 3 976 000000F8 9
1 3 977 00000038 9
1 3 978 FFFFFF04 9
1 3 979 FFFFFFC4 9
1 3 980 000000F4 9
1 3 981 00000042 9
1 3 982 FFFFFF06 9
1 3 983 FFFFFFB8 9
1 3 984 000000F0 9
1 3 985 0000004E 9
1 3 986 FFFFFF0A 9
1 3 987 FFFFFFAC 9
1 3 988 000000EC 9
1 3 989 0000005A 9
1 3 990 FFFFFF0E 9
1 3 991 FFFFFFA0 9
1 3 992 000000E8 9
1 3 993 00000066 9
1 3 994 FFFFFF16 9
1 3 995 FFFFFF94 9
1 3 996 000000E4 9
1 3 997 00000072 9
1 3 998 FFFFFF1A 9
1 3 999 FFFFFF8A 9
1 3 1000 000000DE 9
1 3 1001 0000007C 9
1 3 1002 FFFFFF20 9
1 3 1003 FFFFFF80 9
1 3 1004 000000D8 9
1 3 1005 00000086 9
1 3 1006 FFFFFF26 9
1 3 1007 FFFFFF74 9
1 3 1008 000000D0 9
1 3 1009 00000092 9
1 3 1010 FFFFFF2E 9
1 3 1011 FFFFFF6A 9
1 3 1012 000000CA 9
1 3 1013 0000009C 9
1 3 1014 FFFFFF34 9
1 3 1015 FFFFFF5E 9
1 3 1016 000000C2 9
1 3 1017 000000A6 9
1 3 1018 FFFFFF3E 9
1 3 1019 FFFFFF56 9
1 3 1020 000000BA 9
1 3 1021 000000AE 9
1 3 1022 FFFFFF46 9
1 3 1023 FFFFFF4D 9
1 4 0 FFF5E8C1 12
1 4 1 FFF64DA0 12
1 4 2 FFF71358 12
1 4 3 FFF8323A 12
1 4 4 FFF99F16 12
1 4 5 FFFB4B9E 12
1 4 6 FFFD2740 12
1 4 7 FFFF1F44 12
1 4 8 0001201A 12
1 4 9 000315B6 12
1 4 10 0004EC7A 12
1 4 11 000691EA 12
1 4 12 0007F5D2 12
1 4 13 00090A44 12
1 4 14 0009C44E 12
1 4 15 000A1CC0 12
1 4 16 000A1028 12
1 4 17 00099F18 12
1 4 18 0008CDCC 12
1 4 19 0007A48A 12
1 4 20 00062EEC 12
1 4 21 00047B8C 12
1 4 22 00029B5A 12
1 4 23 0000A130 12
1 4 24 FFFEA0A6 12
1 4 25 FFFCADD4 12
1 4 26 FFFADC2E 12
1 4 27 FFF93E06 12
1 4 28 FFF7E344 12
1 4 29 FFF6D996 12
1 4 30 FFF62B50 12
1 4 31 FFF5DF40 12
1 4 32 FFF5F868 12
1 4 33 FFF675D4 12
1 4 34 FFF75284 12
1 4 35 FFF885FA 12
1 4 36 FFFA0414 12
1 4 37 FFFBBDEA 12
1 4 38 FFFDA25E 12
1 4 39 FFFF9E6C 12
1 4 40 00019E52 12
1 4 41 00038E18 12
1 4 42 00055A50 12
1 4 43 0006F0EC 12
1 4 44 00084248 12
1 4 45 00094128 12
1 4 46 0009E388 12
1 4 47 000A2318 12
1 4 48 0009FD58 12
1 4 49 000973E4 12
1 4 50 00088BDE 12
1 4 51 00074E72 12
1 4 52 0005C80A 12
1 4 53 000407FC 12
1 4 54 00021F82 12
1 4 55 000021E2 12
1 4 56 FFFE22E4 12
1 4 57 FFFC3680 12
1 4 58 FFFA6FFA 12
1 4 59 FFF8E124 12
1 4 60 FFF7995C 12
1 4 61 FFF6A574 12
1 4 62 FFF60F10 12
1 4 63 FFF5DC12 12
1 4 64 FFF60E56 12
1 4 65 FFF6A3F2 12
1 4 66 FFF79718 12
1 4 67 FFF8DE4E 12
1 4 68 FFFA6CBC 12
1 4 69 FFFC32D6 12
1 4 70 FFFE1EF8 12
1 4 71 00001DDE 12
1 4 72 00021B9C 12
1 4 73 0004044C 12
1 4 74 0005C4DA 12
1 4 75 00074BB6 12
1 4 76 000889B6 12
1 4 77 0009726C 12
1 4 78 0009FCBA 12
1 4 79 000A233C 12
1 4 80 0009E474 12
1 4 81 000942D4 12
1 4 82 000844A6 12
1 4 83 0006F3D2 12
1 4 84 00055D90 12
1 4 85 000391D8 12
1 4 86 0001A24A 12
1 4 87 FFFFA272 12
1 4 88 FFFDA63A 12
1 4 89 FFFBC182 12
1 4 90 FFFA072E 12
1 4 91 FFF888AC 12
1 4 92 FFF754A0 12
1 4 93 FFF67722 12
1 4 94 FFF5F8FC 12
1 4 95 FFF5DF1C 12
1 4 96 FFF62A5C 12
1 4 97 FFF6D7D8 12
1 4 98 FFF7E0DC 12
1 4 99 FFF93B12 12
1 4 100 FFFAD8DE 12
1 4 101 FFFCAA0C 12
1 4 102 FFFE9CB0 12
1 4 103 00009D26 12
1 4 104 00029782 12
1 4 105 00047808 12
1 4 106 00062BD6 12
1 4 107 0007A1DC 12
1 4 108 0008CBBA 12
1 4 109 00099DD4 12
1 4 110 000A0FBA 12
1 4 111 000A1D16 12
1 4 112 0009C566 12
1 4 113 00090C12 12
1 4 114 0007F85A 12
1 4 115 00069506 12
1 4 116 0004EFE6 12
1 4 117 00031984 12
1 4 118 00012410 12
1 4 119 FFFF2342 12
1 4 120 FFFD2B0A 12
1 4 121 FFFB4F20 12
1 4 122 FFF9A212 12
1 4 123 FFF834CA 12
1 4 124 FFF7153C 12
1 4 125 FFF64EB6 12
1 4 126 FFF5E91A 12
1 4 127 FFF5E864 12
1 4 128 FFF64C70 12
1 4 129 FFF71156 12
1 4 130 FFF82F96 12
1 4 131 FFF99BF4 12
1 4 132 FFFB4822 12
1 4 133 FFFD2362 12
1 4 134 FFFF1B4C 12
1 4 135 00011C2A 12
1 4 136 000311EC 12
1 4 137 0004E8FA 12
1 4 138 00068F00 12
1 4 139 0007F35A 12
1 4 140 00090862 12
1 4 141 0009C342 12
1 4 142 000A1C80 12
1 4 143 000A10AE 12
1 4 144 0009A04A 12
1 4 145 0008CFCA 12
1 4 146 0007A72A 12
1 4 147 0006320A 12
1 4 148 00047F0E 12
1 4 149 00029F48 12
1 4 150 0000A52A 12
1 4 151 FFFEA4A4 12
1 4 152 FFFCB1A4 12
1 4 153 FFFADFAC 12
1 4 154 FFF940EC 12
1 4 155 FFF7E5B2 12
1 4 156 FFF6DB52 12
1 4 157 FFF62C4E 12
1 4 158 FFF5DF78 12
1 4 159 FFF5F7DC 12
1 4 160 FFF67478 12
1 4 161 FFF75074 12
1 4 162 FFF8833A 12
1 4 163 FFFA00D0 12
1 4 164 FFFBBA52 12
1 4 165 FFFD9E7C 12
1 4 166 FFFF9A78 12
1 4 167 00019A60 12
1 4 168 00038A50 12
1 4 169 000556EE 12
1 4 170 0006EE22 12
1 4 171 00084000 12
1 4 172 00093F84 12
1 4 173 0009E2BA 12
1 4 174 000A230E 12
1 4 175 0009FE12 12
1 4 176 00097542 12
1 4 177 00088E04 12
1 4 178 0007513C 12
1 4 179 0005CB5A 12
1 4 180 00040B90 12
1 4 181 00022366 12
1 4 182 000025CE 12
1 4 183 FFFE26C4 12
1 4 184 FFFC3A2E 12
1 4 185 FFFA735C 12
1 4 186 FFF8E3E8 12
1 4 187 FFF79BA2 12
1 4 188 FFF6A714 12
1 4 189 FFF60FDE 12
1 4 190 FFF5DC06 12
1 4 191 FFF60D8C 12
1 4 192 FFF6A26C 12
1 4 193 FFF794D2 12
1 4 194 FFF8DB66 12
1 4 195 FFFA6962 12
1 4 196 FFFC2F28 12
1 4 197 FFFE1B04 12
1 4 198 000019DC 12
1 4 199 000217AE 12
1 4 200 0004009A 12
1 4 201 0005C18A 12
1 4 202 000748F2 12
1 4 203 0008878A 12
1 4 204 000970EE 12
1 4 205 0009FC0E 12
1 4 206 000A235A 12
1 4 207 0009E54A 12
1 4 208 00094466 12
1 4 209 000846F4 12
1 4 210 0006F6C2 12
1 4 211 00056100 12
1 4 212 0003957C 12
1 4 213 0001A636 12
1 4 214 FFFFA660 12
1 4 215 FFFDAA1E 12
1 4 216 FFFBC520 12
1 4 217 FFFA0A6E 12
1 4 218 FFF88B3E 12
1 4 219 FFF756AA 12
1 4 220 FFF67888 12
1 4 221 FFF5F99A 12
1 4 222 FFF5DEDE 12
1 4 223 FFF62956 12
1 4 224 FFF6D61A 12
1 4 225 FFF7DE6C 12
1 4 226 FFF93804 12
1 4 227 FFFAD568 12
1 4 228 FFFCA65C 12
1 4 229 FFFE98C2 12
1 4 230 0000993C 12
1 4 231 000293AE 12
1 4 232 0004746A 12
1 4 233 000628A2 12
1 4 234 00079F52 12
1 4 235 0008C9BE 12
1 4 236 00099C72 12
1 4 237 000A0F2C 12
1 4 238 000A1D54 12
1 4 239 0009C66A 12
1 4 240 00090DD2 12
1 4 241 0007FAD6 12
1 4 242 0006980A 12
1 4 243 0004F35E 12
1 4 244 00031D3C 12
1 4 245 00012806 12
1 4 246 FFFF2732 12
1 4 247 FFFD2EEC 12
1 4 248 FFFB52B6 12
1 4 249 FFF9A532 12
1 4 250 FFF83732 12
1 4 251 FFF71720 12
1 4 252 FFF64FF2 12
1 4 253 FFF5E984 12
1 4 254 FFF5E7F0 12
1 4 255 FFF64B3A 12
1 4 256 FFF70F7E 12
1 4 257 FFF82D18 12
1 4 258 FFF998DE 12
1 4 259 FFFB449A 12
1 4 260 FFFD1F9C 12
1 4 261 FFFF1758 12
1 4 262 00011832 12
1 4 263 00030E0E 12
1 4 264 0004E572 12
1 4 265 00068BF6 12
1 4 266 0007F104 12
1 4 267 0009069C 12
1 4 268 0009C21E 12
1 4 269 000A1C28 12
1 4 270 000A1122 12
1 4 271 0009A18E 12
1 4 272 0008D1B6 12
1 4 273 0007A9CA 12
1 4 274 0006353C 12
1 4 275 000482AC 12
1 4 276 0002A308 12
1 4 277 0000A924 12
1 4 278 FFFEA88A 12
1 4 279 FFFCB560 12
1 4 280 FFFAE310 12
1 4 281 FFF943E8 12
1 4 282 FFF7E7F8 12
1 4 283 FFF6DD18 12
1 4 284 FFF62D56 12
1 4 285 FFF5DFA8 12
1 4 286 FFF5F73C 12
1 4 287 FFF67322 12
1 4 288 FFF74E66 12
1 4 289 FFF88084 12
1 4 290 FFF9FD96 12
1 4 291 FFFBB6C2 12
1 4 292 FFFD9AB0 12
1 4 293 FFFF9676 12
1 4 294 00019676 12
1 4 295 000386A2 12
1 4 296 00055388 12
1 4 297 0006EB36 12
1 4 298 00083DC4 12
1 4 299 00093DDC 12
1 4 300 0009E1B8 12
1 4 301 000A22EA 12
1 4 302 0009FEBE 12
1 4 303 000976B4 12
1 4 304 00089018 12
1 4 305 00075402 12
1 4 306 0005CE9A 12
1 4 307 00040F36 12
1 4 308 0002273E 12
1 4 309 000029CA 12
1 4 310 FFFE2AA8 12
1 4 311 FFFC3DEE 12
1 4 312 FFFA76AC 12
1 4 313 FFF8E6C6 12
1 4 314 FFF79DC0 12
1 4 315 FFF6A8A2 12
1 4 316 FFF610BE 12
1 4 317 FFF5DC0E 12
1 4 318 FFF60CC0 12
1 4 319 FFF6A0E0 12
1 4 320 FFF792A4 12
1 4 321 FFF8D89C 12
1 4 322 FFFA660E 12
1 4 323 FFFC2B84 12
1 4 324 FFFE1730 12
1 4 325 000015E4 12
1 4 326 000213CE 12
1 4 327 0003FCEC 12
1 4 328 0005BE3C 12
1 4 329 00074628 12
1 4 330 00088564 12
1 4 331 00096F74 12
1 4 332 0009FB44 12
1 4 333 000A2364 12
1 4 334 0009E628 12
1 4 335 0009460A 12
1 4 336 0008493E 12
1 4 337 0006F9AA 12
1 4 338 0005645A 12
1 4 339 00039936 12
1 4 340 0001AA16 12
1 4 341 FFFFAA6A 12
1 4 342 FFFDADFA 12
1 4 343 FFFBC8CA 12
1 4 344 FFFA0DAA 12
1 4 345 FFF88DF8 12
1 4 346 FFF758A8 12
1 4 347 FFF679F8 12
1 4 348 FFF5FA4A 12
1 4 349 FFF5DEA6 12
1 4 350 FFF62856 12
1 4 351 FFF6D472 12
1 4 352 FFF7DC1A 12
1 4 353 FFF93518 12
1 4 354 FFFAD1F8 12
1 4 355 FFFCA296 12
1 4 356 FFFE94D4 12
1 4 357 00009538 12
1 4 358 00028FD4 12
1 4 359 000470D6 12
1 4 360 00062578 12
1 4 361 00079CA8 12
1 4 362 0008C7D0 12
1 4 363 00099B34 12
1 4 364 000A0EA0 12
1 4 365 000A1DAC 12
1 4 366 0009C788 12
1 4 367 00090FA6 12
1 4 368 0007FD3E 12
1 4 369 00069B10 12
1 4 370 0004F6D2 12
1 4 371 00032110 12
1 4 372 00012BF8 12
1 4 373 FFFF2B38 12
1 4 374 FFFD32B2 12
1 4 375 FFFB5642 12
1 4 376 FFF9A858 12
1 4 377 FFF839D8 12
1 4 378 FFF718F8 12
1 4 379 FFF6512C 12
1 4 380 FFF5EA02 12
1 4 381 FFF5E79A 12
1 4 382 FFF64A1A 12
1 4 383 FFF70D9A 12
1 4 384 FFF82A8A 12
1 4 385 FFF995B8 12
1 4 386 FFFB4104 12
1 4 387 FFFD1BD2 12
1 4 388 FFFF136E 12
1 4 389 00011438 12
1 4 390 00030A4C 12
1 4 391 0004E1FA 12
1 4 392 000688E2 12
1 4 393 0007EE84 12
1 4 394 000904DE 12
1 4 395 0009C0FE 12
1 4 396 000A1BC6 12
1 4 397 000A11A2 12
1 4 398 0009A2C6 12
1 4 399 0008D3B6 12
1 4 400 0007AC62 12
1 4 401 00063872 12
1 4 402 00048648 12
1 4 403 0002A6E8 12
1 4 404 0000AD0E 12
1 4 405 FFFEAC84 12
1 4 406 FFFCB924 12
1 4 407 FFFAE69C 12
1 4 408 FFF946EE 12
1 4 409 FFF7EA68 12
1 4 410 FFF6DEB0 12
1 4 411 FFF62E4E 12
1 4 412 FFF5DFF0 12
1 4 413 FFF5F6B4 12
1 4 414 FFF671C8 12
1 4 415 FFF74C52 12
1 4 416 FFF87DD6 12
1 4 417 FFF9FA6E 12
1 4 418 FFFBB326 12
1 4 419 FFFD96C8 12
1 4 420 FFFF928A 12
1 4 421 00019282 12
1 4 422 000382D8 12
1 4 423 00055012 12
1 4 424 0006E83A 12
1 4 425 00083B64 12
1 4 426 00093C48 12
1 4 427 0009E0D6 12
1 4 428 000A22BC 12
1 4 429 0009FF70 12
1 4 430 00097826 12
1 4 431 0008924C 12
1 4 432 000756C0 12
1 4 433 0005D1EE 12
1 4 434 000412E4 12
1 4 435 00022B24 12
1 4 436 00002DC0 12
1 4 437 FFFE2EA2 12
1 4 438 FFFC419A 12
1 4 439 FFFA7A14 12
1 4 440 FFF8E9A4 12
1 4 441 FFF7A002 12
1 4 442 FFF6AA14 12
1 4 443 FFF6118E 12
1 4 444 FFF5DC24 12
1 4 445 FFF60BF4 12
1 4 446 FFF69F52 12
1 4 447 FFF79070 12
1 4 448 FFF8D5CC 12
1 4 449 FFFA62B8 12
1 4 450 FFFC27C6 12
1 4 451 FFFE133E 12
1 4 452 000011EC 12
1 4 453 00020FDE 12
1 4 454 0003F948 12
1 4 455 0005BAF2 12
1 4 456 00074360 12
1 4 457 00088342 12
1 4 458 00096E0E 12
1 4 459 0009FA94 12
1 4 460 000A236C 12
1 4 461 0009E714 12
1 4 462 000947AE 12
1 4 463 00084B88 12
1 4 464 0006FC88 12
1 4 465 000567C2 12
1 4 466 00039CEE 12
1 4 467 0001AE0A 12
1 4 468 FFFFAE56 12
1 4 469 FFFDB1DC 12
1 4 470 FFFBCC58 12
1 4 471 FFFA10EE 12
1 4 472 FFF890B2 12
1 4 473 FFF75ACE 12
1 4 474 FFF67B40 12
1 4 475 FFF5FAEC 12
1 4 476 FFF5DE9A 12
1 4 477 FFF6276A 12
1 4 478 FFF6D2B4 12
1 4 479 FFF7D9C4 12
1 4 480 FFF93230 12
1 4 481 FFFACE86 12
1 4 482 FFFC9ED2 12
1 4 483 FFFE90E0 12
1 4 484 00009142 12
1 4 485 00028BF4 12
1 4 486 00046D3E 12
1 4 487 00062248 12
1 4 488 00079A0A 12
1 4 489 0008C5D0 12
1 4 490 000999F2 12
1 4 491 000A0E1C 12
1 4 492 000A1DD2 12
1 4 493 0009C88E 12
1 4 494 0009116E 12
1 4 495 0007FFB8 12
1 4 496 00069E10 12
1 4 497 0004FA5C 12
1 4 498 000324D4 12
1 4 499 00012FF2 12
1 4 500 FFFF2F26 12
1 4 501 FFFD3692 12
1 4 502 FFFB59C4 12
1 4 503 FFF9AB80 12
1 4 504 FFF83C68 12
1 4 505 FFF71AE4 12
1 4 506 FFF65240 12
1 4 507 FFF5EA6E 12
1 4 508 FFF5E746 12
1 4 509 FFF648FA 12
1 4 510 FFF70BC6 12
1 4 511 FFF82816 12
1 4 512 FFF992BA 12
1 4 513 FFFB3D8C 12
1 4 514 FFFD17F8 12
1 4 515 FFFF0F68 12
1 4 516 00011040 12
1 4 517 00030682 12
1 4 518 0004DE84 12
1 4 519 000685D0 12
1 4 520 0007EBFC 12
1 4 521 00090302 12
1 4 522 0009BFFA 12
1 4 523 000A1B78 12
1 4 524 000A1204 12
1 4 525 0009A41A 12
1 4 526 0008D5B0 12
1 4 527 0007AEFC 12
1 4 528 00063B88 12
1 4 529 000489DC 12
1 4 530 0002AAC4 12
1 4 531 0000B11A 12
1 4 532 FFFEB076 12
1 4 533 FFFCBCEE 12
1 4 534 FFFAE9F8 12
1 4 535 FFF949E2 12
1 4 536 FFF7ECCC 12
1 4 537 FFF6E074 12
1 4 538 FFF62F3A 12
1 4 539 FFF5E030 12
1 4 540 FFF5F634 12
1 4 541 FFF67070 12
1 4 542 FFF74A4A 12
1 4 543 FFF87B2A 12
1 4 544 FFF9F72A 12
1 4 545 FFFBAF7C 12
1 4 546 FFFD92EA 12
1 4 547 FFFF8E8C 12
1 4 548 00018EA0 12
1 4 549 00037F24 12
1 4 550 00054CBA 12
1 4 551 0006E55C 12
1 4 552 00083916 12
1 4 553 00093AA6 12
1 4 554 0009E000 12
1 4 555 000A2296 12
1 4 556 0009FFFC 12
1 4 557 00097990 12
1 4 558 0008945E 12
1 4 559 00075978 12
1 4 560 0005D51C 12
1 4 561 00041688 12
1 4 562 00022F08 12
1 4 563 000031D0 12
1 4 564 FFFE3290 12
1 4 565 FFFC455A 12
1 4 566 FFFA7D5E 12
1 4 567 FFF8EC7E 12
1 4 568 FFF7A246 12
1 4 569 FFF6ABA2 12
1 4 570 FFF6123C 12
1 4 571 FFF5DC28 12
1 4 572 FFF60B48 12
1 4 573 FFF69DDE 12
1 4 574 FFF78E3E 12
1 4 575 FFF8D2F6 12
1 4 576 FFFA5F6A 12
1 4 577 FFFC2418 12
1 4 578 FFFE0F58 12
1 4 579 00000DEC 12
1 4 580 00020BFE 12
1 4 581 0003F598 12
1 4 582 0005B7AA 12
1 4 583 00074096 12
1 4 584 0008810A 12
1 4 585 00096C9A 12
1 4 586 0009F9EC 12
1 4 587 000A2378 12
1 4 588 0009E7CC 12
1 4 589 0009494C 12
1 4 590 00084DDC 12
1 4 591 0006FF78 12
1 4 592 00056B20 12
1 4 593 0003A0BE 12
1 4 594 0001B202 12
1 4 595 FFFFB25C 12
1 4 596 FFFDB5BA 12
1 4 597 FFFBD008 12
1 4 598 FFFA141C 12
1 4 599 FFF8936E 12
1 4 600 FFF75CDE 12
1 4 601 FFF67C9A 12
1 4 602 FFF5FB6A 12
1 4 603 FFF5DE6E 12
1 4 604 FFF62690 12
1 4 605 FFF6D102 12
1 4 606 FFF7D750 12
1 4 607 FFF92F2E 12
1 4 608 FFFACB1E 12
1 4 609 FFFC9B10 12
1 4 610 FFFE8CF2 12
1 4 611 00008D4C 12
1 4 612 00028822 12
1 4 613 000469A8 12
1 4 614 00061F1E 12
1 4 615 00079762 12
1 4 616 0008C3D0 12
1 4 617 000998BA 12
1 4 618 000A0DB0 12
1 4 619 000A1E18 12
1 4 620 0009C980 12
1 4 621 00091342 12
1 4 622 0008022C 12
1 4 623 0006A11E 12
1 4 624 0004FDC6 12
1 4 625 000328AA 12
1 4 626 000133E2 12
1 4 627 FFFF3320 12
1 4 628 FFFD3A58 12
1 4 629 FFFB5D58 12
1 4 630 FFF9AE8E 12
1 4 631 FFF83EF8 12
1 4 632 FFF71CD0 12
1 4 633 FFF65370 12
1 4 634 FFF5EABE 12
1 4 635 FFF5E6EE 12
1 4 636 FFF647E0 12
1 4 637 FFF709E4 12
1 4 638 FFF82586 12
1 4 639 FFF98F98 12
1 4 640 FFFB3A08 12
1 4 641 FFFD1428 12
1 4 642 FFFF0B7A 12
1 4 643 00010C54 12
1 4 644 000302B6 12
1 4 645 0004DB00 12
1 4 646 000682CC 12
1 4 647 0007E982 12
1 4 648 0009012C 12
1 4 649 0009BEF0 12
1 4 650 000A1B42 12
1 4 651 000A127A 12
1 4 652 0009A52A 12
1 4 653 0008D7A2 12
1 4 654 0007B198 12
1 4 655 00063EB2 12
1 4 656 00048D62 12
1 4 657 0002AEA2 12
1 4 658 0000B506 12
1 4 659 FFFEB474 12
1 4 660 FFFCC0BC 12
1 4 661 FFFAED78 12
1 4 662 FFF94CE0 12
1 4 663 FFF7EF4A 12
1 4 664 FFF6E238 12
1 4 665 FFF6303C 12
1 4 666 FFF5E04C 12
1 4 667 FFF5F5AA 12
1 4 668 FFF66F36 12
1 4 669 FFF74848 12
1 4 670 FFF87886 12
1 4 671 FFF9F400 12
1 4 672 FFFBABE8 12
1 4 673 FFFD8F06 12
1 4 674 FFFF8A94 12
1 4 675 00018AB2 12
1 4 676 00037B68 12
1 4 677 00054950 12
1 4 678 0006E26E 12
1 4 679 000836C0 12
1 4 680 00093900 12
1 4 681 0009DF16 12
1 4 682 000A228A 12
1 4 683 000A00AA 12
1 4 684 00097AE6 12
1 4 685 0008968C 12
1 4 686 00075C3E 12
1 4 687 0005D862 12
1 4 688 00041A1E 12
1 4 689 000232FC 12
1 4 690 000035C2 12
1 4 691 FFFE3676 12
1 4 692 FFFC4902 12
1 4 693 FFFA80C0 12
1 4 694 FFF8EF54 12
1 4 695 FFF7A48E 12
1 4 696 FFF6AD3E 12
1 4 697 FFF6131E 12
1 4 698 FFF5DC24 12
1 4 699 FFF60A92 12
1 4 700 FFF69C6A 12
1 4 701 FFF78C08 12
1 4 702 FFF8D02E 12
1 4 703 FFFA5C16 12
1 4 704 FFFC2066 12
1 4 705 FFFE0B68 12
1 4 706 000009F8 12
1 4 707 00020818 12
1 4 708 0003F1F0 12
1 4 709 0005B46A 12
1 4 710 00073DDA 12
1 4 711 00087EE0 12
1 4 712 00096B10 12
1 4 713 0009F930 12
1 4 714 000A239E 12
1 4 715 0009E8AA 12
1 4 716 00094AC4 12
1 4 717 00085032 12
1 4 718 0007025E 12
1 4 719 00056E86 12
1 4 720 0003A466 12
1 4 721 0001B5F0 12
1 4 722 FFFFB650 12
1 4 723 FFFDB9AA 12
1 4 724 FFFBD3AA 12
1 4 725 FFFA175C 12
1 4 726 FFF89612 12
1 4 727 FFF75EF8 12
1 4 728 FFF67DFE 12
1 4 729 FFF5FC0A 12
1 4 730 FFF5DE28 12
1 4 731 FFF6259E 12
1 4 732 FFF6CF68 12
1 4 733 FFF7D4F4 12
1 4 734 FFF92C36 12
1 4 735 FFFAC7B6 12
1 4 736 FFFC9756 12
1 4 737 FFFE8906 12
1 4 738 0000895A 12
1 4 739 0002843C 12
1 4 740 0004660A 12
1 4 741 00061BF8 12
1 4 742 000794CA 12
1 4 743 0008C1D8 12
1 4 744 0009976A 12
1 4 745 000A0D20 12
1 4 746 000A1E6A 12
1 4 747 0009CA9E 12
1 4 748 000914FA 12
1 4 749 000804AC 12
1 4 750 0006A424 12
1 4 751 00050148 12
1 4 752 00032C64 12
1 4 753 000137DC 12
1 4 754 FFFF3718 12
1 4 755 FFFD3E3A 12
1 4 756 FFFB60DA 12
1 4 757 FFF9B1AE 12
1 4 758 FFF8417A 12
1 4 759 FFF71EB4 12
1 4 760 FFF654A0 12
1 4 761 FFF5EB30 12
1 4 762 FFF5E676 12
1 4 763 FFF646C4 12
1 4 764 FFF7081E 12
1 4 765 FFF822F4 12
1 4 766 FFF98C7C 12
1 4 767 FFFB3680 12
1 4 768 FFFD1054 12
1 4 769 FFFF077A 12
1 4 770 0001085A 12
1 4 771 0002FEDA 12
1 4 772 0004D774 12
1 4 773 00067FB8 12
1 4 774 0007E708 12
1 4 775 0008FF52 12
1 4 776 0009BDBE 12
1 4 777 000A1AE0 12
1 4 778 000A12FE 12
1 4 779 0009A666 12
1 4 780 0008D96E 12
1 4 781 0007B436 12
1 4 782 000641D4 12
1 4 783 000490F2 12
1 4 784 0002B26E 12
1 4 785 0000B902 12
1 4 786 FFFEB852 12
1 4 787 FFFCC480 12
1 4 788 FFFAF0E8 12
1 4 789 FFF94FD6 12
1 4 790 FFF7F19A 12
1 4 791 FFF6E3F4 12
1 4 792 FFF6313E 12
1 4 793 FFF5E084 12
1 4 794 FFF5F4F6 12
1 4 795 FFF66DE6 12
1 4 796 FFF74652 12
1 4 797 FFF875CC 12
1 4 798 FFF9F0C0 12
1 4 799 FFFBA84C 12
1 4 800 FFFD8B30 12
1 4 801 FFFF868C 12
1 4 802 000186B8 12
1 4 803 000377A0 12
1 4 804 000545E4 12
1 4 805 0006DF82 12
1 4 806 0008346C 12
1 4 807 00093756 12
1 4 808 0009DE2E 12
1 4 809 000A226A 12
1 4 810 000A0164 12
1 4 811 00097C4A 12
1 4 812 00089880 12
1 4 813 00075EF6 12
1 4 814 0005DBA2 12
1 4 815 00041DD6 12
1 4 816 000236D6 12
1 4 817 000039B6 12
1 4 818 FFFE3A52 12
1 4 819 FFFC4CC8 12
1 4 820 FFFA8412 12
1 4 821 FFF8F238 12
1 4 822 FFF7A6CC 12
1 4 823 FFF6AED0 12
1 4 824 FFF613EA 12
1 4 825 FFF5DC2E 12
1 4 826 FFF609BE 12
1 4 827 FFF69AEE 12
1 4 828 FFF789E6 12
1 4 829 FFF8CD54 12
1 4 830 FFFA58CC 12
1 4 831 FFFC1CBC 12
1 4 832 FFFE0784 12
1 4 833 000005F6 12
1 4 834 00020434 12
1 4 835 0003EE4A 12
1 4 836 0005B11A 12
1 4 837 00073B06 12
1 4 838 00087CB8 12
1 4 839 00096992 12
1 4 840 0009F86A 12
1 4 841 000A23AE 12
1 4 842 0009E992 12
1 4 843 00094C66 12
1 4 844 00085256 12
1 4 845 00070534 12
1 4 846 000571D4 12
1 4 847 0003A82A 12
1 4 848 0001B9DA 12
1 4 849 FFFFBA56 12
1 4 850 FFFDBD7E 12
1 4 851 FFFBD758 12
1 4 852 FFFA1AA6 12
1 4 853 FFF898E0 12
1 4 854 FFF7610C 12
1 4 855 FFF67F6A 12
1 4 856 FFF5FCB0 12
1 4 857 FFF5DE0C 12
1 4 858 FFF6249E 12
1 4 859 FFF6CDB4 12
1 4 860 FFF7D2A8 12
1 4 861 FFF92954 12
1 4 862 FFFAC452 12
1 4 863 FFFC9392 12
1 4 864 FFFE8512 12
1 4 865 0000855E 12
1 4 866 00028074 12
1 4 867 0004626E 12
1 4 868 000618B2 12
1 4 869 00079220 12
1 4 870 0008BFD6 12
1 4 871 00099610 12
1 4 872 000A0C8E 12
1 4 873 000A1EAE 12
1 4 874 0009CBA2 12
1 4 875 000916BC 12
1 4 876 00080704 12
1 4 877 0006A736 12
1 4 878 000504C6 12
1 4 879 0003303E 12
1 4 880 00013BCE 12
1 4 881 FFFF3B0C 12
1 4 882 FFFD41F8 12
1 4 883 FFFB6470 12
1 4 884 FFF9B4D4 12
1 4 885 FFF8440E 12
1 4 886 FFF72096 12
1 4 887 FFF655D8 12
1 4 888 FFF5EB9A 12
1 4 889 FFF5E624 12
1 4 890 FFF6458E 12
1 4 891 FFF70632 12
1 4 892 FFF82080 12
1 4 893 FFF98972 12
1 4 894 FFFB3302 12
1 4 895 FFFD0C82 12
1 4 896 FFFF0382 12
1 4 897 00010466 12
1 4 898 0002FB1E 12
1 4 899 0004D3FC 12
1 4 900 00067CA6 12
1 4 901 0007E486 12
1 4 902 0008FD88 12
1 4 903 0009BCA2 12
1 4 904 000A1A80 12
1 4 905 000A1384 12
1 4 906 0009A7BE 12
1 4 907 0008DB74 12
1 4 908 0007B6B4 12
1 4 909 000644F6 12
1 4 910 0004947C 12
1 4 911 0002B64C 12
1 4 912 0000BCF4 12
1 4 913 FFFEBC4A 12
1 4 914 FFFCC834 12
1 4 915 FFFAF46A 12
1 4 916 FFF952EA 12
1 4 917 FFF7F414 12
1 4 918 FFF6E5AC 12
1 4 919 FFF63248 12
1 4 920 FFF5E0D0 12
1 4 921 FFF5F470 12
1 4 922 FFF66C78 12
1 4 923 FFF74446 12
1 4 924 FFF8733C 12
1 4 925 FFF9EDA2 12
1 4 926 FFFBA4BA 12
1 4 927 FFFD874E 12
1 4 928 FFFF829E 12
1 4 929 000182C8 12
1 4 930 000373E8 12
1 4 931 0005427A 12
1 4 932 0006DC84 12
1 4 933 00083208 12
1 4 934 000935A4 12
1 4 935 0009DD3E 12
1 4 936 000A2240 12
1 4 937 000A0206 12
1 4 938 00097DC6 12
1 4 939 00089AB0 12
1 4 940 000761A2 12
1 4 941 0005DEEE 12
1 4 942 00042172 12
1 4 943 00023ABA 12
1 4 944 00003DAE 12
1 4 945 FFFE3E46 12
1 4 946 FFFC5062 12
1 4 947 FFFA8778 12
1 4 948 FFF8F514 12
1 4 949 FFF7A912 12
1 4 950 FFF6B060 12
1 4 951 FFF614CC 12
1 4 952 FFF5DC3E 12
1 4 953 FFF60902 12
1 4 954 FFF6995A 12
1 4 955 FFF787AC 12
1 4 956 FFF8CA96 12
1 4 957 FFFA5578 12
1 4 958 FFFC190A 12
1 4 959 FFFE0396 12
1 4 960 000001FA 12
1 4 961 0002004A 12
1 4 962 0003EAA0 12
1 4 963 0005ADBA 12
1 4 964 0007382A 12
1 4 965 00087A82 12
1 4 966 0009681A 12
1 4 967 0009F7B6 12
1 4 968 000A23B2 12
1 4 969 0009EA76 12
1 4 970 00094E0C 12
1 4 971 000854A6 12
1 4 972 00070808 12
1 4 973 00057548 12
1 4 974 0003ABDC 12
1 4 975 0001BDD0 12
1 4 976 FFFFBE50 12
1 4 977 FFFDC164 12
1 4 978 FFFBDAE2 12
1 4 979 FFFA1DEC 12
1 4 980 FFF89BA2 12
1 4 981 FFF7632A 12
1 4 982 FFF680C8 12
1 4 983 FFF5FD5E 12
1 4 984 FFF5DDEA 12
1 4 985 FFF623B0 12
1 4 986 FFF6CC04 12
1 4 987 FFF7D050 12
1 4 988 FFF92662 12
1 4 989 FFFAC0E4 12
1 4 990 FFFC8FD8 12
1 4 991 FFFE811A 12
1 4 992 0000815A 12
1 4 993 00027C96 12
1 4 994 00045EF0 12
1 4 995 0006158C 12
1 4 996 00078F6E 12
1 4 997 0008BDCE 12
1 4 998 000994CE 12
1 4 999 000A0C12 12
1 4 1000 000A1EF2 12
1 4 1001 0009CCB4 12
1 4 1002 00091886 12
1 4 1003 00080976 12
1 4 1004 0006AA16 12
1 4 1005 00050844 12
1 4 1006 00033402 12
1 4 1007 00013FBE 12
1 4 1008 FFFF3F02 12
1 4 1009 FFFD45E8 12
1 4 1010 FFFB67F4 12
1 4 1011 FFF9B7FC 12
1 4 1012 FFF846B8 12
1 4 1013 FFF72298 12
1 4 1014 FFF65710 12
1 4 1015 FFF5EC10 12
1 4 1016 FFF5E5C2 12
1 4 1017 FFF64462 12
1 4 1018 FFF70446 12
1 4 1019 FFF81E0E 12
1 4 1020 FFF98674 12
1 4 1021 FFFB2F7C 12
1 4 1022 FFFD08B0 12
1 4 1023 FFFEFF90 12
1 5 0 000000E2 12
1 5 1 FFFFFF1E 12
1 5 2 FFFFFF1A 12
1 5 3 000000E0 12
1 5 4 000000E0 12
1 5 5 FFFFFF20 12
1 5 6 FFFFFF18 12
1 5 7 000000DE 12
1 5 8 000000E2 12
1 5 9 FFFFFF20 12
1 5 10 FFFFFF18 12
1 5 11 000000DC 12
1 5 12 000000E4 12
1 5 13 FFFFFF22 12
1 5 14 FFFFFF16 12
1 5 15 000000DC 12
1 5 16 000000E4 12
1 5 17 FFFFFF24 12
1 5 18 FFFFFF14 12
1 5 19 000000DA 12
1 5 20 000000E6 12
1 5 21 FFFFFF24 12
1 5 22 FFFFFF14 12
1 5 23 000000D8 12
1 5 24 000000E8 12
1 5 25 FFFFFF26 12
1 5 26 FFFFFF12 12
1 5 27 000000D8 12
1 5 28 000000E8 12
1 5 29 FFFFFF28 12
1 5 30 FFFFFF10 12
1 5 31 000000D6 12
1 5 32 000000EA 12
1 5 33 FFFFFF28 12
1 5 34 FFFFFF10 12
1 5 35 000000D4 12
1 5 36 000000EC 12
1 5 37 FFFFFF2A 12
1 5 38 FFFFFF0E 12
1 5 39 000000D4 12
1 5 40 000000EC 12
1 5 41 FFFFFF2C 12
1 5 42 FFFFFF0C 12
1 5 43 000000D2 12
1 5 44 000000EE 12
1 5 45 FFFFFF2E 12
1 5 46 FFFFFF0A 12
1 5 47 000000D0 12
1 5 48 000000F0 12
1 5 49 FFFFFF2E 12
1 5 50 FFFFFF0A 12
1 5 51 000000CE 12
1 5 52 000000F2 12
1 5 53 FFFFFF30 12
1 5 54 FFFFFF08 12
1 5 55 000000CE 12
1 5 56 000000F2 12
1 5 57 FFFFFF32 12
1 5 58 FFFFFF06 12
1 5 59 000000CC 12
1 5 60 000000F4 12
1 5 61 FFFFFF34 12
1 5 62 FFFFFF08 12
1 5 63 000000CA 12
1 5 64 000000F6 12
1 5 65 FFFFFF36 12
1 5 66 FFFFFF06 12
1 5 67 000000CA 12
1 5 68 000000F6 12
1 5 69 FFFFFF38 12
1 5 70 FFFFFF04 12
1 5 71 000000C8 12
1 5 72 000000F8 12
1 5 73 FFFFFF38 12
1 5 74 FFFFFF04 12
1 5 75 000000C6 12
1 5 76 000000FA 12
1 5 77 FFFFFF3A 12
1 5 78 FFFFFF02 12
1 5 79 000000C6 12
1 5 80 000000FA 12
1 5 81 FFFFFF3C 12
1 5 82 FFFFFF00 12
1 5 83 000000C4 12
1 5 84 000000FC 12
1 5 85 FFFFFF3C 12
1 5 86 FFFFFF00 12
1 5 87 000000C0 12
1 5 88 000000FC 12
1 5 89 FFFFFF3E 12
1 5 90 FFFFFEFE 12
1 5 91 000000C0 12
1 5 92 000000FC 12
1 5 93 FFFFFF40 12
1 5 94 FFFFFEFC 12
1 5 95 000000BE 12
1 5 96 000000FE 12
1 5 97 FFFFFF40 12
1 5 98 FFFFFEFC 12
1 5 99 000000BC 12
1 5 100 00000100 12
1 5 101 FFFFFF42 12
1 5 102 FFFFFEFA 12
1 5 103 000000BC 12
1 5 104 00000100 12
1 5 105 FFFFFF44 12
1 5 106 FFFFFEF8 12
1 5 107 000000BA 12
1 5 108 00000102 12
1 5 109 FFFFFF48 12
1 5 110 FFFFFEF8 12
1 5 111 000000B8 12
1 5 112 00000104 12
1 5 113 FFFFFF48 12
1 5 114 FFFFFEF8 12
1 5 115 000000B6 12
1 5 116 00000106 12
1 5 117 FFFFFF4A 12
1 5 118 FFFFFEF6 12
1 5 119 000000B6 12
1 5 120 00000106 12
1 5 121 FFFFFF4C 12
1 5 122 FFFFFEF4 12
1 5 123 000000B2 12
1 5 124 00000106 12
1 5 125 FFFFFF4C 12
1 5 126 FFFFFEF4 12
1 5 127 000000B0 12
1 5 128 00000108 12
1 5 129 FFFFFF4E 12
1 5 130 FFFFFEF2 12
1 5 131 000000B0 12
1 5 132 00000108 12
1 5 133 FFFFFF50 12
1 5 134 FFFFFEF0 12
1 5 135 000000AE 12
1 5 136 0000010A 12
1 5 137 FFFFFF52 12
1 5 138 FFFFFEF2 12
1 5 139 000000AC 12
1 5 140 0000010C 12
1 5 141 FFFFFF54 12
1 5 142 FFFFFEF0 12
1 5 143 000000AC 12
1 5 144 0000010C 12
1 5 145 FFFFFF56 12
1 5 146 FFFFFEEE 12
1 5 147 000000AA 12
1 5 148 0000010E 12
1 5 149 FFFFFF56 12
1 5 150 FFFFFEEE 12
1 5 151 000000A6 12
1 5 152 0000010E 12
1 5 153 FFFFFF58 12
1 5 154 FFFFFEEC 12
1 5 155 000000A6 12
1 5 156 0000010E 12
1 5 157 FFFFFF5A 12
1 5 158 FFFFFEEA 12
1 5 159 000000A4 12
1 5 160 00000110 12
1 5 161 FFFFFF5A 12
1 5 162 FFFFFEEA 12
1 5 163 000000A2 12
1 5 164 00000112 12
1 5 165 FFFFFF5E 12
1 5 166 FFFFFEEA 12
1 5 167 000000A2 12
1 5 168 00000112 12
1 5 169 FFFFFF60 12
1 5 170 FFFFFEE8 12
1 5 171 000000A0 12
1 5 172 00000114 12
1 5 173 FFFFFF60 12
1 5 174 FFFFFEE8 12
1 5 175 0000009C 12
1 5 176 00000114 12
1 5 177 FFFFFF62 12
1 5 178 FFFFFEE6 12
1 5 179 0000009C 12
1 5 180 00000114 12
1 5 181 FFFFFF64 12
1 5 182 FFFFFEE4 12
1 5 183 0000009A 12
1 5 184 00000116 12
1 5 185 FFFFFF66 12
1 5 186 FFFFFEE6 12
1 5 187 00000098 12
1 5 188 00000118 12
1 5 189 FFFFFF68 12
1 5 190 FFFFFEE4 12
1 5 191 00000098 12
1 5 192 00000118 12
1 5 193 FFFFFF6A 12
1 5 194 FFFFFEE2 12
1 5 195 00000094 12
1 5 196 00000118 12
1 5 197 FFFFFF6A 12
1 5 198 FFFFFEE2 12
1 5 199 00000092 12
1 5 200 0000011A 12
1 5 201 FFFFFF6C 12
1 5 202 FFFFFEE0 12
1 5 203 00000092 12
1 5 204 0000011A 12
1 5 205 FFFFFF70 12
1 5 206 FFFFFEE0 12
1 5 207 00000090 12
1 5 208 0000011C 12
1 5 209 FFFFFF70 12
1 5 210 FFFFFEE0 12
1 5 211 0000008E 12
1 5 212 0000011E 12
1 5 213 FFFFFF72 12
1 5 214 FFFFFEDE 12
1 5 215 0000008C 12
1 5 216 0000011C 12
1 5 217 FFFFFF74 12
1 5 218 FFFFFEDC 12
1 5 219 0000008A 12
1 5 220 0000011E 12
1 5 221 FFFFFF76 12
1 5 222 FFFFFEDE 12
1 5 223 00000088 12
1 5 224 00000120 12
1 5 225 FFFFFF78 12
1 5 226 FFFFFEDC 12
1 5 227 00000088 12
1 5 228 00000120 12
1 5 229 FFFFFF7A 12
1 5 230 FFFFFEDA 12
1 5 231 00000084 12
1 5 232 00000120 12
1 5 233 FFFFFF7A 12
1 5 234 FFFFFEDA 12
1 5 235 00000082 12
1 5 236 00000122 12
1 5 237 FFFFFF7C 12
1 5 238 FFFFFED8 12
1 5 239 00000082 12
1 5 240 00000122 12
1 5 241 FFFFFF80 12
1 5 242 FFFFFED8 12
1 5 243 00000080 12
1 5 244 00000124 12
1 5 245 FFFFFF80 12
1 5 246 FFFFFED8 12
1 5 247 0000007E 12
1 5 248 00000122 12
1 5 249 FFFFFF82 12
1 5 250 FFFFFED6 12
1 5 251 0000007C 12
1 5 252 00000124 12
1 5 253 FFFFFF86 12
1 5 254 FFFFFED6 12
1 5 255 0000007A 12
1 5 256 00000126 12
1 5 257 FFFFFF86 12
1 5 258 FFFFFED6 12
1 5 259 0000007A 12
1 5 260 00000126 12
1 5 261 FFFFFF88 12
1 5 262 FFFFFED4 12
1 5 263 00000076 12
1 5 264 00000126 12
1 5 265 FFFFFF8A 12
1 5 266 FFFFFED2 12
1 5 267 00000074 12
1 5 268 00000128 12
1 5 269 FFFFFF8C 12
1 5 270 FFFFFED4 12
1 5 271 00000074 12
1 5 272 00000128 12
1 5 273 FFFFFF8E 12
1 5 274 FFFFFED2 12
1 5 275 00000072 12
1 5 276 0000012A 12
1 5 277 FFFFFF8E 12
1 5 278 FFFFFED2 12
1 5 279 0000006E 12
1 5 280 0000012A 12
1 5 281 FFFFFF90 12
1 5 282 FFFFFED0 12
1 5 283 0000006E 12
1 5 284 0000012A 12
1 5 285 FFFFFF94 12
1 5 286 FFFFFED0 12
1 5 287 0000006C 12
1 5 288 0000012C 12
1 5 289 FFFFFF94 12
1 5 290 FFFFFED0 12
1 5 291 0000006A 12
1 5 292 0000012A 12
1 5 293 FFFFFF96 12
1 5 294 FFFFFECE 12
1 5 295 00000068 12
1 5 296 0000012C 12
1 5 297 FFFFFF9A 12
1 5 298 FFFFFECE 12
1 5 299 00000066 12
1 5 300 0000012E 12
1 5 301 FFFFFF9A 12
1 5 302 FFFFFECE 12
1 5 303 00000064 12
1 5 304 0000012C 12
1 5 305 FFFFFF9C 12
1 5 306 FFFFFECC 12
1 5 307 00000062 12
1 5 308 0000012E 12
1 5 309 FFFFFF9E 12
1 5 310 FFFFFECE 12
1 5 311 00000060 12
1 5 312 00000130 12
1 5 313 FFFFFFA0 12
1 5 314 FFFFFECC 12
1 5 315 0000005E 12
1 5 316 0000012E 12
1 5 317 FFFFFFA2 12
1 5 318 FFFFFECA 12
1 5 319 0000005C 12
1 5 320 00000130 12
1 5 321 FFFFFFA4 12
1 5 322 FFFFFECC 12
1 5 323 0000005C 12
1 5 324 00000130 12
1 5 325 FFFFFFA6 12
1 5 326 FFFFFECA 12
1 5 327 00000058 12
1 5 328 00000130 12
1 5 329 FFFFFFA8 12
1 5 330 FFFFFEC8 12
1 5 331 00000056 12
1 5 332 00000132 12
1 5 333 FFFFFFAA 12
1 5 334 FFFFFECA 12
1 5 335 00000056 12
1 5 336 00000132 12
1 5 337 FFFFFFAC 12
1 5 338 FFFFFEC8 12
1 5 339 00000052 12
1 5 340 00000132 12
1 5 341 FFFFFFAC 12
1 5 342 FFFFFEC8 12
1 5 343 00000052 12
1 5 344 00000132 12
1 5 345 FFFFFFB0 12
1 5 346 FFFFFEC8 12
1 5 347 00000050 12
1 5 348 00000134 12
1 5 349 FFFFFFB2 12
1 5 350 FFFFFEC6 12
1 5 351 0000004C 12
1 5 352 00000134 12
1 5 353 FFFFFFB2 12
1 5 354 FFFFFEC6 12
1 5 355 0000004C 12
1 5 356 00000134 12
1 5 357 FFFFFFB6 12
1 5 358 FFFFFEC6 12
1 5 359 0000004A 12
1 5 360 00000136 12
1 5 361 FFFFFFB6 12
1 5 362 FFFFFEC6 12
1 5 363 00000048 12
1 5 364 00000134 12
1 5 365 FFFFFFB8 12
1 5 366 FFFFFEC4 12
1 5 367 00000046 12
1 5 368 00000136 12
1 5 369 FFFFFFBC 12
1 5 370 FFFFFEC4 12
1 5 371 00000044 12
1 5 372 00000138 12
1 5 373 FFFFFFBC 12
1 5 374 FFFFFEC4 12
1 5 375 00000042 12
1 5 376 00000136 12
1 5 377 FFFFFFC0 12
1 5 378 FFFFFEC4 12
1 5 379 00000040 12
1 5 380 00000138 12
1 5 381 FFFFFFC0 12
1 5 382 FFFFFEC4 12
1 5 383 0000003E 12
1 5 384 00000136 12
1 5 385 FFFFFFC2 12
1 5 386 FFFFFEC2 12
1 5 387 0000003C 12
1 5 388 00000138 12
1 5 389 FFFFFFC4 12
1 5 390 FFFFFEC4 12
1 5 391 0000003C 12
1 5 392 00000138 12
1 5 393 FFFFFFC6 12
1 5 394 FFFFFEC2 12
1 5 395 00000038 12
1 5 396 00000138 12
1 5 397 FFFFFFCA 12
1 5 398 FFFFFEC2 12
1 5 399 00000036 12
1 5 400 0000013A 12
1 5 401 FFFFFFCA 12
1 5 402 FFFFFEC2 12
1 5 403 00000034 12
1 5 404 00000138 12
1 5 405 FFFFFFCC 12
1 5 406 FFFFFEC0 12
1 5 407 00000032 12
1 5 408 0000013A 12
1 5 409 FFFFFFCE 12
1 5 410 FFFFFEC2 12
1 5 411 00000032 12
1 5 412 0000013A 12
1 5 413 FFFFFFD0 12
1 5 414 FFFFFEC0 12
1 5 415 0000002E 12
1 5 416 0000013A 12
1 5 417 FFFFFFD2 12
1 5 418 FFFFFEC2 12
1 5 419 0000002E 12
1 5 420 0000013A 12
1 5 421 FFFFFFD4 12
1 5 422 FFFFFEC0 12
1 5 423 0000002A 12
1 5 424 0000013A 12
1 5 425 FFFFFFD6 12
1 5 426 FFFFFEBE 12
1 5 427 0000002A 12
1 5 428 0000013A 12
1 5 429 FFFFFFD8 12
1 5 430 FFFFFEC0 12
1 5 431 00000028 12
1 5 432 0000013C 12
1 5 433 FFFFFFDA 12
1 5 434 FFFFFEBE 12
1 5 435 00000024 12
1 5 436 0000013C 12
1 5 437 FFFFFFDC 12
1 5 438 FFFFFEC0 12
1 5 439 00000024 12
1 5 440 0000013C 12
1 5 441 FFFFFFDE 12
1 5 442 FFFFFEBE 12
1 5 443 00000020 12
1 5 444 0000013C 12
1 5 445 FFFFFFE0 12
1 5 446 FFFFFEC0 12
1 5 447 00000020 12
1 5 448 0000013C 12
1 5 449 FFFFFFE2 12
1 5 450 FFFFFEBE 12
1 5 451 0000001C 12
1 5 452 0000013C 12
1 5 453 FFFFFFE2 12
1 5 454 FFFFFEBE 12
1 5 455 0000001C 12
1 5 456 0000013C 12
1 5 457 FFFFFFE6 12
1 5 458 FFFFFEBE 12
1 5 459 0000001A 12
1 5 460 0000013E 12
1 5 461 FFFFFFE6 12
1 5 462 FFFFFEBE 12
1 5 463 00000018 12
1 5 464 0000013C 12
1 5 465 FFFFFFEA 12
1 5 466 FFFFFEBE 12
1 5 467 00000016 12
1 5 468 0000013E 12
1 5 469 FFFFFFEA 12
1 5 470 FFFFFEBE 12
1 5 471 00000014 12
1 5 472 0000013C 12
1 5 473 FFFFFFEE 12
1 5 474 FFFFFEBE 12
1 5 475 00000012 12
1 5 476 0000013E 12
1 5 477 FFFFFFEE 12
1 5 478 FFFFFEBE 12
1 5 479 00000010 12
1 5 480 0000013C 12
1 5 481 FFFFFFF2 12
1 5 482 FFFFFEBE 12
1 5 483 0000000E 12
1 5 484 0000013E 12
1 5 485 FFFFFFF2 12
1 5 486 FFFFFEBE 12
1 5 487 0000000C 12
1 5 488 0000013C 12
1 5 489 FFFFFFF6 12
1 5 490 FFFFFEBE 12
1 5 491 0000000A 12
1 5 492 0000013E 12
1 5 493 FFFFFFF8 12
1 5 494 FFFFFEBC 12
1 5 495 00000008 12
1 5 496 0000013C 12
1 5 497 FFFFFFFA 12
1 5 498 FFFFFEBE 12
1 5 499 00000006 12
1 5 500 0000013E 12
1 5 501 FFFFFFFC 12
1 5 502 FFFFFEBC 12
1 5 503 00000004 12
1 5 504 0000013C 12
1 5 505 FFFFFFFE 12
1 5 506 FFFFFEBE 12
1 5 507 00000002 12
1 5 508 0000013E 12
1 5 509 00000000 12
1 5 510 FFFFFEBC 12
1 5 511 00000000 12
1 5 512 0000013C 12
1 5 513 00000000 12
1 5 514 FFFFFEBC 12
1 5 515 FFFFFFFE 12
1 5 516 0000013E 12
1 5 517 00000002 12
1 5 518 FFFFFEBE 12
1 5 519 FFFFFFFC 12
1 5 520 0000013C 12
1 5 521 00000004 12
1 5 522 FFFFFEBC 12
1 5 523 FFFFFFFA 12
1 5 524 0000013E 12
1 5 525 00000006 12
1 5 526 FFFFFEBE 12
1 5 527 FFFFFFF8 12
1 5 528 0000013C 12
1 5 529 00000008 12
1 5 530 FFFFFEBC 12
1 5 531 FFFFFFF6 12
1 5 532 0000013E 12
1 5 533 0000000A 12
1 5 534 FFFFFEBE 12
1 5 535 FFFFFFF4 12
1 5 536 0000013C 12
1 5 537 0000000E 12
1 5 538 FFFFFEBE 12
1 5 539 FFFFFFF2 12
1 5 540 0000013E 12
1 5 541 0000000E 12
1 5 542 FFFFFEBE 12
1 5 543 FFFFFFF0 12
1 5 544 0000013C 12
1 5 545 00000012 12
1 5 546 FFFFFEBE 12
1 5 547 FFFFFFEE 12
1 5 548 0000013E 12
1 5 549 00000012 12
1 5 550 FFFFFEBE 12
1 5 551 FFFFFFEC 12
1 5 552 0000013C 12
1 5 553 00000016 12
1 5 554 FFFFFEBE 12
1 5 555 FFFFFFEA 12
1 5 556 0000013E 12
1 5 557 00000016 12
1 5 558 FFFFFEBE 12
1 5 559 FFFFFFE8 12
1 5 560 0000013C 12
1 5 561 0000001A 12
1 5 562 FFFFFEBE 12
1 5 563 FFFFFFE6 12
1 5 564 0000013E 12
1 5 565 0000001A 12
1 5 566 FFFFFEBE 12
1 5 567 FFFFFFE4 12
1 5 568 0000013C 12
1 5 569 0000001E 12
1 5 570 FFFFFEBE 12
1 5 571 FFFFFFE4 12
1 5 572 0000013C 12
1 5 573 0000001E 12
1 5 574 FFFFFEBE 12
1 5 575 FFFFFFE0 12
1 5 576 0000013C 12
1 5 577 00000020 12
1 5 578 FFFFFEC0 12
1 5 579 FFFFFFE0 12
1 5 580 0000013C 12
1 5 581 00000022 12
1 5 582 FFFFFEBE 12
1 5 583 FFFFFFDC 12
1 5 584 0000013C 12
1 5 585 00000024 12
1 5 586 FFFFFEC0 12
1 5 587 FFFFFFDC 12
1 5 588 0000013C 12
1 5 589 00000026 12
1 5 590 FFFFFEBE 12
1 5 591 FFFFFFD8 12
1 5 592 0000013C 12
1 5 593 00000028 12
1 5 594 FFFFFEC0 12
1 5 595 FFFFFFD6 12
1 5 596 0000013A 12
1 5 597 0000002A 12
1 5 598 FFFFFEBE 12
1 5 599 FFFFFFD6 12
1 5 600 0000013A 12
1 5 601 0000002C 12
1 5 602 FFFFFEC0 12
1 5 603 FFFFFFD2 12
1 5 604 0000013A 12
1 5 605 0000002E 12
1 5 606 FFFFFEC2 12
1 5 607 FFFFFFD2 12
1 5 608 0000013A 12
1 5 609 00000030 12
1 5 610 FFFFFEC0 12
1 5 611 FFFFFFCE 12
1 5 612 0000013A 12
1 5 613 00000032 12
1 5 614 FFFFFEC2 12
1 5 615 FFFFFFCE 12
1 5 616 0000013A 12
1 5 617 00000034 12
1 5 618 FFFFFEC0 12
1 5 619 FFFFFFCC 12
1 5 620 00000138 12
1 5 621 00000036 12
1 5 622 FFFFFEC2 12
1 5 623 FFFFFFCA 12
1 5 624 0000013A 12
1 5 625 00000036 12
1 5 626 FFFFFEC2 12
1 5 627 FFFFFFC8 12
1 5 628 00000138 12
1 5 629 0000003A 12
1 5 630 FFFFFEC2 12
1 5 631 FFFFFFC4 12
1 5 632 00000138 12
1 5 633 0000003C 12
1 5 634 FFFFFEC4 12
1 5 635 FFFFFFC4 12
1 5 636 00000138 12
1 5 637 0000003E 12
1 5 638 FFFFFEC2 12
1 5 639 FFFFFFC2 12
1 5 640 00000136 12
1 5 641 00000040 12
1 5 642 FFFFFEC4 12
1 5 643 FFFFFFC0 12
1 5 644 00000138 12
1 5 645 00000040 12
1 5 646 FFFFFEC4 12
1 5 647 FFFFFFBE 12
1 5 648 00000136 12
1 5 649 00000044 12
1 5 650 FFFFFEC4 12
1 5 651 FFFFFFBC 12
1 5 652 00000138 12
1 5 653 00000044 12
1 5 654 FFFFFEC4 12
1 5 655 FFFFFFBA 12
1 5 656 00000136 12
1 5 657 00000048 12
1 5 658 FFFFFEC4 12
1 5 659 FFFFFFB8 12
1 5 660 00000134 12
1 5 661 0000004A 12
1 5 662 FFFFFEC6 12
1 5 663 FFFFFFB6 12
1 5 664 00000136 12
1 5 665 0000004A 12
1 5 666 FFFFFEC6 12
1 5 667 FFFFFFB4 12
1 5 668 00000134 12
1 5 669 0000004E 12
1 5 670 FFFFFEC6 12
1 5 671 FFFFFFB4 12
1 5 672 00000134 12
1 5 673 0000004E 12
1 5 674 FFFFFEC6 12
1 5 675 FFFFFFB0 12
1 5 676 00000134 12
1 5 677 00000050 12
1 5 678 FFFFFEC8 12
1 5 679 FFFFFFAE 12
1 5 680 00000132 12
1 5 681 00000054 12
1 5 682 FFFFFEC8 12
1 5 683 FFFFFFAE 12
1 5 684 00000132 12
1 5 685 00000054 12
1 5 686 FFFFFEC8 12
1 5 687 FFFFFFAA 12
1 5 688 00000132 12
1 5 689 00000056 12
1 5 690 FFFFFECA 12
1 5 691 FFFFFFAA 12
1 5 692 00000132 12
1 5 693 00000058 12
1 5 694 FFFFFEC8 12
1 5 695 FFFFFFA8 12
1 5 696 00000130 12
1 5 697 0000005A 12
1 5 698 FFFFFECA 12
1 5 699 FFFFFFA4 12
1 5 700 00000130 12
1 5 701 0000005C 12
1 5 702 FFFFFECC 12
1 5 703 FFFFFFA4 12
1 5 704 00000130 12
1 5 705 0000005E 12
1 5 706 FFFFFECA 12
1 5 707 FFFFFFA2 12
1 5 708 0000012E 12
1 5 709 00000060 12
1 5 710 FFFFFECC 12
1 5 711 FFFFFFA0 12
1 5 712 00000130 12
1 5 713 00000062 12
1 5 714 FFFFFECE 12
1 5 715 FFFFFF9E 12
1 5 716 0000012E 12
1 5 717 00000064 12
1 5 718 FFFFFECC 12
1 5 719 FFFFFF9C 12
1 5 720 0000012C 12
1 5 721 00000066 12
1 5 722 FFFFFECE 12
1 5 723 FFFFFF9A 12
1 5 724 0000012E 12
1 5 725 00000066 12
1 5 726 FFFFFECE 12
1 5 727 FFFFFF98 12
1 5 728 0000012C 12
1 5 729 0000006A 12
1 5 730 FFFFFECE 12
1 5 731 FFFFFF96 12
1 5 732 0000012A 12
1 5 733 0000006C 12
1 5 734 FFFFFED0 12
1 5 735 FFFFFF94 12
1 5 736 0000012C 12
1 5 737 0000006C 12
1 5 738 FFFFFED0 12
1 5 739 FFFFFF92 12
1 5 740 0000012A 12
1 5 741 00000070 12
1 5 742 FFFFFED0 12
1 5 743 FFFFFF92 12
1 5 744 0000012A 12
1 5 745 00000072 12
1 5 746 FFFFFED2 12
1 5 747 FFFFFF8E 12
1 5 748 0000012A 12
1 5 749 00000072 12
1 5 750 FFFFFED2 12
1 5 751 FFFFFF8C 12
1 5 752 00000128 12
1 5 753 00000074 12
1 5 754 FFFFFED4 12
1 5 755 FFFFFF8C 12
1 5 756 00000128 12
1 5 757 00000076 12
1 5 758 FFFFFED2 12
1 5 759 FFFFFF8A 12
1 5 760 00000126 12
1 5 761 00000078 12
1 5 762 FFFFFED4 12
1 5 763 FFFFFF86 12
1 5 764 00000126 12
1 5 765 0000007A 12
1 5 766 FFFFFED6 12
1 5 767 FFFFFF86 12
1 5 768 00000126 12
1 5 769 0000007A 12
1 5 770 FFFFFED6 12
1 5 771 FFFFFF84 12
1 5 772 00000124 12
1 5 773 0000007E 12
1 5 774 FFFFFED6 12
1 5 775 FFFFFF82 12
1 5 776 00000122 12
1 5 777 00000080 12
1 5 778 FFFFFED8 12
1 5 779 FFFFFF80 12
1 5 780 00000124 12
1 5 781 00000080 12
1 5 782 FFFFFED8 12
1 5 783 FFFFFF7E 12
1 5 784 00000122 12
1 5 785 00000084 12
1 5 786 FFFFFED8 12
1 5 787 FFFFFF7E 12
1 5 788 00000122 12
1 5 789 00000086 12
1 5 790 FFFFFEDA 12
1 5 791 FFFFFF7C 12
1 5 792 00000120 12
1 5 793 00000086 12
1 5 794 FFFFFEDA 12
1 5 795 FFFFFF78 12
1 5 796 00000120 12
1 5 797 00000088 12
1 5 798 FFFFFEDC 12
1 5 799 FFFFFF78 12
1 5 800 00000120 12
1 5 801 0000008A 12
1 5 802 FFFFFEDE 12
1 5 803 FFFFFF76 12
1 5 804 0000011E 12
1 5 805 0000008C 12
1 5 806 FFFFFEDC 12
1 5 807 FFFFFF74 12
1 5 808 0000011C 12
1 5 809 0000008E 12
1 5 810 FFFFFEDE 12
1 5 811 FFFFFF72 12
1 5 812 0000011E 12
1 5 813 00000090 12
1 5 814 FFFFFEE0 12
1 5 815 FFFFFF70 12
1 5 816 0000011C 12
1 5 817 00000090 12
1 5 818 FFFFFEE0 12
1 5 819 FFFFFF6E 12
1 5 820 0000011A 12
1 5 821 00000094 12
1 5 822 FFFFFEE0 12
1 5 823 FFFFFF6E 12
1 5 824 0000011A 12
1 5 825 00000096 12
1 5 826 FFFFFEE2 12
1 5 827 FFFFFF6C 12
1 5 828 00000118 12
1 5 829 00000096 12
1 5 830 FFFFFEE2 12
1 5 831 FFFFFF68 12
1 5 832 00000118 12
1 5 833 00000098 12
1 5 834 FFFFFEE4 12
1 5 835 FFFFFF68 12
1 5 836 00000118 12
1 5 837 0000009A 12
1 5 838 FFFFFEE6 12
1 5 839 FFFFFF66 12
1 5 840 00000116 12
1 5 841 0000009C 12
1 5 842 FFFFFEE4 12
1 5 843 FFFFFF64 12
1 5 844 00000114 12
1 5 845 0000009E 12
1 5 846 FFFFFEE6 12
1 5 847 FFFFFF64 12
1 5 848 00000114 12
1 5 849 000000A0 12
1 5 850 FFFFFEE8 12
1 5 851 FFFFFF60 12
1 5 852 00000114 12
1 5 853 000000A0 12
1 5 854 FFFFFEE8 12
1 5 855 FFFFFF5E 12
1 5 856 00000112 12
1 5 857 000000A2 12
1 5 858 FFFFFEEA 12
1 5 859 FFFFFF5E 12
1 5 860 00000112 12
1 5 861 000000A6 12
1 5 862 FFFFFEEA 12
1 5 863 FFFFFF5C 12
1 5 864 00000110 12
1 5 865 000000A6 12
1 5 866 FFFFFEEA 12
1 5 867 FFFFFF5A 12
1 5 868 0000010E 12
1 5 869 000000A8 12
1 5 870 FFFFFEEC 12
1 5 871 FFFFFF5A 12
1 5 872 0000010E 12
1 5 873 000000AA 12
1 5 874 FFFFFEEE 12
1 5 875 FFFFFF56 12
1 5 876 0000010E 12
1 5 877 000000AA 12
1 5 878 FFFFFEEE 12
1 5 879 FFFFFF54 12
1 5 880 0000010C 12
1 5 881 000000AC 12
1 5 882 FFFFFEF0 12
1 5 883 FFFFFF54 12
1 5 884 0000010C 12
1 5 885 000000AE 12
1 5 886 FFFFFEF2 12
1 5 887 FFFFFF52 12
1 5 888 0000010A 12
1 5 889 000000B0 12
1 5 890 FFFFFEF0 12
1 5 891 FFFFFF50 12
1 5 892 00000108 12
1 5 893 000000B2 12
1 5 894 FFFFFEF2 12
1 5 895 FFFFFF50 12
1 5 896 00000108 12
1 5 897 000000B4 12
1 5 898 FFFFFEF4 12
1 5 899 FFFFFF4E 12
1 5 900 00000106 12
1 5 901 000000B4 12
1 5 902 FFFFFEF4 12
1 5 903 FFFFFF4A 12
1 5 904 00000106 12
1 5 905 000000B6 12
1 5 906 FFFFFEF6 12
1 5 907 FFFFFF4A 12
1 5 908 00000106 12
1 5 909 000000B8 12
1 5 910 FFFFFEF8 12
1 5 911 FFFFFF48 12
1 5 912 00000104 12
1 5 913 000000B8 12
1 5 914 FFFFFEF8 12
1 5 915 FFFFFF46 12
1 5 916 00000102 12
1 5 917 000000BC 12
1 5 918 FFFFFEF8 12
1 5 919 FFFFFF44 12
1 5 920 00000100 12
1 5 921 000000BE 12
1 5 922 FFFFFEFA 12
1 5 923 FFFFFF44 12
1 5 924 00000100 12
1 5 925 000000C0 12
1 5 926 FFFFFEFC 12
1 5 927 FFFFFF42 12
1 5 928 000000FE 12
1 5 929 000000C0 12
1 5 930 FFFFFEFC 12
1 5 931 FFFFFF40 12
1 5 932 000000FC 12
1 5 933 000000C2 12
1 5 934 FFFFFEFE 12
1 5 935 FFFFFF40 12
1 5 936 000000FC 12
1 5 937 000000C4 12
1 5 938 FFFFFF00 12
1 5 939 FFFFFF3C 12
1 5 940 000000FC 12
1 5 941 000000C4 12
1 5 942 FFFFFF00 12
1 5 943 FFFFFF3A 12
1 5 944 000000FA 12
1 5 945 000000C6 12
1 5 946 FFFFFF02 12
1 5 947 FFFFFF3A 12
1 5 948 000000FA 12
1 5 949 000000C8 12
1 5 950 FFFFFF04 12
1 5 951 FFFFFF38 12
1 5 952 000000F8 12
1 5 953 000000C8 12
1 5 954 FFFFFF04 12
1 5 955 FFFFFF36 12
1 5 956 000000F6 12
1 5 957 000000CA 12
1 5 958 FFFFFF06 12
1 5 959 FFFFFF36 12
1 5 960 000000F6 12
1 5 961 000000CC 12
1 5 962 FFFFFF08 12
1 5 963 FFFFFF34 12
1 5 964 000000F4 12
1 5 965 000000CE 12
1 5 966 FFFFFF06 12
1 5 967 FFFFFF32 12
1 5 968 000000F2 12
1 5 969 000000D0 12
1 5 970 FFFFFF08 12
1 5 971 FFFFFF32 12
1 5 972 000000F2 12
1 5 973 000000D2 12
1 5 974 FFFFFF0A 12
1 5 975 FFFFFF30 12
1 5 976 000000F0 12
1 5 977 000000D2 12
1 5 978 FFFFFF0A 12
1 5 979 FFFFFF2E 12
1 5 980 000000EE 12
1 5 981 000000D4 12
1 5 982 FFFFFF0C 12
1 5 983 FFFFFF2C 12
1 5 984 000000EC 12
1 5 985 000000D6 12
1 5 986 FFFFFF0E 12
1 5 987 FFFFFF2C 12
1 5 988 000000EC 12
1 5 989 000000D8 12
1 5 990 FFFFFF10 12
1 5 991 FFFFFF2A 12
1 5 992 000000EA 12
1 5 993 000000D8 12
1 5 994 FFFFFF10 12
1 5 995 FFFFFF28 12
1 5 996 000000E8 12
1 5 997 000000DA 12
1 5 998 FFFFFF12 12
1 5 999 FFFFFF28 12
1 5 1000 000000E8 12
1 5 1001 000000DC 12
1 5 1002 FFFFFF14 12
1 5 1003 FFFFFF26 12
1 5 1004 000000E6 12
1 5 1005 000000DC 12
1 5 1006 FFFFFF14 12
1 5 1007 FFFFFF24 12
1 5 1008 000000E4 12
1 5 1009 000000DE 12
1 5 1010 FFFFFF16 12
1 5 1011 FFFFFF24 12
1 5 1012 000000E4 12
1 5 1013 000000E0 12
1 5 1014 FFFFFF18 12
1 5 1015 FFFFFF22 12
1 5 1016 000000E2 12
1 5 1017 000000E0 12
1 5 1018 FFFFFF18 12
1 5 1019 FFFFFF20 12
1 5 1020 000000E0 12
1 5 1021 000000E2 12
1 5 1022 FFFFFF1A 12
1 5 1023 FFFFFF1E 12
2 0 0 D2BF1CEB 12
2 0 1 FFFFFFBE 12
2 0 2 00000036 12
2 0 3 FFFFFECC 12
2 0 4 FFFFFEC2 12
2 0 5 000000FA 12
2 0 6 FFFFFEFE 12
2 0 7 00000030 12
2 0 8 00000028 12
2 0 9 00000078 12
2 0 10 FFFFFF80 12
2 0 11 00000248 12
2 0 12 0000023C 12
2 0 13 FFFFFFC2 12
2 0 14 00000036 12
2 0 15 FFFFFFFE 12
2 0 16 FFFFFFF6 12
2 0 17 FFFFFEA6 12
2 0 18 00000152 12
2 0 19 0000022A 12
2 0 20 00000222 12
2 0 21 00000160 12
2 0 22 FFFFFE9A 12
2 0 23 0000013E 12
2 0 24 00000134 12
2 0 25 00000082 12
2 0 26 FFFFFF7A 12
2 0 27 00000148 12
2 0 28 00000140 12
2 0 29 FFFFFF14 12
2 0 30 000000E6 12
2 0 31 000002E4 12
2 0 32 000002DC 12
2 0 33 000000DA 12
2 0 34 FFFFFF20 12
2 0 35 000000EA 12
2 0 36 000000E4 12
2 0 37 FFFFFF1E 12
2 0 38 000000DC 12
2 0 39 0000014A 12
2 0 40 00000144 12
2 0 41 FFFFFD34 12
2 0 42 000002C6 12
2 0 43 000002F0 12
2 0 44 000002EA 12
2 0 45 FFFFFF94 12
2 0 46 00000066 12
2 0 47 000000C8 12
2 0 48 000000C4 12
2 0 49 000004B2 12
2 0 50 FFFFFB4C 12
2 0 51 0000014C 12
2 0 52 00000146 12
2 0 53 00000124 12
2 0 54 FFFFFED6 12
2 0 55 00000324 12
2 0 56 00000320 12
2 0 57 000000DA 12
2 0 58 FFFFFF22 12
2 0 59 00000150 12
2 0 60 00000148 12
2 0 61 0000017A 12
2 0 62 FFFFFE82 12
2 0 63 00000112 12
2 0 64 0000010C 12
2 0 65 000001F2 12
2 0 66 FFFFFE0C 12
2 0 67 0000019E 12
2 0 68 0000019A 12
2 0 69 FFFFFE2A 12
2 0 70 000001D2 12
2 0 71 FFFFFF08 12
2 0 72 FFFFFF00 12
2 0 73 000001C6 12
2 0 74 FFFFFE36 12
2 0 75 00000216 12
2 0 76 00000210 12
2 0 77 00000052 12
2 0 78 FFFFFFA8 12
2 0 79 00000240 12
2 0 80 0000023A 12
2 0 81 00000038 12
2 0 82 FFFFFFC6 12
2 0 83 FFFFFCE8 12
2 0 84 FFFFFCE4 12
2 0 85 00000262 12
2 0 86 FFFFFD98 12
2 0 87 00000446 12
2 0 88 00000440 12
2 0 89 FFFFFE8A 12
2 0 90 00000172 12
2 0 91 FFFFFE40 12
2 0 92 FFFFFE3A 12
2 0 93 000001E8 12
2 0 94 FFFFFE16 12
2 0 95 00000172 12
2 0 96 0000016C 12
2 0 97 0000014A 12
2 0 98 FFFFFEB0 12
2 0 99 0000003E 12
2 0 100 00000036 12
2 0 101 0000012C 12
2 0 102 FFFFFED0 12
2 0 103 000000CA 12
2 0 104 000000C4 12
2 0 105 00000038 12
2 0 106 FFFFFFC6 12
2 0 107 00000222 12
2 0 108 00000220 12
2 0 109 000001E2 12
2 0 110 FFFFFE1C 12
2 0 111 00000004 12
2 0 112 FFFFFFFE 12
2 0 113 00000046 12
2 0 114 FFFFFFB6 12
2 0 115 000001F0 12
2 0 116 000001EA 12
2 0 117 000001AC 12
2 0 118 FFFFFE52 12
2 0 119 000001AC 12
2 0 120 000001A8 12
2 0 121 FFFFFD6E 12
2 0 122 0000028E 12
2 0 123 0000014C 12
2 0 124 00000146 12
2 0 125 000001FA 12
2 0 126 FFFFFE04 12
2 0 127 00000116 12
2 0 128 00000114 12
2 0 129 0000005E 12
2 0 130 FFFFFFA0 12
2 0 131 FFFFFEFC 12
2 0 132 FFFFFEF8 12
2 0 133 FFFFFDB0 12
2 0 134 0000024C 12
2 0 135 0000020C 12
2 0 136 00000208 12
2 0 137 0000010A 12
2 0 138 FFFFFEF4 12
2 0 139 00000098 12
2 0 140 00000092 12
2 0 141 FFFFFFFA 12
2 0 142 00000002 12
2 0 143 00000184 12
2 0 144 00000180 12
2 0 145 000001C2 12
2 0 146 FFFFFE3C 12
2 0 147 00000042 12
2 0 148 0000003E 12
2 0 149 FFFFFE38 12
2 0 150 000001C6 12
2 0 151 FFFFFF32 12
2 0 152 FFFFFF2E 12
2 0 153 FFFFFDDC 12
2 0 154 00000224 12
2 0 155 0000014C 12
2 0 156 00000148 12
2 0 157 0000004A 12
2 0 158 FFFFFFB2 12
2 0 159 FFFFFCC4 12
2 0 160 FFFFFCC0 12
2 0 161 0000010C 12
2 0 162 FFFFFEF0 12
2 0 163 FFFFFF86 12
2 0 164 FFFFFF84 12
2 0 165 000000D4 12
2 0 166 FFFFFF2C 12
2 0 167 000000A8 12
2 0 168 000000A4 12
2 0 169 00000046 12
2 0 170 FFFFFFB8 12
2 0 171 00000194 12
2 0 172 00000190 12
2 0 173 FFFFFCCE 12
2 0 174 00000330 12
2 0 175 000000AE 12
2 0 176 000000AA 12
2 0 177 FFFFFD44 12
2 0 178 000002BA 12
2 0 179 000000E6 12
2 0 180 000000E2 12
2 0 181 000000A8 12
2 0 182 FFFFFF58 12
2 0 183 00000048 12
2 0 184 00000042 12
2 0 185 FFFFFEB0 12
2 0 186 0000014E 12
2 0 187 00000216 12
2 0 188 00000214 12
2 0 189 0000015C 12
2 0 190 FFFFFEA2 12
2 0 191 FFFFFE92 12
2 0 192 FFFFFE8C 12
2 0 193 000000B4 12
2 0 194 FFFFFF4A 12
2 0 195 00000158 12
2 0 196 00000156 12
2 0 197 000000DE 12
2 0 198 FFFFFF1E 12
2 0 199 00000008 12
2 0 200 00000004 12
2 0 201 FFFFFFD8 12
2 0 202 00000026 12
2 0 203 FFFFFF9C 12
2 0 204 FFFFFF98 12
2 0 205 FFFFFFD8 12
2 0 206 00000024 12
2 0 207 000000D6 12
2 0 208 000000D0 12
2 0 209 FFFFFCD2 12
2 0 210 0000032C 12
2 0 211 000001F4 12
2 0 212 000001F0 12
2 0 213 0000006E 12
2 0 214 FFFFFF90 12
2 0 215 FFFFFD98 12
2 0 216 FFFFFD94 12
2 0 217 00000122 12
2 0 218 FFFFFEDC 12
2 0 219 0000002A 12
2 0 220 00000026 12
2 0 221 000001EA 12
2 0 222 FFFFFE14 12
2 0 223 FFFFFEA8 12
2 0 224 FFFFFEA4 12
2 0 225 FFFFFD2E 12
2 0 226 000002CE 12
2 0 227 FFFFFF70 12
2 0 228 FFFFFF6C 12
2 0 229 00000148 12
2 0 230 FFFFFEB6 12
2 0 231 00000114 12
2 0 232 00000112 12
2 0 233 FFFFFFF0 12
2 0 234 0000000E 12
2 0 235 FFFFFEBC 12
2 0 236 FFFFFEB6 12
2 0 237 0000021C 12
2 0 238 FFFFFDE2 12
2 0 239 FFFFFFC2 12
2 0 240 FFFFFFBE 12
2 0 241 FFFFFF86 12
2 0 242 00000078 12
2 0 243 FFFFFED6 12
2 0 244 FFFFFED2 12
2 0 245 FFFFFE0C 12
2 0 246 000001F2 12
2 0 247 000000F0 12
2 0 248 000000EC 12
2 0 249 FFFFFF64 12
2 0 250 0000009A 12
2 0 251 FFFFFE6E 12
2 0 252 FFFFFE6C 12
2 0 253 FFFFFDEA 12
2 0 254 00000214 12
2 0 255 000001BA 12
2 0 256 000001B8 12
2 0 257 FFFFFF7A 12
2 0 258 00000084 12
2 0 259 00000082 12
2 0 260 00000080 12
2 0 261 000001C2 12
2 0 262 FFFFFE3C 12
2 0 263 00000212 12
2 0 264 00000210 12
2 0 265 00000162 12
2 0 266 FFFFFE9C 12
2 0 267 00000016 12
2 0 268 00000014 12
2 0 269 00000376 12
2 0 270 FFFFFC86 12
2 0 271 00000118 12
2 0 272 00000116 12
2 0 273 0000018E 12
2 0 274 FFFFFE70 12
2 0 275 FFFFFFE0 12
2 0 276 FFFFFFDE 12
2 0 277 000001BA 12
2 0 278 FFFFFE46 12
2 0 279 00000100 12
2 0 280 00000100 12
2 0 281 000000F2 12
2 0 282 FFFFFF0A 12
2 0 283 FFFFFFF0 12
2 0 284 FFFFFFEE 12
2 0 285 FFFFFE1A 12
2 0 286 000001E4 12
2 0 287 00000016 12
2 0 288 00000014 12
2 0 289 0000024C 12
2 0 290 FFFFFDB2 12
2 0 291 00000052 12
2 0 292 00000050 12
2 0 293 FFFFFEEC 12
2 0 294 00000112 12
2 0 295 000002E8 12
2 0 296 000002E6 12
2 0 297 FFFFFEB6 12
2 0 298 00000144 12
2 0 299 0000008A 12
2 0 300 00000088 12
2 0 301 FFFFFDD2 12
2 0 302 0000022C 12
2 0 303 00000140 12
2 0 304 0000013C 12
2 0 305 00000136 12
2 0 306 FFFFFEC8 12
2 0 307 00000036 12
2 0 308 00000032 12
2 0 309 000000C0 12
2 0 310 FFFFFF40 12
2 0 311 00000086 12
2 0 312 00000084 12
2 0 313 FFFFFF20 12
2 0 314 000000DE 12
2 0 315 FFFFFF76 12
2 0 316 FFFFFF74 12
2 0 317 000002C4 12
2 0 318 FFFFFD3A 12
2 0 319 FFFFFD90 12
2 0 320 FFFFFD8C 12
2 0 321 FFFFFED8 12
2 0 322 00000128 12
2 0 323 000000D6 12
2 0 324 000000D4 12
2 0 325 000000F6 12
2 0 326 FFFFFF08 12
2 0 327 000002C6 12
2 0 328 000002C4 12
2 0 329 0000013A 12
2 0 330 FFFFFEC4 12
2 0 331 00000024 12
2 0 332 00000022 12
2 0 333 FFFFFFCC 12
2 0 334 00000032 12
2 0 335 000001C0 12
2 0 336 000001C0 12
2 0 337 FFFFFE18 12
2 0 338 000001E8 12
2 0 339 FFFFFD48 12
2 0 340 FFFFFD46 12
2 0 341 FFFFFE3C 12
2 0 342 000001C0 12
2 0 343 00000020 12
2 0 344 0000001E 12
2 0 345 00000004 12
2 0 346 FFFFFFFC 12
2 0 347 FFFFFFA6 12
2 0 348 FFFFFFA2 12
2 0 349 0000012E 12
2 0 350 FFFFFED0 12
2 0 351 00000272 12
2 0 352 00000270 12
2 0 353 FFFFFECE 12
2 0 354 00000130 12
2 0 355 00000170 12
2 0 356 0000016E 12
2 0 357 000001BE 12
2 0 358 FFFFFE42 12
2 0 359 FFFFFEAA 12
2 0 360 FFFFFEA8 12
2 0 361 FFFFFF8C 12
2 0 362 00000074 12
2 0 363 00000288 12
2 0 364 00000284 12
2 0 365 0000029C 12
2 0 366 FFFFFD60 12
2 0 367 FFFFFF92 12
2 0 368 FFFFFF8E 12
2 0 369 FFFFFDE6 12
2 0 370 0000021A 12
2 0 371 FFFFFDAA 12
2 0 372 FFFFFDA6 12
2 0 373 0000021E 12
2 0 374 FFFFFDDE 12
2 0 375 FFFFFF3A 12
2 0 376 FFFFFF38 12
2 0 377 FFFFFF68 12
2 0 378 00000098 12
2 0 379 00000216 12
2 0 380 00000214 12
2 0 381 FFFFFEBE 12
2 0 382 00000140 12
2 0 383 FFFFFF24 12
2 0 384 FFFFFF22 12
2 0 385 00000074 12
2 0 386 FFFFFF8A 12
2 0 387 FFFFFEDE 12
2 0 388 FFFFFEDC 12
2 0 389 FFFFFFC6 12
2 0 390 00000036 12
2 0 391 FFFFFF8A 12
2 0 392 FFFFFF86 12
2 0 393 0000005A 12
2 0 394 FFFFFFA4 12
2 0 395 FFFFFC84 12
2 0 396 FFFFFC80 12
2 0 397 FFFFFE46 12
2 0 398 000001B8 12
2 0 399 0000026A 12
2 0 400 00000266 12
2 0 401 FFFFFCCC 12
2 0 402 00000334 12
2 0 403 FFFFFE6A 12
2 0 404 FFFFFE66 12
2 0 405 FFFFFDFA 12
2 0 406 00000204 12
2 0 407 FFFFFF46 12
2 0 408 FFFFFF44 12
2 0 409 0000039A 12
2 0 410 FFFFFC64 12
2 0 411 FFFFFDC0 12
2 0 412 FFFFFDC0 12
2 0 413 FFFFFFDA 12
2 0 414 00000024 12
2 0 415 000001FE 12
2 0 416 000001FC 12
2 0 417 FFFFFFA0 12
2 0 418 00000060 12
2 0 419 FFFFFE6E 12
2 0 420 FFFFFE6A 12
2 0 421 000001B4 12
2 0 422 FFFFFE4C 12
2 0 423 FFFFFDA8 12
2 0 424 FFFFFDA6 12
2 0 425 FFFFFFEE 12
2 0 426 00000010 12
2 0 427 00000152 12
2 0 428 0000014E 12
2 0 429 FFFFFF2C 12
2 0 430 000000D6 12
2 0 431 FFFFFF8C 12
2 0 432 FFFFFF88 12
2 0 433 00000304 12
2 0 434 FFFFFCFC 12
2 0 435 FFFFFD6E 12
2 0 436 FFFFFD6C 12
2 0 437 000002BC 12
2 0 438 FFFFFD44 12
2 0 439 0000006A 12
2 0 440 00000068 12
2 0 441 FFFFFFA0 12
2 0 442 00000060 12
2 0 443 00000134 12
2 0 444 00000130 12
2 0 445 0000004C 12
2 0 446 FFFFFFB2 12
2 0 447 FFFFFE92 12
2 0 448 FFFFFE90 12
2 0 449 000001DC 12
2 0 450 FFFFFE24 12
2 0 451 00000158 12
2 0 452 00000156 12
2 0 453 000000B0 12
2 0 454 FFFFFF4E 12
2 0 455 FFFFFD76 12
2 0 456 FFFFFD74 12
2 0 457 0000021E 12
2 0 458 FFFFFDE4 12
2 0 459 000001D2 12
2 0 460 000001CE 12
2 0 461 FFFFFF5E 12
2 0 462 000000A2 12
2 0 463 00000144 12
2 0 464 00000142 12
2 0 465 FFFFFC0E 12
2 0 466 000003F2 12
2 0 467 FFFFFF84 12
2 0 468 FFFFFF80 12
2 0 469 FFFFFCFA 12
2 0 470 00000306 12
2 0 471 00000186 12
2 0 472 00000182 12
2 0 473 00000018 12
2 0 474 FFFFFFEA 12
2 0 475 00000188 12
2 0 476 00000186 12
2 0 477 FFFFFE64 12
2 0 478 0000019E 12
2 0 479 FFFFFFB8 12
2 0 480 FFFFFFB6 12
2 0 481 00000306 12
2 0 482 FFFFFCF8 12
2 0 483 FFFFFF92 12
2 0 484 FFFFFF8E 12
2 0 485 0000011C 12
2 0 486 FFFFFEE0 12
2 0 487 FFFFFE8A 12
2 0 488 FFFFFE86 12
2 0 489 000000C2 12
2 0 490 FFFFFF3C 12
2 0 491 FFFFFCCC 12
2 0 492 FFFFFCCA 12
2 0 493 FFFFFB54 12
2 0 494 000004AE 12
2 0 495 FFFFFEC2 12
2 0 496 FFFFFEBE 12
2 0 497 00000004 12
2 0 498 FFFFFFFC 12
2 0 499 0000007E 12
2 0 500 0000007A 12
2 0 501 FFFFFF26 12
2 0 502 000000DA 12
2 0 503 FFFFFD12 12
2 0 504 FFFFFD0E 12
2 0 505 00000112 12
2 0 506 FFFFFEEE 12
2 0 507 000001CC 12
2 0 508 000001CA 12
2 0 509 00000004 12
2 0 510 FFFFFFFE 12
2 0 511 FFFFFF96 12
2 0 512 FFFFFF96 12
2 0 513 FFFFFF52 12
2 0 514 000000AC 12
2 0 515 FFFFFE16 12
2 0 516 FFFFFE16 12
2 0 517 FFFFFEBA 12
2 0 518 00000142 12
2 0 519 FFFFFF58 12
2 0 520 FFFFFF58 12
2 0 521 FFFFFF30 12
2 0 522 000000D0 12
2 0 523 FFFFFE3C 12
2 0 524 FFFFFE3C 12
2 0 525 000002E8 12
2 0 526 FFFFFD14 12
2 0 527 00000016 12
2 0 528 00000014 12
2 0 529 00000182 12
2 0 530 FFFFFE7E 12
2 0 531 FFFFFDDE 12
2 0 532 FFFFFDDC 12
2 0 533 FFFFFE1A 12
2 0 534 000001E0 12
2 0 535 000002A4 12
2 0 536 000002A4 12
2 0 537 FFFFFFCA 12
2 0 538 00000030 12
2 0 539 0000022E 12
2 0 540 0000022E 12
2 0 541 0000031E 12
2 0 542 FFFFFCDE 12
2 0 543 FFFFFF56 12
2 0 544 FFFFFF56 12
2 0 545 0000027E 12
2 0 546 FFFFFD80 12
2 0 547 000001FE 12
2 0 548 000001FC 12
2 0 549 000001E2 12
2 0 550 FFFFFE1A 12
2 0 551 FFFFFD1E 12
2 0 552 FFFFFD1C 12
2 0 553 FFFFFE7C 12
2 0 554 00000182 12
2 0 555 0000007A 12
2 0 556 0000007C 12
2 0 557 000001EE 12
2 0 558 FFFFFE0E 12
2 0 559 000000A0 12
2 0 560 0000009E 12
2 0 561 000004B0 12
2 0 562 FFFFFB4C 12
2 0 563 FFFFFE00 12
2 0 564 FFFFFDFE 12
2 0 565 00000026 12
2 0 566 FFFFFFD8 12
2 0 567 000001DA 12
2 0 568 000001D8 12
2 0 569 000000A0 12
2 0 570 FFFFFF5C 12
2 0 571 FFFFFCFA 12
2 0 572 FFFFFCF8 12
2 0 573 00000068 12
2 0 574 FFFFFF94 12
2 0 575 000001EA 12
2 0 576 000001EA 12
2 0 577 FFFFFE7A 12
2 0 578 00000184 12
2 0 579 0000008C 12
2 0 580 0000008A 12
2 0 581 FFFFFF88 12
2 0 582 00000074 12
2 0 583 FFFFFE7A 12
2 0 584 FFFFFE7A 12
2 0 585 000000BA 12
2 0 586 FFFFFF40 12
2 0 587 FFFFFFFE 12
2 0 588 00000000 12
2 0 589 0000017A 12
2 0 590 FFFFFE84 12
2 0 591 FFFFFF5C 12
2 0 592 FFFFFF5C 12
2 0 593 00000072 12
2 0 594 FFFFFF8A 12
2 0 595 FFFFFF5A 12
2 0 596 FFFFFF56 12
2 0 597 000000F8 12
2 0 598 FFFFFF08 12
2 0 599 FFFFFC66 12
2 0 600 FFFFFC64 12
2 0 601 FFFFFEB0 12
2 0 602 0000014E 12
2 0 603 000002A6 12
2 0 604 000002A2 12
2 0 605 0000025C 12
2 0 606 FFFFFDA0 12
2 0 607 00000084 12
2 0 608 00000084 12
2 0 609 00000260 12
2 0 610 FFFFFD9C 12
2 0 611 FFFFFDFE 12
2 0 612 FFFFFDFE 12
2 0 613 00000018 12
2 0 614 FFFFFFE6 12
2 0 615 000000A2 12
2 0 616 000000A0 12
2 0 617 FFFFFEB2 12
2 0 618 0000014C 12
2 0 619 FFFFFF50 12
2 0 620 FFFFFF4E 12
2 0 621 FFFFFFCE 12
2 0 622 00000030 12
2 0 623 FFFFFF2E 12
2 0 624 FFFFFF2C 12
2 0 625 000000B8 12
2 0 626 FFFFFF48 12
2 0 627 0000013A 12
2 0 628 00000136 12
2 0 629 00000218 12
2 0 630 FFFFFDE4 12
2 0 631 00000530 12
2 0 632 0000052E 12
2 0 633 FFFFFC28 12
2 0 634 000003D4 12
2 0 635 00000210 12
2 0 636 00000212 12
2 0 637 000000D0 12
2 0 638 FFFFFF2C 12
2 0 639 FFFFFD88 12
2 0 640 FFFFFD86 12
2 0 641 FFFFFD42 12
2 0 642 000002BA 12
2 0 643 00000170 12
2 0 644 00000170 12
2 0 645 FFFFFE4A 12
2 0 646 000001B2 12
2 0 647 FFFFFEC0 12
2 0 648 FFFFFEBE 12
2 0 649 0000008A 12
2 0 650 FFFFFF72 12
2 0 651 00000042 12
2 0 652 00000040 12
2 0 653 FFFFFEBA 12
2 0 654 00000144 12
2 0 655 FFFFFF1C 12
2 0 656 FFFFFF1A 12
2 0 657 00000180 12
2 0 658 FFFFFE7E 12
2 0 659 0000033E 12
2 0 660 0000033E 12
2 0 661 FFFFFFB2 12
2 0 662 0000004C 12
2 0 663 FFFFFE36 12
2 0 664 FFFFFE34 12
2 0 665 FFFFFF34 12
2 0 666 000000C8 12
2 0 667 FFFFFEB6 12
2 0 668 FFFFFEB6 12
2 0 669 FFFFFFF6 12
2 0 670 00000008 12
2 0 671 000000CC 12
2 0 672 000000CC 12
2 0 673 0000012E 12
2 0 674 FFFFFED2 12
2 0 675 FFFFFF1C 12
2 0 676 FFFFFF1A 12
2 0 677 FFFFFEE4 12
2 0 678 0000011A 12
2 0 679 FFFFFF78 12
2 0 680 FFFFFF76 12
2 0 681 FFFFFCE4 12
2 0 682 0000031C 12
2 0 683 FFFFFEC4 12
2 0 684 FFFFFEC2 12
2 0 685 FFFFFDC6 12
2 0 686 00000236 12
2 0 687 000000FC 12
2 0 688 000000FE 12
2 0 689 FFFFFFDA 12
2 0 690 00000026 12
2 0 691 00000038 12
2 0 692 00000036 12
2 0 693 FFFFFFA0 12
2 0 694 00000060 12
2 0 695 000000FA 12
2 0 696 000000FA 12
2 0 697 FFFFFD74 12
2 0 698 0000028A 12
2 0 699 0000005E 12
2 0 700 0000005C 12
2 0 701 00000134 12
2 0 702 FFFFFEC8 12
2 0 703 00000224 12
2 0 704 00000224 12
2 0 705 0000002A 12
2 0 706 FFFFFFD4 12
2 0 707 0000014C 12
2 0 708 0000014A 12
2 0 709 000000E2 12
2 0 710 FFFFFF1C 12
2 0 711 FFFFFFF6 12
2 0 712 FFFFFFF2 12
2 0 713 FFFFFCBA 12
2 0 714 00000342 12
2 0 715 0000014E 12
2 0 716 0000014C 12
2 0 717 0000013A 12
2 0 718 FFFFFEC4 12
2 0 719 FFFFFF9C 12
2 0 720 FFFFFF9C 12
2 0 721 FFFFFFFE 12
2 0 722 00000000 12
2 0 723 0000001A 12
2 0 724 00000016 12
2 0 725 00000228 12
2 0 726 FFFFFDD4 12
2 0 727 FFFFFECC 12
2 0 728 FFFFFECA 12
2 0 729 FFFFFEDC 12
2 0 730 00000120 12
2 0 731 00000200 12
2 0 732 000001FE 12
2 0 733 000000B6 12
2 0 734 FFFFFF48 12
2 0 735 FFFFFFE2 12
2 0 736 FFFFFFE0 12
2 0 737 00000194 12
2 0 738 FFFFFE6A 12
2 0 739 000000D4 12
2 0 740 000000D2 12
2 0 741 FFFFFF38 12
2 0 742 000000C6 12
2 0 743 00000104 12
2 0 744 00000104 12
2 0 745 FFFFFE82 12
2 0 746 00000180 12
2 0 747 FFFFFF44 12
2 0 748 FFFFFF42 12
2 0 749 00000164 12
2 0 750 FFFFFE9A 12
2 0 751 000000E4 12
2 0 752 000000E0 12
2 0 753 00000164 12
2 0 754 FFFFFE9A 12
2 0 755 00000424 12
2 0 756 00000422 12
2 0 757 FFFFFE90 12
2 0 758 0000016E 12
2 0 759 FFFFFE3E 12
2 0 760 FFFFFE3E 12
2 0 761 FFFFFE64 12
2 0 762 0000019A 12
2 0 763 FFFFFFEE 12
2 0 764 FFFFFFEC 12
2 0 765 00000052 12
2 0 766 FFFFFFAC 12
2 0 767 FFFFFFD6 12
2 0 768 FFFFFFD4 12
2 0 769 FFFFFC28 12
2 0 770 000003D4 12
2 0 771 FFFFFEC4 12
2 0 772 FFFFFEC0 12
2 0 773 0000013E 12
2 0 774 FFFFFEBE 12
2 0 775 FFFFFE44 12
2 0 776 FFFFFE40 12
2 0 777 FFFFFDF6 12
2 0 778 00000208 12
2 0 779 000001B6 12
2 0 780 000001B4 12
2 0 781 00000034 12
2 0 782 FFFFFFC8 12
2 0 783 FFFFFCBC 12
2 0 784 FFFFFCB8 12
2 0 785 00000060 12
2 0 786 FFFFFF9E 12
2 0 787 FFFFFE80 12
2 0 788 FFFFFE7E 12
2 0 789 0000015E 12
2 0 790 FFFFFEA0 12
2 0 791 FFFFFB4C 12
2 0 792 FFFFFB48 12
2 0 793 0000008A 12
2 0 794 FFFFFF72 12
2 0 795 FFFFFE7E 12
2 0 796 FFFFFE7C 12
2 0 797 FFFFFCEC 12
2 0 798 00000310 12
2 0 799 FFFFFF5E 12
2 0 800 FFFFFF5E 12
2 0 801 FFFFFF54 12
2 0 802 000000A8 12
2 0 803 0000018A 12
2 0 804 0000018A 12
2 0 805 00000254 12
2 0 806 FFFFFDA6 12
2 0 807 0000028A 12
2 0 808 00000288 12
2 0 809 0000007C 12
2 0 810 FFFFFF80 12
2 0 811 FFFFFF96 12
2 0 812 FFFFFF94 12
2 0 813 000000A2 12
2 0 814 FFFFFF5A 12
2 0 815 00000454 12
2 0 816 00000452 12
2 0 817 FFFFFDA0 12
2 0 818 0000025C 12
2 0 819 00000130 12
2 0 820 0000012C 12
2 0 821 00000452 12
2 0 822 FFFFFBAC 12
2 0 823 0000011E 12
2 0 824 0000011C 12
2 0 825 FFFFFE0A 12
2 0 826 000001F2 12
2 0 827 0000006A 12
2 0 828 00000068 12
2 0 829 FFFFFFF6 12
2 0 830 00000006 12
2 0 831 0000003E 12
2 0 832 0000003C 12
2 0 833 FFFFFFE2 12
2 0 834 0000001A 12
2 0 835 000000D2 12
2 0 836 000000D0 12
2 0 837 FFFFFE2C 12
2 0 838 000001D0 12
2 0 839 FFFFFF0A 12
2 0 840 FFFFFF0A 12
2 0 841 0000019C 12
2 0 842 FFFFFE62 12
2 0 843 FFFFFEE4 12
2 0 844 FFFFFEE2 12
2 0 845 00000010 12
2 0 846 FFFFFFEC 12
2 0 847 000001AC 12
2 0 848 000001A8 12
2 0 849 0000008E 12
2 0 850 FFFFFF6C 12
2 0 851 FFFFFE42 12
2 0 852 FFFFFE3E 12
2 0 853 00000224 12
2 0 854 FFFFFDD8 12
2 0 855 0000027C 12
2 0 856 00000278 12
2 0 857 FFFFFDD4 12
2 0 858 0000022A 12
2 0 859 00000038 12
2 0 860 00000038 12
2 0 861 0000004E 12
2 0 862 FFFFFFAE 12
2 0 863 FFFFFF58 12
2 0 864 FFFFFF54 12
2 0 865 FFFFFFCE 12
2 0 866 0000002C 12
2 0 867 0000022E 12
2 0 868 0000022A 12
2 0 869 00000280 12
2 0 870 FFFFFD7A 12
2 0 871 FFFFFDA6 12
2 0 872 FFFFFDA2 12
2 0 873 FFFFFE66 12
2 0 874 00000194 12
2 0 875 FFFFFF92 12
2 0 876 FFFFFF90 12
2 0 877 FFFFFE00 12
2 0 878 000001FE 12
2 0 879 FFFFFE56 12
2 0 880 FFFFFE54 12
2 0 881 FFFFFD1A 12
2 0 882 000002E2 12
2 0 883 0000008A 12
2 0 884 00000086 12
2 0 885 00000198 12
2 0 886 FFFFFE64 12
2 0 887 0000020A 12
2 0 888 00000208 12
2 0 889 000001CC 12
2 0 890 FFFFFE32 12
2 0 891 FFFFFE22 12
2 0 892 FFFFFE20 12
2 0 893 FFFFFEFE 12
2 0 894 00000100 12
2 0 895 FFFFFF06 12
2 0 896 FFFFFF02 12
2 0 897 0000003C 12
2 0 898 FFFFFFBE 12
2 0 899 FFFFFE86 12
2 0 900 FFFFFE82 12
2 0 901 FFFFFE80 12
2 0 902 0000017C 12
2 0 903 00000130 12
2 0 904 0000012C 12
2 0 905 00000156 12
2 0 906 FFFFFEA4 12
2 0 907 FFFFFEA4 12
2 0 908 FFFFFEA0 12
2 0 909 00000072 12
2 0 910 FFFFFF8A 12
2 0 911 000000B4 12
2 0 912 000000B0 12
2 0 913 0000025C 12
2 0 914 FFFFFD9E 12
2 0 915 00000016 12
2 0 916 00000012 12
2 0 917 FFFFFE58 12
2 0 918 000001A2 12
2 0 919 0000018C 12
2 0 920 0000018A 12
2 0 921 0000007E 12
2 0 922 FFFFFF7E 12
2 0 923 0000000A 12
2 0 924 00000006 12
2 0 925 FFFFFFF4 12
2 0 926 00000008 12
2 0 927 0000012C 12
2 0 928 0000012A 12
2 0 929 FFFFFF06 12
2 0 930 000000F4 12
2 0 931 00000030 12
2 0 932 00000030 12
2 0 933 FFFFFE86 12
2 0 934 00000176 12
2 0 935 00000134 12
2 0 936 00000130 12
2 0 937 FFFFFD9C 12
2 0 938 00000262 12
2 0 939 000002F4 12
2 0 940 000002F0 12
2 0 941 00000092 12
2 0 942 FFFFFF6C 12
2 0 943 000001D4 12
2 0 944 000001D2 12
2 0 945 FFFFFFCE 12
2 0 946 0000002E 12
2 0 947 000002A2 12
2 0 948 0000029E 12
2 0 949 FFFFFD22 12
2 0 950 000002D8 12
2 0 951 0000019E 12
2 0 952 00000198 12
2 0 953 FFFFFCD6 12
2 0 954 00000324 12
2 0 955 00000042 12
2 0 956 0000003E 12
2 0 957 FFFFFF92 12
2 0 958 00000068 12
2 0 959 FFFFFDA6 12
2 0 960 FFFFFDA2 12
2 0 961 00000250 12
2 0 962 FFFFFDA8 12
2 0 963 00000250 12
2 0 964 0000024C 12
2 0 965 00000060 12
2 0 966 FFFFFF9A 12
2 0 967 00000062 12
2 0 968 0000005C 12
2 0 969 0000009E 12
2 0 970 FFFFFF5A 12
2 0 971 00000494 12
2 0 972 0000048E 12
2 0 973 FFFFFD46 12
2 0 974 000002B2 12
2 0 975 FFFFFFC2 12
2 0 976 FFFFFFBE 12
2 0 977 000001A2 12
2 0 978 FFFFFE5A 12
2 0 979 FFFFFD62 12
2 0 980 FFFFFD5E 12
2 0 981 FFFFFF3A 12
2 0 982 000000C0 12
2 0 983 000002D8 12
2 0 984 000002D4 12
2 0 985 FFFFFF0E 12
2 0 986 000000EC 12
2 0 987 FFFFFE62 12
2 0 988 FFFFFE5C 12
2 0 989 FFFFFDC0 12
2 0 990 0000023C 12
2 0 991 FFFFFEAC 12
2 0 992 FFFFFEA4 12
2 0 993 0000007C 12
2 0 994 FFFFFF7C 12
2 0 995 00000188 12
2 0 996 00000182 12
2 0 997 000001DA 12
2 0 998 FFFFFE1E 12
2 0 999 FFFFFFF2 12
2 0 1000 FFFFFFEA 12
2 0 1001 FFFFFE4A 12
2 0 1002 000001B0 12
2 0 1003 00000216 12
2 0 1004 00000210 12
2 0 1005 FFFFFF5A 12
2 0 1006 0000009E 12
2 0 1007 00000068 12
2 0 1008 00000062 12
2 0 1009 FFFFFE18 12
2 0 1010 000001DE 12
2 0 1011 FFFFFD82 12
2 0 1012 FFFFFD7C 12
2 0 1013 FFFFFF3E 12
2 0 1014 000000BC 12
2 0 1015 FFFFFF6A 12
2 0 1016 FFFFFF62 12
2 0 1017 0000013E 12
2 0 1018 FFFFFEBA 12
2 0 1019 000000F8 12
2 0 1020 000000EC 12
2 0 1021 FFFFFF52 12
2 0 1022 000000A4 12
2 0 1023 00000002 12
2 1 0 2AC096E3 12
2 1 1 FF7E2AAE 12
2 1 2 015E403A 12
2 1 3 017F846C 12
2 1 4 006FCB12 12
2 1 5 FFB7F1D6 12
2 1 6 FFD8311E 12
2 1 7 00242000 12
2 1 8 0016AAD8 12
2 1 9 FFEA3D2E 12
2 1 10 FFF10B72 12
2 1 11 000E789C 12
2 1 12 000AA2F0 12
2 1 13 FFF5AEF0 12
2 1 14 FFF80508 12
2 1 15 0007B3F8 12
2 1 16 00062F4A 12
2 1 17 FFFA046E 12
2 1 18 FFFB0C24 12
2 1 19 0004C7CE 12
2 1 20 00040DAC 12
2 1 21 FFFC181C 12
2 1 22 FFFC9F9C 12
2 1 23 00033D8C 12
2 1 24 0002DB12 12
2 1 25 FFFD4090 12
2 1 26 FFFD8A32 12
2 1 27 00025624 12
2 1 28 00022060 12
2 1 29 FFFDFA6E 12
2 1 30 FFFE225A 12
2 1 31 0001C30C 12
2 1 32 0001A3B0 12
2 1 33 FFFE703C 12
2 1 34 FFFE896E 12
2 1 35 000160BE 12
2 1 36 00014F20 12
2 1 37 FFFEC512 12
2 1 38 FFFED092 12
2 1 39 00011A44 12
2 1 40 00010FA2 12
2 1 41 FFFF0146 12
2 1 42 FFFF044E 12
2 1 43 0000E820 12
2 1 44 0000E406 12
2 1 45 FFFF2EB4 12
2 1 46 FFFF2F74 12
2 1 47 0000C16E 12
2 1 48 0000C068 12
2 1 49 FFFF49BC 12
2 1 50 FFFF51AE 12
2 1 51 0000A0B6 12
2 1 52 0000A21C 12
2 1 53 FFFF6750 12
2 1 54 FFFF68E2 12
2 1 55 000089B4 12
2 1 56 00008AF8 12
2 1 57 FFFF7C5C 12
2 1 58 FFFF7C30 12
2 1 59 00007940 12
2 1 60 00007C46 12
2 1 61 FFFF8DF8 12
2 1 62 FFFF8D04 12
2 1 63 000068AC 12
2 1 64 00006C44 12
2 1 65 FFFF9ADA 12
2 1 66 FFFF9BCA 12
2 1 67 00005CC2 12
2 1 68 00005EAA 12
2 1 69 FFFFA7C8 12
2 1 70 FFFFA18C 12
2 1 71 00005500 12
2 1 72 0000597C 12
2 1 73 FFFFB0EE 12
2 1 74 FFFFB038 12
2 1 75 00004902 12
2 1 76 00004BF4 12
2 1 77 FFFFB846 12
2 1 78 FFFFB5EA 12
2 1 79 0000420E 12
2 1 80 000045A4 12
2 1 81 FFFFBE9E 12
2 1 82 FFFFB934 12
2 1 83 00003C78 12
2 1 84 0000419A 12
2 1 85 FFFFC33C 12
2 1 86 FFFFC4EA 12
2 1 87 00003436 12
2 1 88 000038A4 12
2 1 89 FFFFCDD0 12
2 1 90 FFFFC5CE 12
2 1 91 0000334E 12
2 1 92 0000376E 12
2 1 93 FFFFCCE6 12
2 1 94 FFFFCBB2 12
2 1 95 00002AD6 12
2 1 96 000030A2 12
2 1 97 FFFFD3CA 12
2 1 98 FFFFD1AC 12
2 1 99 00002950 12
2 1 100 00002DB6 12
2 1 101 FFFFD6AE 12
2 1 102 FFFFD48E 12
2 1 103 000025A0 12
2 1 104 00002A7A 12
2 1 105 FFFFDC18 12
2 1 106 FFFFD8DA 12
2 1 107 00002308 12
2 1 108 00002652 12
2 1 109 FFFFDB7A 12
2 1 110 FFFFD9F4 12
2 1 111 00001F00 12
2 1 112 000023A8 12
2 1 113 FFFFE00C 12
2 1 114 FFFFDE68 12
2 1 115 00001FDC 12
2 1 116 000023FE 12
2 1 117 FFFFE34E 12
2 1 118 FFFFE174 12
2 1 119 00001B74 12
2 1 120 00001EA6 12
2 1 121 FFFFE6DC 12
2 1 122 FFFFDE64 12
2 1 123 000019C8 12
2 1 124 00001D6A 12
2 1 125 FFFFE3A6 12
2 1 126 FFFFE31E 12
2 1 127 000016F2 12
2 1 128 00001BB8 12
2 1 129 FFFFE7C4 12
2 1 130 FFFFE416 12
2 1 131 000017F2 12
2 1 132 00001C16 12
2 1 133 FFFFEC52 12
2 1 134 FFFFE43E 12
2 1 135 000014C4 12
2 1 136 00001904 12
2 1 137 FFFFEBB4 12
2 1 138 FFFFE8D6 12
2 1 139 0000130C 12
2 1 140 00001698 12
2 1 141 FFFFEBFE 12
2 1 142 FFFFE8D6 12
2 1 143 000011CE 12
2 1 144 00001518 12
2 1 145 FFFFEB30 12
2 1 146 FFFFEAA6 12
2 1 147 0000111E 12
2 1 148 00001578 12
2 1 149 FFFFF144 12
2 1 150 FFFFEA60 12
2 1 151 00001224 12
2 1 152 00001496 12
2 1 153 FFFFF086 12
2 1 154 FFFFE988 12
2 1 155 00000F56 12
2 1 156 00001302 12
2 1 157 FFFFF0FE 12
2 1 158 FFFFEDEA 12
2 1 159 0000130A 12
2 1 160 00001702 12
2 1 161 FFFFF1FA 12
2 1 162 FFFFF026 12
2 1 163 00000E72 12
2 1 164 00001112 12
2 1 165 FFFFF0B0 12
2 1 166 FFFFEFB6 12
2 1 167 00000D0C 12
2 1 168 0000101C 12
2 1 169 FFFFF318 12
2 1 170 FFFFF11A 12
2 1 171 00000C4C 12
2 1 172 00000E9A 12
2 1 173 FFFFF710 12
2 1 174 FFFFEE4E 12
2 1 175 00000BCE 12
2 1 176 00000D54 12
2 1 177 FFFFF56E 12
2 1 178 FFFFEEE6 12
2 1 179 00000C6E 12
2 1 180 00000DFC 12
2 1 181 FFFFF282 12
2 1 182 FFFFF080 12
2 1 183 000009C0 12
2 1 184 00000CC8 12
2 1 185 FFFFF59A 12
2 1 186 FFFFF19A 12
2 1 187 00000A64 12
2 1 188 00000C62 12
2 1 189 FFFFF3CC 12
2 1 190 FFFFF2FA 12
2 1 191 00000B1A 12
2 1 192 00000ED0 12
2 1 193 FFFFF570 12
2 1 194 FFFFF36C 12
2 1 195 00000792 12
2 1 196 00000A52 12
2 1 197 FFFFF536 12
2 1 198 FFFFF446 12
2 1 199 000008AA 12
2 1 200 00000B30 12
2 1 201 FFFFF6C4 12
2 1 202 FFFFF422 12
2 1 203 00000926 12
2 1 204 00000BF6 12
2 1 205 FFFFF818 12
2 1 206 FFFFF56E 12
2 1 207 00000798 12
2 1 208 0000085E 12
2 1 209 FFFFF8D0 12
2 1 210 FFFFF1EC 12
2 1 211 00000796 12
2 1 212 0000096C 12
2 1 213 FFFFF6BE 12
2 1 214 FFFFF424 12
2 1 215 000008D0 12
2 1 216 00000C5A 12
2 1 217 FFFFF806 12
2 1 218 FFFFF7F8 12
2 1 219 000006BC 12
2 1 220 0000072C 12
2 1 221 FFFFF3AC 12
2 1 222 FFFFF6BE 12
2 1 223 0000090E 12
2 1 224 00000B04 12
2 1 225 FFFFFABC 12
2 1 226 FFFFF356 12
2 1 227 000007D4 12
2 1 228 00000A20 12
2 1 229 FFFFF79E 12
2 1 230 FFFFF7D0 12
2 1 231 00000634 12
2 1 232 00000876 12
2 1 233 FFFFF8FA 12
2 1 234 FFFFF5FA 12
2 1 235 00000778 12
2 1 236 00000B70 12
2 1 237 FFFFF954 12
2 1 238 FFFFF9C2 12
2 1 239 0000051A 12
2 1 240 000006EA 12
2 1 241 FFFFF97E 12
2 1 242 FFFFF6E4 12
2 1 243 000005E4 12
2 1 244 00000688 12
2 1 245 FFFFF97A 12
2 1 246 FFFFF4E8 12
2 1 247 000004D2 12
2 1 248 0000077E 12
2 1 249 FFFFFBB6 12
2 1 250 FFFFF86A 12
2 1 251 00000740 12
2 1 252 0000080A 12
2 1 253 FFFFFBD8 12
2 1 254 FFFFF68C 12
2 1 255 000004A6 12
2 1 256 00000618 12
2 1 257 FFFFFB14 12
2 1 258 FFFFF812 12
2 1 259 000004EA 12
2 1 260 000006AA 12
2 1 261 FFFFF84C 12
2 1 262 FFFFFA2C 12
2 1 263 00000418 12
2 1 264 000006B0 12
2 1 265 FFFFFAA0 12
2 1 266 FFFFFA1E 12
2 1 267 000003A4 12
2 1 268 000005D8 12
2 1 269 FFFFF774 12
2 1 270 FFFFFC84 12
2 1 271 00000306 12
2 1 272 00000430 12
2 1 273 FFFFF854 12
2 1 274 FFFFF9E4 12
2 1 275 000003DC 12
2 1 276 00000628 12
2 1 277 FFFFF9FC 12
2 1 278 FFFFFC0C 12
2 1 279 0000042A 12
2 1 280 000005A2 12
2 1 281 FFFFFAC6 12
2 1 282 FFFFFA80 12
2 1 283 0000038A 12
2 1 284 000004CA 12
2 1 285 FFFFFC56 12
2 1 286 FFFFF7C4 12
2 1 287 0000043C 12
2 1 288 000005F4 12
2 1 289 FFFFFA1E 12
2 1 290 FFFFFD4A 12
2 1 291 00000450 12
2 1 292 0000050C 12
2 1 293 FFFFFC14 12
2 1 294 FFFFF926 12
2 1 295 00000248 12
2 1 296 00000468 12
2 1 297 FFFFFED8 12
2 1 298 FFFFFA7A 12
2 1 299 00000432 12
2 1 300 0000048C 12
2 1 301 FFFFFD46 12
2 1 302 FFFFF834 12
2 1 303 00000392 12
2 1 304 0000055A 12
2 1 305 FFFFFB22 12
2 1 306 FFFFFA9A 12
2 1 307 00000240 12
2 1 308 000004A4 12
2 1 309 FFFFFB4A 12
2 1 310 FFFFFAEA 12
2 1 311 000002C6 12
2 1 312 000004E6 12
2 1 313 FFFFFE12 12
2 1 314 FFFFFAC2 12
2 1 315 00000424 12
2 1 316 00000556 12
2 1 317 FFFFF958 12
2 1 318 FFFFFCDE 12
2 1 319 000004EA 12
2 1 320 00000678 12
2 1 321 FFFFFD9E 12
2 1 322 FFFFFA88 12
2 1 323 0000028A 12
2 1 324 0000031A 12
2 1 325 FFFFFAC6 12
2 1 326 FFFFFC54 12
2 1 327 0000020E 12
2 1 328 00000392 12
2 1 329 FFFFFB72 12
2 1 330 FFFFFB0E 12
2 1 331 000001F8 12
2 1 332 00000424 12
2 1 333 FFFFFCB8 12
2 1 334 FFFFFAA0 12
2 1 335 000001A2 12
2 1 336 00000494 12
2 1 337 0000007A 12
2 1 338 FFFFF94E 12
2 1 339 000003E8 12
2 1 340 000005A0 12
2 1 341 FFFFFE86 12
2 1 342 FFFFFA5A 12
2 1 343 00000386 12
2 1 344 00000536 12
2 1 345 FFFFFE4A 12
2 1 346 FFFFFC0E 12
2 1 347 0000028C 12
2 1 348 00000464 12
2 1 349 FFFFFCFC 12
2 1 350 FFFFFE7A 12
2 1 351 00000166 12
2 1 352 000001AE 12
2 1 353 FFFFFE12 12
2 1 354 FFFFFB22 12
2 1 355 0000026A 12
2 1 356 000003D0 12
2 1 357 FFFFFBB2 12
2 1 358 FFFFFCA2 12
2 1 359 00000346 12
2 1 360 000005A4 12
2 1 361 FFFFFECC 12
2 1 362 FFFFFD50 12
2 1 363 000002BA 12
2 1 364 00000444 12
2 1 365 FFFFFBE6 12
2 1 366 FFFFFD36 12
2 1 367 00000162 12
2 1 368 0000042E 12
2 1 369 FFFFFF7A 12
2 1 370 FFFFF89C 12
2 1 371 00000322 12
2 1 372 000006A0 12
2 1 373 FFFFFD6C 12
2 1 374 FFFFFE78 12
2 1 375 0000016E 12
2 1 376 000003C4 12
2 1 377 FFFFFFFE 12
2 1 378 FFFFFE0E 12
2 1 379 0000017C 12
2 1 380 000002A2 12
2 1 381 00000040 12
2 1 382 FFFFFBF0 12
2 1 383 000002AE 12
2 1 384 0000043E 12
2 1 385 FFFFFED2 12
2 1 386 FFFFFE20 12
2 1 387 000002E8 12
2 1 388 000003B2 12
2 1 389 FFFFFDF2 12
2 1 390 FFFFFC96 12
2 1 391 00000258 12
2 1 392 000003B0 12
2 1 393 FFFFFEBC 12
2 1 394 FFFFFE28 12
2 1 395 000004D0 12
2 1 396 000004BE 12
2 1 397 FFFFFE1A 12
2 1 398 FFFFFAEC 12
2 1 399 FFFFFFCC 12
2 1 400 FFFFFFD4 12
2 1 401 FFFFFFF6 12
2 1 402 FFFFF928 12
2 1 403 000003A2 12
2 1 404 000004BE 12
2 1 405 FFFFFFB0 12
2 1 406 FFFFFAAE 12
2 1 407 000002C0 12
2 1 408 000003CA 12
2 1 409 FFFFFA6A 12
2 1 410 FFFFFFC4 12
2 1 411 00000306 12
2 1 412 0000042A 12
2 1 413 FFFFFDA2 12
2 1 414 FFFFFD20 12
2 1 415 000000B0 12
2 1 416 0000016A 12
2 1 417 FFFFFD9A 12
2 1 418 FFFFFAF0 12
2 1 419 00000234 12
2 1 420 000004B8 12
2 1 421 FFFFFD8A 12
2 1 422 FFFFFF72 12
2 1 423 00000484 12
2 1 424 0000058C 12
2 1 425 FFFFFE10 12
2 1 426 FFFFFC38 12
2 1 427 FFFFFFA2 12
2 1 428 0000010E 12
2 1 429 FFFFFEF6 12
2 1 430 FFFFFC2C 12
2 1 431 000001EE 12
2 1 432 00000370 12
2 1 433 FFFFFAEE 12
2 1 434 FFFFFE64 12
2 1 435 0000025A 12
2 1 436 000004C8 12
2 1 437 FFFFFBEC 12
2 1 438 FFFFFF82 12
2 1 439 00000072 12
2 1 440 000002CE 12
2 1 441 000000FE 12
2 1 442 FFFFFF2A 12
2 1 443 0000015E 12
2 1 444 00000224 12
2 1 445 FFFFFE9C 12
2 1 446 FFFFFCD2 12
2 1 447 000000AA 12
2 1 448 000001E2 12
2 1 449 FFFFFBD8 12
2 1 450 FFFFFF46 12
2 1 451 0000007A 12
2 1 452 00000236 12
2 1 453 FFFFFFD8 12
2 1 454 FFFFFF4E 12
2 1 455 000002E8 12
2 1 456 0000039C 12
2 1 457 FFFFFCE6 12
2 1 458 000001AA 12
2 1 459 000001A6 12
2 1 460 000001F0 12
2 1 461 000000A0 12
2 1 462 FFFFFEC6 12
2 1 463 00000160 12
2 1 464 000000F6 12
2 1 465 000001C4 12
2 1 466 FFFFF924 12
2 1 467 00000134 12
2 1 468 000001CC 12
2 1 469 00000126 12
2 1 470 FFFFFB4C 12
2 1 471 00000108 12
2 1 472 00000198 12
2 1 473 FFFFFECA 12
2 1 474 FFFFFD8C 12
2 1 475 FFFFFF82 12
2 1 476 00000056 12
2 1 477 00000006 12
2 1 478 FFFFFCD8 12
2 1 479 000002DA 12
2 1 480 000002F4 12
2 1 481 FFFFFA88 12
2 1 482 FFFFFEF0 12
2 1 483 0000016A 12
2 1 484 0000044E 12
2 1 485 FFFFFF62 12
2 1 486 FFFFFF5C 12
2 1 487 00000256 12
2 1 488 00000366 12
2 1 489 FFFFFDB0 12
2 1 490 FFFFFD5E 12
2 1 491 00000290 12
2 1 492 00000330 12
2 1 493 00000172 12
2 1 494 FFFFF850 12
2 1 495 000002C6 12
2 1 496 000004B8 12
2 1 497 FFFFFFFC 12
2 1 498 FFFFFDF0 12
2 1 499 000000C6 12
2 1 500 000002D8 12
2 1 501 00000202 12
2 1 502 FFFFFEF2 12
2 1 503 00000462 12
2 1 504 00000436 12
2 1 505 FFFFFD12 12
2 1 506 FFFFFEE4 12
2 1 507 00000018 12
2 1 508 0000013C 12
2 1 509 FFFFFDEC 12
2 1 510 FFFFFC40 12
2 1 511 FFFFFFF6 12
2 1 512 000001F2 12
2 1 513 FFFFFF58 12
2 1 514 FFFFFB06 12
2 1 515 0000008A 12
2 1 516 0000024A 12
2 1 517 FFFFFFA6 12
2 1 518 FFFFFC6A 12
2 1 519 0000016C 12
2 1 520 000002E6 12
2 1 521 0000008E 12
2 1 522 FFFFFD76 12
2 1 523 0000021C 12
2 1 524 00000338 12
2 1 525 FFFFFBA6 12
2 1 526 FFFFFFD0 12
2 1 527 FFFFFF66 12
2 1 528 0000009A 12
2 1 529 FFFFFCD8 12
2 1 530 FFFFFE38 12
2 1 531 000000CE 12
2 1 532 0000026A 12
2 1 533 000000FA 12
2 1 534 FFFFFE0A 12
2 1 535 000000C6 12
2 1 536 00000136 12
2 1 537 00000078 12
2 1 538 FFFFFE50 12
2 1 539 FFFFFEE2 12
2 1 540 000000AC 12
2 1 541 FFFFFD96 12
2 1 542 000001E2 12
2 1 543 00000102 12
2 1 544 00000204 12
2 1 545 FFFFFC9C 12
2 1 546 000000F2 12
2 1 547 FFFFFF32 12
2 1 548 00000028 12
2 1 549 FFFFFD26 12
2 1 550 FFFFFE9A 12
2 1 551 00000180 12
2 1 552 0000032C 12
2 1 553 0000006C 12
2 1 554 FFFFFCF4 12
2 1 555 00000006 12
2 1 556 00000122 12
2 1 557 FFFFFDDA 12
2 1 558 0000010A 12
2 1 559 000000F0 12
2 1 560 00000258 12
2 1 561 FFFFFBE4 12
2 1 562 0000030E 12
2 1 563 000001C2 12
2 1 564 000002A4 12
2 1 565 FFFFFF0C 12
2 1 566 FFFFFF78 12
2 1 567 FFFFFFFE 12
2 1 568 0000007C 12
2 1 569 FFFFFE86 12
2 1 570 FFFFFD58 12
2 1 571 000000D2 12
2 1 572 0000023A 12
2 1 573 FFFFFE58 12
2 1 574 FFFFFFF6 12
2 1 575 0000009E 12
2 1 576 00000148 12
2 1 577 00000210 12
2 1 578 FFFFFDE4 12
2 1 579 000000D2 12
2 1 580 000001B6 12
2 1 581 00000088 12
2 1 582 FFFFFE2C 12
2 1 583 0000018A 12
2 1 584 000001EA 12
2 1 585 FFFFFD4C 12
2 1 586 FFFFFDDA 12
2 1 587 FFFFFFEC 12
2 1 588 0000021A 12
2 1 589 FFFFFEB8 12
2 1 590 FFFFFF8E 12
2 1 591 FFFFFFDA 12
2 1 592 00000168 12
2 1 593 FFFFFFF6 12
2 1 594 00000042 12
2 1 595 0000015C 12
2 1 596 000001EC 12
2 1 597 FFFFFEF4 12
2 1 598 FFFFFFF6 12
2 1 599 0000038E 12
2 1 600 000003BE 12
2 1 601 00000074 12
2 1 602 FFFFFEB4 12
2 1 603 FFFFFF82 12
2 1 604 FFFFFF66 12
2 1 605 FFFFFD1C 12
2 1 606 000000CA 12
2 1 607 00000052 12
2 1 608 0000020C 12
2 1 609 FFFFFE9E 12
2 1 610 00000192 12
2 1 611 00000168 12
2 1 612 0000019A 12
2 1 613 FFFFFE90 12
2 1 614 FFFFFF7C 12
2 1 615 0000012A 12
2 1 616 0000015A 12
2 1 617 000001A8 12
2 1 618 FFFFFF18 12
2 1 619 00000292 12
2 1 620 000001C6 12
2 1 621 FFFFFDAC 12
2 1 622 FFFFFC4C 12
2 1 623 00000024 12
2 1 624 000001E0 12
2 1 625 FFFFFF5C 12
2 1 626 0000004A 12
2 1 627 FFFFFFB0 12
2 1 628 FFFFFF9C 12
2 1 629 FFFFFD0A 12
2 1 630 000001B2 12
2 1 631 FFFFFDD6 12
2 1 632 FFFFFE2A 12
2 1 633 00000338 12
2 1 634 FFFFFA0A 12
2 1 635 FFFFFE74 12
2 1 636 00000042 12
2 1 637 FFFFFE8C 12
2 1 638 FFFFFD70 12
2 1 639 00000088 12
2 1 640 0000029E 12
2 1 641 00000256 12
2 1 642 FFFFFC40 12
2 1 643 FFFFFFAC 12
2 1 644 000000FE 12
2 1 645 00000270 12
2 1 646 FFFFFD78 12
2 1 647 000001C0 12
2 1 648 0000034A 12
2 1 649 00000078 12
2 1 650 00000040 12
2 1 651 000000CC 12
2 1 652 0000023E 12
2 1 653 000002A0 12
2 1 654 FFFFFE54 12
2 1 655 00000016 12
2 1 656 000000A2 12
2 1 657 FFFFFE94 12
2 1 658 000002C0 12
2 1 659 00000024 12
2 1 660 FFFFFFA0 12
2 1 661 0000002E 12
2 1 662 FFFFFE24 12
2 1 663 000001C8 12
2 1 664 00000268 12
2 1 665 FFFFFF06 12
2 1 666 FFFFFC00 12
2 1 667 FFFFFFD4 12
2 1 668 0000016E 12
2 1 669 FFFFFED0 12
2 1 670 FFFFFDB6 12
2 1 671 FFFFFF00 12
2 1 672 000000B2 12
2 1 673 FFFFFEC4 12
2 1 674 FFFFFEA6 12
2 1 675 FFFFFF00 12
2 1 676 00000194 12
2 1 677 000002A4 12
2 1 678 FFFFFF3E 12
2 1 679 FFFFFFB4 12
2 1 680 FFFFFEFA 12
2 1 681 0000012E 12
2 1 682 FFFFFC24 12
2 1 683 00000250 12
2 1 684 00000250 12
2 1 685 00000150 12
2 1 686 FFFFFC76 12
2 1 687 FFFFFFEC 12
2 1 688 0000018C 12
2 1 689 000001B2 12
2 1 690 FFFFFF9E 12
2 1 691 FFFFFF86 12
2 1 692 FFFFFFD6 12
2 1 693 FFFFFFDE 12
2 1 694 FFFFFEEC 12
2 1 695 FFFFFF44 12
2 1 696 FFFFFF0E 12
2 1 697 0000010C 12
2 1 698 FFFFFC2A 12
2 1 699 00000040 12
2 1 700 000000F4 12
2 1 701 FFFFFECA 12
2 1 702 00000086 12
2 1 703 FFFFFF0C 12
2 1 704 0000003A 12
2 1 705 0000003E 12
2 1 706 FFFFFF22 12
2 1 707 FFFFFF38 12
2 1 708 0000010C 12
2 1 709 00000154 12
2 1 710 000001C6 12
2 1 711 000000AE 12
2 1 712 0000004C 12
2 1 713 00000202 12
2 1 714 FFFFFB7C 12
2 1 715 FFFFFF1A 12
2 1 716 00000052 12
2 1 717 00000008 12
2 1 718 000001B2 12
2 1 719 00000118 12
2 1 720 000000E4 12
2 1 721 FFFFFF18 12
2 1 722 FFFFFF22 12
2 1 723 000000E4 12
2 1 724 00000124 12
2 1 725 FFFFFCAC 12
2 1 726 FFFFFF70 12
2 1 727 00000086 12
2 1 728 0000025C 12
2 1 729 0000016C 12
2 1 730 FFFFFDD8 12
2 1 731 FFFFFD3C 12
2 1 732 FFFFFDDE 12
2 1 733 FFFFFEA6 12
2 1 734 FFFFFFB2 12
2 1 735 00000090 12
2 1 736 000001D6 12
2 1 737 FFFFFF2C 12
2 1 738 000000FC 12
2 1 739 FFFFFF12 12
2 1 740 FFFFFFF8 12
2 1 741 000000F2 12
2 1 742 FFFFFEF6 12
2 1 743 FFFFFFEC 12
2 1 744 0000009E 12
2 1 745 000001FA 12
2 1 746 FFFFFDC0 12
2 1 747 00000040 12
2 1 748 00000140 12
2 1 749 FFFFFEF8 12
2 1 750 000001A4 12
2 1 751 00000090 12
2 1 752 00000158 12
2 1 753 FFFFFFF2 12
2 1 754 000001A2 12
2 1 755 FFFFFCC2 12
2 1 756 FFFFFD4A 12
2 1 757 000001F8 12
2 1 758 FFFFFDCE 12
2 1 759 0000008E 12
2 1 760 0000009E 12
2 1 761 00000064 12
2 1 762 FFFFFE20 12
2 1 763 00000104 12
2 1 764 00000060 12
2 1 765 FFFFFEBE 12
2 1 766 FFFFFE84 12
2 1 767 00000054 12
2 1 768 000000CA 12
2 1 769 00000234 12
2 1 770 FFFFF98E 12
2 1 771 FFFFFFAE 12
2 1 772 0000019A 12
2 1 773 FFFFFE3A 12
2 1 774 FFFFFEC2 12
2 1 775 0000000C 12
2 1 776 000001D4 12
2 1 777 000002E4 12
2 1 778 FFFFFF0C 12
2 1 779 0000001E 12
2 1 780 000000BC 12
2 1 781 0000007E 12
2 1 782 FFFFFEB2 12
2 1 783 000001EC 12
2 1 784 00000394 12
2 1 785 0000007C 12
2 1 786 00000096 12
2 1 787 000001BC 12
2 1 788 00000240 12
2 1 789 FFFFFF04 12
2 1 790 000000BA 12
2 1 791 000003F2 12
2 1 792 0000044C 12
2 1 793 FFFFFF3C 12
2 1 794 00000008 12
2 1 795 00000098 12
2 1 796 FFFFFFF2 12
2 1 797 0000013C 12
2 1 798 FFFFFBE2 12
2 1 799 0000005C 12
2 1 800 00000008 12
2 1 801 FFFFFFC4 12
2 1 802 FFFFFF54 12
2 1 803 FFFFFFAE 12
2 1 804 FFFFFFEE 12
2 1 805 FFFFFDCE 12
2 1 806 0000025C 12
2 1 807 FFFFFF60 12
2 1 808 FFFFFF4C 12
2 1 809 FFFFFEDE 12
2 1 810 FFFFFE28 12
2 1 811 FFFFFED8 12
2 1 812 00000052 12
2 1 813 FFFFFFC2 12
2 1 814 000001E8 12
2 1 815 FFFFFE68 12
2 1 816 FFFFFDBC 12
2 1 817 0000018E 12
2 1 818 FFFFFBEA 12
2 1 819 FFFFFF68 12
2 1 820 000001A2 12
2 1 821 FFFFFDAA 12
2 1 822 000003E0 12
2 1 823 FFFFFEFE 12
2 1 824 00000058 12
2 1 825 000002AE 12
2 1 826 FFFFFE0E 12
2 1 827 0000006A 12
2 1 828 0000014C 12
2 1 829 00000050 12
2 1 830 FFFFFE2E 12
2 1 831 FFFFFEC0 12
2 1 832 00000116 12
2 1 833 00000214 12
2 1 834 000000A2 12
2 1 835 FFFFFF50 12
2 1 836 FFFFFF6E 12
2 1 837 000001B4 12
2 1 838 FFFFFD3A 12
2 1 839 FFFFFFF0 12
2 1 840 00000114 12
2 1 841 FFFFFF7E 12
2 1 842 0000026C 12
2 1 843 00000156 12
2 1 844 000000D8 12
2 1 845 FFFFFEFE 12
2 1 846 FFFFFFE8 12
2 1 847 00000072 12
2 1 848 00000240 12
2 1 849 0000033C 12
2 1 850 000002EE 12
2 1 851 0000034A 12
2 1 852 00000316 12
2 1 853 FFFFFE90 12
2 1 854 000001E4 12
2 1 855 FFFFFD92 12
2 1 856 FFFFFE1C 12
2 1 857 000002D0 12
2 1 858 FFFFFEB6 12
2 1 859 000000AE 12
2 1 860 0000003C 12
2 1 861 FFFFFF7C 12
2 1 862 FFFFFF94 12
2 1 863 00000044 12
2 1 864 00000028 12
2 1 865 FFFFFF10 12
2 1 866 FFFFFFBC 12
2 1 867 FFFFFFF6 12
2 1 868 000000C8 12
2 1 869 FFFFFE66 12
2 1 870 000000B8 12
2 1 871 00000104 12
2 1 872 000002AC 12
2 1 873 000001CC 12
2 1 874 FFFFFD4E 12
2 1 875 FFFFFECE 12
2 1 876 FFFFFF96 12
2 1 877 000001AC 12
2 1 878 FFFFFDB8 12
2 1 879 0000016C 12
2 1 880 0000016E 12
2 1 881 00000280 12
2 1 882 FFFFFCF8 12
2 1 883 00000008 12
2 1 884 00000020 12
2 1 885 FFFFFE92 12
2 1 886 0000013C 12
2 1 887 FFFFFE66 12
2 1 888 FFFFFF08 12
2 1 889 FFFFFE62 12
2 1 890 00000078 12
2 1 891 0000006A 12
2 1 892 00000148 12
2 1 893 00000004 12
2 1 894 FFFFFECE 12
2 1 895 000000F8 12
2 1 896 000000DC 12
2 1 897 FFFFFF22 12
2 1 898 FFFFFE8A 12
2 1 899 00000122 12
2 1 900 00000218 12
2 1 901 00000302 12
2 1 902 000000C0 12
2 1 903 000000EC 12
2 1 904 FFFFFFB0 12
2 1 905 FFFFFDEE 12
2 1 906 000000EA 12
2 1 907 000002D6 12
2 1 908 000002EA 12
2 1 909 FFFFFEBE 12
2 1 910 FFFFFEB2 12
2 1 911 FFFFFF6E 12
2 1 912 00000170 12
2 1 913 FFFFFF62 12
2 1 914 00000212 12
2 1 915 FFFFFF5C 12
2 1 916 FFFFFFAE 12
2 1 917 00000092 12
2 1 918 FFFFFCB6 12
2 1 919 FFFFFE36 12
2 1 920 0000003A 12
2 1 921 000001B0 12
2 1 922 00000176 12
2 1 923 00000040 12
2 1 924 00000084 12
2 1 925 000000BA 12
2 1 926 FFFFFFDC 12
2 1 927 FFFFFEB6 12
2 1 928 FFFFFF12 12
2 1 929 000000B8 12
2 1 930 FFFFFDE2 12
2 1 931 FFFFFE24 12
2 1 932 FFFFFEF2 12
2 1 933 00000194 12
2 1 934 FFFFFF1A 12
2 1 935 FFFFFF7C 12
2 1 936 FFFFFEAA 12
2 1 937 00000142 12
2 1 938 FFFFFC96 12
2 1 939 FFFFFCDC 12
2 1 940 FFFFFDC4 12
2 1 941 00000040 12
2 1 942 000001DA 12
2 1 943 0000002C 12
2 1 944 FFFFFF8A 12
2 1 945 FFFFFF68 12
2 1 946 FFFFFE4A 12
2 1 947 FFFFFE8A 12
2 1 948 000000BE 12
2 1 949 00000624 12
2 1 950 FFFFFE72 12
2 1 951 FFFFFE72 12
2 1 952 FFFFFE92 12
2 1 953 000003BC 12
2 1 954 FFFFFE58 12
2 1 955 0000021C 12
2 1 956 00000190 12
2 1 957 FFFFFF96 12
2 1 958 FFFFFCA0 12
2 1 959 00000036 12
2 1 960 000001FE 12
2 1 961 FFFFFE5A 12
2 1 962 00000350 12
2 1 963 FFFFFF56 12
2 1 964 FFFFFF30 12
2 1 965 FFFFFFEA 12
2 1 966 FFFFFFA8 12
2 1 967 FFFFFF86 12
2 1 968 000000BA 12
2 1 969 0000006A 12
2 1 970 000001DE 12
2 1 971 FFFFFDDC 12
2 1 972 FFFFFDA0 12
2 1 973 0000025A 12
2 1 974 FFFFFBC0 12
2 1 975 FFFFFFDE 12
2 1 976 000001C8 12
2 1 977 FFFFFF38 12
2 1 978 00000076 12
2 1 979 00000250 12
2 1 980 0000033E 12
2 1 981 000000CE 12
2 1 982 FFFFFE12 12
2 1 983 FFFFFD7E 12
2 1 984 00000018 12
2 1 985 0000042C 12
2 1 986 0000001A 12
2 1 987 000000C4 12
2 1 988 000000C0 12
2 1 989 000001C8 12
2 1 990 FFFFFC48 12
2 1 991 00000062 12
2 1 992 000001CC 12
2 1 993 00000072 12
2 1 994 00000130 12
2 1 995 FFFFFEA0 12
2 1 996 FFFFFF56 12
2 1 997 FFFFFEA8 12
2 1 998 00000040 12
2 1 999 FFFFFE50 12
2 1 1000 FFFFFF88 12
2 1 1001 000001BA 12
2 1 1002 FFFFFEDE 12
2 1 1003 FFFFFF32 12
2 1 1004 00000010 12
2 1 1005 00000070 12
2 1 1006 FFFFFDA8 12
2 1 1007 FFFFFEC6 12
2 1 1008 000001FC 12
2 1 1009 000005EA 12
2 1 1010 FFFFFFB6 12
2 1 1011 00000270 12
2 1 1012 00000144 12
2 1 1013 00000072 12
2 1 1014 FFFFFE84 12
2 1 1015 0000009C 12
2 1 1016 000000D8 12
2 1 1017 FFFFFE9A 12
2 1 1018 0000016E 12
2 1 1019 FFFFFFB4 12
2 1 1020 000000E0 12
2 1 1021 0000033A 12
2 1 1022 FFFFFE0A 12
2 1 1023 FFFFFF73 12
2 2 0 000026E1 12
2 2 1 FFFFEB76 12
2 2 2 FFFFF652 12
2 2 3 000000CE 12
2 2 4 0000004C 12
2 2 5 000003C8 12
2 2 6 000003DC 12
2 2 7 000001EC 12
2 2 8 00000240 12
2 2 9 FFFFFB7A 12
2 2 10 FFFFFB94 12
2 2 11 0000025A 12
2 2 12 00000122 12
2 2 13 FFFFFE84 12
2 2 14 FFFFF85A 12
2 2 15 00000230 12
2 2 16 000000BA 12
2 2 17 00000090 12
2 2 18 00000348 12
2 2 19 FFFFFF70 12
2 2 20 00000124 12
2 2 21 00000248 12
2 2 22 000000FE 12
2 2 23 000000C0 12
2 2 24 000001DE 12
2 2 25 FFFFFED8 12
2 2 26 FFFFFF94 12
2 2 27 FFFFFE70 12
2 2 28 000000B0 12
2 2 29 000002FC 12
2 2 30 000000CE 12
2 2 31 0000004C 12
2 2 32 FFFFFFD0 12
2 2 33 FFFFFB08 12
2 2 34 FFFFFCC8 12
2 2 35 0000013C 12
2 2 36 FFFFFEA8 12
2 2 37 00000114 12
2 2 38 FFFFFC10 12
2 2 39 FFFFFECE 12
2 2 40 00000104 12
2 2 41 FFFFFCCA 12
2 2 42 FFFFFD80 12
2 2 43 00000352 12
2 2 44 FFFFFE48 12
2 2 45 FFFFFE78 12
2 2 46 FFFFFE3E 12
2 2 47 FFFFFE24 12
2 2 48 FFFFFEA8 12
2 2 49 FFFFFCFE 12
2 2 50 0000000A 12
2 2 51 FFFFFE86 12
2 2 52 00000268 12
2 2 53 000002D6 12
2 2 54 00000018 12
2 2 55 FFFFFF18 12
2 2 56 FFFFFEDC 12
2 2 57 FFFFFFBE 12
2 2 58 FFFFFFEE 12
2 2 59 00000024 12
2 2 60 00000094 12
2 2 61 000003DE 12
2 2 62 000001CE 12
2 2 63 00000194 12
2 2 64 0000006E 12
2 2 65 FFFFFB46 12
2 2 66 FFFFFEEC 12
2 2 67 FFFFFE52 12
2 2 68 FFFFFD10 12
2 2 69 FFFFFE56 12
2 2 70 FFFFFC16 12
2 2 71 FFFFFC9C 12
2 2 72 FFFFFF52 12
2 2 73 FFFFFDC6 12
2 2 74 FFFFF8F4 12
2 2 75 000000AE 12
2 2 76 FFFFFFF4 12
2 2 77 FFFFFCC4 12
2 2 78 0000000E 12
2 2 79 FFFFFF52 12
2 2 80 FFFFFF24 12
2 2 81 0000025A 12
2 2 82 0000010A 12
2 2 83 FFFFFDFC 12
2 2 84 0000042A 12
2 2 85 FFFFFF06 12
2 2 86 000001E6 12
2 2 87 000001E8 12
2 2 88 0000033C 12
2 2 89 000000E0 12
2 2 90 FFFFFFCC 12
2 2 91 FFFFFFDC 12
2 2 92 000001C4 12
2 2 93 FFFFFF72 12
2 2 94 0000009A 12
2 2 95 FFFFFFA6 12
2 2 96 00000034 12
2 2 97 FFFFFE9C 12
2 2 98 FFFFFDA0 12
2 2 99 00000064 12
2 2 100 FFFFFE3E 12
2 2 101 FFFFFFD8 12
2 2 102 FFFFFC74 12
2 2 103 FFFFFDEC 12
2 2 104 FFFFFFDA 12
2 2 105 FFFFFA90 12
2 2 106 FFFFFDE4 12
2 2 107 FFFFFF6E 12
2 2 108 FFFFFEF6 12
2 2 109 FFFFFFE0 12
2 2 110 FFFFFE7A 12
2 2 111 00000172 12
2 2 112 00000196 12
2 2 113 FFFFFF50 12
2 2 114 0000028C 12
2 2 115 00000444 12
2 2 116 FFFFFFF4 12
2 2 117 000002AC 12
2 2 118 000003FE 12
2 2 119 0000010C 12
2 2 120 000002B6 12
2 2 121 00000422 12
2 2 122 FFFFFF30 12
2 2 123 000003F4 12
2 2 124 0000009C 12
2 2 125 FFFFFCE8 12
2 2 126 FFFFFE84 12
2 2 127 0000009A 12
2 2 128 FFFFFEDA 12
2 2 129 000000E0 12
2 2 130 00000176 12
2 2 131 FFFFFEF0 12
2 2 132 FFFFFC40 12
2 2 133 FFFFFD1E 12
2 2 134 FFFFFD26 12
2 2 135 FFFFFB40 12
2 2 136 FFFFFE02 12
2 2 137 FFFFFD7A 12
2 2 138 FFFFFDF4 12
2 2 139 FFFFFE1E 12
2 2 140 000000EC 12
2 2 141 FFFFFCD8 12
2 2 142 FFFFFD04 12
2 2 143 00000118 12
2 2 144 FFFFFFA0 12
2 2 145 00000018 12
2 2 146 00000058 12
2 2 147 0000011E 12
2 2 148 00000340 12
2 2 149 0000012E 12
2 2 150 000001D6 12
2 2 151 000006DE 12
2 2 152 000001E2 12
2 2 153 00000310 12
2 2 154 00000356 12
2 2 155 0000030E 12
2 2 156 0000036A 12
2 2 157 00000260 12
2 2 158 0000026A 12
2 2 159 00000038 12
2 2 160 0000004E 12
2 2 161 FFFFFF22 12
2 2 162 FFFFFE62 12
2 2 163 FFFFFD78 12
2 2 164 FFFFFD82 12
2 2 165 FFFFFD5C 12
2 2 166 FFFFFB10 12
2 2 167 FFFFFB52 12
2 2 168 FFFFFE8C 12
2 2 169 FFFFFE2C 12
2 2 170 FFFFFD1E 12
2 2 171 FFFFFFA6 12
2 2 172 FFFFFABC 12
2 2 173 00000180 12
2 2 174 FFFFFAFE 12
2 2 175 0000016A 12
2 2 176 FFFFFFFA 12
2 2 177 00000188 12
2 2 178 000002BE 12
2 2 179 0000024E 12
2 2 180 0000006E 12
2 2 181 000005A6 12
2 2 182 0000038C 12
2 2 183 00000450 12
2 2 184 00000440 12
2 2 185 000001A6 12
2 2 186 000002C0 12
2 2 187 000004E2 12
2 2 188 0000059A 12
2 2 189 000003F0 12
2 2 190 FFFFFF58 12
2 2 191 000001D2 12
2 2 192 0000026C 12
2 2 193 FFFFFD7E 12
2 2 194 FFFFFD44 12
2 2 195 FFFFFDAE 12
2 2 196 FFFFFDB4 12
2 2 197 FFFFFBD6 12
2 2 198 FFFFF958 12
2 2 199 FFFFFAFE 12
2 2 200 FFFFFA76 12
2 2 201 FFFFFDFC 12
2 2 202 FFFFFC7C 12
2 2 203 FFFFFC32 12
2 2 204 FFFFFE44 12
2 2 205 FFFFFA52 12
2 2 206 FFFFFDC2 12
2 2 207 FFFFFDFC 12
2 2 208 000001B8 12
2 2 209 0000033A 12
2 2 210 000001B2 12
2 2 211 000002DE 12
2 2 212 00000490 12
2 2 213 00000248 12
2 2 214 000004F4 12
2 2 215 00000440 12
2 2 216 0000064E 12
2 2 217 000005D0 12
2 2 218 00000432 12
2 2 219 0000000C 12
2 2 220 000001D0 12
2 2 221 000001BA 12
2 2 222 000001B2 12
2 2 223 00000126 12
2 2 224 000000A8 12
2 2 225 FFFFFBC0 12
2 2 226 FFFFFD08 12
2 2 227 FFFFFF12 12
2 2 228 FFFFFCE6 12
2 2 229 FFFFFC6C 12
2 2 230 FFFFFB5A 12
2 2 231 00000078 12
2 2 232 FFFFF9C8 12
2 2 233 FFFFFC98 12
2 2 234 FFFFFA8E 12
2 2 235 FFFFFBFC 12
2 2 236 FFFFFBCE 12
2 2 237 FFFFFE8A 12
2 2 238 FFFFFC5A 12
2 2 239 0000007A 12
2 2 240 FFFFFE2A 12
2 2 241 000000B4 12
2 2 242 000000EE 12
2 2 243 000001B0 12
2 2 244 00000324 12
2 2 245 000004D6 12
2 2 246 000001FA 12
2 2 247 00000822 12
2 2 248 000005F4 12
2 2 249 000004D0 12
2 2 250 0000063C 12
2 2 251 00000338 12
2 2 252 00000390 12
2 2 253 FFFFFE56 12
2 2 254 00000150 12
2 2 255 00000220 12
2 2 256 00000024 12
2 2 257 FFFFFC6A 12
2 2 258 FFFFFD22 12
2 2 259 FFFFFD6A 12
2 2 260 FFFFFC96 12
2 2 261 FFFFFA5E 12
2 2 262 FFFFFAB6 12
2 2 263 FFFFFA08 12
2 2 264 FFFFF956 12
2 2 265 FFFFF9C0 12
2 2 266 FFFFF9B6 12
2 2 267 FFFFFA06 12
2 2 268 FFFFFFBA 12
2 2 269 FFFFFF56 12
2 2 270 FFFFFE22 12
2 2 271 000001E4 12
2 2 272 00000226 12
2 2 273 0000048E 12
2 2 274 00000364 12
2 2 275 000003A0 12
2 2 276 00000588 12
2 2 277 000004E8 12
2 2 278 00000496 12
2 2 279 00000738 12
2 2 280 000007B8 12
2 2 281 00000628 12
2 2 282 0000040A 12
2 2 283 00000362 12
2 2 284 00000386 12
2 2 285 00000402 12
2 2 286 000001D2 12
2 2 287 00000148 12
2 2 288 FFFFFE4C 12
2 2 289 FFFFFDAA 12
2 2 290 FFFFFD80 12
2 2 291 FFFFF9C8 12
2 2 292 FFFFFEEC 12
2 2 293 FFFFF93A 12
2 2 294 FFFFF7FE 12
2 2 295 FFFFFBB0 12
2 2 296 FFFFF928 12
2 2 297 FFFFF8A6 12
2 2 298 FFFFFC1C 12
2 2 299 FFFFFA90 12
2 2 300 FFFFFC30 12
2 2 301 FFFFFC84 12
2 2 302 FFFFFE5E 12
2 2 303 FFFFFF30 12
2 2 304 FFFFFFF2 12
2 2 305 000004A0 12
2 2 306 0000029A 12
2 2 307 000003AA 12
2 2 308 00000846 12
2 2 309 0000041A 12
2 2 310 000005D2 12
2 2 311 0000073E 12
2 2 312 000005FC 12
2 2 313 00000936 12
2 2 314 00000410 12
2 2 315 0000063E 12
2 2 316 00000664 12
2 2 317 00000332 12
2 2 318 00000132 12
2 2 319 FFFFFEEC 12
2 2 320 FFFFFF10 12
2 2 321 FFFFFD92 12
2 2 322 FFFFFBC8 12
2 2 323 FFFFFA54 12
2 2 324 FFFFFA96 12
2 2 325 FFFFF62A 12
2 2 326 FFFFF706 12
2 2 327 FFFFF632 12
2 2 328 FFFFF890 12
2 2 329 FFFFF758 12
2 2 330 FFFFF7A6 12
2 2 331 FFFFF80C 12
2 2 332 FFFFFB00 12
2 2 333 FFFFFBB8 12
2 2 334 FFFFFAFA 12
2 2 335 FFFFFFC0 12
2 2 336 00000214 12
2 2 337 00000022 12
2 2 338 000002DA 12
2 2 339 000006B6 12
2 2 340 000004E6 12
2 2 341 00000570 12
2 2 342 000007B2 12
2 2 343 00000840 12
2 2 344 0000096A 12
2 2 345 00000908 12
2 2 346 0000046C 12
2 2 347 00000884 12
2 2 348 00000618 12
2 2 349 0000038A 12
2 2 350 000003AC 12
2 2 351 0000028A 12
2 2 352 000002C4 12
2 2 353 FFFFFC22 12
2 2 354 FFFFFCAE 12
2 2 355 FFFFFB06 12
2 2 356 FFFFFAD4 12
2 2 357 FFFFF56A 12
2 2 358 FFFFF80C 12
2 2 359 FFFFF884 12
2 2 360 FFFFF58E 12
2 2 361 FFFFF668 12
2 2 362 FFFFF732 12
2 2 363 FFFFF8FA 12
2 2 364 FFFFFB6A 12
2 2 365 FFFFFED0 12
2 2 366 FFFFFD50 12
2 2 367 FFFFFE1E 12
2 2 368 0000022C 12
2 2 369 000002C6 12
2 2 370 000001FA 12
2 2 371 0000084A 12
2 2 372 00000816 12
2 2 373 00000A0E 12
2 2 374 00000852 12
2 2 375 00000C50 12
2 2 376 00000AAC 12
2 2 377 00000948 12
2 2 378 0000067A 12
2 2 379 000007C4 12
2 2 380 00000878 12
2 2 381 000002AC 12
2 2 382 0000001E 12
2 2 383 000002FE 12
2 2 384 FFFFFE8C 12
2 2 385 FFFFFC68 12
2 2 386 FFFFFCFC 12
2 2 387 FFFFF71A 12
2 2 388 FFFFF97A 12
2 2 389 FFFFF2AA 12
2 2 390 FFFFF3F4 12
2 2 391 FFFFF49A 12
2 2 392 FFFFF648 12
2 2 393 FFFFF74A 12
2 2 394 FFFFF8AE 12
2 2 395 FFFFF864 12
2 2 396 FFFFFB3C 12
2 2 397 FFFFFBF2 12
2 2 398 FFFFFCF6 12
2 2 399 00000178 12
2 2 400 000003B0 12
2 2 401 000000B4 12
2 2 402 00000788 12
2 2 403 000008BC 12
2 2 404 000008DA 12
2 2 405 00000B48 12
2 2 406 00000888 12
2 2 407 00000C20 12
2 2 408 00000BD0 12
2 2 409 00000B7A 12
2 2 410 00000A42 12
2 2 411 00000874 12
2 2 412 0000059A 12
2 2 413 0000078C 12
2 2 414 000002F2 12
2 2 415 00000078 12
2 2 416 FFFFFDAC 12
2 2 417 FFFFFD28 12
2 2 418 FFFFFBE6 12
2 2 419 FFFFF6B6 12
2 2 420 FFFFF922 12
2 2 421 FFFFF5C6 12
2 2 422 FFFFF392 12
2 2 423 FFFFF6AC 12
2 2 424 FFFFF0AE 12
2 2 425 FFFFF506 12
2 2 426 FFFFF48E 12
2 2 427 FFFFF676 12
2 2 428 FFFFF654 12
2 2 429 FFFFFB2C 12
2 2 430 FFFFFAF0 12
2 2 431 FFFFFF90 12
2 2 432 000001C4 12
2 2 433 000003AE 12
2 2 434 000005D4 12
2 2 435 00000846 12
2 2 436 00000A2E 12
2 2 437 000009CA 12
2 2 438 00000DEE 12
2 2 439 00000DAC 12
2 2 440 00000C98 12
2 2 441 00000BE6 12
2 2 442 00000A5C 12
2 2 443 00000B52 12
2 2 444 0000093C 12
2 2 445 0000065C 12
2 2 446 00000204 12
2 2 447 000002E2 12
2 2 448 FFFFFF4E 12
2 2 449 FFFFFD4A 12
2 2 450 FFFFFA6E 12
2 2 451 FFFFF8FA 12
2 2 452 FFFFF5A0 12
2 2 453 FFFFF288 12
2 2 454 FFFFF3AE 12
2 2 455 FFFFF2B8 12
2 2 456 FFFFF3F0 12
2 2 457 FFFFF360 12
2 2 458 FFFFF3DA 12
2 2 459 FFFFF7CE 12
2 2 460 FFFFF638 12
2 2 461 FFFFFBEC 12
2 2 462 FFFFFD40 12
2 2 463 FFFFFE62 12
2 2 464 000001DC 12
2 2 465 000005D0 12
2 2 466 00000718 12
2 2 467 0000076A 12
2 2 468 00000C28 12
2 2 469 00000B7E 12
2 2 470 00000D00 12
2 2 471 00001124 12
2 2 472 00000D24 12
2 2 473 00000D34 12
2 2 474 00000E3A 12
2 2 475 00000B30 12
2 2 476 00000B76 12
2 2 477 00000890 12
2 2 478 000005CC 12
2 2 479 00000182 12
2 2 480 FFFFFDD2 12
2 2 481 FFFFFD7E 12
2 2 482 FFFFF892 12
2 2 483 FFFFF4E2 12
2 2 484 FFFFF67E 12
2 2 485 FFFFF1D0 12
2 2 486 FFFFEFC4 12
2 2 487 FFFFF180 12
2 2 488 FFFFF29E 12
2 2 489 FFFFF100 12
2 2 490 FFFFF024 12
2 2 491 FFFFF59E 12
2 2 492 FFFFF5A0 12
2 2 493 FFFFF7EE 12
2 2 494 FFFFFC72 12
2 2 495 FFFFFFB4 12
2 2 496 00000516 12
2 2 497 000005B0 12
2 2 498 00000A0A 12
2 2 499 00000BCE 12
2 2 500 00000DF2 12
2 2 501 00000EBA 12
2 2 502 00000F1A 12
2 2 503 00001370 12
2 2 504 000012F2 12
2 2 505 00000F02 12
2 2 506 00000E0E 12
2 2 507 00000E44 12
2 2 508 00000C7C 12
2 2 509 000001C4 12
2 2 510 00000162 12
2 2 511 00000336 12
2 2 512 000000CE 12
2 2 513 FFFFFB12 12
2 2 514 FFFFFAC4 12
2 2 515 FFFFF480 12
2 2 516 FFFFF47E 12
2 2 517 FFFFF12C 12
2 2 518 FFFFEF6A 12
2 2 519 FFFFF13A 12
2 2 520 FFFFED68 12
2 2 521 FFFFEFA4 12
2 2 522 FFFFEB46 12
2 2 523 FFFFF274 12
2 2 524 FFFFF5E8 12
2 2 525 FFFFF6DC 12
2 2 526 FFFFF8B6 12
2 2 527 FFFFFFF0 12
2 2 528 00000230 12
2 2 529 000001C0 12
2 2 530 000007BC 12
2 2 531 00000EB2 12
2 2 532 00000DB0 12
2 2 533 000010A2 12
2 2 534 0000130E 12
2 2 535 0000152C 12
2 2 536 0000134A 12
2 2 537 0000146A 12
2 2 538 00000F60 12
2 2 539 00000FF4 12
2 2 540 00000AEA 12
2 2 541 0000091E 12
2 2 542 00000900 12
2 2 543 0000019A 12
2 2 544 FFFFFDA0 12
2 2 545 FFFFF926 12
2 2 546 FFFFF4F6 12
2 2 547 FFFFEFE6 12
2 2 548 FFFFF084 12
2 2 549 FFFFEC24 12
2 2 550 FFFFEB7A 12
2 2 551 FFFFEA62 12
2 2 552 FFFFEC2E 12
2 2 553 FFFFE976 12
2 2 554 FFFFEAE0 12
2 2 555 FFFFEF8E 12
2 2 556 FFFFF30A 12
2 2 557 FFFFF1F4 12
2 2 558 FFFFF72C 12
2 2 559 FFFFFE4A 12
2 2 560 000001D0 12
2 2 561 0000073A 12
2 2 562 00000818 12
2 2 563 00000EEA 12
2 2 564 00001090 12
2 2 565 00001668 12
2 2 566 000015C8 12
2 2 567 000017D2 12
2 2 568 0000153A 12
2 2 569 00001702 12
2 2 570 00001192 12
2 2 571 00001216 12
2 2 572 00000F84 12
2 2 573 00000B12 12
2 2 574 0000089C 12
2 2 575 00000260 12
2 2 576 0000003E 12
2 2 577 FFFFF7AA 12
2 2 578 FFFFF302 12
2 2 579 FFFFEF66 12
2 2 580 FFFFECF4 12
2 2 581 FFFFEBCC 12
2 2 582 FFFFE4A0 12
2 2 583 FFFFE896 12
2 2 584 FFFFE808 12
2 2 585 FFFFE8C8 12
2 2 586 FFFFEA6C 12
2 2 587 FFFFEE9A 12
2 2 588 FFFFEFA4 12
2 2 589 FFFFF390 12
2 2 590 FFFFFA90 12
2 2 591 FFFFFD92 12
2 2 592 00000350 12
2 2 593 000006C4 12
2 2 594 00000C6E 12
2 2 595 000011BA 12
2 2 596 00001980 12
2 2 597 000016EC 12
2 2 598 000019DC 12
2 2 599 00001EE0 12
2 2 600 00001A62 12
2 2 601 00001C26 12
2 2 602 00001716 12
2 2 603 000015D6 12
2 2 604 000011C0 12
2 2 605 00000AF4 12
2 2 606 0000084A 12
2 2 607 00000108 12
2 2 608 FFFFFE3E 12
2 2 609 FFFFF792 12
2 2 610 FFFFF1EA 12
2 2 611 FFFFF008 12
2 2 612 FFFFE858 12
2 2 613 FFFFE7C8 12
2 2 614 FFFFE5AE 12
2 2 615 FFFFE380 12
2 2 616 FFFFE554 12
2 2 617 FFFFE202 12
2 2 618 FFFFE3D2 12
2 2 619 FFFFE8F2 12
2 2 620 FFFFEBAC 12
2 2 621 FFFFEE94 12
2 2 622 FFFFF654 12
2 2 623 FFFFFC3A 12
2 2 624 000007EA 12
2 2 625 000007E2 12
2 2 626 00000E86 12
2 2 627 000015B2 12
2 2 628 0000160C 12
2 2 629 00001DA6 12
2 2 630 00001C4A 12
2 2 631 0000201A 12
2 2 632 00002036 12
2 2 633 00001E8C 12
2 2 634 00001BA8 12
2 2 635 00001900 12
2 2 636 0000130E 12
2 2 637 00000FB0 12
2 2 638 0000072A 12
2 2 639 00000596 12
2 2 640 FFFFFE08 12
2 2 641 FFFFF660 12
2 2 642 FFFFED8C 12
2 2 643 FFFFE998 12
2 2 644 FFFFE648 12
2 2 645 FFFFE28E 12
2 2 646 FFFFDB40 12
2 2 647 FFFFDED0 12
2 2 648 FFFFDED2 12
2 2 649 FFFFDF48 12
2 2 650 FFFFDEC6 12
2 2 651 FFFFE686 12
2 2 652 FFFFEA30 12
2 2 653 FFFFEBB6 12
2 2 654 FFFFF3D4 12
2 2 655 FFFFFE30 12
2 2 656 00000588 12
2 2 657 00000B16 12
2 2 658 000011EA 12
2 2 659 000017F6 12
2 2 660 00001F0C 12
2 2 661 00002316 12
2 2 662 00002294 12
2 2 663 00002768 12
2 2 664 000025F2 12
2 2 665 000024C6 12
2 2 666 0000227A 12
2 2 667 00001C8C 12
2 2 668 00001912 12
2 2 669 000011D2 12
2 2 670 00000ABE 12
2 2 671 00000290 12
2 2 672 FFFFFDEC 12
2 2 673 FFFFF5DC 12
2 2 674 FFFFEB1A 12
2 2 675 FFFFE4FC 12
2 2 676 FFFFE014 12
2 2 677 FFFFDAE2 12
2 2 678 FFFFD582 12
2 2 679 FFFFD6E6 12
2 2 680 FFFFD648 12
2 2 681 FFFFD5E8 12
2 2 682 FFFFD856 12
2 2 683 FFFFE02E 12
2 2 684 FFFFE4A6 12
2 2 685 FFFFE9AA 12
2 2 686 FFFFEFB0 12
2 2 687 FFFFFC2C 12
2 2 688 0000054E 12
2 2 689 00000C20 12
2 2 690 00001574 12
2 2 691 00001E48 12
2 2 692 00002598 12
2 2 693 0000279E 12
2 2 694 00002D0A 12
2 2 695 00002D7C 12
2 2 696 00003022 12
2 2 697 00002D0A 12
2 2 698 00002A9C 12
2 2 699 0000244C 12
2 2 700 000020B2 12
2 2 701 00001660 12
2 2 702 00000C4E 12
2 2 703 00000874 12
2 2 704 FFFFFB14 12
2 2 705 FFFFF1D8 12
2 2 706 FFFFE8C0 12
2 2 707 FFFFDEEC 12
2 2 708 FFFFD9F6 12
2 2 709 FFFFD294 12
2 2 710 FFFFCB78 12
2 2 711 FFFFCB18 12
2 2 712 FFFFCDA0 12
2 2 713 FFFFCD26 12
2 2 714 FFFFD0CE 12
2 2 715 FFFFD420 12
2 2 716 FFFFDED0 12
2 2 717 FFFFE5D4 12
2 2 718 FFFFF09E 12
2 2 719 FFFFFA46 12
2 2 720 0000069C 12
2 2 721 00000ED0 12
2 2 722 00001ABA 12
2 2 723 000025AE 12
2 2 724 00002E46 12
2 2 725 00003370 12
2 2 726 000034A0 12
2 2 727 000039B0 12
2 2 728 00003D5A 12
2 2 729 000036F4 12
2 2 730 000032FA 12
2 2 731 00002D86 12
2 2 732 00002560 12
2 2 733 00001DD8 12
2 2 734 00001060 12
2 2 735 000003EC 12
2 2 736 FFFFFA22 12
2 2 737 FFFFEA6E 12
2 2 738 FFFFDFB8 12
2 2 739 FFFFD4C6 12
2 2 740 FFFFCD38 12
2 2 741 FFFFC5BC 12
2 2 742 FFFFC03E 12
2 2 743 FFFFBE3C 12
2 2 744 FFFFBE30 12
2 2 745 FFFFC194 12
2 2 746 FFFFC46C 12
2 2 747 FFFFCC16 12
2 2 748 FFFFD5AA 12
2 2 749 FFFFDFAC 12
2 2 750 FFFFEE98 12
2 2 751 FFFFFAB4 12
2 2 752 00000C20 12
2 2 753 000017C4 12
2 2 754 00002406 12
2 2 755 00002D9E 12
2 2 756 00003CA8 12
2 2 757 0000415C 12
2 2 758 00004554 12
2 2 759 000049F2 12
2 2 760 00004E38 12
2 2 761 00004916 12
2 2 762 000043D0 12
2 2 763 000037CA 12
2 2 764 00003140 12
2 2 765 00002210 12
2 2 766 00001368 12
2 2 767 0000058A 12
2 2 768 FFFFFA2C 12
2 2 769 FFFFE4F0 12
2 2 770 FFFFD504 12
2 2 771 FFFFCD36 12
2 2 772 FFFFC02C 12
2 2 773 FFFFB73C 12
2 2 774 FFFFACC0 12
2 2 775 FFFFAA1E 12
2 2 776 FFFFABB8 12
2 2 777 FFFFAAF8 12
2 2 778 FFFFB41A 12
2 2 779 FFFFBE56 12
2 2 780 FFFFCB20 12
2 2 781 FFFFD656 12
2 2 782 FFFFE676 12
2 2 783 FFFFF93C 12
2 2 784 00000E16 12
2 2 785 00001D82 12
2 2 786 00002A5C 12
2 2 787 00003DAC 12
2 2 788 00004A18 12
2 2 789 000052E2 12
2 2 790 00005A98 12
2 2 791 00005FDA 12
2 2 792 000062F6 12
2 2 793 00005D98 12
2 2 794 000055B6 12
2 2 795 00004C28 12
2 2 796 00004020 12
2 2 797 00002C76 12
2 2 798 000019E4 12
2 2 799 00000AD0 12
2 2 800 FFFFF32E 12
2 2 801 FFFFDF3A 12
2 2 802 FFFFCF24 12
2 2 803 FFFFB7C8 12
2 2 804 FFFFAE0E 12
2 2 805 FFFFA07A 12
2 2 806 FFFF9332 12
2 2 807 FFFF9152 12
2 2 808 FFFF8FF2 12
2 2 809 FFFF91BC 12
2 2 810 FFFF9B74 12
2 2 811 FFFFA668 12
2 2 812 FFFFBA9E 12
2 2 813 FFFFC7BE 12
2 2 814 FFFFDE46 12
2 2 815 FFFFF5E0 12
2 2 816 000011BC 12
2 2 817 000026EE 12
2 2 818 000039EE 12
2 2 819 000051B6 12
2 2 820 000063EC 12
2 2 821 000071DA 12
2 2 822 00007A92 12
2 2 823 000082CE 12
2 2 824 00008532 12
2 2 825 00007E9C 12
2 2 826 0000744E 12
2 2 827 0000667C 12
2 2 828 00005A16 12
2 2 829 00003ED4 12
2 2 830 0000244A 12
2 2 831 00000C2E 12
2 2 832 FFFFEEA6 12
2 2 833 FFFFD23A 12
2 2 834 FFFFB7C8 12
2 2 835 FFFFA034 12
2 2 836 FFFF8EC6 12
2 2 837 FFFF7880 12
2 2 838 FFFF6A6C 12
2 2 839 FFFF64F2 12
2 2 840 FFFF68AC 12
2 2 841 FFFF67B6 12
2 2 842 FFFF7480 12
2 2 843 FFFF84F8 12
2 2 844 FFFF9EBC 12
2 2 845 FFFFB3D2 12
2 2 846 FFFFD076 12
2 2 847 FFFFF1E8 12
2 2 848 000017F2 12
2 2 849 0000356C 12
2 2 850 00005148 12
2 2 851 000074CE 12
2 2 852 00009046 12
2 2 853 0000A378 12
2 2 854 0000AE78 12
2 2 855 0000BB52 12
2 2 856 0000BF72 12
2 2 857 0000B58A 12
2 2 858 0000A5E8 12
2 2 859 00009452 12
2 2 860 00007D0C 12
2 2 861 00005C54 12
2 2 862 000031EC 12
2 2 863 000013CC 12
2 2 864 FFFFE640 12
2 2 865 FFFFBEBC 12
2 2 866 FFFF9340 12
2 2 867 FFFF72D8 12
2 2 868 FFFF5992 12
2 2 869 FFFF37CC 12
2 2 870 FFFF23C4 12
2 2 871 FFFF1BEE 12
2 2 872 FFFF1CF4 12
2 2 873 FFFF21B0 12
2 2 874 FFFF2C62 12
2 2 875 FFFF4A34 12
2 2 876 FFFF6D48 12
2 2 877 FFFF914E 12
2 2 878 FFFFBC38 12
2 2 879 FFFFEC04 12
2 2 880 0000247A 12
2 2 881 000052B2 12
2 2 882 0000809A 12
2 2 883 0000AFAA 12
2 2 884 0000DC0C 12
2 2 885 0000F91C 12
2 2 886 00010A52 12
2 2 887 00011C86 12
2 2 888 000124AA 12
2 2 889 0001156A 12
2 2 890 0000FD30 12
2 2 891 0000E6BA 12
2 2 892 0000BF3E 12
2 2 893 00008A24 12
2 2 894 00004F52 12
2 2 895 000014C0 12
2 2 896 FFFFDAC8 12
2 2 897 FFFF961A 12
2 2 898 FFFF5706 12
2 2 899 FFFF1CDC 12
2 2 900 FFFEF0A6 12
2 2 901 FFFEC0A6 12
2 2 902 FFFE9E72 12
2 2 903 FFFE936C 12
2 2 904 FFFE9464 12
2 2 905 FFFE9BBC 12
2 2 906 FFFEACB8 12
2 2 907 FFFEDA9E 12
2 2 908 FFFF10F4 12
2 2 909 FFFF4F24 12
2 2 910 FFFF9190 12
2 2 911 FFFFE400 12
2 2 912 00003F00 12
2 2 913 00008D22 12
2 2 914 0000DCAA 12
2 2 915 000129C6 12
2 2 916 0001748C 12
2 2 917 0001A838 12
2 2 918 0001C8AC 12
2 2 919 0001E5EC 12
2 2 920 0001F1CC 12
2 2 921 0001DF6E 12
2 2 922 0001B968 12
2 2 923 0001895C 12
2 2 924 000149B2 12
2 2 925 0000F112 12
2 2 926 00008730 12
2 2 927 00001E3C 12
2 2 928 FFFFB5AA 12
2 2 929 FFFF399A 12
2 2 930 FFFEC672 12
2 2 931 FFFE6020 12
2 2 932 FFFE0728 12
2 2 933 FFFDB34C 12
2 2 934 FFFD7162 12
2 2 935 FFFD5402 12
2 2 936 FFFD5508 12
2 2 937 FFFD60EC 12
2 2 938 FFFD875E 12
2 2 939 FFFDD48C 12
2 2 940 FFFE3EC6 12
2 2 941 FFFEAD28 12
2 2 942 FFFF368A 12
2 2 943 FFFFD3DE 12
2 2 944 000084A0 12
2 2 945 00012710 12
2 2 946 0001C4DE 12
2 2 947 00026424 12
2 2 948 0002FDC0 12
2 2 949 00036D34 12
2 2 950 0003B93A 12
2 2 951 0003F89E 12
2 2 952 00041262 12
2 2 953 0003F3AE 12
2 2 954 0003A954 12
2 2 955 000343B4 12
2 2 956 0002BED0 12
2 2 957 0002002E 12
2 2 958 0001182E 12
2 2 959 00002A0A 12
2 2 960 FFFF3676 12
2 2 961 FFFE2356 12
2 2 962 FFFD0830 12
2 2 963 FFFC11FC 12
2 2 964 FFFB3984 12
2 2 965 FFFA6CB8 12
2 2 966 FFF9C44E 12
2 2 967 FFF9677A 12
2 2 968 FFF958EE 12
2 2 969 FFF96C16 12
2 2 970 FFF9BF94 12
2 2 971 FFFA765E 12
2 2 972 FFFB87BE 12
2 2 973 FFFCB97E 12
2 2 974 FFFE1F9E 12
2 2 975 FFFFD3FE 12
2 2 976 0001C36C 12
2 2 977 0003A594 12
2 2 978 00057D0A 12
2 2 979 00077018 12
2 2 980 0009513A 12
2 2 981 000AD044 12
2 2 982 000BF306 12
2 2 983 000CD92A 12
2 2 984 000D6478 12
2 2 985 000D37AA 12
2 2 986 000C5F4A 12
2 2 987 000B1614 12
2 2 988 0009459C 12
2 2 989 00069F36 12
2 2 990 00033786 12
2 2 991 FFFF6CD2 12
2 2 992 FFFB5340 12
2 2 993 FFF69B42 12
2 2 994 FFF172C4 12
2 2 995 FFEC71A6 12
2 2 996 FFE7C378 12
2 2 997 FFE32660 12
2 2 998 FFDEE48E 12
2 2 999 FFDBC1C6 12
2 2 1000 FFDA1E2C 12
2 2 1001 FFD9AB20 12
2 2 1002 FFDAB38A 12
2 2 1003 FFDE445A 12
2 2 1004 FFE4F246 12
2 2 1005 FFEE58FA 12
2 2 1006 FFFAA620 12
2 2 1007 000B45F6 12
2 2 1008 00213AC8 12
2 2 1009 003C039A 12
2 2 1010 005BBF42 12
2 2 1011 00826EB0 12
2 2 1012 00B2657A 12
2 2 1013 00EBF070 12
2 2 1014 012F6108 12
2 2 1015 0180BD10 12
2 2 1016 01E7AD50 12
2 2 1017 026B372A 12
2 2 1018 031A2AA6 12
2 2 1019 04202DAA 12
2 2 1020 04997320 12
2 2 1021 0A2E7EFC 12
2 2 1022 091B9E10 12
2 2 1023 2E673095 12
2 3 0 FE04A38C 9
2 3 1 FF013E92 9
2 3 2 006A4E76 9
2 3 3 00DBD494 9
2 3 4 01DEEE8E 9
2 3 5 FDEC89B4 9
2 3 6 FC9E4964 9
2 3 7 FE42496A 9
2 3 8 03EC947E 9
2 3 9 FF4A7D04 9
2 3 10 FFD78006 9
2 3 11 01DC1CE0 9
2 3 12 02E1517C 9
2 3 13 FECDEA6A 9
2 3 14 FE33CB34 9
2 3 15 FDEC05AA 9
2 3 16 FDB34150 9
2 3 17 FE82D1B8 9
2 3 18 FD1ADD32 9
2 3 19 01F34534 9
2 3 20 FCE835AA 9
2 3 21 FE2A9A08 9
2 3 22 020CA2FE 9
2 3 23 FF89E4B0 9
2 3 24 FB3AE528 9
2 3 25 FFAD482A 9
2 3 26 FFC4171C 9
2 3 27 023BDC8A 9
2 3 28 FF1F3EFA 9
2 3 29 0070451A 9
2 3 30 00213C2C 9
2 3 31 FDC5F9CA 9
2 3 32 014CC0D0 9
2 3 33 0342ACA6 9
2 3 34 FF3F5BEE 9
2 3 35 FF7A5DB6 9
2 3 36 01164008 9
2 3 37 03FAA05C 9
2 3 38 01A606F8 9
2 3 39 FF70E12A 9
2 3 40 FFE13038 9
2 3 41 002E7556 9
2 3 42 FF01B1BA 9
2 3 43 028B0F50 9
2 3 44 FEF79BF6 9
2 3 45 021F4244 9
2 3 46 FA72FA9C 9
2 3 47 FEDF7FA4 9
2 3 48 01787272 9
2 3 49 02760F3C 9
2 3 50 FF694214 9
2 3 51 FD869354 9
2 3 52 FCD14BD2 9
2 3 53 00C10A00 9
2 3 54 FFD83064 9
2 3 55 FE97377A 9
2 3 56 FF3E2B1A 9
2 3 57 011CF9B6 9
2 3 58 FF77617A 9
2 3 59 FCB6B846 9
2 3 60 FF9F8290 9
2 3 61 FFCDCF3C 9
2 3 62 FF44B9B6 9
2 3 63 00CC748C 9
2 3 64 00C6D4B8 9
2 3 65 FF54F814 9
2 3 66 03859658 9
2 3 67 FFC9543A 9
2 3 68 FEE3ACBE 9
2 3 69 001D20C2 9
2 3 70 FE5E5314 9
2 3 71 0265A88E 9
2 3 72 0033099A 9
2 3 73 0080C01E 9
2 3 74 FFDEF25A 9
2 3 75 FF5C643C 9
2 3 76 FEBF83D2 9
2 3 77 0364043E 9
2 3 78 FC5E6D2A 9
2 3 79 016788E8 9
2 3 80 FDD52B36 9
2 3 81 0083B2E6 9
2 3 82 0367245E 9
2 3 83 FE8F5336 9
2 3 84 FD0900A2 9
2 3 85 005BB27C 9
2 3 86 03C09DD6 9
2 3 87 0239E9F6 9
2 3 88 045FBC52 9
2 3 89 05EFEAA4 9
2 3 90 05E2BBD4 9
2 3 91 FFBF09BA 9
2 3 92 0228099A 9
2 3 93 FE382426 9
2 3 94 FD5DFD6E 9
2 3 95 FC6FF45A 9
2 3 96 023C8AAC 9
2 3 97 FE9709BA 9
2 3 98 01E17E4C 9
2 3 99 01029BF8 9
2 3 100 FE355D64 9
2 3 101 0006AF28 9
2 3 102 02FE3B68 9
2 3 103 FD52D68A 9
2 3 104 01F45C34 9
2 3 105 FC1B5970 9
2 3 106 0328C962 9
2 3 107 00CD272A 9
2 3 108 FD859276 9
2 3 109 0099C946 9
2 3 110 FD32A720 9
2 3 111 00C36274 9
2 3 112 00BC9DC6 9
2 3 113 FDC7EA1C 9
2 3 114 FCB62A1C 9
2 3 115 003C32D6 9
2 3 116 FDAC62EC 9
2 3 117 FF66BB00 9
2 3 118 02782D16 9
2 3 119 FF17521A 9
2 3 120 01B60506 9
2 3 121 004D472A 9
2 3 122 FC89E088 9
2 3 123 000EF5C2 9
2 3 124 00ED197C 9
2 3 125 FF9C6C52 9
2 3 126 FECD5408 9
2 3 127 FDF87DDF 9
2 3 128 FFA72032 9
2 3 129 0207BF68 9
2 3 130 0160DFB0 9
2 3 131 012710D2 9
2 3 132 03007B94 9
2 3 133 FF8ED608 9
2 3 134 04DF4928 9
2 3 135 FF594A28 9
2 3 136 01919AC6 9
2 3 137 FC2B8B72 9
2 3 138 FF2C4776 9
2 3 139 FED74A38 9
2 3 140 006CA926 9
2 3 141 02852DB6 9
2 3 142 FF775872 9
2 3 143 FFF4F4FE 9
2 3 144 00E56BBC 9
2 3 145 0304EF54 9
2 3 146 FE3C51F8 9
2 3 147 FE2CE196 9
2 3 148 FF988770 9
2 3 149 FC182792 9
2 3 150 FFE9B55A 9
2 3 151 02F81CDC 9
2 3 152 039146CC 9
2 3 153 FE7EB69C 9
2 3 154 FEDE74CE 9
2 3 155 02D5D466 9
2 3 156 0113795E 9
2 3 157 FC8854B6 9
2 3 158 00A75DDC 9
2 3 159 FC0B0150 9
2 3 160 02A973AA 9
2 3 161 FEFB773E 9
2 3 162 FF2C4DF4 9
2 3 163 007AD5AC 9
2 3 164 FEC1FE7C 9
2 3 165 02652DA0 9
2 3 166 FF0A34B2 9
2 3 167 0224164A 9
2 3 168 FE88FC86 9
2 3 169 FE3BCA84 9
2 3 170 01879078 9
2 3 171 FCBFE4F6 9
2 3 172 00FFF00A 9
2 3 173 00033102 9
2 3 174 00512A08 9
2 3 175 FF3DDC18 9
2 3 176 FF74B8DA 9
2 3 177 013147C0 9
2 3 178 FD1917B4 9
2 3 179 FECEBEDE 9
2 3 180 FF549D98 9
2 3 181 FFA4DF44 9
2 3 182 FFB5C608 9
2 3 183 02107158 9
2 3 184 FFD24228 9
2 3 185 FF90EB26 9
2 3 186 0017931C 9
2 3 187 FD568364 9
2 3 188 FE3E0E88 9
2 3 189 035F0590 9
2 3 190 04CD99E4 9
2 3 191 FFBF955C 9
2 3 192 FE25430C 9
2 3 193 026413F2 9
2 3 194 00BF9930 9
2 3 195 00949844 9
2 3 196 001713AA 9
2 3 197 037F3FBC 9
2 3 198 FE968EBC 9
2 3 199 01E85900 9
2 3 200 FF835878 9
2 3 201 FD379304 9
2 3 202 039EEB5E 9
2 3 203 00A50708 9
2 3 204 FB77D184 9
2 3 205 FD50DEE2 9
2 3 206 FDDDAE34 9
2 3 207 FFFD526E 9
2 3 208 013277A8 9
2 3 209 01A20754 9
2 3 210 FBFB1660 9
2 3 211 0065F7F8 9
2 3 212 0163511E 9
2 3 213 FC72F064 9
2 3 214 03911FFA 9
2 3 215 01BC486A 9
2 3 216 06F6B3BA 9
2 3 217 0282354E 9
2 3 218 006F8C84 9
2 3 219 FDDD2EE2 9
2 3 220 FE7BF0D0 9
2 3 221 FCF8A23E 9
2 3 222 FF5BB302 9
2 3 223 FECC63B4 9
2 3 224 FBCBF02C 9
2 3 225 FCCAC218 9
2 3 226 0006ACAC 9
2 3 227 00DF0C5A 9
2 3 228 FE783DF4 9
2 3 229 0073F054 9
2 3 230 FD5F239E 9
2 3 231 FE8607C6 9
2 3 232 002E51C6 9
2 3 233 018A505E 9
2 3 234 FF03BC04 9
2 3 235 FEA5F870 9
2 3 236 00314A4A 9
2 3 237 FCC82218 9
2 3 238 FF879026 9
2 3 239 08FD9906 9
2 3 240 023B01E8 9
2 3 241 012F658A 9
2 3 242 02F5BD76 9
2 3 243 03492C02 9
2 3 244 0193C216 9
2 3 245 FF7584C4 9
2 3 246 0202766A 9
2 3 247 03962E7E 9
2 3 248 00A61CEE 9
2 3 249 FFFBCA8E 9
2 3 250 01B706E2 9
2 3 251 FF648AF8 9
2 3 252 04325E9A 9
2 3 253 FFE39F2C 9
2 3 254 003CBABE 9
2 3 255 00AA0EAB 9
2 3 256 0295665F 9
2 3 257 FE6385FA 9
2 3 258 008ACA64 9
2 3 259 0396022E 9
2 3 260 FF8C38D0 9
2 3 261 01B2A8A8 9
2 3 262 013EB638 9
2 3 263 FD89AF90 9
2 3 264 0475672E 9
2 3 265 0428F334 9
2 3 266 FEB9964C 9
2 3 267 0029B498 9
2 3 268 006A6036 9
2 3 269 FEAA3BC8 9
2 3 270 024F41B0 9
2 3 271 036965E8 9
2 3 272 FE457F0C 9
2 3 273 FDB05F72 9
2 3 274 FFB6C17E 9
2 3 275 0024F764 9
2 3 276 FDE7976C 9
2 3 277 044845F4 9
2 3 278 FB5ADFCA 9
2 3 279 0302C7DC 9
2 3 280 018CD54A 9
2 3 281 FFB22A34 9
2 3 282 0043BE12 9
2 3 283 FE264DEC 9
2 3 284 FF1C785C 9
2 3 285 FC199472 9
2 3 286 FEFBBB8E 9
2 3 287 00A0A83E 9
2 3 288 FCF46A18 9
2 3 289 01F71454 9
2 3 290 0155C4E4 9
2 3 291 FEF468B0 9
2 3 292 FD648404 9
2 3 293 FC935BF2 9
2 3 294 FE8A7552 9
2 3 295 FEA1C8D6 9
2 3 296 03B5775A 9
2 3 297 02B97C82 9
2 3 298 0006D0D4 9
2 3 299 02658992 9
2 3 300 0142B112 9
2 3 301 FDD9EBF2 9
2 3 302 FF1A716A 9
2 3 303 016622F4 9
2 3 304 F9B816EA 9
2 3 305 FBD1F076 9
2 3 306 03A06DB8 9
2 3 307 01B84D4E 9
2 3 308 0122333E 9
2 3 309 FF4FBB00 9
2 3 310 FF3CAF70 9
2 3 311 05BF70DC 9
2 3 312 02DE8F00 9
2 3 313 0064F234 9
2 3 314 FD7F2678 9
2 3 315 FEEEB71C 9
2 3 316 01CF07DA 9
2 3 317 00CBF7E2 9
2 3 318 FEECAA4A 9
2 3 319 00C51852 9
2 3 320 FF8B976A 9
2 3 321 FD1D2E90 9
2 3 322 FFAEB844 9
2 3 323 FFDF06D8 9
2 3 324 FC856C04 9
2 3 325 00785A80 9
2 3 326 FFB228F4 9
2 3 327 FC1D95DE 9
2 3 328 FEDC630E 9
2 3 329 FF3F96F6 9
2 3 330 00F1B976 9
2 3 331 FF25D1E2 9
2 3 332 FCD48AD4 9
2 3 333 01EF4E4A 9
2 3 334 FE67C144 9
2 3 335 0012DB18 9
2 3 336 FA9064CA 9
2 3 337 FF4A42FE 9
2 3 338 004E54BE 9
2 3 339 01E99702 9
2 3 340 011B3FE6 9
2 3 341 FD7DAA66 9
2 3 342 FE03AF20 9
2 3 343 01E54B38 9
2 3 344 0208107C 9
2 3 345 0255EEBE 9
2 3 346 02E20306 9
2 3 347 01163030 9
2 3 348 0153A88E 9
2 3 349 FF285236 9
2 3 350 FE315DBE 9
2 3 351 03EABF56 9
2 3 352 FE533A16 9
2 3 353 FCB6CEEE 9
2 3 354 FF647DF8 9
2 3 355 FE4645CE 9
2 3 356 FEDF2266 9
2 3 357 01341032 9
2 3 358 031EB012 9
2 3 359 0320B40C 9
2 3 360 FED8CF3A 9
2 3 361 0182C5C2 9
2 3 362 0182118A 9
2 3 363 FF85D784 9
2 3 364 FBFE0D18 9
2 3 365 FBEF8E40 9
2 3 366 FFE8171E 9
2 3 367 FB14661C 9
2 3 368 006744FC 9
2 3 369 0267356E 9
2 3 370 0104B116 9
2 3 371 FE3FE266 9
2 3 372 0266F07C 9
2 3 373 03AA1524 9
2 3 374 021E569E 9
2 3 375 005317D4 9
2 3 376 020AAB8C 9
2 3 377 04504572 9
2 3 378 020B56D8 9
2 3 379 039F5536 9
2 3 380 01FEB48E 9
2 3 381 FEDD0FA2 9
2 3 382 01AF9654 9
2 3 383 0097B1C2 9
2 3 384 00B43815 9
2 3 385 FF433CA6 9
2 3 386 FC7E0404 9
2 3 387 0122E620 9
2 3 388 FF3336C2 9
2 3 389 002D7ECA 9
2 3 390 FF5AE836 9
2 3 391 FE97447E 9
2 3 392 FDB232EC 9
2 3 393 00566628 9
2 3 394 FFFF8BCA 9
2 3 395 FF5AAFCE 9
2 3 396 0126B432 9
2 3 397 0118DF90 9
2 3 398 FE9F455E 9
2 3 399 FC790B46 9
2 3 400 FF958502 9
2 3 401 FEB52E4A 9
2 3 402 00902DC4 9
2 3 403 FD621D6C 9
2 3 404 00F03F6C 9
2 3 405 FF7EA04C 9
2 3 406 02FE95F0 9
2 3 407 FF3DBB0C 9
2 3 408 033F5924 9
2 3 409 FD877CCA 9
2 3 410 031CA796 9
2 3 411 02524E36 9
2 3 412 04CE7674 9
2 3 413 013D694E 9
2 3 414 01EB128C 9
2 3 415 FCD8C974 9
2 3 416 FCEB5640 9
2 3 417 02F172E8 9
2 3 418 FB4B8572 9
2 3 419 0037B484 9
2 3 420 FF7E7BF0 9
2 3 421 0028F272 9
2 3 422 05CE177A 9
2 3 423 0047176C 9
2 3 424 023A5504 9
2 3 425 FC9F5D2C 9
2 3 426 0048430E 9
2 3 427 FD29BD9A 9
2 3 428 005CFF94 9
2 3 429 FE314FCA 9
2 3 430 FEDE86CA 9
2 3 431 031ED3DA 9
2 3 432 FBB0583C 9
2 3 433 01196A80 9
2 3 434 025F0268 9
2 3 435 0529A806 9
2 3 436 FEA25CF0 9
2 3 437 FF6D5AF8 9
2 3 438 FD694D7C 9
2 3 439 FE51DE08 9
2 3 440 00BF2392 9
2 3 441 01A78C58 9
2 3 442 FE5BA1D2 9
2 3 443 001304DA 9
2 3 444 FBF40006 9
2 3 445 FF92ABD4 9
2 3 446 FEF28544 9
2 3 447 FC4D0E48 9
2 3 448 FF7D7830 9
2 3 449 FDFBFED2 9
2 3 450 01BDA220 9
2 3 451 FC899D24 9
2 3 452 00AB64E4 9
2 3 453 04FB3DBC 9
2 3 454 005F9F74 9
2 3 455 FDEEA65C 9
2 3 456 FCB1A00A 9
2 3 457 0165DF56 9
2 3 458 04DAA54C 9
2 3 459 01B32700 9
2 3 460 045FD5AA 9
2 3 461 FDC71EA0 9
2 3 462 038E8D08 9
2 3 463 0017F5DE 9
2 3 464 FD8999DE 9
2 3 465 000A59D0 9
2 3 466 018D6F14 9
2 3 467 000534F0 9
2 3 468 02407EEE 9
2 3 469 FE229F82 9
2 3 470 FF1047BC 9
2 3 471 FFE41D52 9
2 3 472 024DD248 9
2 3 473 FFEFAC4C 9
2 3 474 FCFA7BE6 9
2 3 475 FFD1BF84 9
2 3 476 015DBB2C 9
2 3 477 FDB41026 9
2 3 478 01AE6E62 9
2 3 479 FF008BE6 9
2 3 480 0041DA70 9
2 3 481 FFF6B852 9
2 3 482 0107AF3E 9
2 3 483 00439CC0 9
2 3 484 0202AB7C 9
2 3 485 FCF45942 9
2 3 486 FDF01D88 9
2 3 487 00D43CE6 9
2 3 488 01F754A8 9
2 3 489 FE420410 9
2 3 490 01444DAA 9
2 3 491 0148A06A 9
2 3 492 00168110 9
2 3 493 FC2B95DE 9
2 3 494 005D6008 9
2 3 495 02BD6264 9
2 3 496 FEA4E0D2 9
2 3 497 FCB9BDA4 9
2 3 498 0224632E 9
2 3 499 02C25F60 9
2 3 500 F992A9B2 9
2 3 501 FEF8520C 9
2 3 502 066938B0 9
2 3 503 FD12DB32 9
2 3 504 003DC658 9
2 3 505 FE8A97EC 9
2 3 506 FC13132C 9
2 3 507 FDF362E4 9
2 3 508 FBEBD0B8 9
2 3 509 FD11E3FC 9
2 3 510 FE532C28 9
2 3 511 FF396DB6 9
2 3 512 FEFB696E 9
2 3 513 02452C94 9
2 3 514 FC332590 9
2 3 515 01664CF8 9
2 3 516 FDD77386 9
2 3 517 024CD452 9
2 3 518 FD00F5CC 9
2 3 519 FF9D98C6 9
2 3 520 03746DE2 9
2 3 521 01C25894 9
2 3 522 FFB82A82 9
2 3 523 014C0410 9
2 3 524 FF48942C 9
2 3 525 FF819EDC 9
2 3 526 02A3BEB2 9
2 3 527 002DB566 9
2 3 528 FF03100A 9
2 3 529 FEF5AD2A 9
2 3 530 FE639270 9
2 3 531 FFF8E1E6 9
2 3 532 01398AA0 9
2 3 533 FEDB0A80 9
2 3 534 01E0E160 9
2 3 535 00F78EB4 9
2 3 536 01D1CEC6 9
2 3 537 0066A14E 9
2 3 538 FF9538D4 9
2 3 539 FF79EBAE 9
2 3 540 04710FDC 9
2 3 541 FDA2C2D2 9
2 3 542 028AA0E4 9
2 3 543 033E766C 9
2 3 544 0229EFD0 9
2 3 545 00A22D24 9
2 3 546 010B6EBC 9
2 3 547 FEBAAE72 9
2 3 548 FEF76858 9
2 3 549 03EFC832 9
2 3 550 FE76F24E 9
2 3 551 F9EF1F5E 9
2 3 552 FEC51AEE 9
2 3 553 02E734FA 9
2 3 554 FFEDA2C6 9
2 3 555 FCB54AF2 9
2 3 556 FE2C1278 9
2 3 557 03A173F4 9
2 3 558 FF349A20 9
2 3 559 FD9CC63C 9
2 3 560 015246E2 9
2 3 561 035794A8 9
2 3 562 00ED883E 9
2 3 563 015EF100 9
2 3 564 FEF00120 9
2 3 565 020F2436 9
2 3 566 FC9A2D06 9
2 3 567 02AEDE00 9
2 3 568 012F0C68 9
2 3 569 FEDE2BC2 9
2 3 570 02A5627E 9
2 3 571 024C0948 9
2 3 572 FC94773C 9
2 3 573 01C2852E 9
2 3 574 FFE7302E 9
2 3 575 FFC23F1E 9
2 3 576 023B3C5A 9
2 3 577 03CF48D8 9
2 3 578 FEB66980 9
2 3 579 FBE8EB0C 9
2 3 580 02AEA332 9
2 3 581 FEC335BE 9
2 3 582 FE718C04 9
2 3 583 00A696DE 9
2 3 584 023F7C9C 9
2 3 585 05E42978 9
2 3 586 0162E768 9
2 3 587 FE974AEA 9
2 3 588 FDE64A3A 9
2 3 589 FF252072 9
2 3 590 FA2DD516 9
2 3 591 FBB05E02 9
2 3 592 FECCA726 9
2 3 593 FB0D6D4A 9
2 3 594 FC97036A 9
2 3 595 018FA1F0 9
2 3 596 02B4E654 9
2 3 597 01046EA2 9
2 3 598 010FE798 9
2 3 599 FF2020A2 9
2 3 600 02E78864 9
2 3 601 FDD35594 9
2 3 602 FE43BDC0 9
2 3 603 FE803A36 9
2 3 604 FE2EAC98 9
2 3 605 FD4C7850 9
2 3 606 00E78088 9
2 3 607 FEF5CF0A 9
2 3 608 018876FC 9
2 3 609 FDDFCFE6 9
2 3 610 000C22D2 9
2 3 611 007DFD42 9
2 3 612 FE20E8C4 9
2 3 613 FEAD19BE 9
2 3 614 FDD699AA 9
2 3 615 070E67B2 9
2 3 616 FE440E92 9
2 3 617 FE8E1E16 9
2 3 618 FAFA3E90 9
2 3 619 FED5F236 9
2 3 620 FF6CB3C0 9
2 3 621 037EE8C8 9
2 3 622 FF97DBD0 9
2 3 623 FE14E182 9
2 3 624 F7667E0A 9
2 3 625 FEB42BC0 9
2 3 626 FDFFF542 9
2 3 627 00A08350 9
2 3 628 0021447C 9
2 3 629 03ABD12A 9
2 3 630 FE4D8C52 9
2 3 631 00A038A8 9
2 3 632 FED48D8C 9
2 3 633 023A5B48 9
2 3 634 00D3BE36 9
2 3 635 FFA631A2 9
2 3 636 0055D2E4 9
2 3 637 023F9386 9
2 3 638 00B676F8 9
2 3 639 041788FF 9
2 3 640 FEE0F4CB 9
2 3 641 FE4B3444 9
2 3 642 01520A80 9
2 3 643 01641CD0 9
2 3 644 03185D02 9
2 3 645 00BBA57E 9
2 3 646 022F740C 9
2 3 647 014DA256 9
2 3 648 FF9A277C 9
2 3 649 008354A4 9
2 3 650 FE5273BE 9
2 3 651 FD043C30 9
2 3 652 012D0812 9
2 3 653 00001D24 9
2 3 654 FCC517E8 9
2 3 655 FE5EAB10 9
2 3 656 0143FD56 9
2 3 657 FC5AFCA8 9
2 3 658 0651986E 9
2 3 659 00198A36 9
2 3 660 02521228 9
2 3 661 0056EF5A 9
2 3 662 FEFB8DE8 9
2 3 663 00D2DAB6 9
2 3 664 01D2C716 9
2 3 665 0063DC64 9
2 3 666 0165992C 9
2 3 667 01F07C4E 9
2 3 668 016378CA 9
2 3 669 06751782 9
2 3 670 FDBBD042 9
2 3 671 00C6C70C 9
2 3 672 FDD25BD6 9
2 3 673 FE43B4E0 9
2 3 674 FF900CFC 9
2 3 675 FF935AA8 9
2 3 676 01FE8B6E 9
2 3 677 048467B8 9
2 3 678 FCF67BD0 9
2 3 679 FE92C7DC 9
2 3 680 FF32ADA2 9
2 3 681 00E77ECE 9
2 3 682 00ECEE04 9
2 3 683 01110CD6 9
2 3 684 FE6E8A84 9
2 3 685 01DF64CA 9
2 3 686 FEC46028 9
2 3 687 FEC0825A 9
2 3 688 FEB0D454 9
2 3 689 FF768780 9
2 3 690 019120AA 9
2 3 691 F9E2FD8C 9
2 3 692 FF0D114A 9
2 3 693 FEC53980 9
2 3 694 00423022 9
2 3 695 00CCC418 9
2 3 696 003699CA 9
2 3 697 FF1C7C60 9
2 3 698 FDDC476C 9
2 3 699 049B2BF8 9
2 3 700 FC892674 9
2 3 701 FD5648BE 9
2 3 702 02C58BE4 9
2 3 703 FE65D4FE 9
2 3 704 0364D952 9
2 3 705 FEA5B1A8 9
2 3 706 00B19028 9
2 3 707 FDDEECA2 9
2 3 708 00F34874 9
2 3 709 FE6A138E 9
2 3 710 FDF92F8E 9
2 3 711 0044473C 9
2 3 712 01E5ADF4 9
2 3 713 FE841294 9
2 3 714 0050855E 9
2 3 715 00C873F6 9
2 3 716 019BBD62 9
2 3 717 0408D1A8 9
2 3 718 FDE933B2 9
2 3 719 01061F00 9
2 3 720 01516284 9
2 3 721 019D8086 9
2 3 722 FF1FAAB8 9
2 3 723 01478352 9
2 3 724 FEB21372 9
2 3 725 FE8D9574 9
2 3 726 02B5B988 9
2 3 727 0093636A 9
2 3 728 014F3EA6 9
2 3 729 FD94438A 9
2 3 730 FCAEAA36 9
2 3 731 047147B8 9
2 3 732 04403778 9
2 3 733 FCFEDC76 9
2 3 734 016B8D5A 9
2 3 735 FF973E8A 9
2 3 736 02674E02 9
2 3 737 00F79F3E 9
2 3 738 FEC7A77C 9
2 3 739 FD2BDB44 9
2 3 740 02851CA6 9
2 3 741 011A2396 9
2 3 742 FDC7D3D6 9
2 3 743 FC3283CE 9
2 3 744 00942430 9
2 3 745 0321C3EC 9
2 3 746 FFB2D484 9
2 3 747 FF8F508C 9
2 3 748 FC3914C4 9
2 3 749 FF791374 9
2 3 750 FF669FB6 9
2 3 751 01598CBA 9
2 3 752 009D9A34 9
2 3 753 029388A6 9
2 3 754 FD7EA402 9
2 3 755 FE0AF426 9
2 3 756 FF62BB4A 9
2 3 757 03786C5A 9
2 3 758 022E1382 9
2 3 759 0053510A 9
2 3 760 FDDE735E 9
2 3 761 01959BB4 9
2 3 762 01DB3E44 9
2 3 763 FC8D704C 9
2 3 764 039F6D50 9
2 3 765 04DCABC2 9
2 3 766 01A515A4 9
2 3 767 FE43A1E3 9
2 3 768 FE894B7F 9
2 3 769 FE175036 9
2 3 770 021EB91A 9
2 3 771 FF2C2958 9
2 3 772 FDCC533E 9
2 3 773 FCAE0C4E 9
2 3 774 FF96B0AC 9
2 3 775 034F54C6 9
2 3 776 FCC1AE46 9
2 3 777 018CE762 9
2 3 778 02791346 9
2 3 779 FE643F4E 9
2 3 780 FCE78FD8 9
2 3 781 03103492 9
2 3 782 01334394 9
2 3 783 FE77E354 9
2 3 784 01EBAE0C 9
2 3 785 FEA3F18E 9
2 3 786 005AE602 9
2 3 787 008A263A 9
2 3 788 021AC6E6 9
2 3 789 00F9BD68 9
2 3 790 FEF48D10 9
2 3 791 022C2C86 9
2 3 792 FD415FE4 9
2 3 793 FE359A16 9
2 3 794 FD5BB34E 9
2 3 795 FE521A3C 9
2 3 796 FEE352B8 9
2 3 797 020290EC 9
2 3 798 FCD3887E 9
2 3 799 05B52B7C 9
2 3 800 02194C68 9
2 3 801 FDAFCCE8 9
2 3 802 00C935B4 9
2 3 803 02C565E4 9
2 3 804 00881BDC 9
2 3 805 FF6B6DE4 9
2 3 806 022EFD6A 9
2 3 807 FFE5901A 9
2 3 808 FF818740 9
2 3 809 FAE26BFE 9
2 3 810 003AE82A 9
2 3 811 FE836C72 9
2 3 812 FE28D71A 9
2 3 813 FE6990C8 9
2 3 814 010F981A 9
2 3 815 FEE46B96 9
2 3 816 0310E45C 9
2 3 817 FDED2650 9
2 3 818 FBFF5D20 9
2 3 819 01810B68 9
2 3 820 FE2056FC 9
2 3 821 026FE9F0 9
2 3 822 00191DA2 9
2 3 823 FE6852D6 9
2 3 824 0040A14A 9
2 3 825 FB67471E 9
2 3 826 01B6ADD8 9
2 3 827 0325C646 9
2 3 828 FE240820 9
2 3 829 02904924 9
2 3 830 00D8B55E 9
2 3 831 01D702F6 9
2 3 832 FF727F22 9
2 3 833 02B2EBF2 9
2 3 834 FD154842 9
2 3 835 FC3E01AE 9
2 3 836 023F316C 9
2 3 837 FDA66914 9
2 3 838 033E6794 9
2 3 839 0132DFD2 9
2 3 840 028C5604 9
2 3 841 FC504986 9
2 3 842 04952162 9
2 3 843 FACB6E8A 9
2 3 844 FD75A1CA 9
2 3 845 FF961D58 9
2 3 846 02B47066 9
2 3 847 04968662 9
2 3 848 007DCB40 9
2 3 849 FDDDF66A 9
2 3 850 FF0C8B9E 9
2 3 851 FF6E8DE2 9
2 3 852 FF5ECD10 9
2 3 853 FFF84F32 9
2 3 854 FDDBA1F6 9
2 3 855 FFDC7E9E 9
2 3 856 FBD482A6 9
2 3 857 FFF58560 9
2 3 858 0125D044 9
2 3 859 FE07986C 9
2 3 860 0136FD6A 9
2 3 861 FD22FFD2 9
2 3 862 01D83DF4 9
2 3 863 FEE27AF0 9
2 3 864 FB7460DA 9
2 3 865 00B0F8C6 9
2 3 866 FEAEE0F6 9
2 3 867 01545E06 9
2 3 868 02AB2DEE 9
2 3 869 007EECC2 9
2 3 870 0323C1C4 9
2 3 871 FDB96D92 9
2 3 872 FFAD6580 9
2 3 873 00DCFA96 9
2 3 874 044C3686 9
2 3 875 00CE2DCE 9
2 3 876 00F259BA 9
2 3 877 010EFE52 9
2 3 878 FE572A16 9
2 3 879 FC920CA6 9
2 3 880 FFAB930C 9
2 3 881 FDC61032 9
2 3 882 00135892 9
2 3 883 018C8EA0 9
2 3 884 0227F9D2 9
2 3 885 FEB8B11A 9
2 3 886 0190FCE6 9
2 3 887 0019C5C0 9
2 3 888 013708DC 9
2 3 889 01EC3038 9
2 3 890 02A6AC5C 9
2 3 891 FA8DD86A 9
2 3 892 017C4FDE 9
2 3 893 00DFC46C 9
2 3 894 FF3AB8E2 9
2 3 895 01479DE8 9
2 3 896 FE913026 9
2 3 897 00C8580E 9
2 3 898 008297DE 9
2 3 899 FF0FBDE8 9
2 3 900 FD2F0F9A 9
2 3 901 0233F872 9
2 3 902 FF485DDC 9
2 3 903 FBF57662 9
2 3 904 FE065CB8 9
2 3 905 FACA3254 9
2 3 906 01F79A2C 9
2 3 907 FDFA44A2 9
2 3 908 FF152E78 9
2 3 909 FC0D6830 9
2 3 910 022565E0 9
2 3 911 03299EB6 9
2 3 912 020D0FD4 9
2 3 913 0170C324 9
2 3 914 03E63D90 9
2 3 915 FFE3F450 9
2 3 916 023E94A8 9
2 3 917 FC13C05E 9
2 3 918 01957F70 9
2 3 919 FD03AC5A 9
2 3 920 FFB7FC1E 9
2 3 921 01C463FA 9
2 3 922 013E2624 9
2 3 923 0009D8A6 9
2 3 924 072B07FC 9
2 3 925 FED2B43E 9
2 3 926 003EE37A 9
2 3 927 019D8A5E 9
2 3 928 FEE3092C 9
2 3 929 00D2222C 9
2 3 930 0419FCCC 9
2 3 931 FF9538B8 9
2 3 932 039A53BE 9
2 3 933 00822F7E 9
2 3 934 FD9C6B2E 9
2 3 935 FD2D6188 9
2 3 936 00B7AE5C 9
2 3 937 FEAFFA56 9
2 3 938 01D433A8 9
2 3 939 07ABEC98 9
2 3 940 002BFA28 9
2 3 941 FDF7131C 9
2 3 942 FED84368 9
2 3 943 001D18D6 9
2 3 944 FEC14C96 9
2 3 945 01B81964 9
2 3 946 01707A48 9
2 3 947 FED12A5A 9
2 3 948 FF4EF094 9
2 3 949 FE1CA158 9
2 3 950 FECA3D64 9
2 3 951 003C08BA 9
2 3 952 00B86B3A 9
2 3 953 FC191F62 9
2 3 954 FFD8D95C 9
2 3 955 FBA337EA 9
2 3 956 027A1A26 9
2 3 957 FC0F69C2 9
2 3 958 029DDF28 9
2 3 959 FDB3CD04 9
2 3 960 FFF4E854 9
2 3 961 FE306490 9
2 3 962 FE72F950 9
2 3 963 01B3ACC8 9
2 3 964 0378E790 9
2 3 965 021C897E 9
2 3 966 FFFE44CC 9
2 3 967 011FFF8C 9
2 3 968 04635EA8 9
2 3 969 02A0D962 9
2 3 970 FDC77DA4 9
2 3 971 02CB0F50 9
2 3 972 FC177AFC 9
2 3 973 FB8C915E 9
2 3 974 01829B12 9
2 3 975 002ECC36 9
2 3 976 FDB7E3DE 9
2 3 977 FD2F9450 9
2 3 978 045DF702 9
2 3 979 001CFA6E 9
2 3 980 FDDF7F3C 9
2 3 981 020D765A 9
2 3 982 01E6A696 9
2 3 983 FEC562A4 9
2 3 984 FC63972C 9
2 3 985 00FEBA48 9
2 3 986 FD788FDE 9
2 3 987 00020082 9
2 3 988 00711B4E 9
2 3 989 0236C20A 9
2 3 990 FFB91300 9
2 3 991 FA48D246 9
2 3 992 02DE97C6 9
2 3 993 FEF50728 9
2 3 994 02989796 9
2 3 995 FFFBE4F4 9
2 3 996 FC3C1E50 9
2 3 997 01D4E960 9
2 3 998 01107F22 9
2 3 999 022E2354 9
2 3 1000 FD0F88C0 9
2 3 1001 FFF2EC44 9
2 3 1002 FE9CD276 9
2 3 1003 02F8D0CE 9
2 3 1004 FD6CFCC0 9
2 3 1005 01F67C7C 9
2 3 1006 0126FD86 9
2 3 1007 FE4B5D9E 9
2 3 1008 02215014 9
2 3 1009 FC7CE2D6 9
2 3 1010 008AD10E 9
2 3 1011 FE4EABAE 9
2 3 1012 FFD3C14E 9
2 3 1013 FD290FC8 9
2 3 1014 00AF5B48 9
2 3 1015 011158C4 9
2 3 1016 039D46F4 9
2 3 1017 FC6AFCAC 9
2 3 1018 FEA16E0C 9
2 3 1019 00863B30 9
2 3 1020 FD46BF5E 9
2 3 1021 00A173CA 9
2 3 1022 012D7370 9
2 3 1023 FE0D887F 9
2 4 0 005CC613 12
2 4 1 FF5F3AF8 12
2 4 2 12A4C2C4 12
2 4 3 074647B8 12
2 4 4 FCA7F4F4 12
2 4 5 FFC2AD2C 12
2 4 6 F38925B0 12
2 4 7 0298A202 12
2 4 8 F96FD3D8 12
2 4 9 075ADBFE 12
2 4 10 FEAECFD0 12
2 4 11 05CB0834 12
2 4 12 00094EDA 12
2 4 13 002AB084 12
2 4 14 FE6E3DE2 12
2 4 15 FBFCAFDC 12
2 4 16 00288B92 12
2 4 17 FE2E66AC 12
2 4 18 02F15BB4 12
2 4 19 0050D894 12
2 4 20 02385C2A 12
2 4 21 00B2D57A 12
2 4 22 FF276AD0 12
2 4 23 FFA2405C 12
2 4 24 FCDF2554 12
2 4 25 00BA8C46 12
2 4 26 FE850B26 12
2 4 27 0279E7DA 12
2 4 28 FFFBD13C 12
2 4 29 01AFB5F6 12
2 4 30 00225D58 12
2 4 31 FF6BE218 12
2 4 32 FF9190AE 12
2 4 33 FDE432A4 12
2 4 34 0078B674 12
2 4 35 FF22638A 12
2 4 36 01D57738 12
2 4 37 002E2140 12
2 4 38 010EFC38 12
2 4 39 0017A8F6 12
2 4 40 FF5481FC 12
2 4 41 FFC4CF90 12
2 4 42 FE4D415C 12
2 4 43 007C797C 12
2 4 44 FF5C14CE 12
2 4 45 018F5636 12
2 4 46 002E539A 12
2 4 47 00C0B55E 12
2 4 48 FFFD5EC2 12
2 4 49 FF57CE1E 12
2 4 50 FFD719EE 12
2 4 51 FEA20DD6 12
2 4 52 007773AC 12
2 4 53 FF8B367C 12
2 4 54 015303C2 12
2 4 55 003274E2 12
2 4 56 00872DFC 12
2 4 57 FFF0D08E 12
2 4 58 FF550270 12
2 4 59 FFE7254E 12
2 4 60 FEDFF9A4 12
2 4 61 00788AE4 12
2 4 62 FFA9067C 12
2 4 63 01245FFC 12
2 4 64 00334986 12
2 4 65 005F7562 12
2 4 66 FFE6BC24 12
2 4 67 FF536BBC 12
2 4 68 FFF38AEC 12
2 4 69 FF11EE5A 12
2 4 70 00799F2C 12
2 4 71 FFBE948C 12
2 4 72 00FDEC34 12
2 4 73 0032AF08 12
2 4 74 0040B968 12
2 4 75 FFE00C78 12
2 4 76 FF538996 12
2 4 77 FFFDBAEA 12
2 4 78 FF39C04A 12
2 4 79 007B2A0C 12
2 4 80 FFCFAB74 12
2 4 81 00DD18F0 12
2 4 82 002F7FB0 12
2 4 83 002849B2 12
2 4 84 FFDD034A 12
2 4 85 FF5554B8 12
2 4 86 00054580 12
2 4 87 FF5A3234 12
2 4 88 007D9FA2 12
2 4 89 FFDDBFEC 12
2 4 90 00BF98C4 12
2 4 91 002A62F6 12
2 4 92 0015013C 12
2 4 93 FFDCB346 12
2 4 94 FF581704 12
2 4 95 000AF376 12
2 4 96 FF758AEC 12
2 4 97 00803C06 12
2 4 98 FFE92242 12
2 4 99 00A4EB24 12
2 4 100 00247D9A 12
2 4 101 00053826 12
2 4 102 FFDDE7FA 12
2 4 103 FF5C1394 12
2 4 104 000FF8D4 12
2 4 105 FF8C95EC 12
2 4 106 0081F798 12
2 4 107 FFF29E9C 12
2 4 108 008D4F4C 12
2 4 109 001DFCD2 12
2 4 110 FFF7556C 12
2 4 111 FFE04C4E 12
2 4 112 FF61DE52 12
2 4 113 001499B4 12
2 4 114 FF9F85A8 12
2 4 115 00829880 12
2 4 116 FFFB2060 12
2 4 117 00785EA4 12
2 4 118 0016B7F2 12
2 4 119 FFEADC46 12
2 4 120 FFE3F13E 12
2 4 121 FF69427A 12
2 4 122 0018AF70 12
2 4 123 FFAF0FC2 12
2 4 124 00825AB6 12
2 4 125 0002ACB0 12
2 4 126 0065799E 12
2 4 127 000F2CC0 12
2 4 128 FFDFD1B8 12
2 4 129 FFE85C9E 12
2 4 130 FF71A75C 12
2 4 131 001C928C 12
2 4 132 FFBC2AC0 12
2 4 133 0080FEDE 12
2 4 134 0008F3D8 12
2 4 135 00548CB2 12
2 4 136 000812B8 12
2 4 137 FFD5EA6E 12
2 4 138 FFECD59E 12
2 4 139 FF7AE166 12
2 4 140 0020CE82 12
2 4 141 FFC745C6 12
2 4 142 007E1870 12
2 4 143 000DF392 12
2 4 144 0045B950 12
2 4 145 0001B03C 12
2 4 146 FFCCBC6A 12
2 4 147 FFF12664 12
2 4 148 FF84FAF8 12
2 4 149 0025716E 12
2 4 150 FFD08516 12
2 4 151 0079B896 12
2 4 152 0011EE1C 12
2 4 153 0038C0B2 12
2 4 154 FFFBF6FA 12
2 4 155 FFC45DDE 12
2 4 156 FFF563E0 12
2 4 157 FF8F998E 12
2 4 158 002A3788 12
2 4 159 FFD85818 12
2 4 160 00743DEE 12
2 4 161 0014CA62 12
2 4 162 002D29C2 12
2 4 163 FFF72328 12
2 4 164 FFBD1CEC 12
2 4 165 FFF95F60 12
2 4 166 FF9A29A8 12
2 4 167 002F198A 12
2 4 168 FFDF5850 12
2 4 169 006DC6B4 12
2 4 170 0016408C 12
2 4 171 0022B232 12
2 4 172 FFF38980 12
2 4 173 FFB7138A 12
2 4 174 FFFCD90A 12
2 4 175 FFA47212 12
2 4 176 00343544 12
2 4 177 FFE5C4A6 12
2 4 178 0066592E 12
2 4 179 00166708 12
2 4 180 001955AA 12
2 4 181 FFF13102 12
2 4 182 FFB225E2 12
2 4 183 FFFFDA94 12
2 4 184 FFAE6244 12
2 4 185 0039533C 12
2 4 186 FFEBA0D4 12
2 4 187 005E3768 12
2 4 188 00157BF2 12
2 4 189 0010CDD8 12
2 4 190 FFEFDB02 12
2 4 191 FFAE786C 12
2 4 192 0002A4FE 12
2 4 193 FFB7C10E 12
2 4 194 003E170C 12
2 4 195 FFF112F8 12
2 4 196 0055D0FA 12
2 4 197 00139D12 12
2 4 198 0008B832 12
2 4 199 FFEF7194 12
2 4 200 FFAC4470 12
2 4 201 0005519A 12
2 4 202 FFC0482A 12
2 4 203 00424858 12
2 4 204 FFF65162 12
2 4 205 004D60F0 12
2 4 206 0010D308 12
2 4 207 0000F36E 12
2 4 208 FFEFF934 12
2 4 209 FFAB8604 12
2 4 210 0007D9C8 12
2 4 211 FFC7E8B8 12
2 4 212 0045DD16 12
2 4 213 FFFB5C16 12
2 4 214 0044F890 12
2 4 215 000D5A50 12
2 4 216 FFF982EE 12
2 4 217 FFF13B74 12
2 4 218 FFAC14AE 12
2 4 219 000A6842 12
2 4 220 FFCEC706 12
2 4 221 0048A204 12
2 4 222 FFFFF9C8 12
2 4 223 003CCA10 12
2 4 224 00098FBE 12
2 4 225 FFF25452 12
2 4 226 FFF2E6A8 12
2 4 227 FFADD04C 12
2 4 228 000D3BD6 12
2 4 229 FFD4EB94 12
2 4 230 004A5BA8 12
2 4 231 00042016 12
2 4 232 003511DA 12
2 4 233 0005B330 12
2 4 234 FFEB4B9E 12
2 4 235 FFF4C81E 12
2 4 236 FFB0B614 12
2 4 237 00106380 12
2 4 238 FFDA5602 12
2 4 239 004AF416 12
2 4 240 0007C942 12
2 4 241 002DDB12 12
2 4 242 0001E238 12
2 4 243 FFE477BE 12
2 4 244 FFF6D894 12
2 4 245 FFB49010 12
2 4 246 0013D5E4 12
2 4 247 FFDF2850 12
2 4 248 004A85D6 12
2 4 249 000AD538 12
2 4 250 0027138A 12
2 4 251 FFFE56EA 12
2 4 252 FFDE0DB2 12
2 4 253 FFF8F28E 12
2 4 254 FFB90C14 12
2 4 255 00178FB6 12
2 4 256 FFE39C68 12
2 4 257 00491B2A 12
2 4 258 000D0C38 12
2 4 259 0020B202 12
2 4 260 FFFB54E0 12
2 4 261 FFD82DA2 12
2 4 262 FFFADDB6 12
2 4 263 FFBDF26A 12
2 4 264 001B98B6 12
2 4 265 FFE7D45C 12
2 4 266 0046ADB6 12
2 4 267 000E6C2C 12
2 4 268 001ABAD6 12
2 4 269 FFF8F5F0 12
2 4 270 FFD2E112 12
2 4 271 FFFCA59A 12
2 4 272 FFC31D54 12
2 4 273 001FDA58 12
2 4 274 FFEBD910 12
2 4 275 00436766 12
2 4 276 000EFB4E 12
2 4 277 0015120C 12
2 4 278 FFF737A4 12
2 4 279 FFCE4B68 12
2 4 280 FFFE5526 12
2 4 281 FFC858A4 12
2 4 282 00241B46 12
2 4 283 FFEFBC2C 12
2 4 284 003F86BC 12
2 4 285 000EBF1E 12
2 4 286 000F8C7E 12
2 4 287 FFF61C60 12
2 4 288 FFCAA4F8 12
2 4 289 FFFFF612 12
2 4 290 FFCD6B0A 12
2 4 291 0028353C 12
2 4 292 FFF39F24 12
2 4 293 003B372C 12
2 4 294 000DB658 12
2 4 295 000A13F2 12
2 4 296 FFF5A8F2 12
2 4 297 FFC7FB76 12
2 4 298 000186DC 12
2 4 299 FFD230D2 12
2 4 300 002C0CD2 12
2 4 301 FFF77D04 12
2 4 302 003694DA 12
2 4 303 000C004C 12
2 4 304 0004A3F8 12
2 4 305 FFF5CDCA 12
2 4 306 FFC64C72 12
2 4 307 000328FC 12
2 4 308 FFD6ADD8 12
2 4 309 002F76E8 12
2 4 310 FFFB3BE6 12
2 4 311 0031C84A 12
2 4 312 0009CFF8 12
2 4 313 FFFF3404 12
2 4 314 FFF65716 12
2 4 315 FFC59740 12
2 4 316 0004FF04 12
2 4 317 FFDAD28C 12
2 4 318 00323F76 12
2 4 319 FFFECA78 12
2 4 320 002D0422 12
2 4 321 000750AC 12
2 4 322 FFF9B4CC 12
2 4 323 FFF72D0C 12
2 4 324 FFC5DDE4 12
2 4 325 00071D32 12
2 4 326 FFDE9672 12
2 4 327 00344A46 12
2 4 328 00021D44 12
2 4 329 00285EBE 12
2 4 330 00049F46 12
2 4 331 FFF427EA 12
2 4 332 FFF83892 12
2 4 333 FFC70C00 12
2 4 334 000985C4 12
2 4 335 FFE20B52 12
2 4 336 0035933E 12
2 4 337 00051816 12
2 4 338 0023DB2A 12
2 4 339 0001EF06 12
2 4 340 FFEEB7F8 12
2 4 341 FFF96224 12
2 4 342 FFC8F064 12
2 4 343 000C3EFE 12
2 4 344 FFE54CE8 12
2 4 345 00360FD0 12
2 4 346 000793A8 12
2 4 347 001F7D06 12
2 4 348 FFFF72C4 12
2 4 349 FFE978B0 12
2 4 350 FFFA85F2 12
2 4 351 FFCB6302 12
2 4 352 000F51D8 12
2 4 353 FFE86DDE 12
2 4 354 0035B806 12
2 4 355 00097728 12
2 4 356 001B4C4A 12
2 4 357 FFFD4D22 12
2 4 358 FFE47C4A 12
2 4 359 FFFB9A44 12
2 4 360 FFCE4654 12
2 4 361 0012B24A 12
2 4 362 FFEB7B12 12
2 4 363 00349EB4 12
2 4 364 000AC1C8 12
2 4 365 00173BBA 12
2 4 366 FFFB82D2 12
2 4 367 FFDFE714 12
2 4 368 FFFCA172 12
2 4 369 FFD173AA 12
2 4 370 00164190 12
2 4 371 FFEE7F06 12
2 4 372 0032E570 12
2 4 373 000B6528 12
2 4 374 001332F0 12
2 4 375 FFFA2B02 12
2 4 376 FFDBE264 12
2 4 377 FFFD9D4C 12
2 4 378 FFD4B752 12
2 4 379 0019DD6C 12
2 4 380 FFF1935C 12
2 4 381 0030A5B4 12
2 4 382 000B5A78 12
2 4 383 000F1B9C 12
2 4 384 FFF94E8A 12
2 4 385 FFD88B64 12
2 4 386 FFFE979A 12
2 4 387 FFD7F320 12
2 4 388 001D70EC 12
2 4 389 FFF4B9C0 12
2 4 390 002DFE40 12
2 4 391 000AB1C2 12
2 4 392 000AF510 12
2 4 393 FFF8E80A 12
2 4 394 FFD5E8EA 12
2 4 395 FFFF9944 12
2 4 396 FFDB1926 12
2 4 397 0020D5D6 12
2 4 398 FFF7E44A 12
2 4 399 002B0E78 12
2 4 400 00098476 12
2 4 401 0006B654 12
2 4 402 FFF8D832 12
2 4 403 FFD40CC6 12
2 4 404 0000C302 12
2 4 405 FFDE1B72 12
2 4 406 0023E430 12
2 4 407 FFFB03D6 12
2 4 408 0027F722 12
2 4 409 0007F1F2 12
2 4 410 00024D42 12
2 4 411 FFF91520 12
2 4 412 FFD2FEF4 12
2 4 413 00022772 12
2 4 414 FFE0EA82 12
2 4 415 002677B6 12
2 4 416 FFFE0E34 12
2 4 417 0024D170 12
2 4 418 00060EC0 12
2 4 419 FFFDBB14 12
2 4 420 FFF98DE8 12
2 4 421 FFD2BA3A 12
2 4 422 0003CF70 12
2 4 423 FFE389AA 12
2 4 424 002880C6 12
2 4 425 0000EDD6 12
2 4 426 0021AC2C 12
2 4 427 000407CC 12
2 4 428 FFF91A04 12
2 4 429 FFFA2A5C 12
2 4 430 FFD3217C 12
2 4 431 0005C2A6 12
2 4 432 FFE6099C 12
2 4 433 0029F0AC 12
2 4 434 00037FC4 12
2 4 435 001E8A78 12
2 4 436 000200F8 12
2 4 437 FFF47712 12
2 4 438 FFFAD0E4 12
2 4 439 FFD41F78 12
2 4 440 000810F8 12
2 4 441 FFE879C2 12
2 4 442 002AB6AE 12
2 4 443 0005AC00 12
2 4 444 001B7B34 12
2 4 445 00001BEE 12
2 4 446 FFEFE822 12
2 4 447 FFFB7018 12
2 4 448 FFD59D9C 12
2 4 449 000AB4C6 12
2 4 450 FFEAE34E 12
2 4 451 002AD728 12
2 4 452 000761E2 12
2 4 453 0018787A 12
2 4 454 FFFE6C86 12
2 4 455 FFEB864C 12
2 4 456 FFFC0BEE 12
2 4 457 FFD77B0A 12
2 4 458 000D9ED2 12
2 4 459 FFED5130 12
2 4 460 002A6166 12
2 4 461 000893D4 12
2 4 462 00156834 12
2 4 463 FFFD0608 12
2 4 464 FFE7789E 12
2 4 465 FFFCA146 12
2 4 466 FFD99252 12
2 4 467 0010B746 12
2 4 468 FFEFD5D4 12
2 4 469 002969BC 12
2 4 470 00093814 12
2 4 471 00124AD2 12
2 4 472 FFFBF9EA 12
2 4 473 FFE3DCFA 12
2 4 474 FFFD2DEA 12
2 4 475 FFDBC7E0 12
2 4 476 0013E9EE 12
2 4 477 FFF2798A 12
2 4 478 002801DC 12
2 4 479 000948E0 12
2 4 480 000F131A 12
2 4 481 FFFB4796 12
2 4 482 FFE0C2E6 12
2 4 483 FFFDC190 12
2 4 484 FFDE0600 12
2 4 485 0017197A 12
2 4 486 FFF5314C 12
2 4 487 00263C34 12
2 4 488 0008DB78 12
2 4 489 000BB244 12
2 4 490 FFFAE3E8 12
2 4 491 FFDE3D9A 12
2 4 492 FFFE70CA 12
2 4 493 FFE03D58 12
2 4 494 001A232E 12
2 4 495 FFF7F73C 12
2 4 496 00244284 12
2 4 497 0007FC54 12
2 4 498 00081DB8 12
2 4 499 FFFAC3CC 12
2 4 500 FFDC6132 12
2 4 501 FFFF4D46 12
2 4 502 FFE26236 12
2 4 503 001CE5CA 12
2 4 504 FFFABFEC 12
2 4 505 0022269E 12
2 4 506 0006C3D8 12
2 4 507 00045462 12
2 4 508 FFFADCD6 12
2 4 509 FFDB28F4 12
2 4 510 00005E1C 12
2 4 511 FFE4645C 12
2 4 512 001F4818 12
2 4 513 FFFD8092 12
2 4 514 001FE92C 12
2 4 515 000547C2 12
2 4 516 0000623E 12
2 4 517 FFFB19E0 12
2 4 518 FFDA9F86 12
2 4 519 0001B964 12
2 4 520 FFE65D62 12
2 4 521 00213ED0 12
2 4 522 000013A8 12
2 4 523 001DB276 12
2 4 524 0003AD7A 12
2 4 525 FFFC4F8A 12
2 4 526 FFFB6AA2 12
2 4 527 FFDA97F0 12
2 4 528 000368BA 12
2 4 529 FFE84AB4 12
2 4 530 0022B01C 12
2 4 531 0002641C 12
2 4 532 001B6D4A 12
2 4 533 0002123E 12
2 4 534 FFF82F46 12
2 4 535 FFFBBE58 12
2 4 536 FFDB18EC 12
2 4 537 00056CB8 12
2 4 538 FFEA3870 12
2 4 539 0023939A 12
2 4 540 000462A6 12
2 4 541 0019303C 12
2 4 542 00008DBE 12
2 4 543 FFF414CE 12
2 4 544 FFFC0DEC 12
2 4 545 FFDC0616 12
2 4 546 0007C328 12
2 4 547 FFEC3132 12
2 4 548 0023F7FE 12
2 4 549 0005FB44 12
2 4 550 0016DED2 12
2 4 551 FFFF32F2 12
2 4 552 FFF01FE4 12
2 4 553 FFFC58DC 12
2 4 554 FFDD42A0 12
2 4 555 000A5AE2 12
2 4 556 FFEE4662 12
2 4 557 0023DE46 12
2 4 558 00071AB8 12
2 4 559 001478D4 12
2 4 560 FFFE16A2 12
2 4 561 FFEC6FE0 12
2 4 562 FFFC9BCC 12
2 4 563 FFDEAB5E 12
2 4 564 000D25A2 12
2 4 565 FFF07D2E 12
2 4 566 002356D6 12
2 4 567 0007BD62 12
2 4 568 0011F562 12
2 4 569 FFFD3B92 12
2 4 570 FFE91560 12
2 4 571 FFFCDCAE 12
2 4 572 FFE036FC 12
2 4 573 00100A1A 12
2 4 574 FFF2D800 12
2 4 575 002271BA 12
2 4 576 0007E540 12
2 4 577 000F465A 12
2 4 578 FFFCA36E 12
2 4 579 FFE62B6E 12
2 4 580 FFFD317E 12
2 4 581 FFE1D1F8 12
2 4 582 0012F028 12
2 4 583 FFF54CD2 12
2 4 584 00214802 12
2 4 585 00079CAC 12
2 4 586 000C636E 12
2 4 587 FFFC4604 12
2 4 588 FFE3C5A4 12
2 4 589 FFFDA2A0 12
2 4 590 FFE36640 12
2 4 591 0015B372 12
2 4 592 FFF7D9CE 12
2 4 593 001FEB7A 12
2 4 594 0006F022 12
2 4 595 00094018 12
2 4 596 FFFC1FE2 12
2 4 597 FFE1EE90 12
2 4 598 FFFE43F2 12
2 4 599 FFE4F4CA 12
2 4 600 00184300 12
2 4 601 FFFA6E32 12
2 4 602 001E6F82 12
2 4 603 0005F354 12
2 4 604 0005E598 12
2 4 605 FFFC1E14 12
2 4 606 FFE09FF2 12
2 4 607 FFFF20A2 12
2 4 608 FFE67C02 12
2 4 609 001A8448 12
2 4 610 FFFCF822 12
2 4 611 001CD7D0 12
2 4 612 0004C20E 12
2 4 613 00025826 12
2 4 614 FFFC326E 12
2 4 615 FFDFE032 12
2 4 616 00004AFC 12
2 4 617 FFE800D4 12
2 4 618 001C606C 12
2 4 619 FFFF5B48 12
2 4 620 001B3892 12
2 4 621 0003751C 12
2 4 622 FFFEA1B2 12
2 4 623 FFFC4FC0 12
2 4 624 FFDF9C08 12
2 4 625 0001C982 12
2 4 626 FFE98ACC 12
2 4 627 001DCBB8 12
2 4 628 00018924 12
2 4 629 00198E52 12
2 4 630 00022350 12
2 4 631 FFFAD72E 12
2 4 632 FFFC692C 12
2 4 633 FFDFC642 12
2 4 634 00039770 12
2 4 635 FFEB20D8 12
2 4 636 001EC7B0 12
2 4 637 00036826 12
2 4 638 0017D6BC 12
2 4 639 0000E3C6 12
2 4 640 FFF71092 12
2 4 641 FFFC7E4E 12
2 4 642 FFE04D6C 12
2 4 643 0005B7D2 12
2 4 644 FFECD742 12
2 4 645 001F5418 12
2 4 646 0004E9CE 12
2 4 647 0016064C 12
2 4 648 FFFFCA0A 12
2 4 649 FFF365A0 12
2 4 650 FFFC8BCE 12
2 4 651 FFE11524 12
2 4 652 000818E6 12
2 4 653 FFEEB1FC 12
2 4 654 001F7410 12
2 4 655 000600B2 12
2 4 656 001416D6 12
2 4 657 FFFEE050 12
2 4 658 FFEFEF08 12
2 4 659 FFFC9240 12
2 4 660 FFE20B78 12
2 4 661 000AAC6A 12
2 4 662 FFF0B222 12
2 4 663 001F37D4 12
2 4 664 0006A79E 12
2 4 665 001200EC 12
2 4 666 FFFE2E9A 12
2 4 667 FFECC7BC 12
2 4 668 FFFC9FEE 12
2 4 669 FFE31C9A 12
2 4 670 000D5880 12
2 4 671 FFF2DB8E 12
2 4 672 001EB272 12
2 4 673 0006E064 12
2 4 674 000FAEA8 12
2 4 675 FFFDAACE 12
2 4 676 FFEA00D8 12
2 4 677 FFFCC318 12
2 4 678 FFE43E94 12
2 4 679 001006D6 12
2 4 680 FFF52B2A 12
2 4 681 001DF1C8 12
2 4 682 0006B0D4 12
2 4 683 000D1DF6 12
2 4 684 FFFD576E 12
2 4 685 FFE7ADFC 12
2 4 686 FFFD05FA 12
2 4 687 FFE56190 12
2 4 688 00129D40 12
2 4 689 FFF7959E 12
2 4 690 001D061E 12
2 4 691 00062964 12
2 4 692 000A4C72 12
2 4 693 FFFD2BA8 12
2 4 694 FFE5D620 12
2 4 695 FFFD7C78 12
2 4 696 FFE68680 12
2 4 697 00150370 12
2 4 698 FFFA0708 12
2 4 699 001BFBB4 12
2 4 700 00055C0A 12
2 4 701 00073C68 12
2 4 702 FFFD1458 12
2 4 703 FFE47A74 12
2 4 704 FFFE345A 12
2 4 705 FFE7AE82 12
2 4 706 00172430 12
2 4 707 FFFC6E76 12
2 4 708 001ADFC4 12
2 4 709 00046400 12
2 4 710 0003F0EC 12
2 4 711 FFFD08C4 12
2 4 712 FFE39788 12
2 4 713 FFFF3812 12
2 4 714 FFE8E052 12
2 4 715 0018EE0E 12
2 4 716 FFFEB762 12
2 4 717 0019B56C 12
2 4 718 00034F22 12
2 4 719 00007892 12
2 4 720 FFFCFFD2 12
2 4 721 FFE323D0 12
2 4 722 0000914A 12
2 4 723 FFEA2172 12
2 4 724 001A5A5A 12
2 4 725 0000CE5C 12
2 4 726 0018791E 12
2 4 727 00023732 12
2 4 728 FFFCEB12 12
2 4 729 FFFCEE2A 12
2 4 730 FFE30F0E 12
2 4 731 00023C2A 12
2 4 732 FFEB7E8E 12
2 4 733 001B6242 12
2 4 734 00029A22 12
2 4 735 001724F0 12
2 4 736 000130A0 12
2 4 737 FFF95930 12
2 4 738 FFFCD4F4 12
2 4 739 FFE3438A 12
2 4 740 0004356A 12
2 4 741 FFED01FE 12
2 4 742 001C09D2 12
2 4 743 00040EE2 12
2 4 744 0015B724 12
2 4 745 000048C2 12
2 4 746 FFF5E042 12
2 4 747 FFFCAED8 12
2 4 748 FFE3B5BE 12
2 4 749 0006700E 12
2 4 750 FFEEB2B8 12
2 4 751 001C5644 12
2 4 752 00051FC8 12
2 4 753 00141D6A 12
2 4 754 FFFF8660 12
2 4 755 FFF2915C 12
2 4 756 FFFC8888 12
2 4 757 FFE4524C 12
2 4 758 0008D7D2 12
2 4 759 FFF09158 12
2 4 760 001C5680 12
2 4 761 0005CC5C 12
2 4 762 00125398 12
2 4 763 FFFEF238 12
2 4 764 FFEF88E6 12
2 4 765 FFFC6C42 12
2 4 766 FFE503D8 12
2 4 767 000B5FFE 12
2 4 768 FFF2A09A 12
2 4 769 001C194E 12
2 4 770 00061252 12
2 4 771 00104258 12
2 4 772 FFFE8470 12
2 4 773 FFECDDD6 12
2 4 774 FFFC60A0 12
2 4 775 FFE5C4BE 12
2 4 776 000DE71E 12
2 4 777 FFF4D3BA 12
2 4 778 001BAD08 12
2 4 779 0005F8F0 12
2 4 780 000DF342 12
2 4 781 FFFE37B6 12
2 4 782 FFEA9422 12
2 4 783 FFFC8030 12
2 4 784 FFE690DC 12
2 4 785 00105CE6 12
2 4 786 FFF72A96 12
2 4 787 001B17F8 12
2 4 788 000590F0 12
2 4 789 000B5A94 12
2 4 790 FFFE02BA 12
2 4 791 FFE8B712 12
2 4 792 FFFCD856 12
2 4 793 FFE764E4 12
2 4 794 0012A72E 12
2 4 795 FFF988A6 12
2 4 796 001A68DC 12
2 4 797 0004EBBA 12
2 4 798 00087756 12
2 4 799 FFFDDDFA 12
2 4 800 FFE74A82 12
2 4 801 FFFD74B8 12
2 4 802 FFE8432E 12
2 4 803 0014B076 12
2 4 804 FFFBDE20 12
2 4 805 0019AB84 12
2 4 806 0004195E 12
2 4 807 00055A12 12
2 4 808 FFFDB9D0 12
2 4 809 FFE64D7C 12
2 4 810 FFFE5D86 12
2 4 811 FFE92F7E 12
2 4 812 00166F3C 12
2 4 813 FFFE1728 12
2 4 814 0018DC62 12
2 4 815 0003371E 12
2 4 816 00020BD2 12
2 4 817 FFFD8D70 12
2 4 818 FFE5AA60 12
2 4 819 FFFF987C 12
2 4 820 FFEA3AB8 12
2 4 821 0017DBAC 12
2 4 822 00001ED8 12
2 4 823 0017F81E 12
2 4 824 00024FC2 12
2 4 825 FFFEA4EE 12
2 4 826 FFFD57E0 12
2 4 827 FFE55E9A 12
2 4 828 00012B26 12
2 4 829 FFEB6D78 12
2 4 830 0018EEF4 12
2 4 831 0001E25C 12
2 4 832 0016F81C 12
2 4 833 0001761C 12
2 4 834 FFFB37FE 12
2 4 835 FFFD13C2 12
2 4 836 FFE553E8 12
2 4 837 00030A24 12
2 4 838 FFECCB78 12
2 4 839 0019AD5E 12
2 4 840 000350BA 12
2 4 841 0015D49C 12
2 4 842 0000B958 12
2 4 843 FFF7DA12 12
2 4 844 FFFCC684 12
2 4 845 FFE57C86 12
2 4 846 00052A08 12
2 4 847 FFEE5EEE 12
2 4 848 001A20E6 12
2 4 849 000462EE 12
2 4 850 00147C42 12
2 4 851 00001780 12
2 4 852 FFF4A768 12
2 4 853 FFFC76BC 12
2 4 854 FFE5CBD6 12
2 4 855 00077970 12
2 4 856 FFF02984 12
2 4 857 001A5248 12
2 4 858 000511FE 12
2 4 859 0012E9F0 12
2 4 860 FFFF9B84 12
2 4 861 FFF1B740 12
2 4 862 FFFC344C 12
2 4 863 FFE6315C 12
2 4 864 0009E2B0 12
2 4 865 FFF226D4 12
2 4 866 001A50B2 12
2 4 867 000563F6 12
2 4 868 00111022 12
2 4 869 FFFF405A 12
2 4 870 FFEF1026 12
2 4 871 FFFC0A7A 12
2 4 872 FFE6A34E 12
2 4 873 000C50E6 12
2 4 874 FFF45278 12
2 4 875 001A23D0 12
2 4 876 00056038 12
2 4 877 000EE896 12
2 4 878 FFFEF7D2 12
2 4 879 FFECCAD6 12
2 4 880 FFFC0CD0 12
2 4 881 FFE723A0 12
2 4 882 000EAEB8 12
2 4 883 FFF69A3E 12
2 4 884 0019DD26 12
2 4 885 00051456 12
2 4 886 000C74B0 12
2 4 887 FFFEBE46 12
2 4 888 FFEAE810 12
2 4 889 FFFC454E 12
2 4 890 FFE7B13E 12
2 4 891 0010E08C 12
2 4 892 FFF8EE22 12
2 4 893 00197842 12
2 4 894 00049014 12
2 4 895 0009B466 12
2 4 896 FFFE8BC8 12
2 4 897 FFE968FA 12
2 4 898 FFFCC5FA 12
2 4 899 FFE850CA 12
2 4 900 0012DEB8 12
2 4 901 FFFB3DF4 12
2 4 902 00190DF2 12
2 4 903 0003E6E4 12
2 4 904 0006B304 12
2 4 905 FFFE5114 12
2 4 906 FFE84A68 12
2 4 907 FFFD9EFE 12
2 4 908 FFE90B3C 12
2 4 909 00149658 12
2 4 910 FFFD6FFC 12
2 4 911 00188E26 12
2 4 912 00032A2E 12
2 4 913 00038352 12
2 4 914 FFFE0854 12
2 4 915 FFE781DA 12
2 4 916 FFFEC9DC 12
2 4 917 FFE9E940 12
2 4 918 001604A2 12
2 4 919 FFFF70FA 12
2 4 920 0017F324 12
2 4 921 00026BE6 12
2 4 922 000032AA 12
2 4 923 FFFDB0E4 12
2 4 924 FFE702CC 12
2 4 925 000049E4 12
2 4 926 FFEAF6AE 12
2 4 927 0017254E 12
2 4 928 00012EBE 12
2 4 929 00173696 12
2 4 930 0001BA66 12
2 4 931 FFFCD600 12
2 4 932 FFFD48E2 12
2 4 933 FFE6C0B8 12
2 4 934 000216C6 12
2 4 935 FFEC3D56 12
2 4 936 0017FCC8 12
2 4 937 00029E04 12
2 4 938 00165108 12
2 4 939 00011ECC 12
2 4 940 FFF98AEE 12
2 4 941 FFFCD2EE 12
2 4 942 FFE6A52E 12
2 4 943 0004233C 12
2 4 944 FFEDBA30 12
2 4 945 001892DC 12
2 4 946 0003B20C 12
2 4 947 00152E9A 12
2 4 948 00009D6C 12
2 4 949 FFF66766 12
2 4 950 FFFC601C 12
2 4 951 FFE6AF44 12
2 4 952 00066162 12
2 4 953 FFEF78EA 12
2 4 954 0018F1C0 12
2 4 955 00046EE8 12
2 4 956 0013CB92 12
2 4 957 00003C6E 12
2 4 958 FFF377E0 12
2 4 959 FFFBF9E2 12
2 4 960 FFE6CB3A 12
2 4 961 0008BB02 12
2 4 962 FFF17366 12
2 4 963 001925C8 12
2 4 964 0004CDB4 12
2 4 965 00121A2A 12
2 4 966 FFFFE714 12
2 4 967 FFF0D10C 12
2 4 968 FFFBB2F6 12
2 4 969 FFE6F3D0 12
2 4 970 000B1A16 12
2 4 971 FFF39442 12
2 4 972 001938D8 12
2 4 973 0004DC42 12
2 4 974 00100F58 12
2 4 975 FFFFA78E 12
2 4 976 FFEE8940 12
2 4 977 FFFB99E2 12
2 4 978 FFE7334E 12
2 4 979 000D659C 12
2 4 980 FFF5DB6A 12
2 4 981 001932D2 12
2 4 982 0004A9EC 12
2 4 983 000DB0C8 12
2 4 984 FFFF6E72 12
2 4 985 FFEC9A74 12
2 4 986 FFFBBE44 12
2 4 987 FFE787A0 12
2 4 988 000F8BBE 12
2 4 989 FFF83478 12
2 4 990 00191CEC 12
2 4 991 000445BE 12
2 4 992 000B07B8 12
2 4 993 FFFF28D4 12
2 4 994 FFEB0538 12
2 4 995 FFFC2BBA 12
2 4 996 FFE7ED6A 12
2 4 997 00118798 12
2 4 998 FFFA8146 12
2 4 999 0018F5D8 12
2 4 1000 0003BB14 12
2 4 1001 0008178C 12
2 4 1002 FFFEDEA6 12
2 4 1003 FFE9BE0A 12
2 4 1004 FFFCF678 12
2 4 1005 FFE87482 12
2 4 1006 00133A4A 12
2 4 1007 FFFCB3CE 12
2 4 1008 0018B5AE 12
2 4 1009 000324A2 12
2 4 1010 0004EE54 12
2 4 1011 FFFE7B5A 12
2 4 1012 FFE8CD40 12
2 4 1013 FFFE163C 12
2 4 1014 FFE9377A 12
2 4 1015 0014AC80 12
2 4 1016 FFFEB86C 12
2 4 1017 00185128 12
2 4 1018 0002983E 12
2 4 1019 0001A926 12
2 4 1020 FFFE01FE 12
2 4 1021 FFE83C36 12
2 4 1022 FFFF7C0A 12
2 4 1023 FFEA2042 12
2 5 0 FF83F19B 12
2 5 1 00BAAB50 12
2 5 2 FF7ED9E4 12
2 5 3 FFC44E74 12
2 5 4 FE9AAA12 12
2 5 5 FEB7A898 12
2 5 6 FFD62640 12
2 5 7 016A78B8 12
2 5 8 00549F86 12
2 5 9 00A8D548 12
2 5 10 FFFBD51A 12
2 5 11 00B8EECA 12
2 5 12 009BBFD4 12
2 5 13 0055B068 12
2 5 14 0129A16A 12
2 5 15 FFD1D740 12
2 5 16 FFD204D8 12
2 5 17 FF4A2E3E 12
2 5 18 FF591FFC 12
2 5 19 FFAC0BC6 12
2 5 20 FD3C6E86 12
2 5 21 FFA74592 12
2 5 22 FF9DCC40 12
2 5 23 FFFAB9F4 12
2 5 24 FE7DAF7C 12
2 5 25 FEBD27D0 12
2 5 26 FF396D44 12
2 5 27 008A88FE 12
2 5 28 003574F8 12
2 5 29 0039F368 12
2 5 30 FFDFDE24 12
2 5 31 FF58AF54 12
2 5 32 021CFA66 12
2 5 33 FFD5795C 12
2 5 34 FF03B740 12
2 5 35 009D9C4C 12
2 5 36 FEC65F2A 12
2 5 37 00732E0E 12
2 5 38 FFE35CB6 12
2 5 39 FF8D613C 12
2 5 40 00E29A12 12
2 5 41 0027E2FA 12
2 5 42 FF6A583C 12
2 5 43 FEFF8588 12
2 5 44 01DC14E0 12
2 5 45 FFE870D2 12
2 5 46 FF30A5A6 12
2 5 47 009951A0 12
2 5 48 FF42A266 12
2 5 49 0132ABEA 12
2 5 50 FF4B9A78 12
2 5 51 0089E54A 12
2 5 52 008810E4 12
2 5 53 FEF08BC6 12
2 5 54 007A6944 12
2 5 55 001F942C 12
2 5 56 FE352AD2 12
2 5 57 009A9F5C 12
2 5 58 00673DD0 12
2 5 59 000C462E 12
2 5 60 00F89C88 12
2 5 61 FFF6545C 12
2 5 62 FF6225CE 12
2 5 63 010CC5EC 12
2 5 64 FF9E6A46 12
2 5 65 FF73F680 12
2 5 66 00BCD920 12
2 5 67 FFBCF42A 12
2 5 68 FFF78ACA 12
2 5 69 0036C21C 12
2 5 70 FFD8C93C 12
2 5 71 FF353B6E 12
2 5 72 FEF32204 12
2 5 73 01449DFA 12
2 5 74 FF0846BE 12
2 5 75 008839E8 12
2 5 76 FF6B796E 12
2 5 77 FF4588CE 12
2 5 78 0121368C 12
2 5 79 FF1E6B66 12
2 5 80 0021F214 12
2 5 81 FF3D3A30 12
2 5 82 003ACC28 12
2 5 83 FEEC2AB4 12
2 5 84 FF0D2D94 12
2 5 85 00B846AA 12
2 5 86 FFE1D5CC 12
2 5 87 011D9870 12
2 5 88 00B6450E 12
2 5 89 00D8199C 12
2 5 90 0005E300 12
2 5 91 FF3A3ABA 12
2 5 92 FF63E98C 12
2 5 93 FFB9DBEE 12
2 5 94 0026C4DA 12
2 5 95 01489162 12
2 5 96 FF2F24BC 12
2 5 97 00CA9360 12
2 5 98 FF15D9A4 12
2 5 99 00C93692 12
2 5 100 00C3BCAE 12
2 5 101 017D3C42 12
2 5 102 00BDC44E 12
2 5 103 01C8D9DC 12
2 5 104 FFAFC21A 12
2 5 105 000AFC68 12
2 5 106 00C6CE1E 12
2 5 107 0076364C 12
2 5 108 FE5C9E7A 12
2 5 109 FE96CCAC 12
2 5 110 00A20A56 12
2 5 111 00B50FA2 12
2 5 112 00991352 12
2 5 113 00575FF8 12
2 5 114 00D1D09C 12
2 5 115 FFD30A16 12
2 5 116 0336BD5E 12
2 5 117 FED8FB60 12
2 5 118 FF9F654A 12
2 5 119 003684BC 12
2 5 120 FF6659B8 12
2 5 121 0103B1FE 12
2 5 122 0045AE36 12
2 5 123 006DF8B0 12
2 5 124 00C5B148 12
2 5 125 004C7024 12
2 5 126 FF78496A 12
2 5 127 0046F0F2 12
2 5 128 0055CD6A 12
2 5 129 01B7764A 12
2 5 130 FFE4E9BA 12
2 5 131 006CE3C6 12
2 5 132 00CACD36 12
2 5 133 01BC6644 12
2 5 134 FF53A72C 12
2 5 135 FFF94A4C 12
2 5 136 FFFD9FDC 12
2 5 137 005AE0C6 12
2 5 138 00BD8068 12
2 5 139 FE34DFF2 12
2 5 140 FF50CC78 12
2 5 141 FF483E38 12
2 5 142 0075AB20 12
2 5 143 00ABAF26 12
2 5 144 FFC9728E 12
2 5 145 FDBAAD8E 12
2 5 146 FF7E6A1E 12
2 5 147 FF59666C 12
2 5 148 FF9ADC5C 12
2 5 149 0078B974 12
2 5 150 0081952C 12
2 5 151 002DD33E 12
2 5 152 FF43771A 12
2 5 153 01782AE0 12
2 5 154 FFDE1E1E 12
2 5 155 00A958C8 12
2 5 156 FFC782B8 12
2 5 157 FFF30F24 12
2 5 158 00B4D8CA 12
2 5 159 001C6B30 12
2 5 160 FF1502E2 12
2 5 161 FF195B58 12
2 5 162 014A0E3C 12
2 5 163 000C67FA 12
2 5 164 0221D44A 12
2 5 165 00352AD0 12
2 5 166 FF70AF0C 12
2 5 167 FF37096A 12
2 5 168 00527E54 12
2 5 169 008D8E8E 12
2 5 170 0151AD6C 12
2 5 171 FFBCD9F6 12
2 5 172 FDF7C624 12
2 5 173 0027EBEC 12
2 5 174 FFAE4B5A 12
2 5 175 0192DC1A 12
2 5 176 FFD9573E 12
2 5 177 003BA69E 12
2 5 178 00B00842 12
2 5 179 007EC3BC 12
2 5 180 013B1282 12
2 5 181 FEF0FA1A 12
2 5 182 012DC3DA 12
2 5 183 FE2567F2 12
2 5 184 0076855C 12
2 5 185 00221DB4 12
2 5 186 FFCB2F26 12
2 5 187 FFA1D79A 12
2 5 188 00A54718 12
2 5 189 FF98DEB2 12
2 5 190 0047D398 12
2 5 191 003E0E16 12
2 5 192 0087DBA4 12
2 5 193 FFC67D62 12
2 5 194 00FEAA64 12
2 5 195 FF0DAEBA 12
2 5 196 0009A546 12
2 5 197 0051E350 12
2 5 198 002D36BA 12
2 5 199 00CD02E4 12
2 5 200 00BE6A74 12
2 5 201 00644608 12
2 5 202 00AF7584 12
2 5 203 FFBD582E 12
2 5 204 FF623926 12
2 5 205 FFF8BFB8 12
2 5 206 00E10CAE 12
2 5 207 007DA270 12
2 5 208 FF10888E 12
2 5 209 002D5D48 12
2 5 210 FF9333E6 12
2 5 211 FFE0A9E0 12
2 5 212 FF43FBB2 12
2 5 213 FFB30076 12
2 5 214 005473BE 12
2 5 215 FF726822 12
2 5 216 FF558F50 12
2 5 217 0112AB6C 12
2 5 218 FEC17576 12
2 5 219 FFA823D0 12
2 5 220 004001EC 12
2 5 221 FEBEF436 12
2 5 222 01A598C4 12
2 5 223 FFBE4DEE 12
2 5 224 FF4EFB46 12
2 5 225 0015C62E 12
2 5 226 FE2C93FE 12
2 5 227 01502CA0 12
2 5 228 FEF2B3C0 12
2 5 229 FFC8FC24 12
2 5 230 FF028676 12
2 5 231 00D02ADE 12
2 5 232 014B25A2 12
2 5 233 00376076 12
2 5 234 014E69A0 12
2 5 235 001EB1F2 12
2 5 236 FEF0D060 12
2 5 237 FF635374 12
2 5 238 FE886A94 12
2 5 239 00BBE914 12
2 5 240 015252FE 12
2 5 241 00AD8CC8 12
2 5 242 00EE7E3C 12
2 5 243 005E1A2A 12
2 5 244 007DBCC2 12
2 5 245 003CA44A 12
2 5 246 011231C2 12
2 5 247 00C51B60 12
2 5 248 FFAE590E 12
2 5 249 008BEFC0 12
2 5 250 0049CD4A 12
2 5 251 000BCA24 12
2 5 252 FFF34148 12
2 5 253 00027E88 12
2 5 254 FF4CD2B6 12
2 5 255 00A3C3B4 12
2 5 256 FEE4E122 12
2 5 257 005EB1F4 12
2 5 258 FF1EE294 12
2 5 259 00AC173C 12
2 5 260 0017E7F2 12
2 5 261 FF1AA3F4 12
2 5 262 FF786CB0 12
2 5 263 004E031A 12
2 5 264 FFDBA1EA 12
2 5 265 00622AB2 12
2 5 266 FE8F86C6 12
2 5 267 00D0DE90 12
2 5 268 00F3811E 12
2 5 269 00E1688A 12
2 5 270 012FA590 12
2 5 271 FEEE93AC 12
2 5 272 00063E56 12
2 5 273 FFD5BD4E 12
2 5 274 FF538DAE 12
2 5 275 0017074E 12
2 5 276 015E438A 12
2 5 277 FFDC7780 12
2 5 278 FFF85954 12
2 5 279 FFBA6E64 12
2 5 280 0000F556 12
2 5 281 FEF3932E 12
2 5 282 001BC3B4 12
2 5 283 FDC62AA6 12
2 5 284 006C6BD6 12
2 5 285 FFE33EBC 12
2 5 286 00AD29FA 12
2 5 287 009BD56C 12
2 5 288 FF8130C4 12
2 5 289 FFA292EE 12
2 5 290 FF2443A4 12
2 5 291 015E9F2A 12
2 5 292 FFF072DC 12
2 5 293 FFAFB0E8 12
2 5 294 FF716F20 12
2 5 295 FFB0057C 12
2 5 296 00069090 12
2 5 297 005ACC4E 12
2 5 298 FF3DF34A 12
2 5 299 012BCACA 12
2 5 300 FFD6F97E 12
2 5 301 FFB4BB68 12
2 5 302 007BCAF8 12
2 5 303 FF52963E 12
2 5 304 FFF16672 12
2 5 305 003BC1B6 12
2 5 306 FF5A81C8 12
2 5 307 FF4A2E78 12
2 5 308 FFAC3894 12
2 5 309 0016AB44 12
2 5 310 FFC2DA88 12
2 5 311 FF125E80 12
2 5 312 FF559F40 12
2 5 313 00E318B6 12
2 5 314 FFC8F5CC 12
2 5 315 FF7234DA 12
2 5 316 FF46DF48 12
2 5 317 00AEE6E2 12
2 5 318 00BD389E 12
2 5 319 00EB8090 12
2 5 320 FF41B428 12
2 5 321 0209CD60 12
2 5 322 FEA0DE70 12
2 5 323 0032D986 12
2 5 324 FF762EB2 12
2 5 325 007118A4 12
2 5 326 FFC7F5B6 12
2 5 327 FF617678 12
2 5 328 00C360CA 12
2 5 329 00DC338E 12
2 5 330 00DF8C0C 12
2 5 331 010509DA 12
2 5 332 010AB0BA 12
2 5 333 FF9A51AA 12
2 5 334 FFA57BAA 12
2 5 335 003C8970 12
2 5 336 FFCF1E08 12
2 5 337 FFB82F8C 12
2 5 338 FF497D2A 12
2 5 339 012142CA 12
2 5 340 FF74956E 12
2 5 341 00A85258 12
2 5 342 0002D458 12
2 5 343 FF41435C 12
2 5 344 FF99B5DC 12
2 5 345 007760C8 12
2 5 346 FECB34E2 12
2 5 347 FEE3523E 12
2 5 348 01B5C422 12
2 5 349 FF5CB6DE 12
2 5 350 FF1BE1A6 12
2 5 351 0065FD56 12
2 5 352 FF1A0ADC 12
2 5 353 00447010 12
2 5 354 00D36D0C 12
2 5 355 FE6D9390 12
2 5 356 004AE8AC 12
2 5 357 0040C192 12
2 5 358 FFDB2126 12
2 5 359 00D5183C 12
2 5 360 00E9AAE2 12
2 5 361 FF35AA72 12
2 5 362 005FB05C 12
2 5 363 00B4BAEE 12
2 5 364 00BC3D7E 12
2 5 365 FF74C056 12
2 5 366 FFC09344 12
2 5 367 FF93705E 12
2 5 368 008F440E 12
2 5 369 FF376E12 12
2 5 370 010A0330 12
2 5 371 FED2595C 12
2 5 372 00FE0BAE 12
2 5 373 FF7B3394 12
2 5 374 FFC0C016 12
2 5 375 FF6FED9C 12
2 5 376 FED1F87E 12
2 5 377 00672A66 12
2 5 378 0000CC38 12
2 5 379 FFC4D772 12
2 5 380 FDCA4740 12
2 5 381 00733DA8 12
2 5 382 0049C4DA 12
2 5 383 FFF74BBE 12
2 5 384 00E1DF5E 12
2 5 385 0076947E 12
2 5 386 FE5F0BB0 12
2 5 387 0019C5CC 12
2 5 388 00097558 12
2 5 389 FF5B7050 12
2 5 390 0139154E 12
2 5 391 001F8D12 12
2 5 392 010A6B1A 12
2 5 393 FEC126D6 12
2 5 394 FFD44526 12
2 5 395 FFAAFB6A 12
2 5 396 003539B6 12
2 5 397 01E2C814 12
2 5 398 FF606A56 12
2 5 399 FF87B1B2 12
2 5 400 FFEDD2E6 12
2 5 401 01809A6C 12
2 5 402 01474328 12
2 5 403 FDCEB4F4 12
2 5 404 00567EE4 12
2 5 405 001FF4D8 12
2 5 406 FFF69238 12
2 5 407 FFD7FF78 12
2 5 408 009BD05A 12
2 5 409 00E6D4B2 12
2 5 410 FF6D041C 12
2 5 411 FF2D07CA 12
2 5 412 006FD80E 12
2 5 413 01198E3A 12
2 5 414 FF81C4EA 12
2 5 415 FFDAB9C0 12
2 5 416 FFC04D74 12
2 5 417 FF28B19A 12
2 5 418 013A88A4 12
2 5 419 FFB38F7A 12
2 5 420 007E9418 12
2 5 421 00C8AE04 12
2 5 422 FFF07252 12
2 5 423 FF57D856 12
2 5 424 FF8837D0 12
2 5 425 00AFEA6A 12
2 5 426 FEFB438A 12
2 5 427 FF293CAA 12
2 5 428 FF851BA6 12
2 5 429 001D8C2A 12
2 5 430 FF64D49A 12
2 5 431 0048BD72 12
2 5 432 FF9E2380 12
2 5 433 003D110C 12
2 5 434 FFEE50FC 12
2 5 435 00DD3A9A 12
2 5 436 FF09ACDA 12
2 5 437 00A34E12 12
2 5 438 00BC762E 12
2 5 439 006D81B2 12
2 5 440 002D6102 12
2 5 441 FF5B6992 12
2 5 442 003BC464 12
2 5 443 FF6573EC 12
2 5 444 0012EBBC 12
2 5 445 006A8F3A 12
2 5 446 001C28DA 12
2 5 447 FFA34252 12
2 5 448 FFE3678A 12
2 5 449 FFE382BC 12
2 5 450 FFA5D13C 12
2 5 451 00AF32EE 12
2 5 452 FF852412 12
2 5 453 002E0F98 12
2 5 454 00829AFC 12
2 5 455 0049A2FA 12
2 5 456 006AA5D2 12
2 5 457 009078F2 12
2 5 458 0103C72C 12
2 5 459 FF8C8BEE 12
2 5 460 019A84E2 12
2 5 461 FF79AD50 12
2 5 462 FF4B7558 12
2 5 463 FF9551FA 12
2 5 464 FFDAC7DC 12
2 5 465 00233C00 12
2 5 466 001B63D6 12
2 5 467 FF387A9E 12
2 5 468 FF169E24 12
2 5 469 002C2180 12
2 5 470 FF0FA686 12
2 5 471 FF0CE4C0 12
2 5 472 FF10634E 12
2 5 473 00C67458 12
2 5 474 FF8D1B8E 12
2 5 475 00006A20 12
2 5 476 015EF330 12
2 5 477 FFFFD920 12
2 5 478 FF9EE372 12
2 5 479 FFD65B70 12
2 5 480 FF982A34 12
2 5 481 001D521C 12
2 5 482 FFDAA71E 12
2 5 483 00A3CF5C 12
2 5 484 FF405F16 12
2 5 485 FEF60020 12
2 5 486 00372E8E 12
2 5 487 FFB574FC 12
2 5 488 01769094 12
2 5 489 FF8AF682 12
2 5 490 0126890E 12
2 5 491 0291070C 12
2 5 492 0085A0BE 12
2 5 493 FF950778 12
2 5 494 004BC098 12
2 5 495 000B2BFC 12
2 5 496 01023676 12
2 5 497 005C14F6 12
2 5 498 FF670B7A 12
2 5 499 FF6D52C6 12
2 5 500 FF7475D8 12
2 5 501 0042CC6C 12
2 5 502 00220A40 12
2 5 503 FF5ECDA8 12
2 5 504 FEAF51F0 12
2 5 505 FE898F5A 12
2 5 506 FF444D46 12
2 5 507 0003252C 12
2 5 508 FFFBC820 12
2 5 509 FFB2FF12 12
2 5 510 FFA12F96 12
2 5 511 012A3910 12
2 5 512 0030F600 12
2 5 513 006A941E 12
2 5 514 FE917B18 12
2 5 515 009321C0 12
2 5 516 002FCB0E 12
2 5 517 00E0F2B4 12
2 5 518 FFECFE90 12
2 5 519 FEA7C5FC 12
2 5 520 FF6B3258 12
2 5 521 0044D740 12
2 5 522 008CAEC2 12
2 5 523 FF6CECDA 12
2 5 524 FEA39C42 12
2 5 525 01C5E786 12
2 5 526 0027E862 12
2 5 527 FF6B96DA 12
2 5 528 00B0A64E 12
2 5 529 FF8776D6 12
2 5 530 FF44813E 12
2 5 531 FFB83FC4 12
2 5 532 002AB02C 12
2 5 533 FDE1047A 12
2 5 534 FF8C6360 12
2 5 535 FE1926D0 12
2 5 536 00C04E52 12
2 5 537 FF13DF4E 12
2 5 538 FFF4188E 12
2 5 539 001ED8F2 12
2 5 540 FF88412C 12
2 5 541 01702270 12
2 5 542 FFEF40B8 12
2 5 543 FF0B853A 12
2 5 544 FF9ED336 12
2 5 545 0064BF92 12
2 5 546 004A607C 12
2 5 547 0100E42E 12
2 5 548 FFC8FDAC 12
2 5 549 FF633B7A 12
2 5 550 00E55680 12
2 5 551 005841B4 12
2 5 552 00BFC3C4 12
2 5 553 00ED2E46 12
2 5 554 FF41A788 12
2 5 555 FF98CEFE 12
2 5 556 01A6F0A0 12
2 5 557 FF48D482 12
2 5 558 FFC57FB4 12
2 5 559 FF34A550 12
2 5 560 0007445C 12
2 5 561 0062F312 12
2 5 562 FF998240 12
2 5 563 FFCF3BC0 12
2 5 564 015B5EDA 12
2 5 565 FD943E80 12
2 5 566 00543526 12
2 5 567 00385C02 12
2 5 568 FF75FCFE 12
2 5 569 00D2D37C 12
2 5 570 008B1C86 12
2 5 571 004C27AA 12
2 5 572 FF672E10 12
2 5 573 FFE7C1F0 12
2 5 574 0119D712 12
2 5 575 FFD904F4 12
2 5 576 0164F968 12
2 5 577 FED72A72 12
2 5 578 FFAEC9B2 12
2 5 579 005B930E 12
2 5 580 0065F804 12
2 5 581 000D8548 12
2 5 582 01AA2646 12
2 5 583 FEF82FD6 12
2 5 584 FFA399A0 12
2 5 585 0101DC90 12
2 5 586 0168A838 12
2 5 587 FF55A8AE 12
2 5 588 FFC1539C 12
2 5 589 FFBF025A 12
2 5 590 00A73924 12
2 5 591 FFDC6176 12
2 5 592 FFFC32BA 12
2 5 593 FF2CCC84 12
2 5 594 FE72A3FE 12
2 5 595 0014228E 12
2 5 596 020A5B60 12
2 5 597 FDD28814 12
2 5 598 FF225436 12
2 5 599 007B37C4 12
2 5 600 FDA269BE 12
2 5 601 004BCDE6 12
2 5 602 004CF746 12
2 5 603 007C0C04 12
2 5 604 FF8DF872 12
2 5 605 0056666C 12
2 5 606 005908D0 12
2 5 607 002C8F3C 12
2 5 608 00181CCE 12
2 5 609 FEA776DE 12
2 5 610 FF00984C 12
2 5 611 FFA49AF2 12
2 5 612 FFFE9C6C 12
2 5 613 01A06FA8 12
2 5 614 00EFFC4C 12
2 5 615 FF6A1D2C 12
2 5 616 00542692 12
2 5 617 FFE13F90 12
2 5 618 0243D09E 12
2 5 619 FF56A1F4 12
2 5 620 FF733F06 12
2 5 621 00CA6372 12
2 5 622 FFCF61C6 12
2 5 623 FFA1CD7A 12
2 5 624 FF830AA6 12
2 5 625 FFAF5C98 12
2 5 626 005CDF36 12
2 5 627 00345306 12
2 5 628 FF849600 12
2 5 629 00A6C022 12
2 5 630 007E6444 12
2 5 631 FF1B35C0 12
2 5 632 00F2C372 12
2 5 633 0182889E 12
2 5 634 02123A74 12
2 5 635 006A241A 12
2 5 636 FFEF8734 12
2 5 637 00471168 12
2 5 638 FDE0EB22 12
2 5 639 FE3D96F6 12
2 5 640 FED5802A 12
2 5 641 010D3102 12
2 5 642 FFFA4D90 12
2 5 643 00545B7E 12
2 5 644 0148EFC8 12
2 5 645 008F04CA 12
2 5 646 00F33934 12
2 5 647 FEC52F08 12
2 5 648 0025709C 12
2 5 649 FF6C731A 12
2 5 650 01235F9E 12
2 5 651 FEA5E12E 12
2 5 652 0189362E 12
2 5 653 00B5FE7A 12
2 5 654 00B6F488 12
2 5 655 00665456 12
2 5 656 FF2AF0C6 12
2 5 657 016C729E 12
2 5 658 0094F572 12
2 5 659 FED9A7EC 12
2 5 660 FF6244E6 12
2 5 661 00A82E42 12
2 5 662 0023D30A 12
2 5 663 FF59B012 12
2 5 664 FFBDB630 12
2 5 665 01032B46 12
2 5 666 FF8271FC 12
2 5 667 FF588EB2 12
2 5 668 00393FA0 12
2 5 669 000F5BCE 12
2 5 670 0106FAC6 12
2 5 671 004B833E 12
2 5 672 FF90638A 12
2 5 673 FFA2DD9E 12
2 5 674 FF68DEAA 12
2 5 675 FF948F5A 12
2 5 676 FDF37B5E 12
2 5 677 016E4DE4 12
2 5 678 0169BDA6 12
2 5 679 FFC05B9E 12
2 5 680 00A5BF2A 12
2 5 681 FEBA75BA 12
2 5 682 FE51D0C0 12
2 5 683 002105DE 12
2 5 684 02034190 12
2 5 685 FE71E33E 12
2 5 686 FEDCA52C 12
2 5 687 010A7770 12
2 5 688 FEA4E012 12
2 5 689 FFA56FD0 12
2 5 690 FEE25AE4 12
2 5 691 0194E992 12
2 5 692 00652676 12
2 5 693 00BA283A 12
2 5 694 01061BBC 12
2 5 695 FDC3391A 12
2 5 696 FF4B2F62 12
2 5 697 00EB8F3C 12
2 5 698 FF365C52 12
2 5 699 FE80ED12 12
2 5 700 00B8D9A4 12
2 5 701 FF541C62 12
2 5 702 FFF55DBC 12
2 5 703 FFDC5EF2 12
2 5 704 0117C458 12
2 5 705 FF836DF6 12
2 5 706 FF2532B8 12
2 5 707 FF9F5F28 12
2 5 708 013A4CFA 12
2 5 709 FFDC786C 12
2 5 710 015073D8 12
2 5 711 000AFA10 12
2 5 712 FF79E214 12
2 5 713 FFD3FC3C 12
2 5 714 FF493C1C 12
2 5 715 FEEEB5CE 12
2 5 716 FFDC97CC 12
2 5 717 0094A2E6 12
2 5 718 FF95C876 12
2 5 719 FE88E7C2 12
2 5 720 FFFF8906 12
2 5 721 FF640944 12
2 5 722 FFED52DE 12
2 5 723 FEACB2EA 12
2 5 724 0092ADA0 12
2 5 725 01017EC0 12
2 5 726 FFA376A8 12
2 5 727 004CE028 12
2 5 728 016C8F32 12
2 5 729 FF545DA4 12
2 5 730 FF9797F6 12
2 5 731 FF5D8836 12
2 5 732 00960DBC 12
2 5 733 FF002606 12
2 5 734 007B2D9E 12
2 5 735 00F10358 12
2 5 736 FFF9B790 12
2 5 737 FF706CB4 12
2 5 738 FFE363DA 12
2 5 739 FF8AA692 12
2 5 740 00F87260 12
2 5 741 0068542A 12
2 5 742 01DBC82A 12
2 5 743 021E45C6 12
2 5 744 00024218 12
2 5 745 00B5E59A 12
2 5 746 009F002E 12
2 5 747 FF942FF2 12
2 5 748 00059676 12
2 5 749 0038CD5C 12
2 5 750 00BEF824 12
2 5 751 FF651428 12
2 5 752 FFA0A5AE 12
2 5 753 FFA11030 12
2 5 754 0004D48C 12
2 5 755 004C40D2 12
2 5 756 0095B1C4 12
2 5 757 FF931D08 12
2 5 758 00EA0AA6 12
2 5 759 0087AB06 12
2 5 760 FF76BA18 12
2 5 761 007A4ABA 12
2 5 762 006288CC 12
2 5 763 001BA6F6 12
2 5 764 00DA5EE8 12
2 5 765 009AA93A 12
2 5 766 FFB6548A 12
2 5 767 01186812 12
2 5 768 FEEBA19E 12
2 5 769 FF734BAC 12
2 5 770 00D1FAF0 12
2 5 771 FFD3FD3C 12
2 5 772 0124A1F2 12
2 5 773 007CFC9E 12
2 5 774 FFAB1B32 12
2 5 775 FF621D76 12
2 5 776 008672EE 12
2 5 777 FF6100C2 12
2 5 778 00A71B02 12
2 5 779 FFD0401C 12
2 5 780 FFDAF848 12
2 5 781 FF6D072E 12
2 5 782 FF24E826 12
2 5 783 00A1D7C6 12
2 5 784 FF7C38FE 12
2 5 785 003D29A2 12
2 5 786 FFC0B566 12
2 5 787 FFDAC032 12
2 5 788 FEF28F7E 12
2 5 789 01E6EB38 12
2 5 790 018320E0 12
2 5 791 01B5B96C 12
2 5 792 0081F30A 12
2 5 793 FEC7123A 12
2 5 794 002EEEDA 12
2 5 795 00E1E2BA 12
2 5 796 FEBA8ADC 12
2 5 797 00D52720 12
2 5 798 FE56A854 12
2 5 799 FE75E818 12
2 5 800 0085964C 12
2 5 801 0071A56C 12
2 5 802 FF5B0E7C 12
2 5 803 008B4244 12
2 5 804 00D8D16C 12
2 5 805 00090286 12
2 5 806 0061760E 12
2 5 807 FF85EFE6 12
2 5 808 FFCEFFAE 12
2 5 809 0002A164 12
2 5 810 FFF86C26 12
2 5 811 FF06DB98 12
2 5 812 00A610C6 12
2 5 813 009D7E0A 12
2 5 814 00401820 12
2 5 815 013771C4 12
2 5 816 FF7207B2 12
2 5 817 00494648 12
2 5 818 017E831C 12
2 5 819 0050F8FA 12
2 5 820 FFAA35F4 12
2 5 821 007EC5E6 12
2 5 822 FE9C775A 12
2 5 823 FFBBF40A 12
2 5 824 FFB2D51E 12
2 5 825 01088710 12
2 5 826 00666B9E 12
2 5 827 0060BDA4 12
2 5 828 0040D654 12
2 5 829 006FB486 12
2 5 830 FF7E22B4 12
2 5 831 FF9D7E08 12
2 5 832 FEC86F66 12
2 5 833 00710628 12
2 5 834 FFEA8414 12
2 5 835 00295C78 12
2 5 836 FEF321BA 12
2 5 837 00251AA4 12
2 5 838 FFBFD0FE 12
2 5 839 0037930E 12
2 5 840 FFC51EC6 12
2 5 841 005158F0 12
2 5 842 007B1578 12
2 5 843 FF40252A 12
2 5 844 004F83EE 12
2 5 845 007248C6 12
2 5 846 FE5FE2BE 12
2 5 847 006F2BB0 12
2 5 848 FFDF03C2 12
2 5 849 FFEE2D44 12
2 5 850 FF5E03CC 12
2 5 851 0099FC36 12
2 5 852 FF1B6F68 12
2 5 853 0065D31C 12
2 5 854 FFD36D46 12
2 5 855 FFD92974 12
2 5 856 00B15712 12
2 5 857 0043BCA2 12
2 5 858 0170D24A 12
2 5 859 00A9F054 12
2 5 860 FF140EE8 12
2 5 861 FEB35BB0 12
2 5 862 009EE796 12
2 5 863 014099DC 12
2 5 864 00632B84 12
2 5 865 FF2C06D0 12
2 5 866 FFCD773A 12
2 5 867 FF9656B4 12
2 5 868 FE8FBC6A 12
2 5 869 FF93D7DA 12
2 5 870 006B8156 12
2 5 871 00E9F6DA 12
2 5 872 004FEB7A 12
2 5 873 00AB4F06 12
2 5 874 FFDD1BFA 12
2 5 875 0105B81C 12
2 5 876 00D1672A 12
2 5 877 FFAEB2B6 12
2 5 878 00595DAA 12
2 5 879 FFF3AAFE 12
2 5 880 00A5B8B6 12
2 5 881 FF203D5C 12
2 5 882 00011D1E 12
2 5 883 FEE4CDB8 12
2 5 884 FFD15082 12
2 5 885 FF6030D2 12
2 5 886 FEDB912A 12
2 5 887 00B93ABA 12
2 5 888 FFE0DEDC 12
2 5 889 FFF04920 12
2 5 890 FFD81EAE 12
2 5 891 FF806E32 12
2 5 892 FF9A9AFE 12
2 5 893 FF75101E 12
2 5 894 FEB92CAA 12
2 5 895 FFD6233C 12
2 5 896 FEFB5622 12
2 5 897 00A5DA02 12
2 5 898 FE719526 12
2 5 899 010BFC9A 12
2 5 900 00F1A452 12
2 5 901 00836600 12
2 5 902 003CCF72 12
2 5 903 00210E36 12
2 5 904 FFAA3F22 12
2 5 905 FFE7FDB6 12
2 5 906 0135F5D2 12
2 5 907 FF25810A 12
2 5 908 FFAC857E 12
2 5 909 FF04818A 12
2 5 910 01085FA2 12
2 5 911 006D8ADA 12
2 5 912 FFB1BDF4 12
2 5 913 FF0C6196 12
2 5 914 0057C89E 12
2 5 915 0012C242 12
2 5 916 FF9CE572 12
2 5 917 004F96D8 12
2 5 918 FF1B363C 12
2 5 919 00927C54 12
2 5 920 FF6DB9BA 12
2 5 921 FFEEDB2E 12
2 5 922 00B7D432 12
2 5 923 000C3AEE 12
2 5 924 FFB2FAD8 12
2 5 925 008008AA 12
2 5 926 FFAE821E 12
2 5 927 FF94F7CC 12
2 5 928 0012CD08 12
2 5 929 00E90A78 12
2 5 930 003E60C4 12
2 5 931 00649E1E 12
2 5 932 FF66D2E8 12
2 5 933 00BF8786 12
2 5 934 FE0BE67C 12
2 5 935 FEE7AF54 12
2 5 936 0093B204 12
2 5 937 FFCE2E24 12
2 5 938 007A89E4 12
2 5 939 FFD70594 12
2 5 940 000C59D2 12
2 5 941 0082B080 12
2 5 942 005F7814 12
2 5 943 00EAFD62 12
2 5 944 0045B07E 12
2 5 945 0050187E 12
2 5 946 FE3328F2 12
2 5 947 FF84B81A 12
2 5 948 012CA65E 12
2 5 949 00140500 12
2 5 950 FFB14540 12
2 5 951 FF76BF32 12
2 5 952 FFC45624 12
2 5 953 FF0F3A6A 12
2 5 954 FF550530 12
2 5 955 FFE8F4CC 12
2 5 956 0043FC24 12
2 5 957 FF779486 12
2 5 958 00A34EE2 12
2 5 959 FE847A86 12
2 5 960 FF63DC6A 12
2 5 961 00088EE6 12
2 5 962 FFACC55A 12
2 5 963 FF1AA006 12
2 5 964 FFADD55A 12
2 5 965 FE2EF20E 12
2 5 966 FF03FECC 12
2 5 967 0041D1AE 12
2 5 968 FFB6BBB0 12
2 5 969 FF613B3E 12
2 5 970 00CF6536 12
2 5 971 006049F6 12
2 5 972 FF8B12DC 12
2 5 973 FE0A9364 12
2 5 974 FFB1A1CE 12
2 5 975 00685630 12
2 5 976 01B2E92C 12
2 5 977 014943CE 12
2 5 978 FFA2B2C6 12
2 5 979 FFCAACCA 12
2 5 980 FF67A3A8 12
2 5 981 FF7FC29A 12
2 5 982 003E47DC 12
2 5 983 FFF0C44C 12
2 5 984 FF3B7A00 12
2 5 985 FF6FD6FE 12
2 5 986 0018480C 12
2 5 987 FF24076C 12
2 5 988 00241098 12
2 5 989 0109BF8A 12
2 5 990 FED4AEA4 12
2 5 991 004125F8 12
2 5 992 000D243A 12
2 5 993 00B6C9B4 12
2 5 994 FF33510E 12
2 5 995 FFE04F64 12
2 5 996 FF203A52 12
2 5 997 018BBF8A 12
2 5 998 FFD66236 12
2 5 999 FF1AC5F4 12
2 5 1000 FF212342 12
2 5 1001 FF95F4C0 12
2 5 1002 FFEE74FE 12
2 5 1003 FF31E92E 12
2 5 1004 009AD4FA 12
2 5 1005 FF423266 12
2 5 1006 FFBA19F6 12
2 5 1007 FF97447C 12
2 5 1008 0050B654 12
2 5 1009 001AE9A6 12
2 5 1010 FF6587E0 12
2 5 1011 0142657A 12
2 5 1012 FF65578C 12
2 5 1013 0095E9A6 12
2 5 1014 FF7074F0 12
2 5 1015 FEBB24FC 12
2 5 1016 000CAB18 12
2 5 1017 FD460E4C 12
2 5 1018 01928808 12
2 5 1019 FF783F92 12
2 5 1020 00B47A06 12
2 5 1021 FED55EF6 12
2 5 1022 00EB2AD4 12
2 5 1023 0079BC66 12
