0 0 0 0000
0 0 1 0000
0 0 2 0000
0 0 3 0000
0 0 4 0000
0 0 5 0000
0 0 6 0000
0 0 7 0000
0 0 8 0000
0 0 9 0000
0 0 10 0000
0 0 11 0000
0 0 12 0000
0 0 13 0000
0 0 14 0000
0 0 15 0000
0 0 16 0000
0 0 17 0000
0 0 18 0000
0 0 19 0000
0 0 20 0000
0 0 21 0000
0 0 22 0000
0 0 23 0000
0 0 24 0000
0 0 25 0000
0 0 26 0000
0 0 27 0000
0 0 28 0000
0 0 29 0000
0 0 30 0000
0 0 31 0000
0 0 32 0000
0 0 33 0000
0 0 34 0000
0 0 35 0000
0 0 36 0000
0 0 37 0000
0 0 38 0000
0 0 39 0000
0 0 40 0000
0 0 41 0000
0 0 42 0000
0 0 43 0000
0 0 44 0000
0 0 45 0000
0 0 46 0000
0 0 47 0000
0 0 48 0000
0 0 49 0000
0 0 50 0000
0 0 51 0000
0 0 52 0000
0 0 53 0000
0 0 54 0000
0 0 55 0000
0 0 56 0000
0 0 57 0000
0 0 58 0000
0 0 59 0000
0 0 60 0000
0 0 61 0000
0 0 62 0000
0 0 63 0000
0 0 64 0000
0 0 65 0000
0 0 66 0000
0 0 67 0000
0 0 68 0000
0 0 69 0000
0 0 70 0000
0 0 71 0000
0 0 72 0000
0 0 73 0000
0 0 74 0000
0 0 75 0000
0 0 76 0000
0 0 77 0000
0 0 78 0000
0 0 79 0000
0 0 80 0000
0 0 81 0000
0 0 82 0000
0 0 83 0000
0 0 84 0000
0 0 85 0000
0 0 86 0000
0 0 87 0000
0 0 88 0000
0 0 89 0000
0 0 90 0000
0 0 91 0000
0 0 92 0000
0 0 93 0000
0 0 94 0000
0 0 95 0000
0 0 96 0000
0 0 97 0000
0 0 98 0000
0 0 99 0000
0 0 100 0000
0 0 101 0000
0 0 102 0000
0 0 103 0000
0 0 104 0000
0 0 105 0000
0 0 106 0000
0 0 107 0000
0 0 108 0000
0 0 109 0000
0 0 110 0000
0 0 111 0000
0 0 112 0000
0 0 113 0000
0 0 114 0000
0 0 115 0000
0 0 116 0000
0 0 117 0000
0 0 118 0000
0 0 119 0000
0 0 120 0000
0 0 121 0000
0 0 122 0000
0 0 123 0000
0 0 124 0000
0 0 125 0000
0 0 126 0000
0 0 127 0000
0 0 128 0000
0 0 129 0000
0 0 130 0000
0 0 131 0000
0 0 132 0000
0 0 133 0000
0 0 134 0000
0 0 135 0000
0 0 136 0000
0 0 137 0000
0 0 138 0000
0 0 139 0000
0 0 140 0000
0 0 141 0000
0 0 142 0000
0 0 143 0000
0 0 144 0000
0 0 145 0000
0 0 146 0000
0 0 147 0000
0 0 148 0000
0 0 149 0000
0 0 150 0000
0 0 151 0000
0 0 152 0000
0 0 153 0000
0 0 154 0000
0 0 155 0000
0 0 156 0000
0 0 157 0000
0 0 158 0000
0 0 159 0000
0 0 160 0000
0 0 161 0000
0 0 162 0000
0 0 163 0000
0 0 164 0000
0 0 165 0000
0 0 166 0000
0 0 167 0000
0 0 168 0000
0 0 169 0000
0 0 170 0000
0 0 171 0000
0 0 172 0000
0 0 173 0000
0 0 174 0000
0 0 175 0000
0 0 176 0000
0 0 177 0000
0 0 178 0000
0 0 179 0000
0 0 180 0000
0 0 181 0000
0 0 182 0000
0 0 183 0000
0 0 184 0000
0 0 185 0000
0 0 186 0000
0 0 187 0000
0 0 188 0000
0 0 189 0000
0 0 190 0000
0 0 191 0000
0 0 192 0000
0 0 193 0000
0 0 194 0000
0 0 195 0000
0 0 196 0000
0 0 197 0000
0 0 198 0000
0 0 199 0000
0 0 200 0000
0 0 201 0000
0 0 202 0000
0 0 203 0000
0 0 204 0000
0 0 205 0000
0 0 206 0000
0 0 207 0000
0 0 208 0000
0 0 209 0000
0 0 210 0000
0 0 211 0000
0 0 212 0000
0 0 213 0000
0 0 214 0000
0 0 215 0000
0 0 216 0000
0 0 217 0000
0 0 218 0000
0 0 219 0000
0 0 220 0000
0 0 221 0000
0 0 222 0000
0 0 223 0000
0 0 224 0000
0 0 225 0000
0 0 226 0000
0 0 227 0000
0 0 228 0000
0 0 229 0000
0 0 230 0000
0 0 231 0000
0 0 232 0000
0 0 233 0000
0 0 234 0000
0 0 235 0000
0 0 236 0000
0 0 237 0000
0 0 238 0000
0 0 239 0000
0 0 240 0000
0 0 241 0000
0 0 242 0000
0 0 243 0000
0 0 244 0000
0 0 245 0000
0 0 246 0000
0 0 247 0000
0 0 248 0000
0 0 249 0000
0 0 250 0000
0 0 251 0000
0 0 252 0000
0 0 253 0000
0 0 254 0000
0 0 255 0000
0 0 256 0000
0 0 257 0000
0 0 258 0000
0 0 259 0000
0 0 260 0000
0 0 261 0000
0 0 262 0000
0 0 263 0000
0 0 264 0000
0 0 265 0000
0 0 266 0000
0 0 267 0000
0 0 268 0000
0 0 269 0000
0 0 270 0000
0 0 271 0000
0 0 272 0000
0 0 273 0000
0 0 274 0000
0 0 275 0000
0 0 276 0000
0 0 277 0000
0 0 278 0000
0 0 279 0000
0 0 280 0000
0 0 281 0000
0 0 282 0000
0 0 283 0000
0 0 284 0000
0 0 285 0000
0 0 286 0000
0 0 287 0000
0 0 288 0000
0 0 289 0000
0 0 290 0000
0 0 291 0000
0 0 292 0000
0 0 293 0000
0 0 294 0000
0 0 295 0000
0 0 296 0000
0 0 297 0000
0 0 298 0000
0 0 299 0000
0 0 300 0000
0 0 301 0000
0 0 302 0000
0 0 303 0000
0 0 304 0000
0 0 305 0000
0 0 306 0000
0 0 307 0000
0 0 308 0000
0 0 309 0000
0 0 310 0000
0 0 311 0000
0 0 312 0000
0 0 313 0000
0 0 314 0000
0 0 315 0000
0 0 316 0000
0 0 317 0000
0 0 318 0000
0 0 319 0000
0 0 320 0000
0 0 321 0000
0 0 322 0000
0 0 323 0000
0 0 324 0000
0 0 325 0000
0 0 326 0000
0 0 327 0000
0 0 328 0000
0 0 329 0000
0 0 330 0000
0 0 331 0000
0 0 332 0000
0 0 333 0000
0 0 334 0000
0 0 335 0000
0 0 336 0000
0 0 337 0000
0 0 338 0000
0 0 339 0000
0 0 340 0000
0 0 341 0000
0 0 342 0000
0 0 343 0000
0 0 344 0000
0 0 345 0000
0 0 346 0000
0 0 347 0000
0 0 348 0000
0 0 349 0000
0 0 350 0000
0 0 351 0000
0 0 352 0000
0 0 353 0000
0 0 354 0000
0 0 355 0000
0 0 356 0000
0 0 357 0000
0 0 358 0000
0 0 359 0000
0 0 360 0000
0 0 361 0000
0 0 362 0000
0 0 363 0000
0 0 364 0000
0 0 365 0000
0 0 366 0000
0 0 367 0000
0 0 368 0000
0 0 369 0000
0 0 370 0000
0 0 371 0000
0 0 372 0000
0 0 373 0000
0 0 374 0000
0 0 375 0000
0 0 376 0000
0 0 377 0000
0 0 378 0000
0 0 379 0000
0 0 380 0000
0 0 381 0000
0 0 382 0000
0 0 383 0000
0 0 384 0000
0 0 385 0000
0 0 386 0000
0 0 387 0000
0 0 388 0000
0 0 389 0000
0 0 390 0000
0 0 391 0000
0 0 392 0000
0 0 393 0000
0 0 394 0000
0 0 395 0000
0 0 396 0000
0 0 397 0000
0 0 398 0000
0 0 399 0000
0 0 400 0000
0 0 401 0000
0 0 402 0000
0 0 403 0000
0 0 404 0000
0 0 405 0000
0 0 406 0000
0 0 407 0000
0 0 408 0000
0 0 409 0000
0 0 410 0000
0 0 411 0000
0 0 412 0000
0 0 413 0000
0 0 414 0000
0 0 415 0000
0 0 416 0000
0 0 417 0000
0 0 418 0000
0 0 419 0000
0 0 420 0000
0 0 421 0000
0 0 422 0000
0 0 423 0000
0 0 424 0000
0 0 425 0000
0 0 426 0000
0 0 427 0000
0 0 428 0000
0 0 429 0000
0 0 430 0000
0 0 431 0000
0 0 432 0000
0 0 433 0000
0 0 434 0000
0 0 435 0000
0 0 436 0000
0 0 437 0000
0 0 438 0000
0 0 439 0000
0 0 440 0000
0 0 441 0000
0 0 442 0000
0 0 443 0000
0 0 444 0000
0 0 445 0000
0 0 446 0000
0 0 447 0000
0 0 448 0000
0 0 449 0000
0 0 450 0000
0 0 451 0000
0 0 452 0000
0 0 453 0000
0 0 454 0000
0 0 455 0000
0 0 456 0000
0 0 457 0000
0 0 458 0000
0 0 459 0000
0 0 460 0000
0 0 461 0000
0 0 462 0000
0 0 463 0000
0 0 464 0000
0 0 465 0000
0 0 466 0000
0 0 467 0000
0 0 468 0000
0 0 469 0000
0 0 470 0000
0 0 471 0000
0 0 472 0000
0 0 473 0000
0 0 474 0000
0 0 475 0000
0 0 476 0000
0 0 477 0000
0 0 478 0000
0 0 479 0000
0 0 480 0000
0 0 481 0000
0 0 482 0000
0 0 483 0000
0 0 484 0000
0 0 485 0000
0 0 486 0000
0 0 487 0000
0 0 488 0000
0 0 489 0000
0 0 490 0000
0 0 491 0000
0 0 492 0000
0 0 493 0000
0 0 494 0000
0 0 495 0000
0 0 496 0000
0 0 497 0000
0 0 498 0000
0 0 499 0000
0 0 500 0000
0 0 501 0000
0 0 502 0000
0 0 503 0000
0 0 504 0000
0 0 505 0000
0 0 506 0000
0 0 507 0000
0 0 508 0000
0 0 509 0000
0 0 510 0000
0 0 511 0000
0 0 512 0000
0 0 513 0000
0 0 514 0000
0 0 515 0000
0 0 516 0000
0 0 517 0000
0 0 518 0000
0 0 519 0000
0 0 520 0000
0 0 521 0000
0 0 522 0000
0 0 523 0000
0 0 524 0000
0 0 525 0000
0 0 526 0000
0 0 527 0000
0 0 528 0000
0 0 529 0000
0 0 530 0000
0 0 531 0000
0 0 532 0000
0 0 533 0000
0 0 534 0000
0 0 535 0000
0 0 536 0000
0 0 537 0000
0 0 538 0000
0 0 539 0000
0 0 540 0000
0 0 541 0000
0 0 542 0000
0 0 543 0000
0 0 544 0000
0 0 545 0000
0 0 546 0000
0 0 547 0000
0 0 548 0000
0 0 549 0000
0 0 550 0000
0 0 551 0000
0 0 552 0000
0 0 553 0000
0 0 554 0000
0 0 555 0000
0 0 556 0000
0 0 557 0000
0 0 558 0000
0 0 559 0000
0 0 560 0000
0 0 561 0000
0 0 562 0000
0 0 563 0000
0 0 564 0000
0 0 565 0000
0 0 566 0000
0 0 567 0000
0 0 568 0000
0 0 569 0000
0 0 570 0000
0 0 571 0000
0 0 572 0000
0 0 573 0000
0 0 574 0000
0 0 575 0000
0 0 576 0000
0 0 577 0000
0 0 578 0000
0 0 579 0000
0 0 580 0000
0 0 581 0000
0 0 582 0000
0 0 583 0000
0 0 584 0000
0 0 585 0000
0 0 586 0000
0 0 587 0000
0 0 588 0000
0 0 589 0000
0 0 590 0000
0 0 591 0000
0 0 592 0000
0 0 593 0000
0 0 594 0000
0 0 595 0000
0 0 596 0000
0 0 597 0000
0 0 598 0000
0 0 599 0000
0 0 600 0000
0 0 601 0000
0 0 602 0000
0 0 603 0000
0 0 604 0000
0 0 605 0000
0 0 606 0000
0 0 607 0000
0 0 608 0000
0 0 609 0000
0 0 610 0000
0 0 611 0000
0 0 612 0000
0 0 613 0000
0 0 614 0000
0 0 615 0000
0 0 616 0000
0 0 617 0000
0 0 618 0000
0 0 619 0000
0 0 620 0000
0 0 621 0000
0 0 622 0000
0 0 623 0000
0 0 624 0000
0 0 625 0000
0 0 626 0000
0 0 627 0000
0 0 628 0000
0 0 629 0000
0 0 630 0000
0 0 631 0000
0 0 632 0000
0 0 633 0000
0 0 634 0000
0 0 635 0000
0 0 636 0000
0 0 637 0000
0 0 638 0000
0 0 639 0000
0 0 640 0000
0 0 641 0000
0 0 642 0000
0 0 643 0000
0 0 644 0000
0 0 645 0000
0 0 646 0000
0 0 647 0000
0 0 648 0000
0 0 649 0000
0 0 650 0000
0 0 651 0000
0 0 652 0000
0 0 653 0000
0 0 654 0000
0 0 655 0000
0 0 656 0000
0 0 657 0000
0 0 658 0000
0 0 659 0000
0 0 660 0000
0 0 661 0000
0 0 662 0000
0 0 663 0000
0 0 664 0000
0 0 665 0000
0 0 666 0000
0 0 667 0000
0 0 668 0000
0 0 669 0000
0 0 670 0000
0 0 671 0000
0 0 672 0000
0 0 673 0000
0 0 674 0000
0 0 675 0000
0 0 676 0000
0 0 677 0000
0 0 678 0000
0 0 679 0000
0 0 680 0000
0 0 681 0000
0 0 682 0000
0 0 683 0000
0 0 684 0000
0 0 685 0000
0 0 686 0000
0 0 687 0000
0 0 688 0000
0 0 689 0000
0 0 690 0000
0 0 691 0000
0 0 692 0000
0 0 693 0000
0 0 694 0000
0 0 695 0000
0 0 696 0000
0 0 697 0000
0 0 698 0000
0 0 699 0000
0 0 700 0000
0 0 701 0000
0 0 702 0000
0 0 703 0000
0 0 704 0000
0 0 705 0000
0 0 706 0000
0 0 707 0000
0 0 708 0000
0 0 709 0000
0 0 710 0000
0 0 711 0000
0 0 712 0000
0 0 713 0000
0 0 714 0000
0 0 715 0000
0 0 716 0000
0 0 717 0000
0 0 718 0000
0 0 719 0000
0 0 720 0000
0 0 721 0000
0 0 722 0000
0 0 723 0000
0 0 724 0000
0 0 725 0000
0 0 726 0000
0 0 727 0000
0 0 728 0000
0 0 729 0000
0 0 730 0000
0 0 731 0000
0 0 732 0000
0 0 733 0000
0 0 734 0000
0 0 735 0000
0 0 736 0000
0 0 737 0000
0 0 738 0000
0 0 739 0000
0 0 740 0000
0 0 741 0000
0 0 742 0000
0 0 743 0000
0 0 744 0000
0 0 745 0000
0 0 746 0000
0 0 747 0000
0 0 748 0000
0 0 749 0000
0 0 750 0000
0 0 751 0000
0 0 752 0000
0 0 753 0000
0 0 754 0000
0 0 755 0000
0 0 756 0000
0 0 757 0000
0 0 758 0000
0 0 759 0000
0 0 760 0000
0 0 761 0000
0 0 762 0000
0 0 763 0000
0 0 764 0000
0 0 765 0000
0 0 766 0000
0 0 767 0000
0 0 768 0000
0 0 769 0000
0 0 770 0000
0 0 771 0000
0 0 772 0000
0 0 773 0000
0 0 774 0000
0 0 775 0000
0 0 776 0000
0 0 777 0000
0 0 778 0000
0 0 779 0000
0 0 780 0000
0 0 781 0000
0 0 782 0000
0 0 783 0000
0 0 784 0000
0 0 785 0000
0 0 786 0000
0 0 787 0000
0 0 788 0000
0 0 789 0000
0 0 790 0000
0 0 791 0000
0 0 792 0000
0 0 793 0000
0 0 794 0000
0 0 795 0000
0 0 796 0000
0 0 797 0000
0 0 798 0000
0 0 799 0000
0 0 800 0000
0 0 801 0000
0 0 802 0000
0 0 803 0000
0 0 804 0000
0 0 805 0000
0 0 806 0000
0 0 807 0000
0 0 808 0000
0 0 809 0000
0 0 810 0000
0 0 811 0000
0 0 812 0000
0 0 813 0000
0 0 814 0000
0 0 815 0000
0 0 816 0000
0 0 817 0000
0 0 818 0000
0 0 819 0000
0 0 820 0000
0 0 821 0000
0 0 822 0000
0 0 823 0000
0 0 824 0000
0 0 825 0000
0 0 826 0000
0 0 827 0000
0 0 828 0000
0 0 829 0000
0 0 830 0000
0 0 831 0000
0 0 832 0000
0 0 833 0000
0 0 834 0000
0 0 835 0000
0 0 836 0000
0 0 837 0000
0 0 838 0000
0 0 839 0000
0 0 840 0000
0 0 841 0000
0 0 842 0000
0 0 843 0000
0 0 844 0000
0 0 845 0000
0 0 846 0000
0 0 847 0000
0 0 848 0000
0 0 849 0000
0 0 850 0000
0 0 851 0000
0 0 852 0000
0 0 853 0000
0 0 854 0000
0 0 855 0000
0 0 856 0000
0 0 857 0000
0 0 858 0000
0 0 859 0000
0 0 860 0000
0 0 861 0000
0 0 862 0000
0 0 863 0000
0 0 864 0000
0 0 865 0000
0 0 866 0000
0 0 867 0000
0 0 868 0000
0 0 869 0000
0 0 870 0000
0 0 871 0000
0 0 872 0000
0 0 873 0000
0 0 874 0000
0 0 875 0000
0 0 876 0000
0 0 877 0000
0 0 878 0000
0 0 879 0000
0 0 880 0000
0 0 881 0000
0 0 882 0000
0 0 883 0000
0 0 884 0000
0 0 885 0000
0 0 886 0000
0 0 887 0000
0 0 888 0000
0 0 889 0000
0 0 890 0000
0 0 891 0000
0 0 892 0000
0 0 893 0000
0 0 894 0000
0 0 895 0000
0 0 896 0000
0 0 897 0000
0 0 898 0000
0 0 899 0000
0 0 900 0000
0 0 901 0000
0 0 902 0000
0 0 903 0000
0 0 904 0000
0 0 905 0000
0 0 906 0000
0 0 907 0000
0 0 908 0000
0 0 909 0000
0 0 910 0000
0 0 911 0000
0 0 912 0000
0 0 913 0000
0 0 914 0000
0 0 915 0000
0 0 916 0000
0 0 917 0000
0 0 918 0000
0 0 919 0000
0 0 920 0000
0 0 921 0000
0 0 922 0000
0 0 923 0000
0 0 924 0000
0 0 925 0000
0 0 926 0000
0 0 927 0000
0 0 928 0000
0 0 929 0000
0 0 930 0000
0 0 931 0000
0 0 932 0000
0 0 933 0000
0 0 934 0000
0 0 935 0000
0 0 936 0000
0 0 937 0000
0 0 938 0000
0 0 939 0000
0 0 940 0000
0 0 941 0000
0 0 942 0000
0 0 943 0000
0 0 944 0000
0 0 945 0000
0 0 946 0000
0 0 947 0000
0 0 948 0000
0 0 949 0000
0 0 950 0000
0 0 951 0000
0 0 952 0000
0 0 953 0000
0 0 954 0000
0 0 955 0000
0 0 956 0000
0 0 957 0000
0 0 958 0000
0 0 959 0000
0 0 960 0000
0 0 961 0000
0 0 962 0000
0 0 963 0000
0 0 964 0000
0 0 965 0000
0 0 966 0000
0 0 967 0000
0 0 968 0000
0 0 969 0000
0 0 970 0000
0 0 971 0000
0 0 972 0000
0 0 973 0000
0 0 974 0000
0 0 975 0000
0 0 976 0000
0 0 977 0000
0 0 978 0000
0 0 979 0000
0 0 980 0000
0 0 981 0000
0 0 982 0000
0 0 983 0000
0 0 984 0000
0 0 985 0000
0 0 986 0000
0 0 987 0000
0 0 988 0000
0 0 989 0000
0 0 990 0000
0 0 991 0000
0 0 992 0000
0 0 993 0000
0 0 994 0000
0 0 995 0000
0 0 996 0000
0 0 997 0000
0 0 998 0000
0 0 999 0000
0 0 1000 0000
0 0 1001 0000
0 0 1002 0000
0 0 1003 0000
0 0 1004 0000
0 0 1005 0000
0 0 1006 0000
0 0 1007 0000
0 0 1008 0000
0 0 1009 0000
0 0 1010 0000
0 0 1011 0000
0 0 1012 0000
0 0 1013 0000
0 0 1014 0000
0 0 1015 0000
0 0 1016 0000
0 0 1017 0000
0 0 1018 0000
0 0 1019 0000
0 0 1020 0000
0 0 1021 0000
0 0 1022 0000
0 0 1023 0000
0 0 1024 0000
0 0 1025 0000
0 0 1026 0000
0 0 1027 0000
0 0 1028 0000
0 0 1029 0000
0 0 1030 0000
0 0 1031 0000
0 0 1032 0000
0 0 1033 0000
0 0 1034 0000
0 0 1035 0000
0 0 1036 0000
0 0 1037 0000
0 0 1038 0000
0 0 1039 0000
0 0 1040 0000
0 0 1041 0000
0 0 1042 0000
0 0 1043 0000
0 0 1044 0000
0 0 1045 0000
0 0 1046 0000
0 0 1047 0000
0 0 1048 0000
0 0 1049 0000
0 0 1050 0000
0 0 1051 0000
0 0 1052 0000
0 0 1053 0000
0 0 1054 0000
0 0 1055 0000
0 0 1056 0000
0 0 1057 0000
0 0 1058 0000
0 0 1059 0000
0 0 1060 0000
0 0 1061 0000
0 0 1062 0000
0 0 1063 0000
0 0 1064 0000
0 0 1065 0000
0 0 1066 0000
0 0 1067 0000
0 0 1068 0000
0 0 1069 0000
0 0 1070 0000
0 0 1071 0000
0 0 1072 0000
0 0 1073 0000
0 0 1074 0000
0 0 1075 0000
0 0 1076 0000
0 0 1077 0000
0 0 1078 0000
0 0 1079 0000
0 0 1080 0000
0 0 1081 0000
0 0 1082 0000
0 0 1083 0000
0 0 1084 0000
0 0 1085 0000
0 0 1086 0000
0 0 1087 0000
0 0 1088 0000
0 0 1089 0000
0 0 1090 0000
0 0 1091 0000
0 0 1092 0000
0 0 1093 0000
0 0 1094 0000
0 0 1095 0000
0 0 1096 0000
0 0 1097 0000
0 0 1098 0000
0 0 1099 0000
0 0 1100 0000
0 0 1101 0000
0 0 1102 0000
0 0 1103 0000
0 0 1104 0000
0 0 1105 0000
0 0 1106 0000
0 0 1107 0000
0 0 1108 0000
0 0 1109 0000
0 0 1110 0000
0 0 1111 0000
0 0 1112 0000
0 0 1113 0000
0 0 1114 0000
0 0 1115 0000
0 0 1116 0000
0 0 1117 0000
0 0 1118 0000
0 0 1119 0000
0 0 1120 0000
0 0 1121 0000
0 0 1122 0000
0 0 1123 0000
0 0 1124 0000
0 0 1125 0000
0 0 1126 0000
0 0 1127 0000
0 0 1128 0000
0 0 1129 0000
0 0 1130 0000
0 0 1131 0000
0 0 1132 0000
0 0 1133 0000
0 0 1134 0000
0 0 1135 0000
0 0 1136 0000
0 0 1137 0000
0 0 1138 0000
0 0 1139 0000
0 0 1140 0000
0 0 1141 0000
0 0 1142 0000
0 0 1143 0000
0 0 1144 0000
0 0 1145 0000
0 0 1146 0000
0 0 1147 0000
0 0 1148 0000
0 0 1149 0000
0 0 1150 0000
0 0 1151 0000
0 0 1152 0000
0 0 1153 0000
0 0 1154 0000
0 0 1155 0000
0 0 1156 0000
0 0 1157 0000
0 0 1158 0000
0 0 1159 0000
0 0 1160 0000
0 0 1161 0000
0 0 1162 0000
0 0 1163 0000
0 0 1164 0000
0 0 1165 0000
0 0 1166 0000
0 0 1167 0000
0 0 1168 0000
0 0 1169 0000
0 0 1170 0000
0 0 1171 0000
0 0 1172 0000
0 0 1173 0000
0 0 1174 0000
0 0 1175 0000
0 0 1176 0000
0 0 1177 0000
0 0 1178 0000
0 0 1179 0000
0 0 1180 0000
0 0 1181 0000
0 0 1182 0000
0 0 1183 0000
0 0 1184 0000
0 0 1185 0000
0 0 1186 0000
0 0 1187 0000
0 0 1188 0000
0 0 1189 0000
0 0 1190 0000
0 0 1191 0000
0 0 1192 0000
0 0 1193 0000
0 0 1194 0000
0 0 1195 0000
0 0 1196 0000
0 0 1197 0000
0 0 1198 0000
0 0 1199 0000
0 0 1200 0000
0 0 1201 0000
0 0 1202 0000
0 0 1203 0000
0 0 1204 0000
0 0 1205 0000
0 0 1206 0000
0 0 1207 0000
0 0 1208 0000
0 0 1209 0000
0 0 1210 0000
0 0 1211 0000
0 0 1212 0000
0 0 1213 0000
0 0 1214 0000
0 0 1215 0000
0 0 1216 0000
0 0 1217 0000
0 0 1218 0000
0 0 1219 0000
0 0 1220 0000
0 0 1221 0000
0 0 1222 0000
0 0 1223 0000
0 0 1224 0000
0 0 1225 0000
0 0 1226 0000
0 0 1227 0000
0 0 1228 0000
0 0 1229 0000
0 0 1230 0000
0 0 1231 0000
0 0 1232 0000
0 0 1233 0000
0 0 1234 0000
0 0 1235 0000
0 0 1236 0000
0 0 1237 0000
0 0 1238 0000
0 0 1239 0000
0 0 1240 0000
0 0 1241 0000
0 0 1242 0000
0 0 1243 0000
0 0 1244 0000
0 0 1245 0000
0 0 1246 0000
0 0 1247 0000
0 0 1248 0000
0 0 1249 0000
0 0 1250 0000
0 0 1251 0000
0 0 1252 0000
0 0 1253 0000
0 0 1254 0000
0 0 1255 0000
0 0 1256 0000
0 0 1257 0000
0 0 1258 0000
0 0 1259 0000
0 0 1260 0000
0 0 1261 0000
0 0 1262 0000
0 0 1263 0000
0 0 1264 0000
0 0 1265 0000
0 0 1266 0000
0 0 1267 0000
0 0 1268 0000
0 0 1269 0000
0 0 1270 0000
0 0 1271 0000
0 0 1272 0000
0 0 1273 0000
0 0 1274 0000
0 0 1275 0000
0 0 1276 0000
0 0 1277 0000
0 0 1278 0000
0 0 1279 0000
0 0 1280 0000
0 0 1281 0000
0 0 1282 0000
0 0 1283 0000
0 0 1284 0000
0 0 1285 0000
0 0 1286 0000
0 0 1287 0000
0 0 1288 0000
0 0 1289 0000
0 0 1290 0000
0 0 1291 0000
0 0 1292 0000
0 0 1293 0000
0 0 1294 0000
0 0 1295 0000
0 0 1296 0000
0 0 1297 0000
0 0 1298 0000
0 0 1299 0000
0 0 1300 0000
0 0 1301 0000
0 0 1302 0000
0 0 1303 0000
0 0 1304 0000
0 0 1305 0000
0 0 1306 0000
0 0 1307 0000
0 0 1308 0000
0 0 1309 0000
0 0 1310 0000
0 0 1311 0000
0 0 1312 0000
0 0 1313 0000
0 0 1314 0000
0 0 1315 0000
0 0 1316 0000
0 0 1317 0000
0 0 1318 0000
0 0 1319 0000
0 0 1320 0000
0 0 1321 0000
0 0 1322 0000
0 0 1323 0000
0 0 1324 0000
0 0 1325 0000
0 0 1326 0000
0 0 1327 0000
0 0 1328 0000
0 0 1329 0000
0 0 1330 0000
0 0 1331 0000
0 0 1332 0000
0 0 1333 0000
0 0 1334 0000
0 0 1335 0000
0 0 1336 0000
0 0 1337 0000
0 0 1338 0000
0 0 1339 0000
0 0 1340 0000
0 0 1341 0000
0 0 1342 0000
0 0 1343 0000
0 0 1344 0000
0 0 1345 0000
0 0 1346 0000
0 0 1347 0000
0 0 1348 0000
0 0 1349 0000
0 0 1350 0000
0 0 1351 0000
0 0 1352 0000
0 0 1353 0000
0 0 1354 0000
0 0 1355 0000
0 0 1356 0000
0 0 1357 0000
0 0 1358 0000
0 0 1359 0000
0 0 1360 0000
0 0 1361 0000
0 0 1362 0000
0 0 1363 0000
0 0 1364 0000
0 0 1365 0000
0 0 1366 0000
0 0 1367 0000
0 0 1368 0000
0 0 1369 0000
0 0 1370 0000
0 0 1371 0000
0 0 1372 0000
0 0 1373 0000
0 0 1374 0000
0 0 1375 0000
0 0 1376 0000
0 0 1377 0000
0 0 1378 0000
0 0 1379 0000
0 0 1380 0000
0 0 1381 0000
0 0 1382 0000
0 0 1383 0000
0 0 1384 0000
0 0 1385 0000
0 0 1386 0000
0 0 1387 0000
0 0 1388 0000
0 0 1389 0000
0 0 1390 0000
0 0 1391 0000
0 0 1392 0000
0 0 1393 0000
0 0 1394 0000
0 0 1395 0000
0 0 1396 0000
0 0 1397 0000
0 0 1398 0000
0 0 1399 0000
0 0 1400 0000
0 0 1401 0000
0 0 1402 0000
0 0 1403 0000
0 0 1404 0000
0 0 1405 0000
0 0 1406 0000
0 0 1407 0000
0 0 1408 0000
0 0 1409 0000
0 0 1410 0000
0 0 1411 0000
0 0 1412 0000
0 0 1413 0000
0 0 1414 0000
0 0 1415 0000
0 0 1416 0000
0 0 1417 0000
0 0 1418 0000
0 0 1419 0000
0 0 1420 0000
0 0 1421 0000
0 0 1422 0000
0 0 1423 0000
0 0 1424 0000
0 0 1425 0000
0 0 1426 0000
0 0 1427 0000
0 0 1428 0000
0 0 1429 0000
0 0 1430 0000
0 0 1431 0000
0 0 1432 0000
0 0 1433 0000
0 0 1434 0000
0 0 1435 0000
0 0 1436 0000
0 0 1437 0000
0 0 1438 0000
0 0 1439 0000
0 0 1440 0000
0 0 1441 0000
0 0 1442 0000
0 0 1443 0000
0 0 1444 0000
0 0 1445 0000
0 0 1446 0000
0 0 1447 0000
0 0 1448 0000
0 0 1449 0000
0 0 1450 0000
0 0 1451 0000
0 0 1452 0000
0 0 1453 0000
0 0 1454 0000
0 0 1455 0000
0 0 1456 0000
0 0 1457 0000
0 0 1458 0000
0 0 1459 0000
0 0 1460 0000
0 0 1461 0000
0 0 1462 0000
0 0 1463 0000
0 0 1464 0000
0 0 1465 0000
0 0 1466 0000
0 0 1467 0000
0 0 1468 0000
0 0 1469 0000
0 0 1470 0000
0 0 1471 0000
0 0 1472 0000
0 0 1473 0000
0 0 1474 0000
0 0 1475 0000
0 0 1476 0000
0 0 1477 0000
0 0 1478 0000
0 0 1479 0000
0 0 1480 0000
0 0 1481 0000
0 0 1482 0000
0 0 1483 0000
0 0 1484 0000
0 0 1485 0000
0 0 1486 0000
0 0 1487 0000
0 0 1488 0000
0 0 1489 0000
0 0 1490 0000
0 0 1491 0000
0 0 1492 0000
0 0 1493 0000
0 0 1494 0000
0 0 1495 0000
0 0 1496 0000
0 0 1497 0000
0 0 1498 0000
0 0 1499 0000
0 0 1500 0000
0 0 1501 0000
0 0 1502 0000
0 0 1503 0000
0 0 1504 0000
0 0 1505 0000
0 0 1506 0000
0 0 1507 0000
0 0 1508 0000
0 0 1509 0000
0 0 1510 0000
0 0 1511 0000
0 0 1512 0000
0 0 1513 0000
0 0 1514 0000
0 0 1515 0000
0 0 1516 0000
0 0 1517 0000
0 0 1518 0000
0 0 1519 0000
0 0 1520 0000
0 0 1521 0000
0 0 1522 0000
0 0 1523 0000
0 0 1524 0000
0 0 1525 0000
0 0 1526 0000
0 0 1527 0000
0 0 1528 0000
0 0 1529 0000
0 0 1530 0000
0 0 1531 0000
0 0 1532 0000
0 0 1533 0000
0 0 1534 0000
0 0 1535 0000
0 0 1536 0000
0 0 1537 0000
0 0 1538 0000
0 0 1539 0000
0 0 1540 0000
0 0 1541 0000
0 0 1542 0000
0 0 1543 0000
0 0 1544 0000
0 0 1545 0000
0 0 1546 0000
0 0 1547 0000
0 0 1548 0000
0 0 1549 0000
0 0 1550 0000
0 0 1551 0000
0 0 1552 0000
0 0 1553 0000
0 0 1554 0000
0 0 1555 0000
0 0 1556 0000
0 0 1557 0000
0 0 1558 0000
0 0 1559 0000
0 0 1560 0000
0 0 1561 0000
0 0 1562 0000
0 0 1563 0000
0 0 1564 0000
0 0 1565 0000
0 0 1566 0000
0 0 1567 0000
0 0 1568 0000
0 0 1569 0000
0 0 1570 0000
0 0 1571 0000
0 0 1572 0000
0 0 1573 0000
0 0 1574 0000
0 0 1575 0000
0 0 1576 0000
0 0 1577 0000
0 0 1578 0000
0 0 1579 0000
0 0 1580 0000
0 0 1581 0000
0 0 1582 0000
0 0 1583 0000
0 0 1584 0000
0 0 1585 0000
0 0 1586 0000
0 0 1587 0000
0 0 1588 0000
0 0 1589 0000
0 0 1590 0000
0 0 1591 0000
0 0 1592 0000
0 0 1593 0000
0 0 1594 0000
0 0 1595 0000
0 0 1596 0000
0 0 1597 0000
0 0 1598 0000
0 0 1599 0000
0 0 1600 0000
0 0 1601 0000
0 0 1602 0000
0 0 1603 0000
0 0 1604 0000
0 0 1605 0000
0 0 1606 0000
0 0 1607 0000
0 0 1608 0000
0 0 1609 0000
0 0 1610 0000
0 0 1611 0000
0 0 1612 0000
0 0 1613 0000
0 0 1614 0000
0 0 1615 0000
0 0 1616 0000
0 0 1617 0000
0 0 1618 0000
0 0 1619 0000
0 0 1620 0000
0 0 1621 0000
0 0 1622 0000
0 0 1623 0000
0 0 1624 0000
0 0 1625 0000
0 0 1626 0000
0 0 1627 0000
0 0 1628 0000
0 0 1629 0000
0 0 1630 0000
0 0 1631 0000
0 0 1632 0000
0 0 1633 0000
0 0 1634 0000
0 0 1635 0000
0 0 1636 0000
0 0 1637 0000
0 0 1638 0000
0 0 1639 0000
0 0 1640 0000
0 0 1641 0000
0 0 1642 0000
0 0 1643 0000
0 0 1644 0000
0 0 1645 0000
0 0 1646 0000
0 0 1647 0000
0 0 1648 0000
0 0 1649 0000
0 0 1650 0000
0 0 1651 0000
0 0 1652 0000
0 0 1653 0000
0 0 1654 0000
0 0 1655 0000
0 0 1656 0000
0 0 1657 0000
0 0 1658 0000
0 0 1659 0000
0 0 1660 0000
0 0 1661 0000
0 0 1662 0000
0 0 1663 0000
0 0 1664 0000
0 0 1665 0000
0 0 1666 0000
0 0 1667 0000
0 0 1668 0000
0 0 1669 0000
0 0 1670 0000
0 0 1671 0000
0 0 1672 0000
0 0 1673 0000
0 0 1674 0000
0 0 1675 0000
0 0 1676 0000
0 0 1677 0000
0 0 1678 0000
0 0 1679 0000
0 0 1680 0000
0 0 1681 0000
0 0 1682 0000
0 0 1683 0000
0 0 1684 0000
0 0 1685 0000
0 0 1686 0000
0 0 1687 0000
0 0 1688 0000
0 0 1689 0000
0 0 1690 0000
0 0 1691 0000
0 0 1692 0000
0 0 1693 0000
0 0 1694 0000
0 0 1695 0000
0 0 1696 0000
0 0 1697 0000
0 0 1698 0000
0 0 1699 0000
0 0 1700 0000
0 0 1701 0000
0 0 1702 0000
0 0 1703 0000
0 0 1704 0000
0 0 1705 0000
0 0 1706 0000
0 0 1707 0000
0 0 1708 0000
0 0 1709 0000
0 0 1710 0000
0 0 1711 0000
0 0 1712 0000
0 0 1713 0000
0 0 1714 0000
0 0 1715 0000
0 0 1716 0000
0 0 1717 0000
0 0 1718 0000
0 0 1719 0000
0 0 1720 0000
0 0 1721 0000
0 0 1722 0000
0 0 1723 0000
0 0 1724 0000
0 0 1725 0000
0 0 1726 0000
0 0 1727 0000
0 0 1728 0000
0 0 1729 0000
0 0 1730 0000
0 0 1731 0000
0 0 1732 0000
0 0 1733 0000
0 0 1734 0000
0 0 1735 0000
0 0 1736 0000
0 0 1737 0000
0 0 1738 0000
0 0 1739 0000
0 0 1740 0000
0 0 1741 0000
0 0 1742 0000
0 0 1743 0000
0 0 1744 0000
0 0 1745 0000
0 0 1746 0000
0 0 1747 0000
0 0 1748 0000
0 0 1749 0000
0 0 1750 0000
0 0 1751 0000
0 0 1752 0000
0 0 1753 0000
0 0 1754 0000
0 0 1755 0000
0 0 1756 0000
0 0 1757 0000
0 0 1758 0000
0 0 1759 0000
0 0 1760 0000
0 0 1761 0000
0 0 1762 0000
0 0 1763 0000
0 0 1764 0000
0 0 1765 0000
0 0 1766 0000
0 0 1767 0000
0 0 1768 0000
0 0 1769 0000
0 0 1770 0000
0 0 1771 0000
0 0 1772 0000
0 0 1773 0000
0 0 1774 0000
0 0 1775 0000
0 0 1776 0000
0 0 1777 0000
0 0 1778 0000
0 0 1779 0000
0 0 1780 0000
0 0 1781 0000
0 0 1782 0000
0 0 1783 0000
0 0 1784 0000
0 0 1785 0000
0 0 1786 0000
0 0 1787 0000
0 0 1788 0000
0 0 1789 0000
0 0 1790 0000
0 0 1791 0000
0 0 1792 0000
0 0 1793 0000
0 0 1794 0000
0 0 1795 0000
0 0 1796 0000
0 0 1797 0000
0 0 1798 0000
0 0 1799 0000
0 0 1800 0000
0 0 1801 0000
0 0 1802 0000
0 0 1803 0000
0 0 1804 0000
0 0 1805 0000
0 0 1806 0000
0 0 1807 0000
0 0 1808 0000
0 0 1809 0000
0 0 1810 0000
0 0 1811 0000
0 0 1812 0000
0 0 1813 0000
0 0 1814 0000
0 0 1815 0000
0 0 1816 0000
0 0 1817 0000
0 0 1818 0000
0 0 1819 0000
0 0 1820 0000
0 0 1821 0000
0 0 1822 0000
0 0 1823 0000
0 0 1824 0000
0 0 1825 0000
0 0 1826 0000
0 0 1827 0000
0 0 1828 0000
0 0 1829 0000
0 0 1830 0000
0 0 1831 0000
0 0 1832 0000
0 0 1833 0000
0 0 1834 0000
0 0 1835 0000
0 0 1836 0000
0 0 1837 0000
0 0 1838 0000
0 0 1839 0000
0 0 1840 0000
0 0 1841 0000
0 0 1842 0000
0 0 1843 0000
0 0 1844 0000
0 0 1845 0000
0 0 1846 0000
0 0 1847 0000
0 0 1848 0000
0 0 1849 0000
0 0 1850 0000
0 0 1851 0000
0 0 1852 0000
0 0 1853 0000
0 0 1854 0000
0 0 1855 0000
0 0 1856 0000
0 0 1857 0000
0 0 1858 0000
0 0 1859 0000
0 0 1860 0000
0 0 1861 0000
0 0 1862 0000
0 0 1863 0000
0 0 1864 0000
0 0 1865 0000
0 0 1866 0000
0 0 1867 0000
0 0 1868 0000
0 0 1869 0000
0 0 1870 0000
0 0 1871 0000
0 0 1872 0000
0 0 1873 0000
0 0 1874 0000
0 0 1875 0000
0 0 1876 0000
0 0 1877 0000
0 0 1878 0000
0 0 1879 0000
0 0 1880 0000
0 0 1881 0000
0 0 1882 0000
0 0 1883 0000
0 0 1884 0000
0 0 1885 0000
0 0 1886 0000
0 0 1887 0000
0 0 1888 0000
0 0 1889 0000
0 0 1890 0000
0 0 1891 0000
0 0 1892 0000
0 0 1893 0000
0 0 1894 0000
0 0 1895 0000
0 0 1896 0000
0 0 1897 0000
0 0 1898 0000
0 0 1899 0000
0 0 1900 0000
0 0 1901 0000
0 0 1902 0000
0 0 1903 0000
0 0 1904 0000
0 0 1905 0000
0 0 1906 0000
0 0 1907 0000
0 0 1908 0000
0 0 1909 0000
0 0 1910 0000
0 0 1911 0000
0 0 1912 0000
0 0 1913 0000
0 0 1914 0000
0 0 1915 0000
0 0 1916 0000
0 0 1917 0000
0 0 1918 0000
0 0 1919 0000
0 0 1920 0000
0 0 1921 0000
0 0 1922 0000
0 0 1923 0000
0 0 1924 0000
0 0 1925 0000
0 0 1926 0000
0 0 1927 0000
0 0 1928 0000
0 0 1929 0000
0 0 1930 0000
0 0 1931 0000
0 0 1932 0000
0 0 1933 0000
0 0 1934 0000
0 0 1935 0000
0 0 1936 0000
0 0 1937 0000
0 0 1938 0000
0 0 1939 0000
0 0 1940 0000
0 0 1941 0000
0 0 1942 0000
0 0 1943 0000
0 0 1944 0000
0 0 1945 0000
0 0 1946 0000
0 0 1947 0000
0 0 1948 0000
0 0 1949 0000
0 0 1950 0000
0 0 1951 0000
0 0 1952 0000
0 0 1953 0000
0 0 1954 0000
0 0 1955 0000
0 0 1956 0000
0 0 1957 0000
0 0 1958 0000
0 0 1959 0000
0 0 1960 0000
0 0 1961 0000
0 0 1962 0000
0 0 1963 0000
0 0 1964 0000
0 0 1965 0000
0 0 1966 0000
0 0 1967 0000
0 0 1968 0000
0 0 1969 0000
0 0 1970 0000
0 0 1971 0000
0 0 1972 0000
0 0 1973 0000
0 0 1974 0000
0 0 1975 0000
0 0 1976 0000
0 0 1977 0000
0 0 1978 0000
0 0 1979 0000
0 0 1980 0000
0 0 1981 0000
0 0 1982 0000
0 0 1983 0000
0 0 1984 0000
0 0 1985 0000
0 0 1986 0000
0 0 1987 0000
0 0 1988 0000
0 0 1989 0000
0 0 1990 0000
0 0 1991 0000
0 0 1992 0000
0 0 1993 0000
0 0 1994 0000
0 0 1995 0000
0 0 1996 0000
0 0 1997 0000
0 0 1998 0000
0 0 1999 0000
0 0 2000 0000
0 0 2001 0000
0 0 2002 0000
0 0 2003 0000
0 0 2004 0000
0 0 2005 0000
0 0 2006 0000
0 0 2007 0000
0 0 2008 0000
0 0 2009 0000
0 0 2010 0000
0 0 2011 0000
0 0 2012 0000
0 0 2013 0000
0 0 2014 0000
0 0 2015 0000
0 0 2016 0000
0 0 2017 0000
0 0 2018 0000
0 0 2019 0000
0 0 2020 0000
0 0 2021 0000
0 0 2022 0000
0 0 2023 0000
0 0 2024 0000
0 0 2025 0000
0 0 2026 0000
0 0 2027 0000
0 0 2028 0000
0 0 2029 0000
0 0 2030 0000
0 0 2031 0000
0 0 2032 0000
0 0 2033 0000
0 0 2034 0000
0 0 2035 0000
0 0 2036 0000
0 0 2037 0000
0 0 2038 0000
0 0 2039 0000
0 0 2040 0000
0 0 2041 0000
0 0 2042 0000
0 0 2043 0000
0 0 2044 0000
0 0 2045 0000
0 0 2046 0000
0 0 2047 0000
0 1 0 0000
0 1 1 0000
0 1 2 0000
0 1 3 0000
0 1 4 0000
0 1 5 0000
0 1 6 0000
0 1 7 0000
0 1 8 0000
0 1 9 0000
0 1 10 0000
0 1 11 0000
0 1 12 0000
0 1 13 0000
0 1 14 0000
0 1 15 0000
0 1 16 0000
0 1 17 0000
0 1 18 0000
0 1 19 0000
0 1 20 0000
0 1 21 0000
0 1 22 0000
0 1 23 0000
0 1 24 0000
0 1 25 0000
0 1 26 0000
0 1 27 0000
0 1 28 0000
0 1 29 0000
0 1 30 0000
0 1 31 0000
0 1 32 0000
0 1 33 0000
0 1 34 0000
0 1 35 0000
0 1 36 0000
0 1 37 0000
0 1 38 0000
0 1 39 0000
0 1 40 0000
0 1 41 0000
0 1 42 0000
0 1 43 0000
0 1 44 0000
0 1 45 0000
0 1 46 0000
0 1 47 0000
0 1 48 0000
0 1 49 0000
0 1 50 0000
0 1 51 0000
0 1 52 0000
0 1 53 0000
0 1 54 0000
0 1 55 0000
0 1 56 0000
0 1 57 0000
0 1 58 0000
0 1 59 0000
0 1 60 0000
0 1 61 0000
0 1 62 0000
0 1 63 0000
0 1 64 0000
0 1 65 0000
0 1 66 0000
0 1 67 0000
0 1 68 0000
0 1 69 0000
0 1 70 0000
0 1 71 0000
0 1 72 0000
0 1 73 0000
0 1 74 0000
0 1 75 0000
0 1 76 0000
0 1 77 0000
0 1 78 0000
0 1 79 0000
0 1 80 0000
0 1 81 0000
0 1 82 0000
0 1 83 0000
0 1 84 0000
0 1 85 0000
0 1 86 0000
0 1 87 0000
0 1 88 0000
0 1 89 0000
0 1 90 0000
0 1 91 0000
0 1 92 0000
0 1 93 0000
0 1 94 0000
0 1 95 0000
0 1 96 0000
0 1 97 0000
0 1 98 0000
0 1 99 0000
0 1 100 0000
0 1 101 0000
0 1 102 0000
0 1 103 0000
0 1 104 0000
0 1 105 0000
0 1 106 0000
0 1 107 0000
0 1 108 0000
0 1 109 0000
0 1 110 0000
0 1 111 0000
0 1 112 0000
0 1 113 0000
0 1 114 0000
0 1 115 0000
0 1 116 0000
0 1 117 0000
0 1 118 0000
0 1 119 0000
0 1 120 0000
0 1 121 0000
0 1 122 0000
0 1 123 0000
0 1 124 0000
0 1 125 0000
0 1 126 0000
0 1 127 0000
0 1 128 0000
0 1 129 0000
0 1 130 0000
0 1 131 0000
0 1 132 0000
0 1 133 0000
0 1 134 0000
0 1 135 0000
0 1 136 0000
0 1 137 0000
0 1 138 0000
0 1 139 0000
0 1 140 0000
0 1 141 0000
0 1 142 0000
0 1 143 0000
0 1 144 0000
0 1 145 0000
0 1 146 0000
0 1 147 0000
0 1 148 0000
0 1 149 0000
0 1 150 0000
0 1 151 0000
0 1 152 0000
0 1 153 0000
0 1 154 0000
0 1 155 0000
0 1 156 0000
0 1 157 0000
0 1 158 0000
0 1 159 0000
0 1 160 0000
0 1 161 0000
0 1 162 0000
0 1 163 0000
0 1 164 0000
0 1 165 0000
0 1 166 0000
0 1 167 0000
0 1 168 0000
0 1 169 0000
0 1 170 0000
0 1 171 0000
0 1 172 0000
0 1 173 0000
0 1 174 0000
0 1 175 0000
0 1 176 0000
0 1 177 0000
0 1 178 0000
0 1 179 0000
0 1 180 0000
0 1 181 0000
0 1 182 0000
0 1 183 0000
0 1 184 0000
0 1 185 0000
0 1 186 0000
0 1 187 0000
0 1 188 0000
0 1 189 0000
0 1 190 0000
0 1 191 0000
0 1 192 0000
0 1 193 0000
0 1 194 0000
0 1 195 0000
0 1 196 0000
0 1 197 0000
0 1 198 0000
0 1 199 0000
0 1 200 0000
0 1 201 0000
0 1 202 0000
0 1 203 0000
0 1 204 0000
0 1 205 0000
0 1 206 0000
0 1 207 0000
0 1 208 0000
0 1 209 0000
0 1 210 0000
0 1 211 0000
0 1 212 0000
0 1 213 0000
0 1 214 0000
0 1 215 0000
0 1 216 0000
0 1 217 0000
0 1 218 0000
0 1 219 0000
0 1 220 0000
0 1 221 0000
0 1 222 0000
0 1 223 0000
0 1 224 0000
0 1 225 0000
0 1 226 0000
0 1 227 0000
0 1 228 0000
0 1 229 0000
0 1 230 0000
0 1 231 0000
0 1 232 0000
0 1 233 0000
0 1 234 0000
0 1 235 0000
0 1 236 0000
0 1 237 0000
0 1 238 0000
0 1 239 0000
0 1 240 0000
0 1 241 0000
0 1 242 0000
0 1 243 0000
0 1 244 0000
0 1 245 0000
0 1 246 0000
0 1 247 0000
0 1 248 0000
0 1 249 0000
0 1 250 0000
0 1 251 0000
0 1 252 0000
0 1 253 0000
0 1 254 0000
0 1 255 0000
0 1 256 0000
0 1 257 0000
0 1 258 0000
0 1 259 0000
0 1 260 0000
0 1 261 0000
0 1 262 0000
0 1 263 0000
0 1 264 0000
0 1 265 0000
0 1 266 0000
0 1 267 0000
0 1 268 0000
0 1 269 0000
0 1 270 0000
0 1 271 0000
0 1 272 0000
0 1 273 0000
0 1 274 0000
0 1 275 0000
0 1 276 0000
0 1 277 0000
0 1 278 0000
0 1 279 0000
0 1 280 0000
0 1 281 0000
0 1 282 0000
0 1 283 0000
0 1 284 0000
0 1 285 0000
0 1 286 0000
0 1 287 0000
0 1 288 0000
0 1 289 0000
0 1 290 0000
0 1 291 0000
0 1 292 0000
0 1 293 0000
0 1 294 0000
0 1 295 0000
0 1 296 0000
0 1 297 0000
0 1 298 0000
0 1 299 0000
0 1 300 0000
0 1 301 0000
0 1 302 0000
0 1 303 0000
0 1 304 0000
0 1 305 0000
0 1 306 0000
0 1 307 0000
0 1 308 0000
0 1 309 0000
0 1 310 0000
0 1 311 0000
0 1 312 0000
0 1 313 0000
0 1 314 0000
0 1 315 0000
0 1 316 0000
0 1 317 0000
0 1 318 0000
0 1 319 0000
0 1 320 0000
0 1 321 0000
0 1 322 0000
0 1 323 0000
0 1 324 0000
0 1 325 0000
0 1 326 0000
0 1 327 0000
0 1 328 0000
0 1 329 0000
0 1 330 0000
0 1 331 0000
0 1 332 0000
0 1 333 0000
0 1 334 0000
0 1 335 0000
0 1 336 0000
0 1 337 0000
0 1 338 0000
0 1 339 0000
0 1 340 0000
0 1 341 0000
0 1 342 0000
0 1 343 0000
0 1 344 0000
0 1 345 0000
0 1 346 0000
0 1 347 0000
0 1 348 0000
0 1 349 0000
0 1 350 0000
0 1 351 0000
0 1 352 0000
0 1 353 0000
0 1 354 0000
0 1 355 0000
0 1 356 0000
0 1 357 0000
0 1 358 0000
0 1 359 0000
0 1 360 0000
0 1 361 0000
0 1 362 0000
0 1 363 0000
0 1 364 0000
0 1 365 0000
0 1 366 0000
0 1 367 0000
0 1 368 0000
0 1 369 0000
0 1 370 0000
0 1 371 0000
0 1 372 0000
0 1 373 0000
0 1 374 0000
0 1 375 0000
0 1 376 0000
0 1 377 0000
0 1 378 0000
0 1 379 0000
0 1 380 0000
0 1 381 0000
0 1 382 0000
0 1 383 0000
0 1 384 0000
0 1 385 0000
0 1 386 0000
0 1 387 0000
0 1 388 0000
0 1 389 0000
0 1 390 0000
0 1 391 0000
0 1 392 0000
0 1 393 0000
0 1 394 0000
0 1 395 0000
0 1 396 0000
0 1 397 0000
0 1 398 0000
0 1 399 0000
0 1 400 0000
0 1 401 0000
0 1 402 0000
0 1 403 0000
0 1 404 0000
0 1 405 0000
0 1 406 0000
0 1 407 0000
0 1 408 0000
0 1 409 0000
0 1 410 0000
0 1 411 0000
0 1 412 0000
0 1 413 0000
0 1 414 0000
0 1 415 0000
0 1 416 0000
0 1 417 0000
0 1 418 0000
0 1 419 0000
0 1 420 0000
0 1 421 0000
0 1 422 0000
0 1 423 0000
0 1 424 0000
0 1 425 0000
0 1 426 0000
0 1 427 0000
0 1 428 0000
0 1 429 0000
0 1 430 0000
0 1 431 0000
0 1 432 0000
0 1 433 0000
0 1 434 0000
0 1 435 0000
0 1 436 0000
0 1 437 0000
0 1 438 0000
0 1 439 0000
0 1 440 0000
0 1 441 0000
0 1 442 0000
0 1 443 0000
0 1 444 0000
0 1 445 0000
0 1 446 0000
0 1 447 0000
0 1 448 0000
0 1 449 0000
0 1 450 0000
0 1 451 0000
0 1 452 0000
0 1 453 0000
0 1 454 0000
0 1 455 0000
0 1 456 0000
0 1 457 0000
0 1 458 0000
0 1 459 0000
0 1 460 0000
0 1 461 0000
0 1 462 0000
0 1 463 0000
0 1 464 0000
0 1 465 0000
0 1 466 0000
0 1 467 0000
0 1 468 0000
0 1 469 0000
0 1 470 0000
0 1 471 0000
0 1 472 0000
0 1 473 0000
0 1 474 0000
0 1 475 0000
0 1 476 0000
0 1 477 0000
0 1 478 0000
0 1 479 0000
0 1 480 0000
0 1 481 0000
0 1 482 0000
0 1 483 0000
0 1 484 0000
0 1 485 0000
0 1 486 0000
0 1 487 0000
0 1 488 0000
0 1 489 0000
0 1 490 0000
0 1 491 0000
0 1 492 0000
0 1 493 0000
0 1 494 0000
0 1 495 0000
0 1 496 0000
0 1 497 0000
0 1 498 0000
0 1 499 0000
0 1 500 0000
0 1 501 0000
0 1 502 0000
0 1 503 0000
0 1 504 0000
0 1 505 0000
0 1 506 0000
0 1 507 0000
0 1 508 0000
0 1 509 0000
0 1 510 0000
0 1 511 0000
0 1 512 0000
0 1 513 0000
0 1 514 0000
0 1 515 0000
0 1 516 0000
0 1 517 0000
0 1 518 0000
0 1 519 0000
0 1 520 0000
0 1 521 0000
0 1 522 0000
0 1 523 0000
0 1 524 0000
0 1 525 0000
0 1 526 0000
0 1 527 0000
0 1 528 0000
0 1 529 0000
0 1 530 0000
0 1 531 0000
0 1 532 0000
0 1 533 0000
0 1 534 0000
0 1 535 0000
0 1 536 0000
0 1 537 0000
0 1 538 0000
0 1 539 0000
0 1 540 0000
0 1 541 0000
0 1 542 0000
0 1 543 0000
0 1 544 0000
0 1 545 0000
0 1 546 0000
0 1 547 0000
0 1 548 0000
0 1 549 0000
0 1 550 0000
0 1 551 0000
0 1 552 0000
0 1 553 0000
0 1 554 0000
0 1 555 0000
0 1 556 0000
0 1 557 0000
0 1 558 0000
0 1 559 0000
0 1 560 0000
0 1 561 0000
0 1 562 0000
0 1 563 0000
0 1 564 0000
0 1 565 0000
0 1 566 0000
0 1 567 0000
0 1 568 0000
0 1 569 0000
0 1 570 0000
0 1 571 0000
0 1 572 0000
0 1 573 0000
0 1 574 0000
0 1 575 0000
0 1 576 0000
0 1 577 0000
0 1 578 0000
0 1 579 0000
0 1 580 0000
0 1 581 0000
0 1 582 0000
0 1 583 0000
0 1 584 0000
0 1 585 0000
0 1 586 0000
0 1 587 0000
0 1 588 0000
0 1 589 0000
0 1 590 0000
0 1 591 0000
0 1 592 0000
0 1 593 0000
0 1 594 0000
0 1 595 0000
0 1 596 0000
0 1 597 0000
0 1 598 0000
0 1 599 0000
0 1 600 0000
0 1 601 0000
0 1 602 0000
0 1 603 0000
0 1 604 0000
0 1 605 0000
0 1 606 0000
0 1 607 0000
0 1 608 0000
0 1 609 0000
0 1 610 0000
0 1 611 0000
0 1 612 0000
0 1 613 0000
0 1 614 0000
0 1 615 0000
0 1 616 0000
0 1 617 0000
0 1 618 0000
0 1 619 0000
0 1 620 0000
0 1 621 0000
0 1 622 0000
0 1 623 0000
0 1 624 0000
0 1 625 0000
0 1 626 0000
0 1 627 0000
0 1 628 0000
0 1 629 0000
0 1 630 0000
0 1 631 0000
0 1 632 0000
0 1 633 0000
0 1 634 0000
0 1 635 0000
0 1 636 0000
0 1 637 0000
0 1 638 0000
0 1 639 0000
0 1 640 0000
0 1 641 0000
0 1 642 0000
0 1 643 0000
0 1 644 0000
0 1 645 0000
0 1 646 0000
0 1 647 0000
0 1 648 0000
0 1 649 0000
0 1 650 0000
0 1 651 0000
0 1 652 0000
0 1 653 0000
0 1 654 0000
0 1 655 0000
0 1 656 0000
0 1 657 0000
0 1 658 0000
0 1 659 0000
0 1 660 0000
0 1 661 0000
0 1 662 0000
0 1 663 0000
0 1 664 0000
0 1 665 0000
0 1 666 0000
0 1 667 0000
0 1 668 0000
0 1 669 0000
0 1 670 0000
0 1 671 0000
0 1 672 0000
0 1 673 0000
0 1 674 0000
0 1 675 0000
0 1 676 0000
0 1 677 0000
0 1 678 0000
0 1 679 0000
0 1 680 0000
0 1 681 0000
0 1 682 0000
0 1 683 0000
0 1 684 0000
0 1 685 0000
0 1 686 0000
0 1 687 0000
0 1 688 0000
0 1 689 0000
0 1 690 0000
0 1 691 0000
0 1 692 0000
0 1 693 0000
0 1 694 0000
0 1 695 0000
0 1 696 0000
0 1 697 0000
0 1 698 0000
0 1 699 0000
0 1 700 0000
0 1 701 0000
0 1 702 0000
0 1 703 0000
0 1 704 0000
0 1 705 0000
0 1 706 0000
0 1 707 0000
0 1 708 0000
0 1 709 0000
0 1 710 0000
0 1 711 0000
0 1 712 0000
0 1 713 0000
0 1 714 0000
0 1 715 0000
0 1 716 0000
0 1 717 0000
0 1 718 0000
0 1 719 0000
0 1 720 0000
0 1 721 0000
0 1 722 0000
0 1 723 0000
0 1 724 0000
0 1 725 0000
0 1 726 0000
0 1 727 0000
0 1 728 0000
0 1 729 0000
0 1 730 0000
0 1 731 0000
0 1 732 0000
0 1 733 0000
0 1 734 0000
0 1 735 0000
0 1 736 0000
0 1 737 0000
0 1 738 0000
0 1 739 0000
0 1 740 0000
0 1 741 0000
0 1 742 0000
0 1 743 0000
0 1 744 0000
0 1 745 0000
0 1 746 0000
0 1 747 0000
0 1 748 0000
0 1 749 0000
0 1 750 0000
0 1 751 0000
0 1 752 0000
0 1 753 0000
0 1 754 0000
0 1 755 0000
0 1 756 0000
0 1 757 0000
0 1 758 0000
0 1 759 0000
0 1 760 0000
0 1 761 0000
0 1 762 0000
0 1 763 0000
0 1 764 0000
0 1 765 0000
0 1 766 0000
0 1 767 0000
0 1 768 0000
0 1 769 0000
0 1 770 0000
0 1 771 0000
0 1 772 0000
0 1 773 0000
0 1 774 0000
0 1 775 0000
0 1 776 0000
0 1 777 0000
0 1 778 0000
0 1 779 0000
0 1 780 0000
0 1 781 0000
0 1 782 0000
0 1 783 0000
0 1 784 0000
0 1 785 0000
0 1 786 0000
0 1 787 0000
0 1 788 0000
0 1 789 0000
0 1 790 0000
0 1 791 0000
0 1 792 0000
0 1 793 0000
0 1 794 0000
0 1 795 0000
0 1 796 0000
0 1 797 0000
0 1 798 0000
0 1 799 0000
0 1 800 0000
0 1 801 0000
0 1 802 0000
0 1 803 0000
0 1 804 0000
0 1 805 0000
0 1 806 0000
0 1 807 0000
0 1 808 0000
0 1 809 0000
0 1 810 0000
0 1 811 0000
0 1 812 0000
0 1 813 0000
0 1 814 0000
0 1 815 0000
0 1 816 0000
0 1 817 0000
0 1 818 0000
0 1 819 0000
0 1 820 0000
0 1 821 0000
0 1 822 0000
0 1 823 0000
0 1 824 0000
0 1 825 0000
0 1 826 0000
0 1 827 0000
0 1 828 0000
0 1 829 0000
0 1 830 0000
0 1 831 0000
0 1 832 0000
0 1 833 0000
0 1 834 0000
0 1 835 0000
0 1 836 0000
0 1 837 0000
0 1 838 0000
0 1 839 0000
0 1 840 0000
0 1 841 0000
0 1 842 0000
0 1 843 0000
0 1 844 0000
0 1 845 0000
0 1 846 0000
0 1 847 0000
0 1 848 0000
0 1 849 0000
0 1 850 0000
0 1 851 0000
0 1 852 0000
0 1 853 0000
0 1 854 0000
0 1 855 0000
0 1 856 0000
0 1 857 0000
0 1 858 0000
0 1 859 0000
0 1 860 0000
0 1 861 0000
0 1 862 0000
0 1 863 0000
0 1 864 0000
0 1 865 0000
0 1 866 0000
0 1 867 0000
0 1 868 0000
0 1 869 0000
0 1 870 0000
0 1 871 0000
0 1 872 0000
0 1 873 0000
0 1 874 0000
0 1 875 0000
0 1 876 0000
0 1 877 0000
0 1 878 0000
0 1 879 0000
0 1 880 0000
0 1 881 0000
0 1 882 0000
0 1 883 0000
0 1 884 0000
0 1 885 0000
0 1 886 0000
0 1 887 0000
0 1 888 0000
0 1 889 0000
0 1 890 0000
0 1 891 0000
0 1 892 0000
0 1 893 0000
0 1 894 0000
0 1 895 0000
0 1 896 0000
0 1 897 0000
0 1 898 0000
0 1 899 0000
0 1 900 0000
0 1 901 0000
0 1 902 0000
0 1 903 0000
0 1 904 0000
0 1 905 0000
0 1 906 0000
0 1 907 0000
0 1 908 0000
0 1 909 0000
0 1 910 0000
0 1 911 0000
0 1 912 0000
0 1 913 0000
0 1 914 0000
0 1 915 0000
0 1 916 0000
0 1 917 0000
0 1 918 0000
0 1 919 0000
0 1 920 0000
0 1 921 0000
0 1 922 0000
0 1 923 0000
0 1 924 0000
0 1 925 0000
0 1 926 0000
0 1 927 0000
0 1 928 0000
0 1 929 0000
0 1 930 0000
0 1 931 0000
0 1 932 0000
0 1 933 0000
0 1 934 0000
0 1 935 0000
0 1 936 0000
0 1 937 0000
0 1 938 0000
0 1 939 0000
0 1 940 0000
0 1 941 0000
0 1 942 0000
0 1 943 0000
0 1 944 0000
0 1 945 0000
0 1 946 0000
0 1 947 0000
0 1 948 0000
0 1 949 0000
0 1 950 0000
0 1 951 0000
0 1 952 0000
0 1 953 0000
0 1 954 0000
0 1 955 0000
0 1 956 0000
0 1 957 0000
0 1 958 0000
0 1 959 0000
0 1 960 0000
0 1 961 0000
0 1 962 0000
0 1 963 0000
0 1 964 0000
0 1 965 0000
0 1 966 0000
0 1 967 0000
0 1 968 0000
0 1 969 0000
0 1 970 0000
0 1 971 0000
0 1 972 0000
0 1 973 0000
0 1 974 0000
0 1 975 0000
0 1 976 0000
0 1 977 0000
0 1 978 0000
0 1 979 0000
0 1 980 0000
0 1 981 0000
0 1 982 0000
0 1 983 0000
0 1 984 0000
0 1 985 0000
0 1 986 0000
0 1 987 0000
0 1 988 0000
0 1 989 0000
0 1 990 0000
0 1 991 0000
0 1 992 0000
0 1 993 0000
0 1 994 0000
0 1 995 0000
0 1 996 0000
0 1 997 0000
0 1 998 0000
0 1 999 0000
0 1 1000 0000
0 1 1001 0000
0 1 1002 0000
0 1 1003 0000
0 1 1004 0000
0 1 1005 0000
0 1 1006 0000
0 1 1007 0000
0 1 1008 0000
0 1 1009 0000
0 1 1010 0000
0 1 1011 0000
0 1 1012 0000
0 1 1013 0000
0 1 1014 0000
0 1 1015 0000
0 1 1016 0000
0 1 1017 0000
0 1 1018 0000
0 1 1019 0000
0 1 1020 0000
0 1 1021 0000
0 1 1022 0000
0 1 1023 0000
0 1 1024 0000
0 1 1025 0000
0 1 1026 0000
0 1 1027 0000
0 1 1028 0000
0 1 1029 0000
0 1 1030 0000
0 1 1031 0000
0 1 1032 0000
0 1 1033 0000
0 1 1034 0000
0 1 1035 0000
0 1 1036 0000
0 1 1037 0000
0 1 1038 0000
0 1 1039 0000
0 1 1040 0000
0 1 1041 0000
0 1 1042 0000
0 1 1043 0000
0 1 1044 0000
0 1 1045 0000
0 1 1046 0000
0 1 1047 0000
0 1 1048 0000
0 1 1049 0000
0 1 1050 0000
0 1 1051 0000
0 1 1052 0000
0 1 1053 0000
0 1 1054 0000
0 1 1055 0000
0 1 1056 0000
0 1 1057 0000
0 1 1058 0000
0 1 1059 0000
0 1 1060 0000
0 1 1061 0000
0 1 1062 0000
0 1 1063 0000
0 1 1064 0000
0 1 1065 0000
0 1 1066 0000
0 1 1067 0000
0 1 1068 0000
0 1 1069 0000
0 1 1070 0000
0 1 1071 0000
0 1 1072 0000
0 1 1073 0000
0 1 1074 0000
0 1 1075 0000
0 1 1076 0000
0 1 1077 0000
0 1 1078 0000
0 1 1079 0000
0 1 1080 0000
0 1 1081 0000
0 1 1082 0000
0 1 1083 0000
0 1 1084 0000
0 1 1085 0000
0 1 1086 0000
0 1 1087 0000
0 1 1088 0000
0 1 1089 0000
0 1 1090 0000
0 1 1091 0000
0 1 1092 0000
0 1 1093 0000
0 1 1094 0000
0 1 1095 0000
0 1 1096 0000
0 1 1097 0000
0 1 1098 0000
0 1 1099 0000
0 1 1100 0000
0 1 1101 0000
0 1 1102 0000
0 1 1103 0000
0 1 1104 0000
0 1 1105 0000
0 1 1106 0000
0 1 1107 0000
0 1 1108 0000
0 1 1109 0000
0 1 1110 0000
0 1 1111 0000
0 1 1112 0000
0 1 1113 0000
0 1 1114 0000
0 1 1115 0000
0 1 1116 0000
0 1 1117 0000
0 1 1118 0000
0 1 1119 0000
0 1 1120 0000
0 1 1121 0000
0 1 1122 0000
0 1 1123 0000
0 1 1124 0000
0 1 1125 0000
0 1 1126 0000
0 1 1127 0000
0 1 1128 0000
0 1 1129 0000
0 1 1130 0000
0 1 1131 0000
0 1 1132 0000
0 1 1133 0000
0 1 1134 0000
0 1 1135 0000
0 1 1136 0000
0 1 1137 0000
0 1 1138 0000
0 1 1139 0000
0 1 1140 0000
0 1 1141 0000
0 1 1142 0000
0 1 1143 0000
0 1 1144 0000
0 1 1145 0000
0 1 1146 0000
0 1 1147 0000
0 1 1148 0000
0 1 1149 0000
0 1 1150 0000
0 1 1151 0000
0 1 1152 0000
0 1 1153 0000
0 1 1154 0000
0 1 1155 0000
0 1 1156 0000
0 1 1157 0000
0 1 1158 0000
0 1 1159 0000
0 1 1160 0000
0 1 1161 0000
0 1 1162 0000
0 1 1163 0000
0 1 1164 0000
0 1 1165 0000
0 1 1166 0000
0 1 1167 0000
0 1 1168 0000
0 1 1169 0000
0 1 1170 0000
0 1 1171 0000
0 1 1172 0000
0 1 1173 0000
0 1 1174 0000
0 1 1175 0000
0 1 1176 0000
0 1 1177 0000
0 1 1178 0000
0 1 1179 0000
0 1 1180 0000
0 1 1181 0000
0 1 1182 0000
0 1 1183 0000
0 1 1184 0000
0 1 1185 0000
0 1 1186 0000
0 1 1187 0000
0 1 1188 0000
0 1 1189 0000
0 1 1190 0000
0 1 1191 0000
0 1 1192 0000
0 1 1193 0000
0 1 1194 0000
0 1 1195 0000
0 1 1196 0000
0 1 1197 0000
0 1 1198 0000
0 1 1199 0000
0 1 1200 0000
0 1 1201 0000
0 1 1202 0000
0 1 1203 0000
0 1 1204 0000
0 1 1205 0000
0 1 1206 0000
0 1 1207 0000
0 1 1208 0000
0 1 1209 0000
0 1 1210 0000
0 1 1211 0000
0 1 1212 0000
0 1 1213 0000
0 1 1214 0000
0 1 1215 0000
0 1 1216 0000
0 1 1217 0000
0 1 1218 0000
0 1 1219 0000
0 1 1220 0000
0 1 1221 0000
0 1 1222 0000
0 1 1223 0000
0 1 1224 0000
0 1 1225 0000
0 1 1226 0000
0 1 1227 0000
0 1 1228 0000
0 1 1229 0000
0 1 1230 0000
0 1 1231 0000
0 1 1232 0000
0 1 1233 0000
0 1 1234 0000
0 1 1235 0000
0 1 1236 0000
0 1 1237 0000
0 1 1238 0000
0 1 1239 0000
0 1 1240 0000
0 1 1241 0000
0 1 1242 0000
0 1 1243 0000
0 1 1244 0000
0 1 1245 0000
0 1 1246 0000
0 1 1247 0000
0 1 1248 0000
0 1 1249 0000
0 1 1250 0000
0 1 1251 0000
0 1 1252 0000
0 1 1253 0000
0 1 1254 0000
0 1 1255 0000
0 1 1256 0000
0 1 1257 0000
0 1 1258 0000
0 1 1259 0000
0 1 1260 0000
0 1 1261 0000
0 1 1262 0000
0 1 1263 0000
0 1 1264 0000
0 1 1265 0000
0 1 1266 0000
0 1 1267 0000
0 1 1268 0000
0 1 1269 0000
0 1 1270 0000
0 1 1271 0000
0 1 1272 0000
0 1 1273 0000
0 1 1274 0000
0 1 1275 0000
0 1 1276 0000
0 1 1277 0000
0 1 1278 0000
0 1 1279 0000
0 1 1280 0000
0 1 1281 0000
0 1 1282 0000
0 1 1283 0000
0 1 1284 0000
0 1 1285 0000
0 1 1286 0000
0 1 1287 0000
0 1 1288 0000
0 1 1289 0000
0 1 1290 0000
0 1 1291 0000
0 1 1292 0000
0 1 1293 0000
0 1 1294 0000
0 1 1295 0000
0 1 1296 0000
0 1 1297 0000
0 1 1298 0000
0 1 1299 0000
0 1 1300 0000
0 1 1301 0000
0 1 1302 0000
0 1 1303 0000
0 1 1304 0000
0 1 1305 0000
0 1 1306 0000
0 1 1307 0000
0 1 1308 0000
0 1 1309 0000
0 1 1310 0000
0 1 1311 0000
0 1 1312 0000
0 1 1313 0000
0 1 1314 0000
0 1 1315 0000
0 1 1316 0000
0 1 1317 0000
0 1 1318 0000
0 1 1319 0000
0 1 1320 0000
0 1 1321 0000
0 1 1322 0000
0 1 1323 0000
0 1 1324 0000
0 1 1325 0000
0 1 1326 0000
0 1 1327 0000
0 1 1328 0000
0 1 1329 0000
0 1 1330 0000
0 1 1331 0000
0 1 1332 0000
0 1 1333 0000
0 1 1334 0000
0 1 1335 0000
0 1 1336 0000
0 1 1337 0000
0 1 1338 0000
0 1 1339 0000
0 1 1340 0000
0 1 1341 0000
0 1 1342 0000
0 1 1343 0000
0 1 1344 0000
0 1 1345 0000
0 1 1346 0000
0 1 1347 0000
0 1 1348 0000
0 1 1349 0000
0 1 1350 0000
0 1 1351 0000
0 1 1352 0000
0 1 1353 0000
0 1 1354 0000
0 1 1355 0000
0 1 1356 0000
0 1 1357 0000
0 1 1358 0000
0 1 1359 0000
0 1 1360 0000
0 1 1361 0000
0 1 1362 0000
0 1 1363 0000
0 1 1364 0000
0 1 1365 0000
0 1 1366 0000
0 1 1367 0000
0 1 1368 0000
0 1 1369 0000
0 1 1370 0000
0 1 1371 0000
0 1 1372 0000
0 1 1373 0000
0 1 1374 0000
0 1 1375 0000
0 1 1376 0000
0 1 1377 0000
0 1 1378 0000
0 1 1379 0000
0 1 1380 0000
0 1 1381 0000
0 1 1382 0000
0 1 1383 0000
0 1 1384 0000
0 1 1385 0000
0 1 1386 0000
0 1 1387 0000
0 1 1388 0000
0 1 1389 0000
0 1 1390 0000
0 1 1391 0000
0 1 1392 0000
0 1 1393 0000
0 1 1394 0000
0 1 1395 0000
0 1 1396 0000
0 1 1397 0000
0 1 1398 0000
0 1 1399 0000
0 1 1400 0000
0 1 1401 0000
0 1 1402 0000
0 1 1403 0000
0 1 1404 0000
0 1 1405 0000
0 1 1406 0000
0 1 1407 0000
0 1 1408 0000
0 1 1409 0000
0 1 1410 0000
0 1 1411 0000
0 1 1412 0000
0 1 1413 0000
0 1 1414 0000
0 1 1415 0000
0 1 1416 0000
0 1 1417 0000
0 1 1418 0000
0 1 1419 0000
0 1 1420 0000
0 1 1421 0000
0 1 1422 0000
0 1 1423 0000
0 1 1424 0000
0 1 1425 0000
0 1 1426 0000
0 1 1427 0000
0 1 1428 0000
0 1 1429 0000
0 1 1430 0000
0 1 1431 0000
0 1 1432 0000
0 1 1433 0000
0 1 1434 0000
0 1 1435 0000
0 1 1436 0000
0 1 1437 0000
0 1 1438 0000
0 1 1439 0000
0 1 1440 0000
0 1 1441 0000
0 1 1442 0000
0 1 1443 0000
0 1 1444 0000
0 1 1445 0000
0 1 1446 0000
0 1 1447 0000
0 1 1448 0000
0 1 1449 0000
0 1 1450 0000
0 1 1451 0000
0 1 1452 0000
0 1 1453 0000
0 1 1454 0000
0 1 1455 0000
0 1 1456 0000
0 1 1457 0000
0 1 1458 0000
0 1 1459 0000
0 1 1460 0000
0 1 1461 0000
0 1 1462 0000
0 1 1463 0000
0 1 1464 0000
0 1 1465 0000
0 1 1466 0000
0 1 1467 0000
0 1 1468 0000
0 1 1469 0000
0 1 1470 0000
0 1 1471 0000
0 1 1472 0000
0 1 1473 0000
0 1 1474 0000
0 1 1475 0000
0 1 1476 0000
0 1 1477 0000
0 1 1478 0000
0 1 1479 0000
0 1 1480 0000
0 1 1481 0000
0 1 1482 0000
0 1 1483 0000
0 1 1484 0000
0 1 1485 0000
0 1 1486 0000
0 1 1487 0000
0 1 1488 0000
0 1 1489 0000
0 1 1490 0000
0 1 1491 0000
0 1 1492 0000
0 1 1493 0000
0 1 1494 0000
0 1 1495 0000
0 1 1496 0000
0 1 1497 0000
0 1 1498 0000
0 1 1499 0000
0 1 1500 0000
0 1 1501 0000
0 1 1502 0000
0 1 1503 0000
0 1 1504 0000
0 1 1505 0000
0 1 1506 0000
0 1 1507 0000
0 1 1508 0000
0 1 1509 0000
0 1 1510 0000
0 1 1511 0000
0 1 1512 0000
0 1 1513 0000
0 1 1514 0000
0 1 1515 0000
0 1 1516 0000
0 1 1517 0000
0 1 1518 0000
0 1 1519 0000
0 1 1520 0000
0 1 1521 0000
0 1 1522 0000
0 1 1523 0000
0 1 1524 0000
0 1 1525 0000
0 1 1526 0000
0 1 1527 0000
0 1 1528 0000
0 1 1529 0000
0 1 1530 0000
0 1 1531 0000
0 1 1532 0000
0 1 1533 0000
0 1 1534 0000
0 1 1535 0000
0 1 1536 0000
0 1 1537 0000
0 1 1538 0000
0 1 1539 0000
0 1 1540 0000
0 1 1541 0000
0 1 1542 0000
0 1 1543 0000
0 1 1544 0000
0 1 1545 0000
0 1 1546 0000
0 1 1547 0000
0 1 1548 0000
0 1 1549 0000
0 1 1550 0000
0 1 1551 0000
0 1 1552 0000
0 1 1553 0000
0 1 1554 0000
0 1 1555 0000
0 1 1556 0000
0 1 1557 0000
0 1 1558 0000
0 1 1559 0000
0 1 1560 0000
0 1 1561 0000
0 1 1562 0000
0 1 1563 0000
0 1 1564 0000
0 1 1565 0000
0 1 1566 0000
0 1 1567 0000
0 1 1568 0000
0 1 1569 0000
0 1 1570 0000
0 1 1571 0000
0 1 1572 0000
0 1 1573 0000
0 1 1574 0000
0 1 1575 0000
0 1 1576 0000
0 1 1577 0000
0 1 1578 0000
0 1 1579 0000
0 1 1580 0000
0 1 1581 0000
0 1 1582 0000
0 1 1583 0000
0 1 1584 0000
0 1 1585 0000
0 1 1586 0000
0 1 1587 0000
0 1 1588 0000
0 1 1589 0000
0 1 1590 0000
0 1 1591 0000
0 1 1592 0000
0 1 1593 0000
0 1 1594 0000
0 1 1595 0000
0 1 1596 0000
0 1 1597 0000
0 1 1598 0000
0 1 1599 0000
0 1 1600 0000
0 1 1601 0000
0 1 1602 0000
0 1 1603 0000
0 1 1604 0000
0 1 1605 0000
0 1 1606 0000
0 1 1607 0000
0 1 1608 0000
0 1 1609 0000
0 1 1610 0000
0 1 1611 0000
0 1 1612 0000
0 1 1613 0000
0 1 1614 0000
0 1 1615 0000
0 1 1616 0000
0 1 1617 0000
0 1 1618 0000
0 1 1619 0000
0 1 1620 0000
0 1 1621 0000
0 1 1622 0000
0 1 1623 0000
0 1 1624 0000
0 1 1625 0000
0 1 1626 0000
0 1 1627 0000
0 1 1628 0000
0 1 1629 0000
0 1 1630 0000
0 1 1631 0000
0 1 1632 0000
0 1 1633 0000
0 1 1634 0000
0 1 1635 0000
0 1 1636 0000
0 1 1637 0000
0 1 1638 0000
0 1 1639 0000
0 1 1640 0000
0 1 1641 0000
0 1 1642 0000
0 1 1643 0000
0 1 1644 0000
0 1 1645 0000
0 1 1646 0000
0 1 1647 0000
0 1 1648 0000
0 1 1649 0000
0 1 1650 0000
0 1 1651 0000
0 1 1652 0000
0 1 1653 0000
0 1 1654 0000
0 1 1655 0000
0 1 1656 0000
0 1 1657 0000
0 1 1658 0000
0 1 1659 0000
0 1 1660 0000
0 1 1661 0000
0 1 1662 0000
0 1 1663 0000
0 1 1664 0000
0 1 1665 0000
0 1 1666 0000
0 1 1667 0000
0 1 1668 0000
0 1 1669 0000
0 1 1670 0000
0 1 1671 0000
0 1 1672 0000
0 1 1673 0000
0 1 1674 0000
0 1 1675 0000
0 1 1676 0000
0 1 1677 0000
0 1 1678 0000
0 1 1679 0000
0 1 1680 0000
0 1 1681 0000
0 1 1682 0000
0 1 1683 0000
0 1 1684 0000
0 1 1685 0000
0 1 1686 0000
0 1 1687 0000
0 1 1688 0000
0 1 1689 0000
0 1 1690 0000
0 1 1691 0000
0 1 1692 0000
0 1 1693 0000
0 1 1694 0000
0 1 1695 0000
0 1 1696 0000
0 1 1697 0000
0 1 1698 0000
0 1 1699 0000
0 1 1700 0000
0 1 1701 0000
0 1 1702 0000
0 1 1703 0000
0 1 1704 0000
0 1 1705 0000
0 1 1706 0000
0 1 1707 0000
0 1 1708 0000
0 1 1709 0000
0 1 1710 0000
0 1 1711 0000
0 1 1712 0000
0 1 1713 0000
0 1 1714 0000
0 1 1715 0000
0 1 1716 0000
0 1 1717 0000
0 1 1718 0000
0 1 1719 0000
0 1 1720 0000
0 1 1721 0000
0 1 1722 0000
0 1 1723 0000
0 1 1724 0000
0 1 1725 0000
0 1 1726 0000
0 1 1727 0000
0 1 1728 0000
0 1 1729 0000
0 1 1730 0000
0 1 1731 0000
0 1 1732 0000
0 1 1733 0000
0 1 1734 0000
0 1 1735 0000
0 1 1736 0000
0 1 1737 0000
0 1 1738 0000
0 1 1739 0000
0 1 1740 0000
0 1 1741 0000
0 1 1742 0000
0 1 1743 0000
0 1 1744 0000
0 1 1745 0000
0 1 1746 0000
0 1 1747 0000
0 1 1748 0000
0 1 1749 0000
0 1 1750 0000
0 1 1751 0000
0 1 1752 0000
0 1 1753 0000
0 1 1754 0000
0 1 1755 0000
0 1 1756 0000
0 1 1757 0000
0 1 1758 0000
0 1 1759 0000
0 1 1760 0000
0 1 1761 0000
0 1 1762 0000
0 1 1763 0000
0 1 1764 0000
0 1 1765 0000
0 1 1766 0000
0 1 1767 0000
0 1 1768 0000
0 1 1769 0000
0 1 1770 0000
0 1 1771 0000
0 1 1772 0000
0 1 1773 0000
0 1 1774 0000
0 1 1775 0000
0 1 1776 0000
0 1 1777 0000
0 1 1778 0000
0 1 1779 0000
0 1 1780 0000
0 1 1781 0000
0 1 1782 0000
0 1 1783 0000
0 1 1784 0000
0 1 1785 0000
0 1 1786 0000
0 1 1787 0000
0 1 1788 0000
0 1 1789 0000
0 1 1790 0000
0 1 1791 0000
0 1 1792 0000
0 1 1793 0000
0 1 1794 0000
0 1 1795 0000
0 1 1796 0000
0 1 1797 0000
0 1 1798 0000
0 1 1799 0000
0 1 1800 0000
0 1 1801 0000
0 1 1802 0000
0 1 1803 0000
0 1 1804 0000
0 1 1805 0000
0 1 1806 0000
0 1 1807 0000
0 1 1808 0000
0 1 1809 0000
0 1 1810 0000
0 1 1811 0000
0 1 1812 0000
0 1 1813 0000
0 1 1814 0000
0 1 1815 0000
0 1 1816 0000
0 1 1817 0000
0 1 1818 0000
0 1 1819 0000
0 1 1820 0000
0 1 1821 0000
0 1 1822 0000
0 1 1823 0000
0 1 1824 0000
0 1 1825 0000
0 1 1826 0000
0 1 1827 0000
0 1 1828 0000
0 1 1829 0000
0 1 1830 0000
0 1 1831 0000
0 1 1832 0000
0 1 1833 0000
0 1 1834 0000
0 1 1835 0000
0 1 1836 0000
0 1 1837 0000
0 1 1838 0000
0 1 1839 0000
0 1 1840 0000
0 1 1841 0000
0 1 1842 0000
0 1 1843 0000
0 1 1844 0000
0 1 1845 0000
0 1 1846 0000
0 1 1847 0000
0 1 1848 0000
0 1 1849 0000
0 1 1850 0000
0 1 1851 0000
0 1 1852 0000
0 1 1853 0000
0 1 1854 0000
0 1 1855 0000
0 1 1856 0000
0 1 1857 0000
0 1 1858 0000
0 1 1859 0000
0 1 1860 0000
0 1 1861 0000
0 1 1862 0000
0 1 1863 0000
0 1 1864 0000
0 1 1865 0000
0 1 1866 0000
0 1 1867 0000
0 1 1868 0000
0 1 1869 0000
0 1 1870 0000
0 1 1871 0000
0 1 1872 0000
0 1 1873 0000
0 1 1874 0000
0 1 1875 0000
0 1 1876 0000
0 1 1877 0000
0 1 1878 0000
0 1 1879 0000
0 1 1880 0000
0 1 1881 0000
0 1 1882 0000
0 1 1883 0000
0 1 1884 0000
0 1 1885 0000
0 1 1886 0000
0 1 1887 0000
0 1 1888 0000
0 1 1889 0000
0 1 1890 0000
0 1 1891 0000
0 1 1892 0000
0 1 1893 0000
0 1 1894 0000
0 1 1895 0000
0 1 1896 0000
0 1 1897 0000
0 1 1898 0000
0 1 1899 0000
0 1 1900 0000
0 1 1901 0000
0 1 1902 0000
0 1 1903 0000
0 1 1904 0000
0 1 1905 0000
0 1 1906 0000
0 1 1907 0000
0 1 1908 0000
0 1 1909 0000
0 1 1910 0000
0 1 1911 0000
0 1 1912 0000
0 1 1913 0000
0 1 1914 0000
0 1 1915 0000
0 1 1916 0000
0 1 1917 0000
0 1 1918 0000
0 1 1919 0000
0 1 1920 0000
0 1 1921 0000
0 1 1922 0000
0 1 1923 0000
0 1 1924 0000
0 1 1925 0000
0 1 1926 0000
0 1 1927 0000
0 1 1928 0000
0 1 1929 0000
0 1 1930 0000
0 1 1931 0000
0 1 1932 0000
0 1 1933 0000
0 1 1934 0000
0 1 1935 0000
0 1 1936 0000
0 1 1937 0000
0 1 1938 0000
0 1 1939 0000
0 1 1940 0000
0 1 1941 0000
0 1 1942 0000
0 1 1943 0000
0 1 1944 0000
0 1 1945 0000
0 1 1946 0000
0 1 1947 0000
0 1 1948 0000
0 1 1949 0000
0 1 1950 0000
0 1 1951 0000
0 1 1952 0000
0 1 1953 0000
0 1 1954 0000
0 1 1955 0000
0 1 1956 0000
0 1 1957 0000
0 1 1958 0000
0 1 1959 0000
0 1 1960 0000
0 1 1961 0000
0 1 1962 0000
0 1 1963 0000
0 1 1964 0000
0 1 1965 0000
0 1 1966 0000
0 1 1967 0000
0 1 1968 0000
0 1 1969 0000
0 1 1970 0000
0 1 1971 0000
0 1 1972 0000
0 1 1973 0000
0 1 1974 0000
0 1 1975 0000
0 1 1976 0000
0 1 1977 0000
0 1 1978 0000
0 1 1979 0000
0 1 1980 0000
0 1 1981 0000
0 1 1982 0000
0 1 1983 0000
0 1 1984 0000
0 1 1985 0000
0 1 1986 0000
0 1 1987 0000
0 1 1988 0000
0 1 1989 0000
0 1 1990 0000
0 1 1991 0000
0 1 1992 0000
0 1 1993 0000
0 1 1994 0000
0 1 1995 0000
0 1 1996 0000
0 1 1997 0000
0 1 1998 0000
0 1 1999 0000
0 1 2000 0000
0 1 2001 0000
0 1 2002 0000
0 1 2003 0000
0 1 2004 0000
0 1 2005 0000
0 1 2006 0000
0 1 2007 0000
0 1 2008 0000
0 1 2009 0000
0 1 2010 0000
0 1 2011 0000
0 1 2012 0000
0 1 2013 0000
0 1 2014 0000
0 1 2015 0000
0 1 2016 0000
0 1 2017 0000
0 1 2018 0000
0 1 2019 0000
0 1 2020 0000
0 1 2021 0000
0 1 2022 0000
0 1 2023 0000
0 1 2024 0000
0 1 2025 0000
0 1 2026 0000
0 1 2027 0000
0 1 2028 0000
0 1 2029 0000
0 1 2030 0000
0 1 2031 0000
0 1 2032 0000
0 1 2033 0000
0 1 2034 0000
0 1 2035 0000
0 1 2036 0000
0 1 2037 0000
0 1 2038 0000
0 1 2039 0000
0 1 2040 0000
0 1 2041 0000
0 1 2042 0000
0 1 2043 0000
0 1 2044 0000
0 1 2045 0000
0 1 2046 0000
0 1 2047 0000
0 2 0 0000
0 2 1 0000
0 2 2 0000
0 2 3 0000
0 2 4 0000
0 2 5 0000
0 2 6 0000
0 2 7 0000
0 2 8 0000
0 2 9 0000
0 2 10 0000
0 2 11 0000
0 2 12 0000
0 2 13 0000
0 2 14 0000
0 2 15 0000
0 2 16 0000
0 2 17 0000
0 2 18 0000
0 2 19 0000
0 2 20 0000
0 2 21 0000
0 2 22 0000
0 2 23 0000
0 2 24 0000
0 2 25 0000
0 2 26 0000
0 2 27 0000
0 2 28 0000
0 2 29 0000
0 2 30 0000
0 2 31 0000
0 2 32 0000
0 2 33 0000
0 2 34 0000
0 2 35 0000
0 2 36 0000
0 2 37 0000
0 2 38 0000
0 2 39 0000
0 2 40 0000
0 2 41 0000
0 2 42 0000
0 2 43 0000
0 2 44 0000
0 2 45 0000
0 2 46 0000
0 2 47 0000
0 2 48 0000
0 2 49 0000
0 2 50 0000
0 2 51 0000
0 2 52 0000
0 2 53 0000
0 2 54 0000
0 2 55 0000
0 2 56 0000
0 2 57 0000
0 2 58 0000
0 2 59 0000
0 2 60 0000
0 2 61 0000
0 2 62 0000
0 2 63 0000
0 2 64 0000
0 2 65 0000
0 2 66 0000
0 2 67 0000
0 2 68 0000
0 2 69 0000
0 2 70 0000
0 2 71 0000
0 2 72 0000
0 2 73 0000
0 2 74 0000
0 2 75 0000
0 2 76 0000
0 2 77 0000
0 2 78 0000
0 2 79 0000
0 2 80 0000
0 2 81 0000
0 2 82 0000
0 2 83 0000
0 2 84 0000
0 2 85 0000
0 2 86 0000
0 2 87 0000
0 2 88 0000
0 2 89 0000
0 2 90 0000
0 2 91 0000
0 2 92 0000
0 2 93 0000
0 2 94 0000
0 2 95 0000
0 2 96 0000
0 2 97 0000
0 2 98 0000
0 2 99 0000
0 2 100 0000
0 2 101 0000
0 2 102 0000
0 2 103 0000
0 2 104 0000
0 2 105 0000
0 2 106 0000
0 2 107 0000
0 2 108 0000
0 2 109 0000
0 2 110 0000
0 2 111 0000
0 2 112 0000
0 2 113 0000
0 2 114 0000
0 2 115 0000
0 2 116 0000
0 2 117 0000
0 2 118 0000
0 2 119 0000
0 2 120 0000
0 2 121 0000
0 2 122 0000
0 2 123 0000
0 2 124 0000
0 2 125 0000
0 2 126 0000
0 2 127 0000
0 2 128 0000
0 2 129 0000
0 2 130 0000
0 2 131 0000
0 2 132 0000
0 2 133 0000
0 2 134 0000
0 2 135 0000
0 2 136 0000
0 2 137 0000
0 2 138 0000
0 2 139 0000
0 2 140 0000
0 2 141 0000
0 2 142 0000
0 2 143 0000
0 2 144 0000
0 2 145 0000
0 2 146 0000
0 2 147 0000
0 2 148 0000
0 2 149 0000
0 2 150 0000
0 2 151 0000
0 2 152 0000
0 2 153 0000
0 2 154 0000
0 2 155 0000
0 2 156 0000
0 2 157 0000
0 2 158 0000
0 2 159 0000
0 2 160 0000
0 2 161 0000
0 2 162 0000
0 2 163 0000
0 2 164 0000
0 2 165 0000
0 2 166 0000
0 2 167 0000
0 2 168 0000
0 2 169 0000
0 2 170 0000
0 2 171 0000
0 2 172 0000
0 2 173 0000
0 2 174 0000
0 2 175 0000
0 2 176 0000
0 2 177 0000
0 2 178 0000
0 2 179 0000
0 2 180 0000
0 2 181 0000
0 2 182 0000
0 2 183 0000
0 2 184 0000
0 2 185 0000
0 2 186 0000
0 2 187 0000
0 2 188 0000
0 2 189 0000
0 2 190 0000
0 2 191 0000
0 2 192 0000
0 2 193 0000
0 2 194 0000
0 2 195 0000
0 2 196 0000
0 2 197 0000
0 2 198 0000
0 2 199 0000
0 2 200 0000
0 2 201 0000
0 2 202 0000
0 2 203 0000
0 2 204 0000
0 2 205 0000
0 2 206 0000
0 2 207 0000
0 2 208 0000
0 2 209 0000
0 2 210 0000
0 2 211 0000
0 2 212 0000
0 2 213 0000
0 2 214 0000
0 2 215 0000
0 2 216 0000
0 2 217 0000
0 2 218 0000
0 2 219 0000
0 2 220 0000
0 2 221 0000
0 2 222 0000
0 2 223 0000
0 2 224 0000
0 2 225 0000
0 2 226 0000
0 2 227 0000
0 2 228 0000
0 2 229 0000
0 2 230 0000
0 2 231 0000
0 2 232 0000
0 2 233 0000
0 2 234 0000
0 2 235 0000
0 2 236 0000
0 2 237 0000
0 2 238 0000
0 2 239 0000
0 2 240 0000
0 2 241 0000
0 2 242 0000
0 2 243 0000
0 2 244 0000
0 2 245 0000
0 2 246 0000
0 2 247 0000
0 2 248 0000
0 2 249 0000
0 2 250 0000
0 2 251 0000
0 2 252 0000
0 2 253 0000
0 2 254 0000
0 2 255 0000
0 2 256 0000
0 2 257 0000
0 2 258 0000
0 2 259 0000
0 2 260 0000
0 2 261 0000
0 2 262 0000
0 2 263 0000
0 2 264 0000
0 2 265 0000
0 2 266 0000
0 2 267 0000
0 2 268 0000
0 2 269 0000
0 2 270 0000
0 2 271 0000
0 2 272 0000
0 2 273 0000
0 2 274 0000
0 2 275 0000
0 2 276 0000
0 2 277 0000
0 2 278 0000
0 2 279 0000
0 2 280 0000
0 2 281 0000
0 2 282 0000
0 2 283 0000
0 2 284 0000
0 2 285 0000
0 2 286 0000
0 2 287 0000
0 2 288 0000
0 2 289 0000
0 2 290 0000
0 2 291 0000
0 2 292 0000
0 2 293 0000
0 2 294 0000
0 2 295 0000
0 2 296 0000
0 2 297 0000
0 2 298 0000
0 2 299 0000
0 2 300 0000
0 2 301 0000
0 2 302 0000
0 2 303 0000
0 2 304 0000
0 2 305 0000
0 2 306 0000
0 2 307 0000
0 2 308 0000
0 2 309 0000
0 2 310 0000
0 2 311 0000
0 2 312 0000
0 2 313 0000
0 2 314 0000
0 2 315 0000
0 2 316 0000
0 2 317 0000
0 2 318 0000
0 2 319 0000
0 2 320 0000
0 2 321 0000
0 2 322 0000
0 2 323 0000
0 2 324 0000
0 2 325 0000
0 2 326 0000
0 2 327 0000
0 2 328 0000
0 2 329 0000
0 2 330 0000
0 2 331 0000
0 2 332 0000
0 2 333 0000
0 2 334 0000
0 2 335 0000
0 2 336 0000
0 2 337 0000
0 2 338 0000
0 2 339 0000
0 2 340 0000
0 2 341 0000
0 2 342 0000
0 2 343 0000
0 2 344 0000
0 2 345 0000
0 2 346 0000
0 2 347 0000
0 2 348 0000
0 2 349 0000
0 2 350 0000
0 2 351 0000
0 2 352 0000
0 2 353 0000
0 2 354 0000
0 2 355 0000
0 2 356 0000
0 2 357 0000
0 2 358 0000
0 2 359 0000
0 2 360 0000
0 2 361 0000
0 2 362 0000
0 2 363 0000
0 2 364 0000
0 2 365 0000
0 2 366 0000
0 2 367 0000
0 2 368 0000
0 2 369 0000
0 2 370 0000
0 2 371 0000
0 2 372 0000
0 2 373 0000
0 2 374 0000
0 2 375 0000
0 2 376 0000
0 2 377 0000
0 2 378 0000
0 2 379 0000
0 2 380 0000
0 2 381 0000
0 2 382 0000
0 2 383 0000
0 2 384 0000
0 2 385 0000
0 2 386 0000
0 2 387 0000
0 2 388 0000
0 2 389 0000
0 2 390 0000
0 2 391 0000
0 2 392 0000
0 2 393 0000
0 2 394 0000
0 2 395 0000
0 2 396 0000
0 2 397 0000
0 2 398 0000
0 2 399 0000
0 2 400 0000
0 2 401 0000
0 2 402 0000
0 2 403 0000
0 2 404 0000
0 2 405 0000
0 2 406 0000
0 2 407 0000
0 2 408 0000
0 2 409 0000
0 2 410 0000
0 2 411 0000
0 2 412 0000
0 2 413 0000
0 2 414 0000
0 2 415 0000
0 2 416 0000
0 2 417 0000
0 2 418 0000
0 2 419 0000
0 2 420 0000
0 2 421 0000
0 2 422 0000
0 2 423 0000
0 2 424 0000
0 2 425 0000
0 2 426 0000
0 2 427 0000
0 2 428 0000
0 2 429 0000
0 2 430 0000
0 2 431 0000
0 2 432 0000
0 2 433 0000
0 2 434 0000
0 2 435 0000
0 2 436 0000
0 2 437 0000
0 2 438 0000
0 2 439 0000
0 2 440 0000
0 2 441 0000
0 2 442 0000
0 2 443 0000
0 2 444 0000
0 2 445 0000
0 2 446 0000
0 2 447 0000
0 2 448 0000
0 2 449 0000
0 2 450 0000
0 2 451 0000
0 2 452 0000
0 2 453 0000
0 2 454 0000
0 2 455 0000
0 2 456 0000
0 2 457 0000
0 2 458 0000
0 2 459 0000
0 2 460 0000
0 2 461 0000
0 2 462 0000
0 2 463 0000
0 2 464 0000
0 2 465 0000
0 2 466 0000
0 2 467 0000
0 2 468 0000
0 2 469 0000
0 2 470 0000
0 2 471 0000
0 2 472 0000
0 2 473 0000
0 2 474 0000
0 2 475 0000
0 2 476 0000
0 2 477 0000
0 2 478 0000
0 2 479 0000
0 2 480 0000
0 2 481 0000
0 2 482 0000
0 2 483 0000
0 2 484 0000
0 2 485 0000
0 2 486 0000
0 2 487 0000
0 2 488 0000
0 2 489 0000
0 2 490 0000
0 2 491 0000
0 2 492 0000
0 2 493 0000
0 2 494 0000
0 2 495 0000
0 2 496 0000
0 2 497 0000
0 2 498 0000
0 2 499 0000
0 2 500 0000
0 2 501 0000
0 2 502 0000
0 2 503 0000
0 2 504 0000
0 2 505 0000
0 2 506 0000
0 2 507 0000
0 2 508 0000
0 2 509 0000
0 2 510 0000
0 2 511 0000
0 2 512 0000
0 2 513 0000
0 2 514 0000
0 2 515 0000
0 2 516 0000
0 2 517 0000
0 2 518 0000
0 2 519 0000
0 2 520 0000
0 2 521 0000
0 2 522 0000
0 2 523 0000
0 2 524 0000
0 2 525 0000
0 2 526 0000
0 2 527 0000
0 2 528 0000
0 2 529 0000
0 2 530 0000
0 2 531 0000
0 2 532 0000
0 2 533 0000
0 2 534 0000
0 2 535 0000
0 2 536 0000
0 2 537 0000
0 2 538 0000
0 2 539 0000
0 2 540 0000
0 2 541 0000
0 2 542 0000
0 2 543 0000
0 2 544 0000
0 2 545 0000
0 2 546 0000
0 2 547 0000
0 2 548 0000
0 2 549 0000
0 2 550 0000
0 2 551 0000
0 2 552 0000
0 2 553 0000
0 2 554 0000
0 2 555 0000
0 2 556 0000
0 2 557 0000
0 2 558 0000
0 2 559 0000
0 2 560 0000
0 2 561 0000
0 2 562 0000
0 2 563 0000
0 2 564 0000
0 2 565 0000
0 2 566 0000
0 2 567 0000
0 2 568 0000
0 2 569 0000
0 2 570 0000
0 2 571 0000
0 2 572 0000
0 2 573 0000
0 2 574 0000
0 2 575 0000
0 2 576 0000
0 2 577 0000
0 2 578 0000
0 2 579 0000
0 2 580 0000
0 2 581 0000
0 2 582 0000
0 2 583 0000
0 2 584 0000
0 2 585 0000
0 2 586 0000
0 2 587 0000
0 2 588 0000
0 2 589 0000
0 2 590 0000
0 2 591 0000
0 2 592 0000
0 2 593 0000
0 2 594 0000
0 2 595 0000
0 2 596 0000
0 2 597 0000
0 2 598 0000
0 2 599 0000
0 2 600 0000
0 2 601 0000
0 2 602 0000
0 2 603 0000
0 2 604 0000
0 2 605 0000
0 2 606 0000
0 2 607 0000
0 2 608 0000
0 2 609 0000
0 2 610 0000
0 2 611 0000
0 2 612 0000
0 2 613 0000
0 2 614 0000
0 2 615 0000
0 2 616 0000
0 2 617 0000
0 2 618 0000
0 2 619 0000
0 2 620 0000
0 2 621 0000
0 2 622 0000
0 2 623 0000
0 2 624 0000
0 2 625 0000
0 2 626 0000
0 2 627 0000
0 2 628 0000
0 2 629 0000
0 2 630 0000
0 2 631 0000
0 2 632 0000
0 2 633 0000
0 2 634 0000
0 2 635 0000
0 2 636 0000
0 2 637 0000
0 2 638 0000
0 2 639 0000
0 2 640 0000
0 2 641 0000
0 2 642 0000
0 2 643 0000
0 2 644 0000
0 2 645 0000
0 2 646 0000
0 2 647 0000
0 2 648 0000
0 2 649 0000
0 2 650 0000
0 2 651 0000
0 2 652 0000
0 2 653 0000
0 2 654 0000
0 2 655 0000
0 2 656 0000
0 2 657 0000
0 2 658 0000
0 2 659 0000
0 2 660 0000
0 2 661 0000
0 2 662 0000
0 2 663 0000
0 2 664 0000
0 2 665 0000
0 2 666 0000
0 2 667 0000
0 2 668 0000
0 2 669 0000
0 2 670 0000
0 2 671 0000
0 2 672 0000
0 2 673 0000
0 2 674 0000
0 2 675 0000
0 2 676 0000
0 2 677 0000
0 2 678 0000
0 2 679 0000
0 2 680 0000
0 2 681 0000
0 2 682 0000
0 2 683 0000
0 2 684 0000
0 2 685 0000
0 2 686 0000
0 2 687 0000
0 2 688 0000
0 2 689 0000
0 2 690 0000
0 2 691 0000
0 2 692 0000
0 2 693 0000
0 2 694 0000
0 2 695 0000
0 2 696 0000
0 2 697 0000
0 2 698 0000
0 2 699 0000
0 2 700 0000
0 2 701 0000
0 2 702 0000
0 2 703 0000
0 2 704 0000
0 2 705 0000
0 2 706 0000
0 2 707 0000
0 2 708 0000
0 2 709 0000
0 2 710 0000
0 2 711 0000
0 2 712 0000
0 2 713 0000
0 2 714 0000
0 2 715 0000
0 2 716 0000
0 2 717 0000
0 2 718 0000
0 2 719 0000
0 2 720 0000
0 2 721 0000
0 2 722 0000
0 2 723 0000
0 2 724 0000
0 2 725 0000
0 2 726 0000
0 2 727 0000
0 2 728 0000
0 2 729 0000
0 2 730 0000
0 2 731 0000
0 2 732 0000
0 2 733 0000
0 2 734 0000
0 2 735 0000
0 2 736 0000
0 2 737 0000
0 2 738 0000
0 2 739 0000
0 2 740 0000
0 2 741 0000
0 2 742 0000
0 2 743 0000
0 2 744 0000
0 2 745 0000
0 2 746 0000
0 2 747 0000
0 2 748 0000
0 2 749 0000
0 2 750 0000
0 2 751 0000
0 2 752 0000
0 2 753 0000
0 2 754 0000
0 2 755 0000
0 2 756 0000
0 2 757 0000
0 2 758 0000
0 2 759 0000
0 2 760 0000
0 2 761 0000
0 2 762 0000
0 2 763 0000
0 2 764 0000
0 2 765 0000
0 2 766 0000
0 2 767 0000
0 2 768 0000
0 2 769 0000
0 2 770 0000
0 2 771 0000
0 2 772 0000
0 2 773 0000
0 2 774 0000
0 2 775 0000
0 2 776 0000
0 2 777 0000
0 2 778 0000
0 2 779 0000
0 2 780 0000
0 2 781 0000
0 2 782 0000
0 2 783 0000
0 2 784 0000
0 2 785 0000
0 2 786 0000
0 2 787 0000
0 2 788 0000
0 2 789 0000
0 2 790 0000
0 2 791 0000
0 2 792 0000
0 2 793 0000
0 2 794 0000
0 2 795 0000
0 2 796 0000
0 2 797 0000
0 2 798 0000
0 2 799 0000
0 2 800 0000
0 2 801 0000
0 2 802 0000
0 2 803 0000
0 2 804 0000
0 2 805 0000
0 2 806 0000
0 2 807 0000
0 2 808 0000
0 2 809 0000
0 2 810 0000
0 2 811 0000
0 2 812 0000
0 2 813 0000
0 2 814 0000
0 2 815 0000
0 2 816 0000
0 2 817 0000
0 2 818 0000
0 2 819 0000
0 2 820 0000
0 2 821 0000
0 2 822 0000
0 2 823 0000
0 2 824 0000
0 2 825 0000
0 2 826 0000
0 2 827 0000
0 2 828 0000
0 2 829 0000
0 2 830 0000
0 2 831 0000
0 2 832 0000
0 2 833 0000
0 2 834 0000
0 2 835 0000
0 2 836 0000
0 2 837 0000
0 2 838 0000
0 2 839 0000
0 2 840 0000
0 2 841 0000
0 2 842 0000
0 2 843 0000
0 2 844 0000
0 2 845 0000
0 2 846 0000
0 2 847 0000
0 2 848 0000
0 2 849 0000
0 2 850 0000
0 2 851 0000
0 2 852 0000
0 2 853 0000
0 2 854 0000
0 2 855 0000
0 2 856 0000
0 2 857 0000
0 2 858 0000
0 2 859 0000
0 2 860 0000
0 2 861 0000
0 2 862 0000
0 2 863 0000
0 2 864 0000
0 2 865 0000
0 2 866 0000
0 2 867 0000
0 2 868 0000
0 2 869 0000
0 2 870 0000
0 2 871 0000
0 2 872 0000
0 2 873 0000
0 2 874 0000
0 2 875 0000
0 2 876 0000
0 2 877 0000
0 2 878 0000
0 2 879 0000
0 2 880 0000
0 2 881 0000
0 2 882 0000
0 2 883 0000
0 2 884 0000
0 2 885 0000
0 2 886 0000
0 2 887 0000
0 2 888 0000
0 2 889 0000
0 2 890 0000
0 2 891 0000
0 2 892 0000
0 2 893 0000
0 2 894 0000
0 2 895 0000
0 2 896 0000
0 2 897 0000
0 2 898 0000
0 2 899 0000
0 2 900 0000
0 2 901 0000
0 2 902 0000
0 2 903 0000
0 2 904 0000
0 2 905 0000
0 2 906 0000
0 2 907 0000
0 2 908 0000
0 2 909 0000
0 2 910 0000
0 2 911 0000
0 2 912 0000
0 2 913 0000
0 2 914 0000
0 2 915 0000
0 2 916 0000
0 2 917 0000
0 2 918 0000
0 2 919 0000
0 2 920 0000
0 2 921 0000
0 2 922 0000
0 2 923 0000
0 2 924 0000
0 2 925 0000
0 2 926 0000
0 2 927 0000
0 2 928 0000
0 2 929 0000
0 2 930 0000
0 2 931 0000
0 2 932 0000
0 2 933 0000
0 2 934 0000
0 2 935 0000
0 2 936 0000
0 2 937 0000
0 2 938 0000
0 2 939 0000
0 2 940 0000
0 2 941 0000
0 2 942 0000
0 2 943 0000
0 2 944 0000
0 2 945 0000
0 2 946 0000
0 2 947 0000
0 2 948 0000
0 2 949 0000
0 2 950 0000
0 2 951 0000
0 2 952 0000
0 2 953 0000
0 2 954 0000
0 2 955 0000
0 2 956 0000
0 2 957 0000
0 2 958 0000
0 2 959 0000
0 2 960 0000
0 2 961 0000
0 2 962 0000
0 2 963 0000
0 2 964 0000
0 2 965 0000
0 2 966 0000
0 2 967 0000
0 2 968 0000
0 2 969 0000
0 2 970 0000
0 2 971 0000
0 2 972 0000
0 2 973 0000
0 2 974 0000
0 2 975 0000
0 2 976 0000
0 2 977 0000
0 2 978 0000
0 2 979 0000
0 2 980 0000
0 2 981 0000
0 2 982 0000
0 2 983 0000
0 2 984 0000
0 2 985 0000
0 2 986 0000
0 2 987 0000
0 2 988 0000
0 2 989 0000
0 2 990 0000
0 2 991 0000
0 2 992 0000
0 2 993 0000
0 2 994 0000
0 2 995 0000
0 2 996 0000
0 2 997 0000
0 2 998 0000
0 2 999 0000
0 2 1000 0000
0 2 1001 0000
0 2 1002 0000
0 2 1003 0000
0 2 1004 0000
0 2 1005 0000
0 2 1006 0000
0 2 1007 0000
0 2 1008 0000
0 2 1009 0000
0 2 1010 0000
0 2 1011 0000
0 2 1012 0000
0 2 1013 0000
0 2 1014 0000
0 2 1015 0000
0 2 1016 0000
0 2 1017 0000
0 2 1018 0000
0 2 1019 0000
0 2 1020 0000
0 2 1021 0000
0 2 1022 0000
0 2 1023 0000
0 2 1024 0000
0 2 1025 0000
0 2 1026 0000
0 2 1027 0000
0 2 1028 0000
0 2 1029 0000
0 2 1030 0000
0 2 1031 0000
0 2 1032 0000
0 2 1033 0000
0 2 1034 0000
0 2 1035 0000
0 2 1036 0000
0 2 1037 0000
0 2 1038 0000
0 2 1039 0000
0 2 1040 0000
0 2 1041 0000
0 2 1042 0000
0 2 1043 0000
0 2 1044 0000
0 2 1045 0000
0 2 1046 0000
0 2 1047 0000
0 2 1048 0000
0 2 1049 0000
0 2 1050 0000
0 2 1051 0000
0 2 1052 0000
0 2 1053 0000
0 2 1054 0000
0 2 1055 0000
0 2 1056 0000
0 2 1057 0000
0 2 1058 0000
0 2 1059 0000
0 2 1060 0000
0 2 1061 0000
0 2 1062 0000
0 2 1063 0000
0 2 1064 0000
0 2 1065 0000
0 2 1066 0000
0 2 1067 0000
0 2 1068 0000
0 2 1069 0000
0 2 1070 0000
0 2 1071 0000
0 2 1072 0000
0 2 1073 0000
0 2 1074 0000
0 2 1075 0000
0 2 1076 0000
0 2 1077 0000
0 2 1078 0000
0 2 1079 0000
0 2 1080 0000
0 2 1081 0000
0 2 1082 0000
0 2 1083 0000
0 2 1084 0000
0 2 1085 0000
0 2 1086 0000
0 2 1087 0000
0 2 1088 0000
0 2 1089 0000
0 2 1090 0000
0 2 1091 0000
0 2 1092 0000
0 2 1093 0000
0 2 1094 0000
0 2 1095 0000
0 2 1096 0000
0 2 1097 0000
0 2 1098 0000
0 2 1099 0000
0 2 1100 0000
0 2 1101 0000
0 2 1102 0000
0 2 1103 0000
0 2 1104 0000
0 2 1105 0000
0 2 1106 0000
0 2 1107 0000
0 2 1108 0000
0 2 1109 0000
0 2 1110 0000
0 2 1111 0000
0 2 1112 0000
0 2 1113 0000
0 2 1114 0000
0 2 1115 0000
0 2 1116 0000
0 2 1117 0000
0 2 1118 0000
0 2 1119 0000
0 2 1120 0000
0 2 1121 0000
0 2 1122 0000
0 2 1123 0000
0 2 1124 0000
0 2 1125 0000
0 2 1126 0000
0 2 1127 0000
0 2 1128 0000
0 2 1129 0000
0 2 1130 0000
0 2 1131 0000
0 2 1132 0000
0 2 1133 0000
0 2 1134 0000
0 2 1135 0000
0 2 1136 0000
0 2 1137 0000
0 2 1138 0000
0 2 1139 0000
0 2 1140 0000
0 2 1141 0000
0 2 1142 0000
0 2 1143 0000
0 2 1144 0000
0 2 1145 0000
0 2 1146 0000
0 2 1147 0000
0 2 1148 0000
0 2 1149 0000
0 2 1150 0000
0 2 1151 0000
0 2 1152 0000
0 2 1153 0000
0 2 1154 0000
0 2 1155 0000
0 2 1156 0000
0 2 1157 0000
0 2 1158 0000
0 2 1159 0000
0 2 1160 0000
0 2 1161 0000
0 2 1162 0000
0 2 1163 0000
0 2 1164 0000
0 2 1165 0000
0 2 1166 0000
0 2 1167 0000
0 2 1168 0000
0 2 1169 0000
0 2 1170 0000
0 2 1171 0000
0 2 1172 0000
0 2 1173 0000
0 2 1174 0000
0 2 1175 0000
0 2 1176 0000
0 2 1177 0000
0 2 1178 0000
0 2 1179 0000
0 2 1180 0000
0 2 1181 0000
0 2 1182 0000
0 2 1183 0000
0 2 1184 0000
0 2 1185 0000
0 2 1186 0000
0 2 1187 0000
0 2 1188 0000
0 2 1189 0000
0 2 1190 0000
0 2 1191 0000
0 2 1192 0000
0 2 1193 0000
0 2 1194 0000
0 2 1195 0000
0 2 1196 0000
0 2 1197 0000
0 2 1198 0000
0 2 1199 0000
0 2 1200 0000
0 2 1201 0000
0 2 1202 0000
0 2 1203 0000
0 2 1204 0000
0 2 1205 0000
0 2 1206 0000
0 2 1207 0000
0 2 1208 0000
0 2 1209 0000
0 2 1210 0000
0 2 1211 0000
0 2 1212 0000
0 2 1213 0000
0 2 1214 0000
0 2 1215 0000
0 2 1216 0000
0 2 1217 0000
0 2 1218 0000
0 2 1219 0000
0 2 1220 0000
0 2 1221 0000
0 2 1222 0000
0 2 1223 0000
0 2 1224 0000
0 2 1225 0000
0 2 1226 0000
0 2 1227 0000
0 2 1228 0000
0 2 1229 0000
0 2 1230 0000
0 2 1231 0000
0 2 1232 0000
0 2 1233 0000
0 2 1234 0000
0 2 1235 0000
0 2 1236 0000
0 2 1237 0000
0 2 1238 0000
0 2 1239 0000
0 2 1240 0000
0 2 1241 0000
0 2 1242 0000
0 2 1243 0000
0 2 1244 0000
0 2 1245 0000
0 2 1246 0000
0 2 1247 0000
0 2 1248 0000
0 2 1249 0000
0 2 1250 0000
0 2 1251 0000
0 2 1252 0000
0 2 1253 0000
0 2 1254 0000
0 2 1255 0000
0 2 1256 0000
0 2 1257 0000
0 2 1258 0000
0 2 1259 0000
0 2 1260 0000
0 2 1261 0000
0 2 1262 0000
0 2 1263 0000
0 2 1264 0000
0 2 1265 0000
0 2 1266 0000
0 2 1267 0000
0 2 1268 0000
0 2 1269 0000
0 2 1270 0000
0 2 1271 0000
0 2 1272 0000
0 2 1273 0000
0 2 1274 0000
0 2 1275 0000
0 2 1276 0000
0 2 1277 0000
0 2 1278 0000
0 2 1279 0000
0 2 1280 0000
0 2 1281 0000
0 2 1282 0000
0 2 1283 0000
0 2 1284 0000
0 2 1285 0000
0 2 1286 0000
0 2 1287 0000
0 2 1288 0000
0 2 1289 0000
0 2 1290 0000
0 2 1291 0000
0 2 1292 0000
0 2 1293 0000
0 2 1294 0000
0 2 1295 0000
0 2 1296 0000
0 2 1297 0000
0 2 1298 0000
0 2 1299 0000
0 2 1300 0000
0 2 1301 0000
0 2 1302 0000
0 2 1303 0000
0 2 1304 0000
0 2 1305 0000
0 2 1306 0000
0 2 1307 0000
0 2 1308 0000
0 2 1309 0000
0 2 1310 0000
0 2 1311 0000
0 2 1312 0000
0 2 1313 0000
0 2 1314 0000
0 2 1315 0000
0 2 1316 0000
0 2 1317 0000
0 2 1318 0000
0 2 1319 0000
0 2 1320 0000
0 2 1321 0000
0 2 1322 0000
0 2 1323 0000
0 2 1324 0000
0 2 1325 0000
0 2 1326 0000
0 2 1327 0000
0 2 1328 0000
0 2 1329 0000
0 2 1330 0000
0 2 1331 0000
0 2 1332 0000
0 2 1333 0000
0 2 1334 0000
0 2 1335 0000
0 2 1336 0000
0 2 1337 0000
0 2 1338 0000
0 2 1339 0000
0 2 1340 0000
0 2 1341 0000
0 2 1342 0000
0 2 1343 0000
0 2 1344 0000
0 2 1345 0000
0 2 1346 0000
0 2 1347 0000
0 2 1348 0000
0 2 1349 0000
0 2 1350 0000
0 2 1351 0000
0 2 1352 0000
0 2 1353 0000
0 2 1354 0000
0 2 1355 0000
0 2 1356 0000
0 2 1357 0000
0 2 1358 0000
0 2 1359 0000
0 2 1360 0000
0 2 1361 0000
0 2 1362 0000
0 2 1363 0000
0 2 1364 0000
0 2 1365 0000
0 2 1366 0000
0 2 1367 0000
0 2 1368 0000
0 2 1369 0000
0 2 1370 0000
0 2 1371 0000
0 2 1372 0000
0 2 1373 0000
0 2 1374 0000
0 2 1375 0000
0 2 1376 0000
0 2 1377 0000
0 2 1378 0000
0 2 1379 0000
0 2 1380 0000
0 2 1381 0000
0 2 1382 0000
0 2 1383 0000
0 2 1384 0000
0 2 1385 0000
0 2 1386 0000
0 2 1387 0000
0 2 1388 0000
0 2 1389 0000
0 2 1390 0000
0 2 1391 0000
0 2 1392 0000
0 2 1393 0000
0 2 1394 0000
0 2 1395 0000
0 2 1396 0000
0 2 1397 0000
0 2 1398 0000
0 2 1399 0000
0 2 1400 0000
0 2 1401 0000
0 2 1402 0000
0 2 1403 0000
0 2 1404 0000
0 2 1405 0000
0 2 1406 0000
0 2 1407 0000
0 2 1408 0000
0 2 1409 0000
0 2 1410 0000
0 2 1411 0000
0 2 1412 0000
0 2 1413 0000
0 2 1414 0000
0 2 1415 0000
0 2 1416 0000
0 2 1417 0000
0 2 1418 0000
0 2 1419 0000
0 2 1420 0000
0 2 1421 0000
0 2 1422 0000
0 2 1423 0000
0 2 1424 0000
0 2 1425 0000
0 2 1426 0000
0 2 1427 0000
0 2 1428 0000
0 2 1429 0000
0 2 1430 0000
0 2 1431 0000
0 2 1432 0000
0 2 1433 0000
0 2 1434 0000
0 2 1435 0000
0 2 1436 0000
0 2 1437 0000
0 2 1438 0000
0 2 1439 0000
0 2 1440 0000
0 2 1441 0000
0 2 1442 0000
0 2 1443 0000
0 2 1444 0000
0 2 1445 0000
0 2 1446 0000
0 2 1447 0000
0 2 1448 0000
0 2 1449 0000
0 2 1450 0000
0 2 1451 0000
0 2 1452 0000
0 2 1453 0000
0 2 1454 0000
0 2 1455 0000
0 2 1456 0000
0 2 1457 0000
0 2 1458 0000
0 2 1459 0000
0 2 1460 0000
0 2 1461 0000
0 2 1462 0000
0 2 1463 0000
0 2 1464 0000
0 2 1465 0000
0 2 1466 0000
0 2 1467 0000
0 2 1468 0000
0 2 1469 0000
0 2 1470 0000
0 2 1471 0000
0 2 1472 0000
0 2 1473 0000
0 2 1474 0000
0 2 1475 0000
0 2 1476 0000
0 2 1477 0000
0 2 1478 0000
0 2 1479 0000
0 2 1480 0000
0 2 1481 0000
0 2 1482 0000
0 2 1483 0000
0 2 1484 0000
0 2 1485 0000
0 2 1486 0000
0 2 1487 0000
0 2 1488 0000
0 2 1489 0000
0 2 1490 0000
0 2 1491 0000
0 2 1492 0000
0 2 1493 0000
0 2 1494 0000
0 2 1495 0000
0 2 1496 0000
0 2 1497 0000
0 2 1498 0000
0 2 1499 0000
0 2 1500 0000
0 2 1501 0000
0 2 1502 0000
0 2 1503 0000
0 2 1504 0000
0 2 1505 0000
0 2 1506 0000
0 2 1507 0000
0 2 1508 0000
0 2 1509 0000
0 2 1510 0000
0 2 1511 0000
0 2 1512 0000
0 2 1513 0000
0 2 1514 0000
0 2 1515 0000
0 2 1516 0000
0 2 1517 0000
0 2 1518 0000
0 2 1519 0000
0 2 1520 0000
0 2 1521 0000
0 2 1522 0000
0 2 1523 0000
0 2 1524 0000
0 2 1525 0000
0 2 1526 0000
0 2 1527 0000
0 2 1528 0000
0 2 1529 0000
0 2 1530 0000
0 2 1531 0000
0 2 1532 0000
0 2 1533 0000
0 2 1534 0000
0 2 1535 0000
0 2 1536 0000
0 2 1537 0000
0 2 1538 0000
0 2 1539 0000
0 2 1540 0000
0 2 1541 0000
0 2 1542 0000
0 2 1543 0000
0 2 1544 0000
0 2 1545 0000
0 2 1546 0000
0 2 1547 0000
0 2 1548 0000
0 2 1549 0000
0 2 1550 0000
0 2 1551 0000
0 2 1552 0000
0 2 1553 0000
0 2 1554 0000
0 2 1555 0000
0 2 1556 0000
0 2 1557 0000
0 2 1558 0000
0 2 1559 0000
0 2 1560 0000
0 2 1561 0000
0 2 1562 0000
0 2 1563 0000
0 2 1564 0000
0 2 1565 0000
0 2 1566 0000
0 2 1567 0000
0 2 1568 0000
0 2 1569 0000
0 2 1570 0000
0 2 1571 0000
0 2 1572 0000
0 2 1573 0000
0 2 1574 0000
0 2 1575 0000
0 2 1576 0000
0 2 1577 0000
0 2 1578 0000
0 2 1579 0000
0 2 1580 0000
0 2 1581 0000
0 2 1582 0000
0 2 1583 0000
0 2 1584 0000
0 2 1585 0000
0 2 1586 0000
0 2 1587 0000
0 2 1588 0000
0 2 1589 0000
0 2 1590 0000
0 2 1591 0000
0 2 1592 0000
0 2 1593 0000
0 2 1594 0000
0 2 1595 0000
0 2 1596 0000
0 2 1597 0000
0 2 1598 0000
0 2 1599 0000
0 2 1600 0000
0 2 1601 0000
0 2 1602 0000
0 2 1603 0000
0 2 1604 0000
0 2 1605 0000
0 2 1606 0000
0 2 1607 0000
0 2 1608 0000
0 2 1609 0000
0 2 1610 0000
0 2 1611 0000
0 2 1612 0000
0 2 1613 0000
0 2 1614 0000
0 2 1615 0000
0 2 1616 0000
0 2 1617 0000
0 2 1618 0000
0 2 1619 0000
0 2 1620 0000
0 2 1621 0000
0 2 1622 0000
0 2 1623 0000
0 2 1624 0000
0 2 1625 0000
0 2 1626 0000
0 2 1627 0000
0 2 1628 0000
0 2 1629 0000
0 2 1630 0000
0 2 1631 0000
0 2 1632 0000
0 2 1633 0000
0 2 1634 0000
0 2 1635 0000
0 2 1636 0000
0 2 1637 0000
0 2 1638 0000
0 2 1639 0000
0 2 1640 0000
0 2 1641 0000
0 2 1642 0000
0 2 1643 0000
0 2 1644 0000
0 2 1645 0000
0 2 1646 0000
0 2 1647 0000
0 2 1648 0000
0 2 1649 0000
0 2 1650 0000
0 2 1651 0000
0 2 1652 0000
0 2 1653 0000
0 2 1654 0000
0 2 1655 0000
0 2 1656 0000
0 2 1657 0000
0 2 1658 0000
0 2 1659 0000
0 2 1660 0000
0 2 1661 0000
0 2 1662 0000
0 2 1663 0000
0 2 1664 0000
0 2 1665 0000
0 2 1666 0000
0 2 1667 0000
0 2 1668 0000
0 2 1669 0000
0 2 1670 0000
0 2 1671 0000
0 2 1672 0000
0 2 1673 0000
0 2 1674 0000
0 2 1675 0000
0 2 1676 0000
0 2 1677 0000
0 2 1678 0000
0 2 1679 0000
0 2 1680 0000
0 2 1681 0000
0 2 1682 0000
0 2 1683 0000
0 2 1684 0000
0 2 1685 0000
0 2 1686 0000
0 2 1687 0000
0 2 1688 0000
0 2 1689 0000
0 2 1690 0000
0 2 1691 0000
0 2 1692 0000
0 2 1693 0000
0 2 1694 0000
0 2 1695 0000
0 2 1696 0000
0 2 1697 0000
0 2 1698 0000
0 2 1699 0000
0 2 1700 0000
0 2 1701 0000
0 2 1702 0000
0 2 1703 0000
0 2 1704 0000
0 2 1705 0000
0 2 1706 0000
0 2 1707 0000
0 2 1708 0000
0 2 1709 0000
0 2 1710 0000
0 2 1711 0000
0 2 1712 0000
0 2 1713 0000
0 2 1714 0000
0 2 1715 0000
0 2 1716 0000
0 2 1717 0000
0 2 1718 0000
0 2 1719 0000
0 2 1720 0000
0 2 1721 0000
0 2 1722 0000
0 2 1723 0000
0 2 1724 0000
0 2 1725 0000
0 2 1726 0000
0 2 1727 0000
0 2 1728 0000
0 2 1729 0000
0 2 1730 0000
0 2 1731 0000
0 2 1732 0000
0 2 1733 0000
0 2 1734 0000
0 2 1735 0000
0 2 1736 0000
0 2 1737 0000
0 2 1738 0000
0 2 1739 0000
0 2 1740 0000
0 2 1741 0000
0 2 1742 0000
0 2 1743 0000
0 2 1744 0000
0 2 1745 0000
0 2 1746 0000
0 2 1747 0000
0 2 1748 0000
0 2 1749 0000
0 2 1750 0000
0 2 1751 0000
0 2 1752 0000
0 2 1753 0000
0 2 1754 0000
0 2 1755 0000
0 2 1756 0000
0 2 1757 0000
0 2 1758 0000
0 2 1759 0000
0 2 1760 0000
0 2 1761 0000
0 2 1762 0000
0 2 1763 0000
0 2 1764 0000
0 2 1765 0000
0 2 1766 0000
0 2 1767 0000
0 2 1768 0000
0 2 1769 0000
0 2 1770 0000
0 2 1771 0000
0 2 1772 0000
0 2 1773 0000
0 2 1774 0000
0 2 1775 0000
0 2 1776 0000
0 2 1777 0000
0 2 1778 0000
0 2 1779 0000
0 2 1780 0000
0 2 1781 0000
0 2 1782 0000
0 2 1783 0000
0 2 1784 0000
0 2 1785 0000
0 2 1786 0000
0 2 1787 0000
0 2 1788 0000
0 2 1789 0000
0 2 1790 0000
0 2 1791 0000
0 2 1792 0000
0 2 1793 0000
0 2 1794 0000
0 2 1795 0000
0 2 1796 0000
0 2 1797 0000
0 2 1798 0000
0 2 1799 0000
0 2 1800 0000
0 2 1801 0000
0 2 1802 0000
0 2 1803 0000
0 2 1804 0000
0 2 1805 0000
0 2 1806 0000
0 2 1807 0000
0 2 1808 0000
0 2 1809 0000
0 2 1810 0000
0 2 1811 0000
0 2 1812 0000
0 2 1813 0000
0 2 1814 0000
0 2 1815 0000
0 2 1816 0000
0 2 1817 0000
0 2 1818 0000
0 2 1819 0000
0 2 1820 0000
0 2 1821 0000
0 2 1822 0000
0 2 1823 0000
0 2 1824 0000
0 2 1825 0000
0 2 1826 0000
0 2 1827 0000
0 2 1828 0000
0 2 1829 0000
0 2 1830 0000
0 2 1831 0000
0 2 1832 0000
0 2 1833 0000
0 2 1834 0000
0 2 1835 0000
0 2 1836 0000
0 2 1837 0000
0 2 1838 0000
0 2 1839 0000
0 2 1840 0000
0 2 1841 0000
0 2 1842 0000
0 2 1843 0000
0 2 1844 0000
0 2 1845 0000
0 2 1846 0000
0 2 1847 0000
0 2 1848 0000
0 2 1849 0000
0 2 1850 0000
0 2 1851 0000
0 2 1852 0000
0 2 1853 0000
0 2 1854 0000
0 2 1855 0000
0 2 1856 0000
0 2 1857 0000
0 2 1858 0000
0 2 1859 0000
0 2 1860 0000
0 2 1861 0000
0 2 1862 0000
0 2 1863 0000
0 2 1864 0000
0 2 1865 0000
0 2 1866 0000
0 2 1867 0000
0 2 1868 0000
0 2 1869 0000
0 2 1870 0000
0 2 1871 0000
0 2 1872 0000
0 2 1873 0000
0 2 1874 0000
0 2 1875 0000
0 2 1876 0000
0 2 1877 0000
0 2 1878 0000
0 2 1879 0000
0 2 1880 0000
0 2 1881 0000
0 2 1882 0000
0 2 1883 0000
0 2 1884 0000
0 2 1885 0000
0 2 1886 0000
0 2 1887 0000
0 2 1888 0000
0 2 1889 0000
0 2 1890 0000
0 2 1891 0000
0 2 1892 0000
0 2 1893 0000
0 2 1894 0000
0 2 1895 0000
0 2 1896 0000
0 2 1897 0000
0 2 1898 0000
0 2 1899 0000
0 2 1900 0000
0 2 1901 0000
0 2 1902 0000
0 2 1903 0000
0 2 1904 0000
0 2 1905 0000
0 2 1906 0000
0 2 1907 0000
0 2 1908 0000
0 2 1909 0000
0 2 1910 0000
0 2 1911 0000
0 2 1912 0000
0 2 1913 0000
0 2 1914 0000
0 2 1915 0000
0 2 1916 0000
0 2 1917 0000
0 2 1918 0000
0 2 1919 0000
0 2 1920 0000
0 2 1921 0000
0 2 1922 0000
0 2 1923 0000
0 2 1924 0000
0 2 1925 0000
0 2 1926 0000
0 2 1927 0000
0 2 1928 0000
0 2 1929 0000
0 2 1930 0000
0 2 1931 0000
0 2 1932 0000
0 2 1933 0000
0 2 1934 0000
0 2 1935 0000
0 2 1936 0000
0 2 1937 0000
0 2 1938 0000
0 2 1939 0000
0 2 1940 0000
0 2 1941 0000
0 2 1942 0000
0 2 1943 0000
0 2 1944 0000
0 2 1945 0000
0 2 1946 0000
0 2 1947 0000
0 2 1948 0000
0 2 1949 0000
0 2 1950 0000
0 2 1951 0000
0 2 1952 0000
0 2 1953 0000
0 2 1954 0000
0 2 1955 0000
0 2 1956 0000
0 2 1957 0000
0 2 1958 0000
0 2 1959 0000
0 2 1960 0000
0 2 1961 0000
0 2 1962 0000
0 2 1963 0000
0 2 1964 0000
0 2 1965 0000
0 2 1966 0000
0 2 1967 0000
0 2 1968 0000
0 2 1969 0000
0 2 1970 0000
0 2 1971 0000
0 2 1972 0000
0 2 1973 0000
0 2 1974 0000
0 2 1975 0000
0 2 1976 0000
0 2 1977 0000
0 2 1978 0000
0 2 1979 0000
0 2 1980 0000
0 2 1981 0000
0 2 1982 0000
0 2 1983 0000
0 2 1984 0000
0 2 1985 0000
0 2 1986 0000
0 2 1987 0000
0 2 1988 0000
0 2 1989 0000
0 2 1990 0000
0 2 1991 0000
0 2 1992 0000
0 2 1993 0000
0 2 1994 0000
0 2 1995 0000
0 2 1996 0000
0 2 1997 0000
0 2 1998 0000
0 2 1999 0000
0 2 2000 0000
0 2 2001 0000
0 2 2002 0000
0 2 2003 0000
0 2 2004 0000
0 2 2005 0000
0 2 2006 0000
0 2 2007 0000
0 2 2008 0000
0 2 2009 0000
0 2 2010 0000
0 2 2011 0000
0 2 2012 0000
0 2 2013 0000
0 2 2014 0000
0 2 2015 0000
0 2 2016 0000
0 2 2017 0000
0 2 2018 0000
0 2 2019 0000
0 2 2020 0000
0 2 2021 0000
0 2 2022 0000
0 2 2023 0000
0 2 2024 0000
0 2 2025 0000
0 2 2026 0000
0 2 2027 0000
0 2 2028 0000
0 2 2029 0000
0 2 2030 0000
0 2 2031 0000
0 2 2032 0000
0 2 2033 0000
0 2 2034 0000
0 2 2035 0000
0 2 2036 0000
0 2 2037 0000
0 2 2038 0000
0 2 2039 0000
0 2 2040 0000
0 2 2041 0000
0 2 2042 0000
0 2 2043 0000
0 2 2044 0000
0 2 2045 0000
0 2 2046 0000
0 2 2047 0000
0 3 0 0000
0 3 1 0000
0 3 2 0000
0 3 3 0000
0 3 4 0000
0 3 5 0000
0 3 6 0000
0 3 7 0000
0 3 8 0000
0 3 9 0000
0 3 10 0000
0 3 11 0000
0 3 12 0000
0 3 13 0000
0 3 14 0000
0 3 15 0000
0 3 16 0000
0 3 17 0000
0 3 18 0000
0 3 19 0000
0 3 20 0000
0 3 21 0000
0 3 22 0000
0 3 23 0000
0 3 24 0000
0 3 25 0000
0 3 26 0000
0 3 27 0000
0 3 28 0000
0 3 29 0000
0 3 30 0000
0 3 31 0000
0 3 32 0000
0 3 33 0000
0 3 34 0000
0 3 35 0000
0 3 36 0000
0 3 37 0000
0 3 38 0000
0 3 39 0000
0 3 40 0000
0 3 41 0000
0 3 42 0000
0 3 43 0000
0 3 44 0000
0 3 45 0000
0 3 46 0000
0 3 47 0000
0 3 48 0000
0 3 49 0000
0 3 50 0000
0 3 51 0000
0 3 52 0000
0 3 53 0000
0 3 54 0000
0 3 55 0000
0 3 56 0000
0 3 57 0000
0 3 58 0000
0 3 59 0000
0 3 60 0000
0 3 61 0000
0 3 62 0000
0 3 63 0000
0 3 64 0000
0 3 65 0000
0 3 66 0000
0 3 67 0000
0 3 68 0000
0 3 69 0000
0 3 70 0000
0 3 71 0000
0 3 72 0000
0 3 73 0000
0 3 74 0000
0 3 75 0000
0 3 76 0000
0 3 77 0000
0 3 78 0000
0 3 79 0000
0 3 80 0000
0 3 81 0000
0 3 82 0000
0 3 83 0000
0 3 84 0000
0 3 85 0000
0 3 86 0000
0 3 87 0000
0 3 88 0000
0 3 89 0000
0 3 90 0000
0 3 91 0000
0 3 92 0000
0 3 93 0000
0 3 94 0000
0 3 95 0000
0 3 96 0000
0 3 97 0000
0 3 98 0000
0 3 99 0000
0 3 100 0000
0 3 101 0000
0 3 102 0000
0 3 103 0000
0 3 104 0000
0 3 105 0000
0 3 106 0000
0 3 107 0000
0 3 108 0000
0 3 109 0000
0 3 110 0000
0 3 111 0000
0 3 112 0000
0 3 113 0000
0 3 114 0000
0 3 115 0000
0 3 116 0000
0 3 117 0000
0 3 118 0000
0 3 119 0000
0 3 120 0000
0 3 121 0000
0 3 122 0000
0 3 123 0000
0 3 124 0000
0 3 125 0000
0 3 126 0000
0 3 127 0000
0 3 128 0000
0 3 129 0000
0 3 130 0000
0 3 131 0000
0 3 132 0000
0 3 133 0000
0 3 134 0000
0 3 135 0000
0 3 136 0000
0 3 137 0000
0 3 138 0000
0 3 139 0000
0 3 140 0000
0 3 141 0000
0 3 142 0000
0 3 143 0000
0 3 144 0000
0 3 145 0000
0 3 146 0000
0 3 147 0000
0 3 148 0000
0 3 149 0000
0 3 150 0000
0 3 151 0000
0 3 152 0000
0 3 153 0000
0 3 154 0000
0 3 155 0000
0 3 156 0000
0 3 157 0000
0 3 158 0000
0 3 159 0000
0 3 160 0000
0 3 161 0000
0 3 162 0000
0 3 163 0000
0 3 164 0000
0 3 165 0000
0 3 166 0000
0 3 167 0000
0 3 168 0000
0 3 169 0000
0 3 170 0000
0 3 171 0000
0 3 172 0000
0 3 173 0000
0 3 174 0000
0 3 175 0000
0 3 176 0000
0 3 177 0000
0 3 178 0000
0 3 179 0000
0 3 180 0000
0 3 181 0000
0 3 182 0000
0 3 183 0000
0 3 184 0000
0 3 185 0000
0 3 186 0000
0 3 187 0000
0 3 188 0000
0 3 189 0000
0 3 190 0000
0 3 191 0000
0 3 192 0000
0 3 193 0000
0 3 194 0000
0 3 195 0000
0 3 196 0000
0 3 197 0000
0 3 198 0000
0 3 199 0000
0 3 200 0000
0 3 201 0000
0 3 202 0000
0 3 203 0000
0 3 204 0000
0 3 205 0000
0 3 206 0000
0 3 207 0000
0 3 208 0000
0 3 209 0000
0 3 210 0000
0 3 211 0000
0 3 212 0000
0 3 213 0000
0 3 214 0000
0 3 215 0000
0 3 216 0000
0 3 217 0000
0 3 218 0000
0 3 219 0000
0 3 220 0000
0 3 221 0000
0 3 222 0000
0 3 223 0000
0 3 224 0000
0 3 225 0000
0 3 226 0000
0 3 227 0000
0 3 228 0000
0 3 229 0000
0 3 230 0000
0 3 231 0000
0 3 232 0000
0 3 233 0000
0 3 234 0000
0 3 235 0000
0 3 236 0000
0 3 237 0000
0 3 238 0000
0 3 239 0000
0 3 240 0000
0 3 241 0000
0 3 242 0000
0 3 243 0000
0 3 244 0000
0 3 245 0000
0 3 246 0000
0 3 247 0000
0 3 248 0000
0 3 249 0000
0 3 250 0000
0 3 251 0000
0 3 252 0000
0 3 253 0000
0 3 254 0000
0 3 255 0000
0 3 256 0000
0 3 257 0000
0 3 258 0000
0 3 259 0000
0 3 260 0000
0 3 261 0000
0 3 262 0000
0 3 263 0000
0 3 264 0000
0 3 265 0000
0 3 266 0000
0 3 267 0000
0 3 268 0000
0 3 269 0000
0 3 270 0000
0 3 271 0000
0 3 272 0000
0 3 273 0000
0 3 274 0000
0 3 275 0000
0 3 276 0000
0 3 277 0000
0 3 278 0000
0 3 279 0000
0 3 280 0000
0 3 281 0000
0 3 282 0000
0 3 283 0000
0 3 284 0000
0 3 285 0000
0 3 286 0000
0 3 287 0000
0 3 288 0000
0 3 289 0000
0 3 290 0000
0 3 291 0000
0 3 292 0000
0 3 293 0000
0 3 294 0000
0 3 295 0000
0 3 296 0000
0 3 297 0000
0 3 298 0000
0 3 299 0000
0 3 300 0000
0 3 301 0000
0 3 302 0000
0 3 303 0000
0 3 304 0000
0 3 305 0000
0 3 306 0000
0 3 307 0000
0 3 308 0000
0 3 309 0000
0 3 310 0000
0 3 311 0000
0 3 312 0000
0 3 313 0000
0 3 314 0000
0 3 315 0000
0 3 316 0000
0 3 317 0000
0 3 318 0000
0 3 319 0000
0 3 320 0000
0 3 321 0000
0 3 322 0000
0 3 323 0000
0 3 324 0000
0 3 325 0000
0 3 326 0000
0 3 327 0000
0 3 328 0000
0 3 329 0000
0 3 330 0000
0 3 331 0000
0 3 332 0000
0 3 333 0000
0 3 334 0000
0 3 335 0000
0 3 336 0000
0 3 337 0000
0 3 338 0000
0 3 339 0000
0 3 340 0000
0 3 341 0000
0 3 342 0000
0 3 343 0000
0 3 344 0000
0 3 345 0000
0 3 346 0000
0 3 347 0000
0 3 348 0000
0 3 349 0000
0 3 350 0000
0 3 351 0000
0 3 352 0000
0 3 353 0000
0 3 354 0000
0 3 355 0000
0 3 356 0000
0 3 357 0000
0 3 358 0000
0 3 359 0000
0 3 360 0000
0 3 361 0000
0 3 362 0000
0 3 363 0000
0 3 364 0000
0 3 365 0000
0 3 366 0000
0 3 367 0000
0 3 368 0000
0 3 369 0000
0 3 370 0000
0 3 371 0000
0 3 372 0000
0 3 373 0000
0 3 374 0000
0 3 375 0000
0 3 376 0000
0 3 377 0000
0 3 378 0000
0 3 379 0000
0 3 380 0000
0 3 381 0000
0 3 382 0000
0 3 383 0000
0 3 384 0000
0 3 385 0000
0 3 386 0000
0 3 387 0000
0 3 388 0000
0 3 389 0000
0 3 390 0000
0 3 391 0000
0 3 392 0000
0 3 393 0000
0 3 394 0000
0 3 395 0000
0 3 396 0000
0 3 397 0000
0 3 398 0000
0 3 399 0000
0 3 400 0000
0 3 401 0000
0 3 402 0000
0 3 403 0000
0 3 404 0000
0 3 405 0000
0 3 406 0000
0 3 407 0000
0 3 408 0000
0 3 409 0000
0 3 410 0000
0 3 411 0000
0 3 412 0000
0 3 413 0000
0 3 414 0000
0 3 415 0000
0 3 416 0000
0 3 417 0000
0 3 418 0000
0 3 419 0000
0 3 420 0000
0 3 421 0000
0 3 422 0000
0 3 423 0000
0 3 424 0000
0 3 425 0000
0 3 426 0000
0 3 427 0000
0 3 428 0000
0 3 429 0000
0 3 430 0000
0 3 431 0000
0 3 432 0000
0 3 433 0000
0 3 434 0000
0 3 435 0000
0 3 436 0000
0 3 437 0000
0 3 438 0000
0 3 439 0000
0 3 440 0000
0 3 441 0000
0 3 442 0000
0 3 443 0000
0 3 444 0000
0 3 445 0000
0 3 446 0000
0 3 447 0000
0 3 448 0000
0 3 449 0000
0 3 450 0000
0 3 451 0000
0 3 452 0000
0 3 453 0000
0 3 454 0000
0 3 455 0000
0 3 456 0000
0 3 457 0000
0 3 458 0000
0 3 459 0000
0 3 460 0000
0 3 461 0000
0 3 462 0000
0 3 463 0000
0 3 464 0000
0 3 465 0000
0 3 466 0000
0 3 467 0000
0 3 468 0000
0 3 469 0000
0 3 470 0000
0 3 471 0000
0 3 472 0000
0 3 473 0000
0 3 474 0000
0 3 475 0000
0 3 476 0000
0 3 477 0000
0 3 478 0000
0 3 479 0000
0 3 480 0000
0 3 481 0000
0 3 482 0000
0 3 483 0000
0 3 484 0000
0 3 485 0000
0 3 486 0000
0 3 487 0000
0 3 488 0000
0 3 489 0000
0 3 490 0000
0 3 491 0000
0 3 492 0000
0 3 493 0000
0 3 494 0000
0 3 495 0000
0 3 496 0000
0 3 497 0000
0 3 498 0000
0 3 499 0000
0 3 500 0000
0 3 501 0000
0 3 502 0000
0 3 503 0000
0 3 504 0000
0 3 505 0000
0 3 506 0000
0 3 507 0000
0 3 508 0000
0 3 509 0000
0 3 510 0000
0 3 511 0000
0 3 512 0000
0 3 513 0000
0 3 514 0000
0 3 515 0000
0 3 516 0000
0 3 517 0000
0 3 518 0000
0 3 519 0000
0 3 520 0000
0 3 521 0000
0 3 522 0000
0 3 523 0000
0 3 524 0000
0 3 525 0000
0 3 526 0000
0 3 527 0000
0 3 528 0000
0 3 529 0000
0 3 530 0000
0 3 531 0000
0 3 532 0000
0 3 533 0000
0 3 534 0000
0 3 535 0000
0 3 536 0000
0 3 537 0000
0 3 538 0000
0 3 539 0000
0 3 540 0000
0 3 541 0000
0 3 542 0000
0 3 543 0000
0 3 544 0000
0 3 545 0000
0 3 546 0000
0 3 547 0000
0 3 548 0000
0 3 549 0000
0 3 550 0000
0 3 551 0000
0 3 552 0000
0 3 553 0000
0 3 554 0000
0 3 555 0000
0 3 556 0000
0 3 557 0000
0 3 558 0000
0 3 559 0000
0 3 560 0000
0 3 561 0000
0 3 562 0000
0 3 563 0000
0 3 564 0000
0 3 565 0000
0 3 566 0000
0 3 567 0000
0 3 568 0000
0 3 569 0000
0 3 570 0000
0 3 571 0000
0 3 572 0000
0 3 573 0000
0 3 574 0000
0 3 575 0000
0 3 576 0000
0 3 577 0000
0 3 578 0000
0 3 579 0000
0 3 580 0000
0 3 581 0000
0 3 582 0000
0 3 583 0000
0 3 584 0000
0 3 585 0000
0 3 586 0000
0 3 587 0000
0 3 588 0000
0 3 589 0000
0 3 590 0000
0 3 591 0000
0 3 592 0000
0 3 593 0000
0 3 594 0000
0 3 595 0000
0 3 596 0000
0 3 597 0000
0 3 598 0000
0 3 599 0000
0 3 600 0000
0 3 601 0000
0 3 602 0000
0 3 603 0000
0 3 604 0000
0 3 605 0000
0 3 606 0000
0 3 607 0000
0 3 608 0000
0 3 609 0000
0 3 610 0000
0 3 611 0000
0 3 612 0000
0 3 613 0000
0 3 614 0000
0 3 615 0000
0 3 616 0000
0 3 617 0000
0 3 618 0000
0 3 619 0000
0 3 620 0000
0 3 621 0000
0 3 622 0000
0 3 623 0000
0 3 624 0000
0 3 625 0000
0 3 626 0000
0 3 627 0000
0 3 628 0000
0 3 629 0000
0 3 630 0000
0 3 631 0000
0 3 632 0000
0 3 633 0000
0 3 634 0000
0 3 635 0000
0 3 636 0000
0 3 637 0000
0 3 638 0000
0 3 639 0000
0 3 640 0000
0 3 641 0000
0 3 642 0000
0 3 643 0000
0 3 644 0000
0 3 645 0000
0 3 646 0000
0 3 647 0000
0 3 648 0000
0 3 649 0000
0 3 650 0000
0 3 651 0000
0 3 652 0000
0 3 653 0000
0 3 654 0000
0 3 655 0000
0 3 656 0000
0 3 657 0000
0 3 658 0000
0 3 659 0000
0 3 660 0000
0 3 661 0000
0 3 662 0000
0 3 663 0000
0 3 664 0000
0 3 665 0000
0 3 666 0000
0 3 667 0000
0 3 668 0000
0 3 669 0000
0 3 670 0000
0 3 671 0000
0 3 672 0000
0 3 673 0000
0 3 674 0000
0 3 675 0000
0 3 676 0000
0 3 677 0000
0 3 678 0000
0 3 679 0000
0 3 680 0000
0 3 681 0000
0 3 682 0000
0 3 683 0000
0 3 684 0000
0 3 685 0000
0 3 686 0000
0 3 687 0000
0 3 688 0000
0 3 689 0000
0 3 690 0000
0 3 691 0000
0 3 692 0000
0 3 693 0000
0 3 694 0000
0 3 695 0000
0 3 696 0000
0 3 697 0000
0 3 698 0000
0 3 699 0000
0 3 700 0000
0 3 701 0000
0 3 702 0000
0 3 703 0000
0 3 704 0000
0 3 705 0000
0 3 706 0000
0 3 707 0000
0 3 708 0000
0 3 709 0000
0 3 710 0000
0 3 711 0000
0 3 712 0000
0 3 713 0000
0 3 714 0000
0 3 715 0000
0 3 716 0000
0 3 717 0000
0 3 718 0000
0 3 719 0000
0 3 720 0000
0 3 721 0000
0 3 722 0000
0 3 723 0000
0 3 724 0000
0 3 725 0000
0 3 726 0000
0 3 727 0000
0 3 728 0000
0 3 729 0000
0 3 730 0000
0 3 731 0000
0 3 732 0000
0 3 733 0000
0 3 734 0000
0 3 735 0000
0 3 736 0000
0 3 737 0000
0 3 738 0000
0 3 739 0000
0 3 740 0000
0 3 741 0000
0 3 742 0000
0 3 743 0000
0 3 744 0000
0 3 745 0000
0 3 746 0000
0 3 747 0000
0 3 748 0000
0 3 749 0000
0 3 750 0000
0 3 751 0000
0 3 752 0000
0 3 753 0000
0 3 754 0000
0 3 755 0000
0 3 756 0000
0 3 757 0000
0 3 758 0000
0 3 759 0000
0 3 760 0000
0 3 761 0000
0 3 762 0000
0 3 763 0000
0 3 764 0000
0 3 765 0000
0 3 766 0000
0 3 767 0000
0 3 768 0000
0 3 769 0000
0 3 770 0000
0 3 771 0000
0 3 772 0000
0 3 773 0000
0 3 774 0000
0 3 775 0000
0 3 776 0000
0 3 777 0000
0 3 778 0000
0 3 779 0000
0 3 780 0000
0 3 781 0000
0 3 782 0000
0 3 783 0000
0 3 784 0000
0 3 785 0000
0 3 786 0000
0 3 787 0000
0 3 788 0000
0 3 789 0000
0 3 790 0000
0 3 791 0000
0 3 792 0000
0 3 793 0000
0 3 794 0000
0 3 795 0000
0 3 796 0000
0 3 797 0000
0 3 798 0000
0 3 799 0000
0 3 800 0000
0 3 801 0000
0 3 802 0000
0 3 803 0000
0 3 804 0000
0 3 805 0000
0 3 806 0000
0 3 807 0000
0 3 808 0000
0 3 809 0000
0 3 810 0000
0 3 811 0000
0 3 812 0000
0 3 813 0000
0 3 814 0000
0 3 815 0000
0 3 816 0000
0 3 817 0000
0 3 818 0000
0 3 819 0000
0 3 820 0000
0 3 821 0000
0 3 822 0000
0 3 823 0000
0 3 824 0000
0 3 825 0000
0 3 826 0000
0 3 827 0000
0 3 828 0000
0 3 829 0000
0 3 830 0000
0 3 831 0000
0 3 832 0000
0 3 833 0000
0 3 834 0000
0 3 835 0000
0 3 836 0000
0 3 837 0000
0 3 838 0000
0 3 839 0000
0 3 840 0000
0 3 841 0000
0 3 842 0000
0 3 843 0000
0 3 844 0000
0 3 845 0000
0 3 846 0000
0 3 847 0000
0 3 848 0000
0 3 849 0000
0 3 850 0000
0 3 851 0000
0 3 852 0000
0 3 853 0000
0 3 854 0000
0 3 855 0000
0 3 856 0000
0 3 857 0000
0 3 858 0000
0 3 859 0000
0 3 860 0000
0 3 861 0000
0 3 862 0000
0 3 863 0000
0 3 864 0000
0 3 865 0000
0 3 866 0000
0 3 867 0000
0 3 868 0000
0 3 869 0000
0 3 870 0000
0 3 871 0000
0 3 872 0000
0 3 873 0000
0 3 874 0000
0 3 875 0000
0 3 876 0000
0 3 877 0000
0 3 878 0000
0 3 879 0000
0 3 880 0000
0 3 881 0000
0 3 882 0000
0 3 883 0000
0 3 884 0000
0 3 885 0000
0 3 886 0000
0 3 887 0000
0 3 888 0000
0 3 889 0000
0 3 890 0000
0 3 891 0000
0 3 892 0000
0 3 893 0000
0 3 894 0000
0 3 895 0000
0 3 896 0000
0 3 897 0000
0 3 898 0000
0 3 899 0000
0 3 900 0000
0 3 901 0000
0 3 902 0000
0 3 903 0000
0 3 904 0000
0 3 905 0000
0 3 906 0000
0 3 907 0000
0 3 908 0000
0 3 909 0000
0 3 910 0000
0 3 911 0000
0 3 912 0000
0 3 913 0000
0 3 914 0000
0 3 915 0000
0 3 916 0000
0 3 917 0000
0 3 918 0000
0 3 919 0000
0 3 920 0000
0 3 921 0000
0 3 922 0000
0 3 923 0000
0 3 924 0000
0 3 925 0000
0 3 926 0000
0 3 927 0000
0 3 928 0000
0 3 929 0000
0 3 930 0000
0 3 931 0000
0 3 932 0000
0 3 933 0000
0 3 934 0000
0 3 935 0000
0 3 936 0000
0 3 937 0000
0 3 938 0000
0 3 939 0000
0 3 940 0000
0 3 941 0000
0 3 942 0000
0 3 943 0000
0 3 944 0000
0 3 945 0000
0 3 946 0000
0 3 947 0000
0 3 948 0000
0 3 949 0000
0 3 950 0000
0 3 951 0000
0 3 952 0000
0 3 953 0000
0 3 954 0000
0 3 955 0000
0 3 956 0000
0 3 957 0000
0 3 958 0000
0 3 959 0000
0 3 960 0000
0 3 961 0000
0 3 962 0000
0 3 963 0000
0 3 964 0000
0 3 965 0000
0 3 966 0000
0 3 967 0000
0 3 968 0000
0 3 969 0000
0 3 970 0000
0 3 971 0000
0 3 972 0000
0 3 973 0000
0 3 974 0000
0 3 975 0000
0 3 976 0000
0 3 977 0000
0 3 978 0000
0 3 979 0000
0 3 980 0000
0 3 981 0000
0 3 982 0000
0 3 983 0000
0 3 984 0000
0 3 985 0000
0 3 986 0000
0 3 987 0000
0 3 988 0000
0 3 989 0000
0 3 990 0000
0 3 991 0000
0 3 992 0000
0 3 993 0000
0 3 994 0000
0 3 995 0000
0 3 996 0000
0 3 997 0000
0 3 998 0000
0 3 999 0000
0 3 1000 0000
0 3 1001 0000
0 3 1002 0000
0 3 1003 0000
0 3 1004 0000
0 3 1005 0000
0 3 1006 0000
0 3 1007 0000
0 3 1008 0000
0 3 1009 0000
0 3 1010 0000
0 3 1011 0000
0 3 1012 0000
0 3 1013 0000
0 3 1014 0000
0 3 1015 0000
0 3 1016 0000
0 3 1017 0000
0 3 1018 0000
0 3 1019 0000
0 3 1020 0000
0 3 1021 0000
0 3 1022 0000
0 3 1023 0000
0 3 1024 0000
0 3 1025 0000
0 3 1026 0000
0 3 1027 0000
0 3 1028 0000
0 3 1029 0000
0 3 1030 0000
0 3 1031 0000
0 3 1032 0000
0 3 1033 0000
0 3 1034 0000
0 3 1035 0000
0 3 1036 0000
0 3 1037 0000
0 3 1038 0000
0 3 1039 0000
0 3 1040 0000
0 3 1041 0000
0 3 1042 0000
0 3 1043 0000
0 3 1044 0000
0 3 1045 0000
0 3 1046 0000
0 3 1047 0000
0 3 1048 0000
0 3 1049 0000
0 3 1050 0000
0 3 1051 0000
0 3 1052 0000
0 3 1053 0000
0 3 1054 0000
0 3 1055 0000
0 3 1056 0000
0 3 1057 0000
0 3 1058 0000
0 3 1059 0000
0 3 1060 0000
0 3 1061 0000
0 3 1062 0000
0 3 1063 0000
0 3 1064 0000
0 3 1065 0000
0 3 1066 0000
0 3 1067 0000
0 3 1068 0000
0 3 1069 0000
0 3 1070 0000
0 3 1071 0000
0 3 1072 0000
0 3 1073 0000
0 3 1074 0000
0 3 1075 0000
0 3 1076 0000
0 3 1077 0000
0 3 1078 0000
0 3 1079 0000
0 3 1080 0000
0 3 1081 0000
0 3 1082 0000
0 3 1083 0000
0 3 1084 0000
0 3 1085 0000
0 3 1086 0000
0 3 1087 0000
0 3 1088 0000
0 3 1089 0000
0 3 1090 0000
0 3 1091 0000
0 3 1092 0000
0 3 1093 0000
0 3 1094 0000
0 3 1095 0000
0 3 1096 0000
0 3 1097 0000
0 3 1098 0000
0 3 1099 0000
0 3 1100 0000
0 3 1101 0000
0 3 1102 0000
0 3 1103 0000
0 3 1104 0000
0 3 1105 0000
0 3 1106 0000
0 3 1107 0000
0 3 1108 0000
0 3 1109 0000
0 3 1110 0000
0 3 1111 0000
0 3 1112 0000
0 3 1113 0000
0 3 1114 0000
0 3 1115 0000
0 3 1116 0000
0 3 1117 0000
0 3 1118 0000
0 3 1119 0000
0 3 1120 0000
0 3 1121 0000
0 3 1122 0000
0 3 1123 0000
0 3 1124 0000
0 3 1125 0000
0 3 1126 0000
0 3 1127 0000
0 3 1128 0000
0 3 1129 0000
0 3 1130 0000
0 3 1131 0000
0 3 1132 0000
0 3 1133 0000
0 3 1134 0000
0 3 1135 0000
0 3 1136 0000
0 3 1137 0000
0 3 1138 0000
0 3 1139 0000
0 3 1140 0000
0 3 1141 0000
0 3 1142 0000
0 3 1143 0000
0 3 1144 0000
0 3 1145 0000
0 3 1146 0000
0 3 1147 0000
0 3 1148 0000
0 3 1149 0000
0 3 1150 0000
0 3 1151 0000
0 3 1152 0000
0 3 1153 0000
0 3 1154 0000
0 3 1155 0000
0 3 1156 0000
0 3 1157 0000
0 3 1158 0000
0 3 1159 0000
0 3 1160 0000
0 3 1161 0000
0 3 1162 0000
0 3 1163 0000
0 3 1164 0000
0 3 1165 0000
0 3 1166 0000
0 3 1167 0000
0 3 1168 0000
0 3 1169 0000
0 3 1170 0000
0 3 1171 0000
0 3 1172 0000
0 3 1173 0000
0 3 1174 0000
0 3 1175 0000
0 3 1176 0000
0 3 1177 0000
0 3 1178 0000
0 3 1179 0000
0 3 1180 0000
0 3 1181 0000
0 3 1182 0000
0 3 1183 0000
0 3 1184 0000
0 3 1185 0000
0 3 1186 0000
0 3 1187 0000
0 3 1188 0000
0 3 1189 0000
0 3 1190 0000
0 3 1191 0000
0 3 1192 0000
0 3 1193 0000
0 3 1194 0000
0 3 1195 0000
0 3 1196 0000
0 3 1197 0000
0 3 1198 0000
0 3 1199 0000
0 3 1200 0000
0 3 1201 0000
0 3 1202 0000
0 3 1203 0000
0 3 1204 0000
0 3 1205 0000
0 3 1206 0000
0 3 1207 0000
0 3 1208 0000
0 3 1209 0000
0 3 1210 0000
0 3 1211 0000
0 3 1212 0000
0 3 1213 0000
0 3 1214 0000
0 3 1215 0000
0 3 1216 0000
0 3 1217 0000
0 3 1218 0000
0 3 1219 0000
0 3 1220 0000
0 3 1221 0000
0 3 1222 0000
0 3 1223 0000
0 3 1224 0000
0 3 1225 0000
0 3 1226 0000
0 3 1227 0000
0 3 1228 0000
0 3 1229 0000
0 3 1230 0000
0 3 1231 0000
0 3 1232 0000
0 3 1233 0000
0 3 1234 0000
0 3 1235 0000
0 3 1236 0000
0 3 1237 0000
0 3 1238 0000
0 3 1239 0000
0 3 1240 0000
0 3 1241 0000
0 3 1242 0000
0 3 1243 0000
0 3 1244 0000
0 3 1245 0000
0 3 1246 0000
0 3 1247 0000
0 3 1248 0000
0 3 1249 0000
0 3 1250 0000
0 3 1251 0000
0 3 1252 0000
0 3 1253 0000
0 3 1254 0000
0 3 1255 0000
0 3 1256 0000
0 3 1257 0000
0 3 1258 0000
0 3 1259 0000
0 3 1260 0000
0 3 1261 0000
0 3 1262 0000
0 3 1263 0000
0 3 1264 0000
0 3 1265 0000
0 3 1266 0000
0 3 1267 0000
0 3 1268 0000
0 3 1269 0000
0 3 1270 0000
0 3 1271 0000
0 3 1272 0000
0 3 1273 0000
0 3 1274 0000
0 3 1275 0000
0 3 1276 0000
0 3 1277 0000
0 3 1278 0000
0 3 1279 0000
0 3 1280 0000
0 3 1281 0000
0 3 1282 0000
0 3 1283 0000
0 3 1284 0000
0 3 1285 0000
0 3 1286 0000
0 3 1287 0000
0 3 1288 0000
0 3 1289 0000
0 3 1290 0000
0 3 1291 0000
0 3 1292 0000
0 3 1293 0000
0 3 1294 0000
0 3 1295 0000
0 3 1296 0000
0 3 1297 0000
0 3 1298 0000
0 3 1299 0000
0 3 1300 0000
0 3 1301 0000
0 3 1302 0000
0 3 1303 0000
0 3 1304 0000
0 3 1305 0000
0 3 1306 0000
0 3 1307 0000
0 3 1308 0000
0 3 1309 0000
0 3 1310 0000
0 3 1311 0000
0 3 1312 0000
0 3 1313 0000
0 3 1314 0000
0 3 1315 0000
0 3 1316 0000
0 3 1317 0000
0 3 1318 0000
0 3 1319 0000
0 3 1320 0000
0 3 1321 0000
0 3 1322 0000
0 3 1323 0000
0 3 1324 0000
0 3 1325 0000
0 3 1326 0000
0 3 1327 0000
0 3 1328 0000
0 3 1329 0000
0 3 1330 0000
0 3 1331 0000
0 3 1332 0000
0 3 1333 0000
0 3 1334 0000
0 3 1335 0000
0 3 1336 0000
0 3 1337 0000
0 3 1338 0000
0 3 1339 0000
0 3 1340 0000
0 3 1341 0000
0 3 1342 0000
0 3 1343 0000
0 3 1344 0000
0 3 1345 0000
0 3 1346 0000
0 3 1347 0000
0 3 1348 0000
0 3 1349 0000
0 3 1350 0000
0 3 1351 0000
0 3 1352 0000
0 3 1353 0000
0 3 1354 0000
0 3 1355 0000
0 3 1356 0000
0 3 1357 0000
0 3 1358 0000
0 3 1359 0000
0 3 1360 0000
0 3 1361 0000
0 3 1362 0000
0 3 1363 0000
0 3 1364 0000
0 3 1365 0000
0 3 1366 0000
0 3 1367 0000
0 3 1368 0000
0 3 1369 0000
0 3 1370 0000
0 3 1371 0000
0 3 1372 0000
0 3 1373 0000
0 3 1374 0000
0 3 1375 0000
0 3 1376 0000
0 3 1377 0000
0 3 1378 0000
0 3 1379 0000
0 3 1380 0000
0 3 1381 0000
0 3 1382 0000
0 3 1383 0000
0 3 1384 0000
0 3 1385 0000
0 3 1386 0000
0 3 1387 0000
0 3 1388 0000
0 3 1389 0000
0 3 1390 0000
0 3 1391 0000
0 3 1392 0000
0 3 1393 0000
0 3 1394 0000
0 3 1395 0000
0 3 1396 0000
0 3 1397 0000
0 3 1398 0000
0 3 1399 0000
0 3 1400 0000
0 3 1401 0000
0 3 1402 0000
0 3 1403 0000
0 3 1404 0000
0 3 1405 0000
0 3 1406 0000
0 3 1407 0000
0 3 1408 0000
0 3 1409 0000
0 3 1410 0000
0 3 1411 0000
0 3 1412 0000
0 3 1413 0000
0 3 1414 0000
0 3 1415 0000
0 3 1416 0000
0 3 1417 0000
0 3 1418 0000
0 3 1419 0000
0 3 1420 0000
0 3 1421 0000
0 3 1422 0000
0 3 1423 0000
0 3 1424 0000
0 3 1425 0000
0 3 1426 0000
0 3 1427 0000
0 3 1428 0000
0 3 1429 0000
0 3 1430 0000
0 3 1431 0000
0 3 1432 0000
0 3 1433 0000
0 3 1434 0000
0 3 1435 0000
0 3 1436 0000
0 3 1437 0000
0 3 1438 0000
0 3 1439 0000
0 3 1440 0000
0 3 1441 0000
0 3 1442 0000
0 3 1443 0000
0 3 1444 0000
0 3 1445 0000
0 3 1446 0000
0 3 1447 0000
0 3 1448 0000
0 3 1449 0000
0 3 1450 0000
0 3 1451 0000
0 3 1452 0000
0 3 1453 0000
0 3 1454 0000
0 3 1455 0000
0 3 1456 0000
0 3 1457 0000
0 3 1458 0000
0 3 1459 0000
0 3 1460 0000
0 3 1461 0000
0 3 1462 0000
0 3 1463 0000
0 3 1464 0000
0 3 1465 0000
0 3 1466 0000
0 3 1467 0000
0 3 1468 0000
0 3 1469 0000
0 3 1470 0000
0 3 1471 0000
0 3 1472 0000
0 3 1473 0000
0 3 1474 0000
0 3 1475 0000
0 3 1476 0000
0 3 1477 0000
0 3 1478 0000
0 3 1479 0000
0 3 1480 0000
0 3 1481 0000
0 3 1482 0000
0 3 1483 0000
0 3 1484 0000
0 3 1485 0000
0 3 1486 0000
0 3 1487 0000
0 3 1488 0000
0 3 1489 0000
0 3 1490 0000
0 3 1491 0000
0 3 1492 0000
0 3 1493 0000
0 3 1494 0000
0 3 1495 0000
0 3 1496 0000
0 3 1497 0000
0 3 1498 0000
0 3 1499 0000
0 3 1500 0000
0 3 1501 0000
0 3 1502 0000
0 3 1503 0000
0 3 1504 0000
0 3 1505 0000
0 3 1506 0000
0 3 1507 0000
0 3 1508 0000
0 3 1509 0000
0 3 1510 0000
0 3 1511 0000
0 3 1512 0000
0 3 1513 0000
0 3 1514 0000
0 3 1515 0000
0 3 1516 0000
0 3 1517 0000
0 3 1518 0000
0 3 1519 0000
0 3 1520 0000
0 3 1521 0000
0 3 1522 0000
0 3 1523 0000
0 3 1524 0000
0 3 1525 0000
0 3 1526 0000
0 3 1527 0000
0 3 1528 0000
0 3 1529 0000
0 3 1530 0000
0 3 1531 0000
0 3 1532 0000
0 3 1533 0000
0 3 1534 0000
0 3 1535 0000
0 3 1536 0000
0 3 1537 0000
0 3 1538 0000
0 3 1539 0000
0 3 1540 0000
0 3 1541 0000
0 3 1542 0000
0 3 1543 0000
0 3 1544 0000
0 3 1545 0000
0 3 1546 0000
0 3 1547 0000
0 3 1548 0000
0 3 1549 0000
0 3 1550 0000
0 3 1551 0000
0 3 1552 0000
0 3 1553 0000
0 3 1554 0000
0 3 1555 0000
0 3 1556 0000
0 3 1557 0000
0 3 1558 0000
0 3 1559 0000
0 3 1560 0000
0 3 1561 0000
0 3 1562 0000
0 3 1563 0000
0 3 1564 0000
0 3 1565 0000
0 3 1566 0000
0 3 1567 0000
0 3 1568 0000
0 3 1569 0000
0 3 1570 0000
0 3 1571 0000
0 3 1572 0000
0 3 1573 0000
0 3 1574 0000
0 3 1575 0000
0 3 1576 0000
0 3 1577 0000
0 3 1578 0000
0 3 1579 0000
0 3 1580 0000
0 3 1581 0000
0 3 1582 0000
0 3 1583 0000
0 3 1584 0000
0 3 1585 0000
0 3 1586 0000
0 3 1587 0000
0 3 1588 0000
0 3 1589 0000
0 3 1590 0000
0 3 1591 0000
0 3 1592 0000
0 3 1593 0000
0 3 1594 0000
0 3 1595 0000
0 3 1596 0000
0 3 1597 0000
0 3 1598 0000
0 3 1599 0000
0 3 1600 0000
0 3 1601 0000
0 3 1602 0000
0 3 1603 0000
0 3 1604 0000
0 3 1605 0000
0 3 1606 0000
0 3 1607 0000
0 3 1608 0000
0 3 1609 0000
0 3 1610 0000
0 3 1611 0000
0 3 1612 0000
0 3 1613 0000
0 3 1614 0000
0 3 1615 0000
0 3 1616 0000
0 3 1617 0000
0 3 1618 0000
0 3 1619 0000
0 3 1620 0000
0 3 1621 0000
0 3 1622 0000
0 3 1623 0000
0 3 1624 0000
0 3 1625 0000
0 3 1626 0000
0 3 1627 0000
0 3 1628 0000
0 3 1629 0000
0 3 1630 0000
0 3 1631 0000
0 3 1632 0000
0 3 1633 0000
0 3 1634 0000
0 3 1635 0000
0 3 1636 0000
0 3 1637 0000
0 3 1638 0000
0 3 1639 0000
0 3 1640 0000
0 3 1641 0000
0 3 1642 0000
0 3 1643 0000
0 3 1644 0000
0 3 1645 0000
0 3 1646 0000
0 3 1647 0000
0 3 1648 0000
0 3 1649 0000
0 3 1650 0000
0 3 1651 0000
0 3 1652 0000
0 3 1653 0000
0 3 1654 0000
0 3 1655 0000
0 3 1656 0000
0 3 1657 0000
0 3 1658 0000
0 3 1659 0000
0 3 1660 0000
0 3 1661 0000
0 3 1662 0000
0 3 1663 0000
0 3 1664 0000
0 3 1665 0000
0 3 1666 0000
0 3 1667 0000
0 3 1668 0000
0 3 1669 0000
0 3 1670 0000
0 3 1671 0000
0 3 1672 0000
0 3 1673 0000
0 3 1674 0000
0 3 1675 0000
0 3 1676 0000
0 3 1677 0000
0 3 1678 0000
0 3 1679 0000
0 3 1680 0000
0 3 1681 0000
0 3 1682 0000
0 3 1683 0000
0 3 1684 0000
0 3 1685 0000
0 3 1686 0000
0 3 1687 0000
0 3 1688 0000
0 3 1689 0000
0 3 1690 0000
0 3 1691 0000
0 3 1692 0000
0 3 1693 0000
0 3 1694 0000
0 3 1695 0000
0 3 1696 0000
0 3 1697 0000
0 3 1698 0000
0 3 1699 0000
0 3 1700 0000
0 3 1701 0000
0 3 1702 0000
0 3 1703 0000
0 3 1704 0000
0 3 1705 0000
0 3 1706 0000
0 3 1707 0000
0 3 1708 0000
0 3 1709 0000
0 3 1710 0000
0 3 1711 0000
0 3 1712 0000
0 3 1713 0000
0 3 1714 0000
0 3 1715 0000
0 3 1716 0000
0 3 1717 0000
0 3 1718 0000
0 3 1719 0000
0 3 1720 0000
0 3 1721 0000
0 3 1722 0000
0 3 1723 0000
0 3 1724 0000
0 3 1725 0000
0 3 1726 0000
0 3 1727 0000
0 3 1728 0000
0 3 1729 0000
0 3 1730 0000
0 3 1731 0000
0 3 1732 0000
0 3 1733 0000
0 3 1734 0000
0 3 1735 0000
0 3 1736 0000
0 3 1737 0000
0 3 1738 0000
0 3 1739 0000
0 3 1740 0000
0 3 1741 0000
0 3 1742 0000
0 3 1743 0000
0 3 1744 0000
0 3 1745 0000
0 3 1746 0000
0 3 1747 0000
0 3 1748 0000
0 3 1749 0000
0 3 1750 0000
0 3 1751 0000
0 3 1752 0000
0 3 1753 0000
0 3 1754 0000
0 3 1755 0000
0 3 1756 0000
0 3 1757 0000
0 3 1758 0000
0 3 1759 0000
0 3 1760 0000
0 3 1761 0000
0 3 1762 0000
0 3 1763 0000
0 3 1764 0000
0 3 1765 0000
0 3 1766 0000
0 3 1767 0000
0 3 1768 0000
0 3 1769 0000
0 3 1770 0000
0 3 1771 0000
0 3 1772 0000
0 3 1773 0000
0 3 1774 0000
0 3 1775 0000
0 3 1776 0000
0 3 1777 0000
0 3 1778 0000
0 3 1779 0000
0 3 1780 0000
0 3 1781 0000
0 3 1782 0000
0 3 1783 0000
0 3 1784 0000
0 3 1785 0000
0 3 1786 0000
0 3 1787 0000
0 3 1788 0000
0 3 1789 0000
0 3 1790 0000
0 3 1791 0000
0 3 1792 0000
0 3 1793 0000
0 3 1794 0000
0 3 1795 0000
0 3 1796 0000
0 3 1797 0000
0 3 1798 0000
0 3 1799 0000
0 3 1800 0000
0 3 1801 0000
0 3 1802 0000
0 3 1803 0000
0 3 1804 0000
0 3 1805 0000
0 3 1806 0000
0 3 1807 0000
0 3 1808 0000
0 3 1809 0000
0 3 1810 0000
0 3 1811 0000
0 3 1812 0000
0 3 1813 0000
0 3 1814 0000
0 3 1815 0000
0 3 1816 0000
0 3 1817 0000
0 3 1818 0000
0 3 1819 0000
0 3 1820 0000
0 3 1821 0000
0 3 1822 0000
0 3 1823 0000
0 3 1824 0000
0 3 1825 0000
0 3 1826 0000
0 3 1827 0000
0 3 1828 0000
0 3 1829 0000
0 3 1830 0000
0 3 1831 0000
0 3 1832 0000
0 3 1833 0000
0 3 1834 0000
0 3 1835 0000
0 3 1836 0000
0 3 1837 0000
0 3 1838 0000
0 3 1839 0000
0 3 1840 0000
0 3 1841 0000
0 3 1842 0000
0 3 1843 0000
0 3 1844 0000
0 3 1845 0000
0 3 1846 0000
0 3 1847 0000
0 3 1848 0000
0 3 1849 0000
0 3 1850 0000
0 3 1851 0000
0 3 1852 0000
0 3 1853 0000
0 3 1854 0000
0 3 1855 0000
0 3 1856 0000
0 3 1857 0000
0 3 1858 0000
0 3 1859 0000
0 3 1860 0000
0 3 1861 0000
0 3 1862 0000
0 3 1863 0000
0 3 1864 0000
0 3 1865 0000
0 3 1866 0000
0 3 1867 0000
0 3 1868 0000
0 3 1869 0000
0 3 1870 0000
0 3 1871 0000
0 3 1872 0000
0 3 1873 0000
0 3 1874 0000
0 3 1875 0000
0 3 1876 0000
0 3 1877 0000
0 3 1878 0000
0 3 1879 0000
0 3 1880 0000
0 3 1881 0000
0 3 1882 0000
0 3 1883 0000
0 3 1884 0000
0 3 1885 0000
0 3 1886 0000
0 3 1887 0000
0 3 1888 0000
0 3 1889 0000
0 3 1890 0000
0 3 1891 0000
0 3 1892 0000
0 3 1893 0000
0 3 1894 0000
0 3 1895 0000
0 3 1896 0000
0 3 1897 0000
0 3 1898 0000
0 3 1899 0000
0 3 1900 0000
0 3 1901 0000
0 3 1902 0000
0 3 1903 0000
0 3 1904 0000
0 3 1905 0000
0 3 1906 0000
0 3 1907 0000
0 3 1908 0000
0 3 1909 0000
0 3 1910 0000
0 3 1911 0000
0 3 1912 0000
0 3 1913 0000
0 3 1914 0000
0 3 1915 0000
0 3 1916 0000
0 3 1917 0000
0 3 1918 0000
0 3 1919 0000
0 3 1920 0000
0 3 1921 0000
0 3 1922 0000
0 3 1923 0000
0 3 1924 0000
0 3 1925 0000
0 3 1926 0000
0 3 1927 0000
0 3 1928 0000
0 3 1929 0000
0 3 1930 0000
0 3 1931 0000
0 3 1932 0000
0 3 1933 0000
0 3 1934 0000
0 3 1935 0000
0 3 1936 0000
0 3 1937 0000
0 3 1938 0000
0 3 1939 0000
0 3 1940 0000
0 3 1941 0000
0 3 1942 0000
0 3 1943 0000
0 3 1944 0000
0 3 1945 0000
0 3 1946 0000
0 3 1947 0000
0 3 1948 0000
0 3 1949 0000
0 3 1950 0000
0 3 1951 0000
0 3 1952 0000
0 3 1953 0000
0 3 1954 0000
0 3 1955 0000
0 3 1956 0000
0 3 1957 0000
0 3 1958 0000
0 3 1959 0000
0 3 1960 0000
0 3 1961 0000
0 3 1962 0000
0 3 1963 0000
0 3 1964 0000
0 3 1965 0000
0 3 1966 0000
0 3 1967 0000
0 3 1968 0000
0 3 1969 0000
0 3 1970 0000
0 3 1971 0000
0 3 1972 0000
0 3 1973 0000
0 3 1974 0000
0 3 1975 0000
0 3 1976 0000
0 3 1977 0000
0 3 1978 0000
0 3 1979 0000
0 3 1980 0000
0 3 1981 0000
0 3 1982 0000
0 3 1983 0000
0 3 1984 0000
0 3 1985 0000
0 3 1986 0000
0 3 1987 0000
0 3 1988 0000
0 3 1989 0000
0 3 1990 0000
0 3 1991 0000
0 3 1992 0000
0 3 1993 0000
0 3 1994 0000
0 3 1995 0000
0 3 1996 0000
0 3 1997 0000
0 3 1998 0000
0 3 1999 0000
0 3 2000 0000
0 3 2001 0000
0 3 2002 0000
0 3 2003 0000
0 3 2004 0000
0 3 2005 0000
0 3 2006 0000
0 3 2007 0000
0 3 2008 0000
0 3 2009 0000
0 3 2010 0000
0 3 2011 0000
0 3 2012 0000
0 3 2013 0000
0 3 2014 0000
0 3 2015 0000
0 3 2016 0000
0 3 2017 0000
0 3 2018 0000
0 3 2019 0000
0 3 2020 0000
0 3 2021 0000
0 3 2022 0000
0 3 2023 0000
0 3 2024 0000
0 3 2025 0000
0 3 2026 0000
0 3 2027 0000
0 3 2028 0000
0 3 2029 0000
0 3 2030 0000
0 3 2031 0000
0 3 2032 0000
0 3 2033 0000
0 3 2034 0000
0 3 2035 0000
0 3 2036 0000
0 3 2037 0000
0 3 2038 0000
0 3 2039 0000
0 3 2040 0000
0 3 2041 0000
0 3 2042 0000
0 3 2043 0000
0 3 2044 0000
0 3 2045 0000
0 3 2046 0000
0 3 2047 0000
0 4 0 0000
0 4 1 0000
0 4 2 0000
0 4 3 0000
0 4 4 0000
0 4 5 0000
0 4 6 0000
0 4 7 0000
0 4 8 0000
0 4 9 0000
0 4 10 0000
0 4 11 0000
0 4 12 0000
0 4 13 0000
0 4 14 0000
0 4 15 0000
0 4 16 0000
0 4 17 0000
0 4 18 0000
0 4 19 0000
0 4 20 0000
0 4 21 0000
0 4 22 0000
0 4 23 0000
0 4 24 0000
0 4 25 0000
0 4 26 0000
0 4 27 0000
0 4 28 0000
0 4 29 0000
0 4 30 0000
0 4 31 0000
0 4 32 0000
0 4 33 0000
0 4 34 0000
0 4 35 0000
0 4 36 0000
0 4 37 0000
0 4 38 0000
0 4 39 0000
0 4 40 0000
0 4 41 0000
0 4 42 0000
0 4 43 0000
0 4 44 0000
0 4 45 0000
0 4 46 0000
0 4 47 0000
0 4 48 0000
0 4 49 0000
0 4 50 0000
0 4 51 0000
0 4 52 0000
0 4 53 0000
0 4 54 0000
0 4 55 0000
0 4 56 0000
0 4 57 0000
0 4 58 0000
0 4 59 0000
0 4 60 0000
0 4 61 0000
0 4 62 0000
0 4 63 0000
0 4 64 0000
0 4 65 0000
0 4 66 0000
0 4 67 0000
0 4 68 0000
0 4 69 0000
0 4 70 0000
0 4 71 0000
0 4 72 0000
0 4 73 0000
0 4 74 0000
0 4 75 0000
0 4 76 0000
0 4 77 0000
0 4 78 0000
0 4 79 0000
0 4 80 0000
0 4 81 0000
0 4 82 0000
0 4 83 0000
0 4 84 0000
0 4 85 0000
0 4 86 0000
0 4 87 0000
0 4 88 0000
0 4 89 0000
0 4 90 0000
0 4 91 0000
0 4 92 0000
0 4 93 0000
0 4 94 0000
0 4 95 0000
0 4 96 0000
0 4 97 0000
0 4 98 0000
0 4 99 0000
0 4 100 0000
0 4 101 0000
0 4 102 0000
0 4 103 0000
0 4 104 0000
0 4 105 0000
0 4 106 0000
0 4 107 0000
0 4 108 0000
0 4 109 0000
0 4 110 0000
0 4 111 0000
0 4 112 0000
0 4 113 0000
0 4 114 0000
0 4 115 0000
0 4 116 0000
0 4 117 0000
0 4 118 0000
0 4 119 0000
0 4 120 0000
0 4 121 0000
0 4 122 0000
0 4 123 0000
0 4 124 0000
0 4 125 0000
0 4 126 0000
0 4 127 0000
0 4 128 0000
0 4 129 0000
0 4 130 0000
0 4 131 0000
0 4 132 0000
0 4 133 0000
0 4 134 0000
0 4 135 0000
0 4 136 0000
0 4 137 0000
0 4 138 0000
0 4 139 0000
0 4 140 0000
0 4 141 0000
0 4 142 0000
0 4 143 0000
0 4 144 0000
0 4 145 0000
0 4 146 0000
0 4 147 0000
0 4 148 0000
0 4 149 0000
0 4 150 0000
0 4 151 0000
0 4 152 0000
0 4 153 0000
0 4 154 0000
0 4 155 0000
0 4 156 0000
0 4 157 0000
0 4 158 0000
0 4 159 0000
0 4 160 0000
0 4 161 0000
0 4 162 0000
0 4 163 0000
0 4 164 0000
0 4 165 0000
0 4 166 0000
0 4 167 0000
0 4 168 0000
0 4 169 0000
0 4 170 0000
0 4 171 0000
0 4 172 0000
0 4 173 0000
0 4 174 0000
0 4 175 0000
0 4 176 0000
0 4 177 0000
0 4 178 0000
0 4 179 0000
0 4 180 0000
0 4 181 0000
0 4 182 0000
0 4 183 0000
0 4 184 0000
0 4 185 0000
0 4 186 0000
0 4 187 0000
0 4 188 0000
0 4 189 0000
0 4 190 0000
0 4 191 0000
0 4 192 0000
0 4 193 0000
0 4 194 0000
0 4 195 0000
0 4 196 0000
0 4 197 0000
0 4 198 0000
0 4 199 0000
0 4 200 0000
0 4 201 0000
0 4 202 0000
0 4 203 0000
0 4 204 0000
0 4 205 0000
0 4 206 0000
0 4 207 0000
0 4 208 0000
0 4 209 0000
0 4 210 0000
0 4 211 0000
0 4 212 0000
0 4 213 0000
0 4 214 0000
0 4 215 0000
0 4 216 0000
0 4 217 0000
0 4 218 0000
0 4 219 0000
0 4 220 0000
0 4 221 0000
0 4 222 0000
0 4 223 0000
0 4 224 0000
0 4 225 0000
0 4 226 0000
0 4 227 0000
0 4 228 0000
0 4 229 0000
0 4 230 0000
0 4 231 0000
0 4 232 0000
0 4 233 0000
0 4 234 0000
0 4 235 0000
0 4 236 0000
0 4 237 0000
0 4 238 0000
0 4 239 0000
0 4 240 0000
0 4 241 0000
0 4 242 0000
0 4 243 0000
0 4 244 0000
0 4 245 0000
0 4 246 0000
0 4 247 0000
0 4 248 0000
0 4 249 0000
0 4 250 0000
0 4 251 0000
0 4 252 0000
0 4 253 0000
0 4 254 0000
0 4 255 0000
0 4 256 0000
0 4 257 0000
0 4 258 0000
0 4 259 0000
0 4 260 0000
0 4 261 0000
0 4 262 0000
0 4 263 0000
0 4 264 0000
0 4 265 0000
0 4 266 0000
0 4 267 0000
0 4 268 0000
0 4 269 0000
0 4 270 0000
0 4 271 0000
0 4 272 0000
0 4 273 0000
0 4 274 0000
0 4 275 0000
0 4 276 0000
0 4 277 0000
0 4 278 0000
0 4 279 0000
0 4 280 0000
0 4 281 0000
0 4 282 0000
0 4 283 0000
0 4 284 0000
0 4 285 0000
0 4 286 0000
0 4 287 0000
0 4 288 0000
0 4 289 0000
0 4 290 0000
0 4 291 0000
0 4 292 0000
0 4 293 0000
0 4 294 0000
0 4 295 0000
0 4 296 0000
0 4 297 0000
0 4 298 0000
0 4 299 0000
0 4 300 0000
0 4 301 0000
0 4 302 0000
0 4 303 0000
0 4 304 0000
0 4 305 0000
0 4 306 0000
0 4 307 0000
0 4 308 0000
0 4 309 0000
0 4 310 0000
0 4 311 0000
0 4 312 0000
0 4 313 0000
0 4 314 0000
0 4 315 0000
0 4 316 0000
0 4 317 0000
0 4 318 0000
0 4 319 0000
0 4 320 0000
0 4 321 0000
0 4 322 0000
0 4 323 0000
0 4 324 0000
0 4 325 0000
0 4 326 0000
0 4 327 0000
0 4 328 0000
0 4 329 0000
0 4 330 0000
0 4 331 0000
0 4 332 0000
0 4 333 0000
0 4 334 0000
0 4 335 0000
0 4 336 0000
0 4 337 0000
0 4 338 0000
0 4 339 0000
0 4 340 0000
0 4 341 0000
0 4 342 0000
0 4 343 0000
0 4 344 0000
0 4 345 0000
0 4 346 0000
0 4 347 0000
0 4 348 0000
0 4 349 0000
0 4 350 0000
0 4 351 0000
0 4 352 0000
0 4 353 0000
0 4 354 0000
0 4 355 0000
0 4 356 0000
0 4 357 0000
0 4 358 0000
0 4 359 0000
0 4 360 0000
0 4 361 0000
0 4 362 0000
0 4 363 0000
0 4 364 0000
0 4 365 0000
0 4 366 0000
0 4 367 0000
0 4 368 0000
0 4 369 0000
0 4 370 0000
0 4 371 0000
0 4 372 0000
0 4 373 0000
0 4 374 0000
0 4 375 0000
0 4 376 0000
0 4 377 0000
0 4 378 0000
0 4 379 0000
0 4 380 0000
0 4 381 0000
0 4 382 0000
0 4 383 0000
0 4 384 0000
0 4 385 0000
0 4 386 0000
0 4 387 0000
0 4 388 0000
0 4 389 0000
0 4 390 0000
0 4 391 0000
0 4 392 0000
0 4 393 0000
0 4 394 0000
0 4 395 0000
0 4 396 0000
0 4 397 0000
0 4 398 0000
0 4 399 0000
0 4 400 0000
0 4 401 0000
0 4 402 0000
0 4 403 0000
0 4 404 0000
0 4 405 0000
0 4 406 0000
0 4 407 0000
0 4 408 0000
0 4 409 0000
0 4 410 0000
0 4 411 0000
0 4 412 0000
0 4 413 0000
0 4 414 0000
0 4 415 0000
0 4 416 0000
0 4 417 0000
0 4 418 0000
0 4 419 0000
0 4 420 0000
0 4 421 0000
0 4 422 0000
0 4 423 0000
0 4 424 0000
0 4 425 0000
0 4 426 0000
0 4 427 0000
0 4 428 0000
0 4 429 0000
0 4 430 0000
0 4 431 0000
0 4 432 0000
0 4 433 0000
0 4 434 0000
0 4 435 0000
0 4 436 0000
0 4 437 0000
0 4 438 0000
0 4 439 0000
0 4 440 0000
0 4 441 0000
0 4 442 0000
0 4 443 0000
0 4 444 0000
0 4 445 0000
0 4 446 0000
0 4 447 0000
0 4 448 0000
0 4 449 0000
0 4 450 0000
0 4 451 0000
0 4 452 0000
0 4 453 0000
0 4 454 0000
0 4 455 0000
0 4 456 0000
0 4 457 0000
0 4 458 0000
0 4 459 0000
0 4 460 0000
0 4 461 0000
0 4 462 0000
0 4 463 0000
0 4 464 0000
0 4 465 0000
0 4 466 0000
0 4 467 0000
0 4 468 0000
0 4 469 0000
0 4 470 0000
0 4 471 0000
0 4 472 0000
0 4 473 0000
0 4 474 0000
0 4 475 0000
0 4 476 0000
0 4 477 0000
0 4 478 0000
0 4 479 0000
0 4 480 0000
0 4 481 0000
0 4 482 0000
0 4 483 0000
0 4 484 0000
0 4 485 0000
0 4 486 0000
0 4 487 0000
0 4 488 0000
0 4 489 0000
0 4 490 0000
0 4 491 0000
0 4 492 0000
0 4 493 0000
0 4 494 0000
0 4 495 0000
0 4 496 0000
0 4 497 0000
0 4 498 0000
0 4 499 0000
0 4 500 0000
0 4 501 0000
0 4 502 0000
0 4 503 0000
0 4 504 0000
0 4 505 0000
0 4 506 0000
0 4 507 0000
0 4 508 0000
0 4 509 0000
0 4 510 0000
0 4 511 0000
0 4 512 0000
0 4 513 0000
0 4 514 0000
0 4 515 0000
0 4 516 0000
0 4 517 0000
0 4 518 0000
0 4 519 0000
0 4 520 0000
0 4 521 0000
0 4 522 0000
0 4 523 0000
0 4 524 0000
0 4 525 0000
0 4 526 0000
0 4 527 0000
0 4 528 0000
0 4 529 0000
0 4 530 0000
0 4 531 0000
0 4 532 0000
0 4 533 0000
0 4 534 0000
0 4 535 0000
0 4 536 0000
0 4 537 0000
0 4 538 0000
0 4 539 0000
0 4 540 0000
0 4 541 0000
0 4 542 0000
0 4 543 0000
0 4 544 0000
0 4 545 0000
0 4 546 0000
0 4 547 0000
0 4 548 0000
0 4 549 0000
0 4 550 0000
0 4 551 0000
0 4 552 0000
0 4 553 0000
0 4 554 0000
0 4 555 0000
0 4 556 0000
0 4 557 0000
0 4 558 0000
0 4 559 0000
0 4 560 0000
0 4 561 0000
0 4 562 0000
0 4 563 0000
0 4 564 0000
0 4 565 0000
0 4 566 0000
0 4 567 0000
0 4 568 0000
0 4 569 0000
0 4 570 0000
0 4 571 0000
0 4 572 0000
0 4 573 0000
0 4 574 0000
0 4 575 0000
0 4 576 0000
0 4 577 0000
0 4 578 0000
0 4 579 0000
0 4 580 0000
0 4 581 0000
0 4 582 0000
0 4 583 0000
0 4 584 0000
0 4 585 0000
0 4 586 0000
0 4 587 0000
0 4 588 0000
0 4 589 0000
0 4 590 0000
0 4 591 0000
0 4 592 0000
0 4 593 0000
0 4 594 0000
0 4 595 0000
0 4 596 0000
0 4 597 0000
0 4 598 0000
0 4 599 0000
0 4 600 0000
0 4 601 0000
0 4 602 0000
0 4 603 0000
0 4 604 0000
0 4 605 0000
0 4 606 0000
0 4 607 0000
0 4 608 0000
0 4 609 0000
0 4 610 0000
0 4 611 0000
0 4 612 0000
0 4 613 0000
0 4 614 0000
0 4 615 0000
0 4 616 0000
0 4 617 0000
0 4 618 0000
0 4 619 0000
0 4 620 0000
0 4 621 0000
0 4 622 0000
0 4 623 0000
0 4 624 0000
0 4 625 0000
0 4 626 0000
0 4 627 0000
0 4 628 0000
0 4 629 0000
0 4 630 0000
0 4 631 0000
0 4 632 0000
0 4 633 0000
0 4 634 0000
0 4 635 0000
0 4 636 0000
0 4 637 0000
0 4 638 0000
0 4 639 0000
0 4 640 0000
0 4 641 0000
0 4 642 0000
0 4 643 0000
0 4 644 0000
0 4 645 0000
0 4 646 0000
0 4 647 0000
0 4 648 0000
0 4 649 0000
0 4 650 0000
0 4 651 0000
0 4 652 0000
0 4 653 0000
0 4 654 0000
0 4 655 0000
0 4 656 0000
0 4 657 0000
0 4 658 0000
0 4 659 0000
0 4 660 0000
0 4 661 0000
0 4 662 0000
0 4 663 0000
0 4 664 0000
0 4 665 0000
0 4 666 0000
0 4 667 0000
0 4 668 0000
0 4 669 0000
0 4 670 0000
0 4 671 0000
0 4 672 0000
0 4 673 0000
0 4 674 0000
0 4 675 0000
0 4 676 0000
0 4 677 0000
0 4 678 0000
0 4 679 0000
0 4 680 0000
0 4 681 0000
0 4 682 0000
0 4 683 0000
0 4 684 0000
0 4 685 0000
0 4 686 0000
0 4 687 0000
0 4 688 0000
0 4 689 0000
0 4 690 0000
0 4 691 0000
0 4 692 0000
0 4 693 0000
0 4 694 0000
0 4 695 0000
0 4 696 0000
0 4 697 0000
0 4 698 0000
0 4 699 0000
0 4 700 0000
0 4 701 0000
0 4 702 0000
0 4 703 0000
0 4 704 0000
0 4 705 0000
0 4 706 0000
0 4 707 0000
0 4 708 0000
0 4 709 0000
0 4 710 0000
0 4 711 0000
0 4 712 0000
0 4 713 0000
0 4 714 0000
0 4 715 0000
0 4 716 0000
0 4 717 0000
0 4 718 0000
0 4 719 0000
0 4 720 0000
0 4 721 0000
0 4 722 0000
0 4 723 0000
0 4 724 0000
0 4 725 0000
0 4 726 0000
0 4 727 0000
0 4 728 0000
0 4 729 0000
0 4 730 0000
0 4 731 0000
0 4 732 0000
0 4 733 0000
0 4 734 0000
0 4 735 0000
0 4 736 0000
0 4 737 0000
0 4 738 0000
0 4 739 0000
0 4 740 0000
0 4 741 0000
0 4 742 0000
0 4 743 0000
0 4 744 0000
0 4 745 0000
0 4 746 0000
0 4 747 0000
0 4 748 0000
0 4 749 0000
0 4 750 0000
0 4 751 0000
0 4 752 0000
0 4 753 0000
0 4 754 0000
0 4 755 0000
0 4 756 0000
0 4 757 0000
0 4 758 0000
0 4 759 0000
0 4 760 0000
0 4 761 0000
0 4 762 0000
0 4 763 0000
0 4 764 0000
0 4 765 0000
0 4 766 0000
0 4 767 0000
0 4 768 0000
0 4 769 0000
0 4 770 0000
0 4 771 0000
0 4 772 0000
0 4 773 0000
0 4 774 0000
0 4 775 0000
0 4 776 0000
0 4 777 0000
0 4 778 0000
0 4 779 0000
0 4 780 0000
0 4 781 0000
0 4 782 0000
0 4 783 0000
0 4 784 0000
0 4 785 0000
0 4 786 0000
0 4 787 0000
0 4 788 0000
0 4 789 0000
0 4 790 0000
0 4 791 0000
0 4 792 0000
0 4 793 0000
0 4 794 0000
0 4 795 0000
0 4 796 0000
0 4 797 0000
0 4 798 0000
0 4 799 0000
0 4 800 0000
0 4 801 0000
0 4 802 0000
0 4 803 0000
0 4 804 0000
0 4 805 0000
0 4 806 0000
0 4 807 0000
0 4 808 0000
0 4 809 0000
0 4 810 0000
0 4 811 0000
0 4 812 0000
0 4 813 0000
0 4 814 0000
0 4 815 0000
0 4 816 0000
0 4 817 0000
0 4 818 0000
0 4 819 0000
0 4 820 0000
0 4 821 0000
0 4 822 0000
0 4 823 0000
0 4 824 0000
0 4 825 0000
0 4 826 0000
0 4 827 0000
0 4 828 0000
0 4 829 0000
0 4 830 0000
0 4 831 0000
0 4 832 0000
0 4 833 0000
0 4 834 0000
0 4 835 0000
0 4 836 0000
0 4 837 0000
0 4 838 0000
0 4 839 0000
0 4 840 0000
0 4 841 0000
0 4 842 0000
0 4 843 0000
0 4 844 0000
0 4 845 0000
0 4 846 0000
0 4 847 0000
0 4 848 0000
0 4 849 0000
0 4 850 0000
0 4 851 0000
0 4 852 0000
0 4 853 0000
0 4 854 0000
0 4 855 0000
0 4 856 0000
0 4 857 0000
0 4 858 0000
0 4 859 0000
0 4 860 0000
0 4 861 0000
0 4 862 0000
0 4 863 0000
0 4 864 0000
0 4 865 0000
0 4 866 0000
0 4 867 0000
0 4 868 0000
0 4 869 0000
0 4 870 0000
0 4 871 0000
0 4 872 0000
0 4 873 0000
0 4 874 0000
0 4 875 0000
0 4 876 0000
0 4 877 0000
0 4 878 0000
0 4 879 0000
0 4 880 0000
0 4 881 0000
0 4 882 0000
0 4 883 0000
0 4 884 0000
0 4 885 0000
0 4 886 0000
0 4 887 0000
0 4 888 0000
0 4 889 0000
0 4 890 0000
0 4 891 0000
0 4 892 0000
0 4 893 0000
0 4 894 0000
0 4 895 0000
0 4 896 0000
0 4 897 0000
0 4 898 0000
0 4 899 0000
0 4 900 0000
0 4 901 0000
0 4 902 0000
0 4 903 0000
0 4 904 0000
0 4 905 0000
0 4 906 0000
0 4 907 0000
0 4 908 0000
0 4 909 0000
0 4 910 0000
0 4 911 0000
0 4 912 0000
0 4 913 0000
0 4 914 0000
0 4 915 0000
0 4 916 0000
0 4 917 0000
0 4 918 0000
0 4 919 0000
0 4 920 0000
0 4 921 0000
0 4 922 0000
0 4 923 0000
0 4 924 0000
0 4 925 0000
0 4 926 0000
0 4 927 0000
0 4 928 0000
0 4 929 0000
0 4 930 0000
0 4 931 0000
0 4 932 0000
0 4 933 0000
0 4 934 0000
0 4 935 0000
0 4 936 0000
0 4 937 0000
0 4 938 0000
0 4 939 0000
0 4 940 0000
0 4 941 0000
0 4 942 0000
0 4 943 0000
0 4 944 0000
0 4 945 0000
0 4 946 0000
0 4 947 0000
0 4 948 0000
0 4 949 0000
0 4 950 0000
0 4 951 0000
0 4 952 0000
0 4 953 0000
0 4 954 0000
0 4 955 0000
0 4 956 0000
0 4 957 0000
0 4 958 0000
0 4 959 0000
0 4 960 0000
0 4 961 0000
0 4 962 0000
0 4 963 0000
0 4 964 0000
0 4 965 0000
0 4 966 0000
0 4 967 0000
0 4 968 0000
0 4 969 0000
0 4 970 0000
0 4 971 0000
0 4 972 0000
0 4 973 0000
0 4 974 0000
0 4 975 0000
0 4 976 0000
0 4 977 0000
0 4 978 0000
0 4 979 0000
0 4 980 0000
0 4 981 0000
0 4 982 0000
0 4 983 0000
0 4 984 0000
0 4 985 0000
0 4 986 0000
0 4 987 0000
0 4 988 0000
0 4 989 0000
0 4 990 0000
0 4 991 0000
0 4 992 0000
0 4 993 0000
0 4 994 0000
0 4 995 0000
0 4 996 0000
0 4 997 0000
0 4 998 0000
0 4 999 0000
0 4 1000 0000
0 4 1001 0000
0 4 1002 0000
0 4 1003 0000
0 4 1004 0000
0 4 1005 0000
0 4 1006 0000
0 4 1007 0000
0 4 1008 0000
0 4 1009 0000
0 4 1010 0000
0 4 1011 0000
0 4 1012 0000
0 4 1013 0000
0 4 1014 0000
0 4 1015 0000
0 4 1016 0000
0 4 1017 0000
0 4 1018 0000
0 4 1019 0000
0 4 1020 0000
0 4 1021 0000
0 4 1022 0000
0 4 1023 0000
0 4 1024 0000
0 4 1025 0000
0 4 1026 0000
0 4 1027 0000
0 4 1028 0000
0 4 1029 0000
0 4 1030 0000
0 4 1031 0000
0 4 1032 0000
0 4 1033 0000
0 4 1034 0000
0 4 1035 0000
0 4 1036 0000
0 4 1037 0000
0 4 1038 0000
0 4 1039 0000
0 4 1040 0000
0 4 1041 0000
0 4 1042 0000
0 4 1043 0000
0 4 1044 0000
0 4 1045 0000
0 4 1046 0000
0 4 1047 0000
0 4 1048 0000
0 4 1049 0000
0 4 1050 0000
0 4 1051 0000
0 4 1052 0000
0 4 1053 0000
0 4 1054 0000
0 4 1055 0000
0 4 1056 0000
0 4 1057 0000
0 4 1058 0000
0 4 1059 0000
0 4 1060 0000
0 4 1061 0000
0 4 1062 0000
0 4 1063 0000
0 4 1064 0000
0 4 1065 0000
0 4 1066 0000
0 4 1067 0000
0 4 1068 0000
0 4 1069 0000
0 4 1070 0000
0 4 1071 0000
0 4 1072 0000
0 4 1073 0000
0 4 1074 0000
0 4 1075 0000
0 4 1076 0000
0 4 1077 0000
0 4 1078 0000
0 4 1079 0000
0 4 1080 0000
0 4 1081 0000
0 4 1082 0000
0 4 1083 0000
0 4 1084 0000
0 4 1085 0000
0 4 1086 0000
0 4 1087 0000
0 4 1088 0000
0 4 1089 0000
0 4 1090 0000
0 4 1091 0000
0 4 1092 0000
0 4 1093 0000
0 4 1094 0000
0 4 1095 0000
0 4 1096 0000
0 4 1097 0000
0 4 1098 0000
0 4 1099 0000
0 4 1100 0000
0 4 1101 0000
0 4 1102 0000
0 4 1103 0000
0 4 1104 0000
0 4 1105 0000
0 4 1106 0000
0 4 1107 0000
0 4 1108 0000
0 4 1109 0000
0 4 1110 0000
0 4 1111 0000
0 4 1112 0000
0 4 1113 0000
0 4 1114 0000
0 4 1115 0000
0 4 1116 0000
0 4 1117 0000
0 4 1118 0000
0 4 1119 0000
0 4 1120 0000
0 4 1121 0000
0 4 1122 0000
0 4 1123 0000
0 4 1124 0000
0 4 1125 0000
0 4 1126 0000
0 4 1127 0000
0 4 1128 0000
0 4 1129 0000
0 4 1130 0000
0 4 1131 0000
0 4 1132 0000
0 4 1133 0000
0 4 1134 0000
0 4 1135 0000
0 4 1136 0000
0 4 1137 0000
0 4 1138 0000
0 4 1139 0000
0 4 1140 0000
0 4 1141 0000
0 4 1142 0000
0 4 1143 0000
0 4 1144 0000
0 4 1145 0000
0 4 1146 0000
0 4 1147 0000
0 4 1148 0000
0 4 1149 0000
0 4 1150 0000
0 4 1151 0000
0 4 1152 0000
0 4 1153 0000
0 4 1154 0000
0 4 1155 0000
0 4 1156 0000
0 4 1157 0000
0 4 1158 0000
0 4 1159 0000
0 4 1160 0000
0 4 1161 0000
0 4 1162 0000
0 4 1163 0000
0 4 1164 0000
0 4 1165 0000
0 4 1166 0000
0 4 1167 0000
0 4 1168 0000
0 4 1169 0000
0 4 1170 0000
0 4 1171 0000
0 4 1172 0000
0 4 1173 0000
0 4 1174 0000
0 4 1175 0000
0 4 1176 0000
0 4 1177 0000
0 4 1178 0000
0 4 1179 0000
0 4 1180 0000
0 4 1181 0000
0 4 1182 0000
0 4 1183 0000
0 4 1184 0000
0 4 1185 0000
0 4 1186 0000
0 4 1187 0000
0 4 1188 0000
0 4 1189 0000
0 4 1190 0000
0 4 1191 0000
0 4 1192 0000
0 4 1193 0000
0 4 1194 0000
0 4 1195 0000
0 4 1196 0000
0 4 1197 0000
0 4 1198 0000
0 4 1199 0000
0 4 1200 0000
0 4 1201 0000
0 4 1202 0000
0 4 1203 0000
0 4 1204 0000
0 4 1205 0000
0 4 1206 0000
0 4 1207 0000
0 4 1208 0000
0 4 1209 0000
0 4 1210 0000
0 4 1211 0000
0 4 1212 0000
0 4 1213 0000
0 4 1214 0000
0 4 1215 0000
0 4 1216 0000
0 4 1217 0000
0 4 1218 0000
0 4 1219 0000
0 4 1220 0000
0 4 1221 0000
0 4 1222 0000
0 4 1223 0000
0 4 1224 0000
0 4 1225 0000
0 4 1226 0000
0 4 1227 0000
0 4 1228 0000
0 4 1229 0000
0 4 1230 0000
0 4 1231 0000
0 4 1232 0000
0 4 1233 0000
0 4 1234 0000
0 4 1235 0000
0 4 1236 0000
0 4 1237 0000
0 4 1238 0000
0 4 1239 0000
0 4 1240 0000
0 4 1241 0000
0 4 1242 0000
0 4 1243 0000
0 4 1244 0000
0 4 1245 0000
0 4 1246 0000
0 4 1247 0000
0 4 1248 0000
0 4 1249 0000
0 4 1250 0000
0 4 1251 0000
0 4 1252 0000
0 4 1253 0000
0 4 1254 0000
0 4 1255 0000
0 4 1256 0000
0 4 1257 0000
0 4 1258 0000
0 4 1259 0000
0 4 1260 0000
0 4 1261 0000
0 4 1262 0000
0 4 1263 0000
0 4 1264 0000
0 4 1265 0000
0 4 1266 0000
0 4 1267 0000
0 4 1268 0000
0 4 1269 0000
0 4 1270 0000
0 4 1271 0000
0 4 1272 0000
0 4 1273 0000
0 4 1274 0000
0 4 1275 0000
0 4 1276 0000
0 4 1277 0000
0 4 1278 0000
0 4 1279 0000
0 4 1280 0000
0 4 1281 0000
0 4 1282 0000
0 4 1283 0000
0 4 1284 0000
0 4 1285 0000
0 4 1286 0000
0 4 1287 0000
0 4 1288 0000
0 4 1289 0000
0 4 1290 0000
0 4 1291 0000
0 4 1292 0000
0 4 1293 0000
0 4 1294 0000
0 4 1295 0000
0 4 1296 0000
0 4 1297 0000
0 4 1298 0000
0 4 1299 0000
0 4 1300 0000
0 4 1301 0000
0 4 1302 0000
0 4 1303 0000
0 4 1304 0000
0 4 1305 0000
0 4 1306 0000
0 4 1307 0000
0 4 1308 0000
0 4 1309 0000
0 4 1310 0000
0 4 1311 0000
0 4 1312 0000
0 4 1313 0000
0 4 1314 0000
0 4 1315 0000
0 4 1316 0000
0 4 1317 0000
0 4 1318 0000
0 4 1319 0000
0 4 1320 0000
0 4 1321 0000
0 4 1322 0000
0 4 1323 0000
0 4 1324 0000
0 4 1325 0000
0 4 1326 0000
0 4 1327 0000
0 4 1328 0000
0 4 1329 0000
0 4 1330 0000
0 4 1331 0000
0 4 1332 0000
0 4 1333 0000
0 4 1334 0000
0 4 1335 0000
0 4 1336 0000
0 4 1337 0000
0 4 1338 0000
0 4 1339 0000
0 4 1340 0000
0 4 1341 0000
0 4 1342 0000
0 4 1343 0000
0 4 1344 0000
0 4 1345 0000
0 4 1346 0000
0 4 1347 0000
0 4 1348 0000
0 4 1349 0000
0 4 1350 0000
0 4 1351 0000
0 4 1352 0000
0 4 1353 0000
0 4 1354 0000
0 4 1355 0000
0 4 1356 0000
0 4 1357 0000
0 4 1358 0000
0 4 1359 0000
0 4 1360 0000
0 4 1361 0000
0 4 1362 0000
0 4 1363 0000
0 4 1364 0000
0 4 1365 0000
0 4 1366 0000
0 4 1367 0000
0 4 1368 0000
0 4 1369 0000
0 4 1370 0000
0 4 1371 0000
0 4 1372 0000
0 4 1373 0000
0 4 1374 0000
0 4 1375 0000
0 4 1376 0000
0 4 1377 0000
0 4 1378 0000
0 4 1379 0000
0 4 1380 0000
0 4 1381 0000
0 4 1382 0000
0 4 1383 0000
0 4 1384 0000
0 4 1385 0000
0 4 1386 0000
0 4 1387 0000
0 4 1388 0000
0 4 1389 0000
0 4 1390 0000
0 4 1391 0000
0 4 1392 0000
0 4 1393 0000
0 4 1394 0000
0 4 1395 0000
0 4 1396 0000
0 4 1397 0000
0 4 1398 0000
0 4 1399 0000
0 4 1400 0000
0 4 1401 0000
0 4 1402 0000
0 4 1403 0000
0 4 1404 0000
0 4 1405 0000
0 4 1406 0000
0 4 1407 0000
0 4 1408 0000
0 4 1409 0000
0 4 1410 0000
0 4 1411 0000
0 4 1412 0000
0 4 1413 0000
0 4 1414 0000
0 4 1415 0000
0 4 1416 0000
0 4 1417 0000
0 4 1418 0000
0 4 1419 0000
0 4 1420 0000
0 4 1421 0000
0 4 1422 0000
0 4 1423 0000
0 4 1424 0000
0 4 1425 0000
0 4 1426 0000
0 4 1427 0000
0 4 1428 0000
0 4 1429 0000
0 4 1430 0000
0 4 1431 0000
0 4 1432 0000
0 4 1433 0000
0 4 1434 0000
0 4 1435 0000
0 4 1436 0000
0 4 1437 0000
0 4 1438 0000
0 4 1439 0000
0 4 1440 0000
0 4 1441 0000
0 4 1442 0000
0 4 1443 0000
0 4 1444 0000
0 4 1445 0000
0 4 1446 0000
0 4 1447 0000
0 4 1448 0000
0 4 1449 0000
0 4 1450 0000
0 4 1451 0000
0 4 1452 0000
0 4 1453 0000
0 4 1454 0000
0 4 1455 0000
0 4 1456 0000
0 4 1457 0000
0 4 1458 0000
0 4 1459 0000
0 4 1460 0000
0 4 1461 0000
0 4 1462 0000
0 4 1463 0000
0 4 1464 0000
0 4 1465 0000
0 4 1466 0000
0 4 1467 0000
0 4 1468 0000
0 4 1469 0000
0 4 1470 0000
0 4 1471 0000
0 4 1472 0000
0 4 1473 0000
0 4 1474 0000
0 4 1475 0000
0 4 1476 0000
0 4 1477 0000
0 4 1478 0000
0 4 1479 0000
0 4 1480 0000
0 4 1481 0000
0 4 1482 0000
0 4 1483 0000
0 4 1484 0000
0 4 1485 0000
0 4 1486 0000
0 4 1487 0000
0 4 1488 0000
0 4 1489 0000
0 4 1490 0000
0 4 1491 0000
0 4 1492 0000
0 4 1493 0000
0 4 1494 0000
0 4 1495 0000
0 4 1496 0000
0 4 1497 0000
0 4 1498 0000
0 4 1499 0000
0 4 1500 0000
0 4 1501 0000
0 4 1502 0000
0 4 1503 0000
0 4 1504 0000
0 4 1505 0000
0 4 1506 0000
0 4 1507 0000
0 4 1508 0000
0 4 1509 0000
0 4 1510 0000
0 4 1511 0000
0 4 1512 0000
0 4 1513 0000
0 4 1514 0000
0 4 1515 0000
0 4 1516 0000
0 4 1517 0000
0 4 1518 0000
0 4 1519 0000
0 4 1520 0000
0 4 1521 0000
0 4 1522 0000
0 4 1523 0000
0 4 1524 0000
0 4 1525 0000
0 4 1526 0000
0 4 1527 0000
0 4 1528 0000
0 4 1529 0000
0 4 1530 0000
0 4 1531 0000
0 4 1532 0000
0 4 1533 0000
0 4 1534 0000
0 4 1535 0000
0 4 1536 0000
0 4 1537 0000
0 4 1538 0000
0 4 1539 0000
0 4 1540 0000
0 4 1541 0000
0 4 1542 0000
0 4 1543 0000
0 4 1544 0000
0 4 1545 0000
0 4 1546 0000
0 4 1547 0000
0 4 1548 0000
0 4 1549 0000
0 4 1550 0000
0 4 1551 0000
0 4 1552 0000
0 4 1553 0000
0 4 1554 0000
0 4 1555 0000
0 4 1556 0000
0 4 1557 0000
0 4 1558 0000
0 4 1559 0000
0 4 1560 0000
0 4 1561 0000
0 4 1562 0000
0 4 1563 0000
0 4 1564 0000
0 4 1565 0000
0 4 1566 0000
0 4 1567 0000
0 4 1568 0000
0 4 1569 0000
0 4 1570 0000
0 4 1571 0000
0 4 1572 0000
0 4 1573 0000
0 4 1574 0000
0 4 1575 0000
0 4 1576 0000
0 4 1577 0000
0 4 1578 0000
0 4 1579 0000
0 4 1580 0000
0 4 1581 0000
0 4 1582 0000
0 4 1583 0000
0 4 1584 0000
0 4 1585 0000
0 4 1586 0000
0 4 1587 0000
0 4 1588 0000
0 4 1589 0000
0 4 1590 0000
0 4 1591 0000
0 4 1592 0000
0 4 1593 0000
0 4 1594 0000
0 4 1595 0000
0 4 1596 0000
0 4 1597 0000
0 4 1598 0000
0 4 1599 0000
0 4 1600 0000
0 4 1601 0000
0 4 1602 0000
0 4 1603 0000
0 4 1604 0000
0 4 1605 0000
0 4 1606 0000
0 4 1607 0000
0 4 1608 0000
0 4 1609 0000
0 4 1610 0000
0 4 1611 0000
0 4 1612 0000
0 4 1613 0000
0 4 1614 0000
0 4 1615 0000
0 4 1616 0000
0 4 1617 0000
0 4 1618 0000
0 4 1619 0000
0 4 1620 0000
0 4 1621 0000
0 4 1622 0000
0 4 1623 0000
0 4 1624 0000
0 4 1625 0000
0 4 1626 0000
0 4 1627 0000
0 4 1628 0000
0 4 1629 0000
0 4 1630 0000
0 4 1631 0000
0 4 1632 0000
0 4 1633 0000
0 4 1634 0000
0 4 1635 0000
0 4 1636 0000
0 4 1637 0000
0 4 1638 0000
0 4 1639 0000
0 4 1640 0000
0 4 1641 0000
0 4 1642 0000
0 4 1643 0000
0 4 1644 0000
0 4 1645 0000
0 4 1646 0000
0 4 1647 0000
0 4 1648 0000
0 4 1649 0000
0 4 1650 0000
0 4 1651 0000
0 4 1652 0000
0 4 1653 0000
0 4 1654 0000
0 4 1655 0000
0 4 1656 0000
0 4 1657 0000
0 4 1658 0000
0 4 1659 0000
0 4 1660 0000
0 4 1661 0000
0 4 1662 0000
0 4 1663 0000
0 4 1664 0000
0 4 1665 0000
0 4 1666 0000
0 4 1667 0000
0 4 1668 0000
0 4 1669 0000
0 4 1670 0000
0 4 1671 0000
0 4 1672 0000
0 4 1673 0000
0 4 1674 0000
0 4 1675 0000
0 4 1676 0000
0 4 1677 0000
0 4 1678 0000
0 4 1679 0000
0 4 1680 0000
0 4 1681 0000
0 4 1682 0000
0 4 1683 0000
0 4 1684 0000
0 4 1685 0000
0 4 1686 0000
0 4 1687 0000
0 4 1688 0000
0 4 1689 0000
0 4 1690 0000
0 4 1691 0000
0 4 1692 0000
0 4 1693 0000
0 4 1694 0000
0 4 1695 0000
0 4 1696 0000
0 4 1697 0000
0 4 1698 0000
0 4 1699 0000
0 4 1700 0000
0 4 1701 0000
0 4 1702 0000
0 4 1703 0000
0 4 1704 0000
0 4 1705 0000
0 4 1706 0000
0 4 1707 0000
0 4 1708 0000
0 4 1709 0000
0 4 1710 0000
0 4 1711 0000
0 4 1712 0000
0 4 1713 0000
0 4 1714 0000
0 4 1715 0000
0 4 1716 0000
0 4 1717 0000
0 4 1718 0000
0 4 1719 0000
0 4 1720 0000
0 4 1721 0000
0 4 1722 0000
0 4 1723 0000
0 4 1724 0000
0 4 1725 0000
0 4 1726 0000
0 4 1727 0000
0 4 1728 0000
0 4 1729 0000
0 4 1730 0000
0 4 1731 0000
0 4 1732 0000
0 4 1733 0000
0 4 1734 0000
0 4 1735 0000
0 4 1736 0000
0 4 1737 0000
0 4 1738 0000
0 4 1739 0000
0 4 1740 0000
0 4 1741 0000
0 4 1742 0000
0 4 1743 0000
0 4 1744 0000
0 4 1745 0000
0 4 1746 0000
0 4 1747 0000
0 4 1748 0000
0 4 1749 0000
0 4 1750 0000
0 4 1751 0000
0 4 1752 0000
0 4 1753 0000
0 4 1754 0000
0 4 1755 0000
0 4 1756 0000
0 4 1757 0000
0 4 1758 0000
0 4 1759 0000
0 4 1760 0000
0 4 1761 0000
0 4 1762 0000
0 4 1763 0000
0 4 1764 0000
0 4 1765 0000
0 4 1766 0000
0 4 1767 0000
0 4 1768 0000
0 4 1769 0000
0 4 1770 0000
0 4 1771 0000
0 4 1772 0000
0 4 1773 0000
0 4 1774 0000
0 4 1775 0000
0 4 1776 0000
0 4 1777 0000
0 4 1778 0000
0 4 1779 0000
0 4 1780 0000
0 4 1781 0000
0 4 1782 0000
0 4 1783 0000
0 4 1784 0000
0 4 1785 0000
0 4 1786 0000
0 4 1787 0000
0 4 1788 0000
0 4 1789 0000
0 4 1790 0000
0 4 1791 0000
0 4 1792 0000
0 4 1793 0000
0 4 1794 0000
0 4 1795 0000
0 4 1796 0000
0 4 1797 0000
0 4 1798 0000
0 4 1799 0000
0 4 1800 0000
0 4 1801 0000
0 4 1802 0000
0 4 1803 0000
0 4 1804 0000
0 4 1805 0000
0 4 1806 0000
0 4 1807 0000
0 4 1808 0000
0 4 1809 0000
0 4 1810 0000
0 4 1811 0000
0 4 1812 0000
0 4 1813 0000
0 4 1814 0000
0 4 1815 0000
0 4 1816 0000
0 4 1817 0000
0 4 1818 0000
0 4 1819 0000
0 4 1820 0000
0 4 1821 0000
0 4 1822 0000
0 4 1823 0000
0 4 1824 0000
0 4 1825 0000
0 4 1826 0000
0 4 1827 0000
0 4 1828 0000
0 4 1829 0000
0 4 1830 0000
0 4 1831 0000
0 4 1832 0000
0 4 1833 0000
0 4 1834 0000
0 4 1835 0000
0 4 1836 0000
0 4 1837 0000
0 4 1838 0000
0 4 1839 0000
0 4 1840 0000
0 4 1841 0000
0 4 1842 0000
0 4 1843 0000
0 4 1844 0000
0 4 1845 0000
0 4 1846 0000
0 4 1847 0000
0 4 1848 0000
0 4 1849 0000
0 4 1850 0000
0 4 1851 0000
0 4 1852 0000
0 4 1853 0000
0 4 1854 0000
0 4 1855 0000
0 4 1856 0000
0 4 1857 0000
0 4 1858 0000
0 4 1859 0000
0 4 1860 0000
0 4 1861 0000
0 4 1862 0000
0 4 1863 0000
0 4 1864 0000
0 4 1865 0000
0 4 1866 0000
0 4 1867 0000
0 4 1868 0000
0 4 1869 0000
0 4 1870 0000
0 4 1871 0000
0 4 1872 0000
0 4 1873 0000
0 4 1874 0000
0 4 1875 0000
0 4 1876 0000
0 4 1877 0000
0 4 1878 0000
0 4 1879 0000
0 4 1880 0000
0 4 1881 0000
0 4 1882 0000
0 4 1883 0000
0 4 1884 0000
0 4 1885 0000
0 4 1886 0000
0 4 1887 0000
0 4 1888 0000
0 4 1889 0000
0 4 1890 0000
0 4 1891 0000
0 4 1892 0000
0 4 1893 0000
0 4 1894 0000
0 4 1895 0000
0 4 1896 0000
0 4 1897 0000
0 4 1898 0000
0 4 1899 0000
0 4 1900 0000
0 4 1901 0000
0 4 1902 0000
0 4 1903 0000
0 4 1904 0000
0 4 1905 0000
0 4 1906 0000
0 4 1907 0000
0 4 1908 0000
0 4 1909 0000
0 4 1910 0000
0 4 1911 0000
0 4 1912 0000
0 4 1913 0000
0 4 1914 0000
0 4 1915 0000
0 4 1916 0000
0 4 1917 0000
0 4 1918 0000
0 4 1919 0000
0 4 1920 0000
0 4 1921 0000
0 4 1922 0000
0 4 1923 0000
0 4 1924 0000
0 4 1925 0000
0 4 1926 0000
0 4 1927 0000
0 4 1928 0000
0 4 1929 0000
0 4 1930 0000
0 4 1931 0000
0 4 1932 0000
0 4 1933 0000
0 4 1934 0000
0 4 1935 0000
0 4 1936 0000
0 4 1937 0000
0 4 1938 0000
0 4 1939 0000
0 4 1940 0000
0 4 1941 0000
0 4 1942 0000
0 4 1943 0000
0 4 1944 0000
0 4 1945 0000
0 4 1946 0000
0 4 1947 0000
0 4 1948 0000
0 4 1949 0000
0 4 1950 0000
0 4 1951 0000
0 4 1952 0000
0 4 1953 0000
0 4 1954 0000
0 4 1955 0000
0 4 1956 0000
0 4 1957 0000
0 4 1958 0000
0 4 1959 0000
0 4 1960 0000
0 4 1961 0000
0 4 1962 0000
0 4 1963 0000
0 4 1964 0000
0 4 1965 0000
0 4 1966 0000
0 4 1967 0000
0 4 1968 0000
0 4 1969 0000
0 4 1970 0000
0 4 1971 0000
0 4 1972 0000
0 4 1973 0000
0 4 1974 0000
0 4 1975 0000
0 4 1976 0000
0 4 1977 0000
0 4 1978 0000
0 4 1979 0000
0 4 1980 0000
0 4 1981 0000
0 4 1982 0000
0 4 1983 0000
0 4 1984 0000
0 4 1985 0000
0 4 1986 0000
0 4 1987 0000
0 4 1988 0000
0 4 1989 0000
0 4 1990 0000
0 4 1991 0000
0 4 1992 0000
0 4 1993 0000
0 4 1994 0000
0 4 1995 0000
0 4 1996 0000
0 4 1997 0000
0 4 1998 0000
0 4 1999 0000
0 4 2000 0000
0 4 2001 0000
0 4 2002 0000
0 4 2003 0000
0 4 2004 0000
0 4 2005 0000
0 4 2006 0000
0 4 2007 0000
0 4 2008 0000
0 4 2009 0000
0 4 2010 0000
0 4 2011 0000
0 4 2012 0000
0 4 2013 0000
0 4 2014 0000
0 4 2015 0000
0 4 2016 0000
0 4 2017 0000
0 4 2018 0000
0 4 2019 0000
0 4 2020 0000
0 4 2021 0000
0 4 2022 0000
0 4 2023 0000
0 4 2024 0000
0 4 2025 0000
0 4 2026 0000
0 4 2027 0000
0 4 2028 0000
0 4 2029 0000
0 4 2030 0000
0 4 2031 0000
0 4 2032 0000
0 4 2033 0000
0 4 2034 0000
0 4 2035 0000
0 4 2036 0000
0 4 2037 0000
0 4 2038 0000
0 4 2039 0000
0 4 2040 0000
0 4 2041 0000
0 4 2042 0000
0 4 2043 0000
0 4 2044 0000
0 4 2045 0000
0 4 2046 0000
0 4 2047 0000
0 5 0 0000
0 5 1 0000
0 5 2 0000
0 5 3 0000
0 5 4 0000
0 5 5 0000
0 5 6 0000
0 5 7 0000
0 5 8 0000
0 5 9 0000
0 5 10 0000
0 5 11 0000
0 5 12 0000
0 5 13 0000
0 5 14 0000
0 5 15 0000
0 5 16 0000
0 5 17 0000
0 5 18 0000
0 5 19 0000
0 5 20 0000
0 5 21 0000
0 5 22 0000
0 5 23 0000
0 5 24 0000
0 5 25 0000
0 5 26 0000
0 5 27 0000
0 5 28 0000
0 5 29 0000
0 5 30 0000
0 5 31 0000
0 5 32 0000
0 5 33 0000
0 5 34 0000
0 5 35 0000
0 5 36 0000
0 5 37 0000
0 5 38 0000
0 5 39 0000
0 5 40 0000
0 5 41 0000
0 5 42 0000
0 5 43 0000
0 5 44 0000
0 5 45 0000
0 5 46 0000
0 5 47 0000
0 5 48 0000
0 5 49 0000
0 5 50 0000
0 5 51 0000
0 5 52 0000
0 5 53 0000
0 5 54 0000
0 5 55 0000
0 5 56 0000
0 5 57 0000
0 5 58 0000
0 5 59 0000
0 5 60 0000
0 5 61 0000
0 5 62 0000
0 5 63 0000
0 5 64 0000
0 5 65 0000
0 5 66 0000
0 5 67 0000
0 5 68 0000
0 5 69 0000
0 5 70 0000
0 5 71 0000
0 5 72 0000
0 5 73 0000
0 5 74 0000
0 5 75 0000
0 5 76 0000
0 5 77 0000
0 5 78 0000
0 5 79 0000
0 5 80 0000
0 5 81 0000
0 5 82 0000
0 5 83 0000
0 5 84 0000
0 5 85 0000
0 5 86 0000
0 5 87 0000
0 5 88 0000
0 5 89 0000
0 5 90 0000
0 5 91 0000
0 5 92 0000
0 5 93 0000
0 5 94 0000
0 5 95 0000
0 5 96 0000
0 5 97 0000
0 5 98 0000
0 5 99 0000
0 5 100 0000
0 5 101 0000
0 5 102 0000
0 5 103 0000
0 5 104 0000
0 5 105 0000
0 5 106 0000
0 5 107 0000
0 5 108 0000
0 5 109 0000
0 5 110 0000
0 5 111 0000
0 5 112 0000
0 5 113 0000
0 5 114 0000
0 5 115 0000
0 5 116 0000
0 5 117 0000
0 5 118 0000
0 5 119 0000
0 5 120 0000
0 5 121 0000
0 5 122 0000
0 5 123 0000
0 5 124 0000
0 5 125 0000
0 5 126 0000
0 5 127 0000
0 5 128 0000
0 5 129 0000
0 5 130 0000
0 5 131 0000
0 5 132 0000
0 5 133 0000
0 5 134 0000
0 5 135 0000
0 5 136 0000
0 5 137 0000
0 5 138 0000
0 5 139 0000
0 5 140 0000
0 5 141 0000
0 5 142 0000
0 5 143 0000
0 5 144 0000
0 5 145 0000
0 5 146 0000
0 5 147 0000
0 5 148 0000
0 5 149 0000
0 5 150 0000
0 5 151 0000
0 5 152 0000
0 5 153 0000
0 5 154 0000
0 5 155 0000
0 5 156 0000
0 5 157 0000
0 5 158 0000
0 5 159 0000
0 5 160 0000
0 5 161 0000
0 5 162 0000
0 5 163 0000
0 5 164 0000
0 5 165 0000
0 5 166 0000
0 5 167 0000
0 5 168 0000
0 5 169 0000
0 5 170 0000
0 5 171 0000
0 5 172 0000
0 5 173 0000
0 5 174 0000
0 5 175 0000
0 5 176 0000
0 5 177 0000
0 5 178 0000
0 5 179 0000
0 5 180 0000
0 5 181 0000
0 5 182 0000
0 5 183 0000
0 5 184 0000
0 5 185 0000
0 5 186 0000
0 5 187 0000
0 5 188 0000
0 5 189 0000
0 5 190 0000
0 5 191 0000
0 5 192 0000
0 5 193 0000
0 5 194 0000
0 5 195 0000
0 5 196 0000
0 5 197 0000
0 5 198 0000
0 5 199 0000
0 5 200 0000
0 5 201 0000
0 5 202 0000
0 5 203 0000
0 5 204 0000
0 5 205 0000
0 5 206 0000
0 5 207 0000
0 5 208 0000
0 5 209 0000
0 5 210 0000
0 5 211 0000
0 5 212 0000
0 5 213 0000
0 5 214 0000
0 5 215 0000
0 5 216 0000
0 5 217 0000
0 5 218 0000
0 5 219 0000
0 5 220 0000
0 5 221 0000
0 5 222 0000
0 5 223 0000
0 5 224 0000
0 5 225 0000
0 5 226 0000
0 5 227 0000
0 5 228 0000
0 5 229 0000
0 5 230 0000
0 5 231 0000
0 5 232 0000
0 5 233 0000
0 5 234 0000
0 5 235 0000
0 5 236 0000
0 5 237 0000
0 5 238 0000
0 5 239 0000
0 5 240 0000
0 5 241 0000
0 5 242 0000
0 5 243 0000
0 5 244 0000
0 5 245 0000
0 5 246 0000
0 5 247 0000
0 5 248 0000
0 5 249 0000
0 5 250 0000
0 5 251 0000
0 5 252 0000
0 5 253 0000
0 5 254 0000
0 5 255 0000
0 5 256 0000
0 5 257 0000
0 5 258 0000
0 5 259 0000
0 5 260 0000
0 5 261 0000
0 5 262 0000
0 5 263 0000
0 5 264 0000
0 5 265 0000
0 5 266 0000
0 5 267 0000
0 5 268 0000
0 5 269 0000
0 5 270 0000
0 5 271 0000
0 5 272 0000
0 5 273 0000
0 5 274 0000
0 5 275 0000
0 5 276 0000
0 5 277 0000
0 5 278 0000
0 5 279 0000
0 5 280 0000
0 5 281 0000
0 5 282 0000
0 5 283 0000
0 5 284 0000
0 5 285 0000
0 5 286 0000
0 5 287 0000
0 5 288 0000
0 5 289 0000
0 5 290 0000
0 5 291 0000
0 5 292 0000
0 5 293 0000
0 5 294 0000
0 5 295 0000
0 5 296 0000
0 5 297 0000
0 5 298 0000
0 5 299 0000
0 5 300 0000
0 5 301 0000
0 5 302 0000
0 5 303 0000
0 5 304 0000
0 5 305 0000
0 5 306 0000
0 5 307 0000
0 5 308 0000
0 5 309 0000
0 5 310 0000
0 5 311 0000
0 5 312 0000
0 5 313 0000
0 5 314 0000
0 5 315 0000
0 5 316 0000
0 5 317 0000
0 5 318 0000
0 5 319 0000
0 5 320 0000
0 5 321 0000
0 5 322 0000
0 5 323 0000
0 5 324 0000
0 5 325 0000
0 5 326 0000
0 5 327 0000
0 5 328 0000
0 5 329 0000
0 5 330 0000
0 5 331 0000
0 5 332 0000
0 5 333 0000
0 5 334 0000
0 5 335 0000
0 5 336 0000
0 5 337 0000
0 5 338 0000
0 5 339 0000
0 5 340 0000
0 5 341 0000
0 5 342 0000
0 5 343 0000
0 5 344 0000
0 5 345 0000
0 5 346 0000
0 5 347 0000
0 5 348 0000
0 5 349 0000
0 5 350 0000
0 5 351 0000
0 5 352 0000
0 5 353 0000
0 5 354 0000
0 5 355 0000
0 5 356 0000
0 5 357 0000
0 5 358 0000
0 5 359 0000
0 5 360 0000
0 5 361 0000
0 5 362 0000
0 5 363 0000
0 5 364 0000
0 5 365 0000
0 5 366 0000
0 5 367 0000
0 5 368 0000
0 5 369 0000
0 5 370 0000
0 5 371 0000
0 5 372 0000
0 5 373 0000
0 5 374 0000
0 5 375 0000
0 5 376 0000
0 5 377 0000
0 5 378 0000
0 5 379 0000
0 5 380 0000
0 5 381 0000
0 5 382 0000
0 5 383 0000
0 5 384 0000
0 5 385 0000
0 5 386 0000
0 5 387 0000
0 5 388 0000
0 5 389 0000
0 5 390 0000
0 5 391 0000
0 5 392 0000
0 5 393 0000
0 5 394 0000
0 5 395 0000
0 5 396 0000
0 5 397 0000
0 5 398 0000
0 5 399 0000
0 5 400 0000
0 5 401 0000
0 5 402 0000
0 5 403 0000
0 5 404 0000
0 5 405 0000
0 5 406 0000
0 5 407 0000
0 5 408 0000
0 5 409 0000
0 5 410 0000
0 5 411 0000
0 5 412 0000
0 5 413 0000
0 5 414 0000
0 5 415 0000
0 5 416 0000
0 5 417 0000
0 5 418 0000
0 5 419 0000
0 5 420 0000
0 5 421 0000
0 5 422 0000
0 5 423 0000
0 5 424 0000
0 5 425 0000
0 5 426 0000
0 5 427 0000
0 5 428 0000
0 5 429 0000
0 5 430 0000
0 5 431 0000
0 5 432 0000
0 5 433 0000
0 5 434 0000
0 5 435 0000
0 5 436 0000
0 5 437 0000
0 5 438 0000
0 5 439 0000
0 5 440 0000
0 5 441 0000
0 5 442 0000
0 5 443 0000
0 5 444 0000
0 5 445 0000
0 5 446 0000
0 5 447 0000
0 5 448 0000
0 5 449 0000
0 5 450 0000
0 5 451 0000
0 5 452 0000
0 5 453 0000
0 5 454 0000
0 5 455 0000
0 5 456 0000
0 5 457 0000
0 5 458 0000
0 5 459 0000
0 5 460 0000
0 5 461 0000
0 5 462 0000
0 5 463 0000
0 5 464 0000
0 5 465 0000
0 5 466 0000
0 5 467 0000
0 5 468 0000
0 5 469 0000
0 5 470 0000
0 5 471 0000
0 5 472 0000
0 5 473 0000
0 5 474 0000
0 5 475 0000
0 5 476 0000
0 5 477 0000
0 5 478 0000
0 5 479 0000
0 5 480 0000
0 5 481 0000
0 5 482 0000
0 5 483 0000
0 5 484 0000
0 5 485 0000
0 5 486 0000
0 5 487 0000
0 5 488 0000
0 5 489 0000
0 5 490 0000
0 5 491 0000
0 5 492 0000
0 5 493 0000
0 5 494 0000
0 5 495 0000
0 5 496 0000
0 5 497 0000
0 5 498 0000
0 5 499 0000
0 5 500 0000
0 5 501 0000
0 5 502 0000
0 5 503 0000
0 5 504 0000
0 5 505 0000
0 5 506 0000
0 5 507 0000
0 5 508 0000
0 5 509 0000
0 5 510 0000
0 5 511 0000
0 5 512 0000
0 5 513 0000
0 5 514 0000
0 5 515 0000
0 5 516 0000
0 5 517 0000
0 5 518 0000
0 5 519 0000
0 5 520 0000
0 5 521 0000
0 5 522 0000
0 5 523 0000
0 5 524 0000
0 5 525 0000
0 5 526 0000
0 5 527 0000
0 5 528 0000
0 5 529 0000
0 5 530 0000
0 5 531 0000
0 5 532 0000
0 5 533 0000
0 5 534 0000
0 5 535 0000
0 5 536 0000
0 5 537 0000
0 5 538 0000
0 5 539 0000
0 5 540 0000
0 5 541 0000
0 5 542 0000
0 5 543 0000
0 5 544 0000
0 5 545 0000
0 5 546 0000
0 5 547 0000
0 5 548 0000
0 5 549 0000
0 5 550 0000
0 5 551 0000
0 5 552 0000
0 5 553 0000
0 5 554 0000
0 5 555 0000
0 5 556 0000
0 5 557 0000
0 5 558 0000
0 5 559 0000
0 5 560 0000
0 5 561 0000
0 5 562 0000
0 5 563 0000
0 5 564 0000
0 5 565 0000
0 5 566 0000
0 5 567 0000
0 5 568 0000
0 5 569 0000
0 5 570 0000
0 5 571 0000
0 5 572 0000
0 5 573 0000
0 5 574 0000
0 5 575 0000
0 5 576 0000
0 5 577 0000
0 5 578 0000
0 5 579 0000
0 5 580 0000
0 5 581 0000
0 5 582 0000
0 5 583 0000
0 5 584 0000
0 5 585 0000
0 5 586 0000
0 5 587 0000
0 5 588 0000
0 5 589 0000
0 5 590 0000
0 5 591 0000
0 5 592 0000
0 5 593 0000
0 5 594 0000
0 5 595 0000
0 5 596 0000
0 5 597 0000
0 5 598 0000
0 5 599 0000
0 5 600 0000
0 5 601 0000
0 5 602 0000
0 5 603 0000
0 5 604 0000
0 5 605 0000
0 5 606 0000
0 5 607 0000
0 5 608 0000
0 5 609 0000
0 5 610 0000
0 5 611 0000
0 5 612 0000
0 5 613 0000
0 5 614 0000
0 5 615 0000
0 5 616 0000
0 5 617 0000
0 5 618 0000
0 5 619 0000
0 5 620 0000
0 5 621 0000
0 5 622 0000
0 5 623 0000
0 5 624 0000
0 5 625 0000
0 5 626 0000
0 5 627 0000
0 5 628 0000
0 5 629 0000
0 5 630 0000
0 5 631 0000
0 5 632 0000
0 5 633 0000
0 5 634 0000
0 5 635 0000
0 5 636 0000
0 5 637 0000
0 5 638 0000
0 5 639 0000
0 5 640 0000
0 5 641 0000
0 5 642 0000
0 5 643 0000
0 5 644 0000
0 5 645 0000
0 5 646 0000
0 5 647 0000
0 5 648 0000
0 5 649 0000
0 5 650 0000
0 5 651 0000
0 5 652 0000
0 5 653 0000
0 5 654 0000
0 5 655 0000
0 5 656 0000
0 5 657 0000
0 5 658 0000
0 5 659 0000
0 5 660 0000
0 5 661 0000
0 5 662 0000
0 5 663 0000
0 5 664 0000
0 5 665 0000
0 5 666 0000
0 5 667 0000
0 5 668 0000
0 5 669 0000
0 5 670 0000
0 5 671 0000
0 5 672 0000
0 5 673 0000
0 5 674 0000
0 5 675 0000
0 5 676 0000
0 5 677 0000
0 5 678 0000
0 5 679 0000
0 5 680 0000
0 5 681 0000
0 5 682 0000
0 5 683 0000
0 5 684 0000
0 5 685 0000
0 5 686 0000
0 5 687 0000
0 5 688 0000
0 5 689 0000
0 5 690 0000
0 5 691 0000
0 5 692 0000
0 5 693 0000
0 5 694 0000
0 5 695 0000
0 5 696 0000
0 5 697 0000
0 5 698 0000
0 5 699 0000
0 5 700 0000
0 5 701 0000
0 5 702 0000
0 5 703 0000
0 5 704 0000
0 5 705 0000
0 5 706 0000
0 5 707 0000
0 5 708 0000
0 5 709 0000
0 5 710 0000
0 5 711 0000
0 5 712 0000
0 5 713 0000
0 5 714 0000
0 5 715 0000
0 5 716 0000
0 5 717 0000
0 5 718 0000
0 5 719 0000
0 5 720 0000
0 5 721 0000
0 5 722 0000
0 5 723 0000
0 5 724 0000
0 5 725 0000
0 5 726 0000
0 5 727 0000
0 5 728 0000
0 5 729 0000
0 5 730 0000
0 5 731 0000
0 5 732 0000
0 5 733 0000
0 5 734 0000
0 5 735 0000
0 5 736 0000
0 5 737 0000
0 5 738 0000
0 5 739 0000
0 5 740 0000
0 5 741 0000
0 5 742 0000
0 5 743 0000
0 5 744 0000
0 5 745 0000
0 5 746 0000
0 5 747 0000
0 5 748 0000
0 5 749 0000
0 5 750 0000
0 5 751 0000
0 5 752 0000
0 5 753 0000
0 5 754 0000
0 5 755 0000
0 5 756 0000
0 5 757 0000
0 5 758 0000
0 5 759 0000
0 5 760 0000
0 5 761 0000
0 5 762 0000
0 5 763 0000
0 5 764 0000
0 5 765 0000
0 5 766 0000
0 5 767 0000
0 5 768 0000
0 5 769 0000
0 5 770 0000
0 5 771 0000
0 5 772 0000
0 5 773 0000
0 5 774 0000
0 5 775 0000
0 5 776 0000
0 5 777 0000
0 5 778 0000
0 5 779 0000
0 5 780 0000
0 5 781 0000
0 5 782 0000
0 5 783 0000
0 5 784 0000
0 5 785 0000
0 5 786 0000
0 5 787 0000
0 5 788 0000
0 5 789 0000
0 5 790 0000
0 5 791 0000
0 5 792 0000
0 5 793 0000
0 5 794 0000
0 5 795 0000
0 5 796 0000
0 5 797 0000
0 5 798 0000
0 5 799 0000
0 5 800 0000
0 5 801 0000
0 5 802 0000
0 5 803 0000
0 5 804 0000
0 5 805 0000
0 5 806 0000
0 5 807 0000
0 5 808 0000
0 5 809 0000
0 5 810 0000
0 5 811 0000
0 5 812 0000
0 5 813 0000
0 5 814 0000
0 5 815 0000
0 5 816 0000
0 5 817 0000
0 5 818 0000
0 5 819 0000
0 5 820 0000
0 5 821 0000
0 5 822 0000
0 5 823 0000
0 5 824 0000
0 5 825 0000
0 5 826 0000
0 5 827 0000
0 5 828 0000
0 5 829 0000
0 5 830 0000
0 5 831 0000
0 5 832 0000
0 5 833 0000
0 5 834 0000
0 5 835 0000
0 5 836 0000
0 5 837 0000
0 5 838 0000
0 5 839 0000
0 5 840 0000
0 5 841 0000
0 5 842 0000
0 5 843 0000
0 5 844 0000
0 5 845 0000
0 5 846 0000
0 5 847 0000
0 5 848 0000
0 5 849 0000
0 5 850 0000
0 5 851 0000
0 5 852 0000
0 5 853 0000
0 5 854 0000
0 5 855 0000
0 5 856 0000
0 5 857 0000
0 5 858 0000
0 5 859 0000
0 5 860 0000
0 5 861 0000
0 5 862 0000
0 5 863 0000
0 5 864 0000
0 5 865 0000
0 5 866 0000
0 5 867 0000
0 5 868 0000
0 5 869 0000
0 5 870 0000
0 5 871 0000
0 5 872 0000
0 5 873 0000
0 5 874 0000
0 5 875 0000
0 5 876 0000
0 5 877 0000
0 5 878 0000
0 5 879 0000
0 5 880 0000
0 5 881 0000
0 5 882 0000
0 5 883 0000
0 5 884 0000
0 5 885 0000
0 5 886 0000
0 5 887 0000
0 5 888 0000
0 5 889 0000
0 5 890 0000
0 5 891 0000
0 5 892 0000
0 5 893 0000
0 5 894 0000
0 5 895 0000
0 5 896 0000
0 5 897 0000
0 5 898 0000
0 5 899 0000
0 5 900 0000
0 5 901 0000
0 5 902 0000
0 5 903 0000
0 5 904 0000
0 5 905 0000
0 5 906 0000
0 5 907 0000
0 5 908 0000
0 5 909 0000
0 5 910 0000
0 5 911 0000
0 5 912 0000
0 5 913 0000
0 5 914 0000
0 5 915 0000
0 5 916 0000
0 5 917 0000
0 5 918 0000
0 5 919 0000
0 5 920 0000
0 5 921 0000
0 5 922 0000
0 5 923 0000
0 5 924 0000
0 5 925 0000
0 5 926 0000
0 5 927 0000
0 5 928 0000
0 5 929 0000
0 5 930 0000
0 5 931 0000
0 5 932 0000
0 5 933 0000
0 5 934 0000
0 5 935 0000
0 5 936 0000
0 5 937 0000
0 5 938 0000
0 5 939 0000
0 5 940 0000
0 5 941 0000
0 5 942 0000
0 5 943 0000
0 5 944 0000
0 5 945 0000
0 5 946 0000
0 5 947 0000
0 5 948 0000
0 5 949 0000
0 5 950 0000
0 5 951 0000
0 5 952 0000
0 5 953 0000
0 5 954 0000
0 5 955 0000
0 5 956 0000
0 5 957 0000
0 5 958 0000
0 5 959 0000
0 5 960 0000
0 5 961 0000
0 5 962 0000
0 5 963 0000
0 5 964 0000
0 5 965 0000
0 5 966 0000
0 5 967 0000
0 5 968 0000
0 5 969 0000
0 5 970 0000
0 5 971 0000
0 5 972 0000
0 5 973 0000
0 5 974 0000
0 5 975 0000
0 5 976 0000
0 5 977 0000
0 5 978 0000
0 5 979 0000
0 5 980 0000
0 5 981 0000
0 5 982 0000
0 5 983 0000
0 5 984 0000
0 5 985 0000
0 5 986 0000
0 5 987 0000
0 5 988 0000
0 5 989 0000
0 5 990 0000
0 5 991 0000
0 5 992 0000
0 5 993 0000
0 5 994 0000
0 5 995 0000
0 5 996 0000
0 5 997 0000
0 5 998 0000
0 5 999 0000
0 5 1000 0000
0 5 1001 0000
0 5 1002 0000
0 5 1003 0000
0 5 1004 0000
0 5 1005 0000
0 5 1006 0000
0 5 1007 0000
0 5 1008 0000
0 5 1009 0000
0 5 1010 0000
0 5 1011 0000
0 5 1012 0000
0 5 1013 0000
0 5 1014 0000
0 5 1015 0000
0 5 1016 0000
0 5 1017 0000
0 5 1018 0000
0 5 1019 0000
0 5 1020 0000
0 5 1021 0000
0 5 1022 0000
0 5 1023 0000
0 5 1024 0000
0 5 1025 0000
0 5 1026 0000
0 5 1027 0000
0 5 1028 0000
0 5 1029 0000
0 5 1030 0000
0 5 1031 0000
0 5 1032 0000
0 5 1033 0000
0 5 1034 0000
0 5 1035 0000
0 5 1036 0000
0 5 1037 0000
0 5 1038 0000
0 5 1039 0000
0 5 1040 0000
0 5 1041 0000
0 5 1042 0000
0 5 1043 0000
0 5 1044 0000
0 5 1045 0000
0 5 1046 0000
0 5 1047 0000
0 5 1048 0000
0 5 1049 0000
0 5 1050 0000
0 5 1051 0000
0 5 1052 0000
0 5 1053 0000
0 5 1054 0000
0 5 1055 0000
0 5 1056 0000
0 5 1057 0000
0 5 1058 0000
0 5 1059 0000
0 5 1060 0000
0 5 1061 0000
0 5 1062 0000
0 5 1063 0000
0 5 1064 0000
0 5 1065 0000
0 5 1066 0000
0 5 1067 0000
0 5 1068 0000
0 5 1069 0000
0 5 1070 0000
0 5 1071 0000
0 5 1072 0000
0 5 1073 0000
0 5 1074 0000
0 5 1075 0000
0 5 1076 0000
0 5 1077 0000
0 5 1078 0000
0 5 1079 0000
0 5 1080 0000
0 5 1081 0000
0 5 1082 0000
0 5 1083 0000
0 5 1084 0000
0 5 1085 0000
0 5 1086 0000
0 5 1087 0000
0 5 1088 0000
0 5 1089 0000
0 5 1090 0000
0 5 1091 0000
0 5 1092 0000
0 5 1093 0000
0 5 1094 0000
0 5 1095 0000
0 5 1096 0000
0 5 1097 0000
0 5 1098 0000
0 5 1099 0000
0 5 1100 0000
0 5 1101 0000
0 5 1102 0000
0 5 1103 0000
0 5 1104 0000
0 5 1105 0000
0 5 1106 0000
0 5 1107 0000
0 5 1108 0000
0 5 1109 0000
0 5 1110 0000
0 5 1111 0000
0 5 1112 0000
0 5 1113 0000
0 5 1114 0000
0 5 1115 0000
0 5 1116 0000
0 5 1117 0000
0 5 1118 0000
0 5 1119 0000
0 5 1120 0000
0 5 1121 0000
0 5 1122 0000
0 5 1123 0000
0 5 1124 0000
0 5 1125 0000
0 5 1126 0000
0 5 1127 0000
0 5 1128 0000
0 5 1129 0000
0 5 1130 0000
0 5 1131 0000
0 5 1132 0000
0 5 1133 0000
0 5 1134 0000
0 5 1135 0000
0 5 1136 0000
0 5 1137 0000
0 5 1138 0000
0 5 1139 0000
0 5 1140 0000
0 5 1141 0000
0 5 1142 0000
0 5 1143 0000
0 5 1144 0000
0 5 1145 0000
0 5 1146 0000
0 5 1147 0000
0 5 1148 0000
0 5 1149 0000
0 5 1150 0000
0 5 1151 0000
0 5 1152 0000
0 5 1153 0000
0 5 1154 0000
0 5 1155 0000
0 5 1156 0000
0 5 1157 0000
0 5 1158 0000
0 5 1159 0000
0 5 1160 0000
0 5 1161 0000
0 5 1162 0000
0 5 1163 0000
0 5 1164 0000
0 5 1165 0000
0 5 1166 0000
0 5 1167 0000
0 5 1168 0000
0 5 1169 0000
0 5 1170 0000
0 5 1171 0000
0 5 1172 0000
0 5 1173 0000
0 5 1174 0000
0 5 1175 0000
0 5 1176 0000
0 5 1177 0000
0 5 1178 0000
0 5 1179 0000
0 5 1180 0000
0 5 1181 0000
0 5 1182 0000
0 5 1183 0000
0 5 1184 0000
0 5 1185 0000
0 5 1186 0000
0 5 1187 0000
0 5 1188 0000
0 5 1189 0000
0 5 1190 0000
0 5 1191 0000
0 5 1192 0000
0 5 1193 0000
0 5 1194 0000
0 5 1195 0000
0 5 1196 0000
0 5 1197 0000
0 5 1198 0000
0 5 1199 0000
0 5 1200 0000
0 5 1201 0000
0 5 1202 0000
0 5 1203 0000
0 5 1204 0000
0 5 1205 0000
0 5 1206 0000
0 5 1207 0000
0 5 1208 0000
0 5 1209 0000
0 5 1210 0000
0 5 1211 0000
0 5 1212 0000
0 5 1213 0000
0 5 1214 0000
0 5 1215 0000
0 5 1216 0000
0 5 1217 0000
0 5 1218 0000
0 5 1219 0000
0 5 1220 0000
0 5 1221 0000
0 5 1222 0000
0 5 1223 0000
0 5 1224 0000
0 5 1225 0000
0 5 1226 0000
0 5 1227 0000
0 5 1228 0000
0 5 1229 0000
0 5 1230 0000
0 5 1231 0000
0 5 1232 0000
0 5 1233 0000
0 5 1234 0000
0 5 1235 0000
0 5 1236 0000
0 5 1237 0000
0 5 1238 0000
0 5 1239 0000
0 5 1240 0000
0 5 1241 0000
0 5 1242 0000
0 5 1243 0000
0 5 1244 0000
0 5 1245 0000
0 5 1246 0000
0 5 1247 0000
0 5 1248 0000
0 5 1249 0000
0 5 1250 0000
0 5 1251 0000
0 5 1252 0000
0 5 1253 0000
0 5 1254 0000
0 5 1255 0000
0 5 1256 0000
0 5 1257 0000
0 5 1258 0000
0 5 1259 0000
0 5 1260 0000
0 5 1261 0000
0 5 1262 0000
0 5 1263 0000
0 5 1264 0000
0 5 1265 0000
0 5 1266 0000
0 5 1267 0000
0 5 1268 0000
0 5 1269 0000
0 5 1270 0000
0 5 1271 0000
0 5 1272 0000
0 5 1273 0000
0 5 1274 0000
0 5 1275 0000
0 5 1276 0000
0 5 1277 0000
0 5 1278 0000
0 5 1279 0000
0 5 1280 0000
0 5 1281 0000
0 5 1282 0000
0 5 1283 0000
0 5 1284 0000
0 5 1285 0000
0 5 1286 0000
0 5 1287 0000
0 5 1288 0000
0 5 1289 0000
0 5 1290 0000
0 5 1291 0000
0 5 1292 0000
0 5 1293 0000
0 5 1294 0000
0 5 1295 0000
0 5 1296 0000
0 5 1297 0000
0 5 1298 0000
0 5 1299 0000
0 5 1300 0000
0 5 1301 0000
0 5 1302 0000
0 5 1303 0000
0 5 1304 0000
0 5 1305 0000
0 5 1306 0000
0 5 1307 0000
0 5 1308 0000
0 5 1309 0000
0 5 1310 0000
0 5 1311 0000
0 5 1312 0000
0 5 1313 0000
0 5 1314 0000
0 5 1315 0000
0 5 1316 0000
0 5 1317 0000
0 5 1318 0000
0 5 1319 0000
0 5 1320 0000
0 5 1321 0000
0 5 1322 0000
0 5 1323 0000
0 5 1324 0000
0 5 1325 0000
0 5 1326 0000
0 5 1327 0000
0 5 1328 0000
0 5 1329 0000
0 5 1330 0000
0 5 1331 0000
0 5 1332 0000
0 5 1333 0000
0 5 1334 0000
0 5 1335 0000
0 5 1336 0000
0 5 1337 0000
0 5 1338 0000
0 5 1339 0000
0 5 1340 0000
0 5 1341 0000
0 5 1342 0000
0 5 1343 0000
0 5 1344 0000
0 5 1345 0000
0 5 1346 0000
0 5 1347 0000
0 5 1348 0000
0 5 1349 0000
0 5 1350 0000
0 5 1351 0000
0 5 1352 0000
0 5 1353 0000
0 5 1354 0000
0 5 1355 0000
0 5 1356 0000
0 5 1357 0000
0 5 1358 0000
0 5 1359 0000
0 5 1360 0000
0 5 1361 0000
0 5 1362 0000
0 5 1363 0000
0 5 1364 0000
0 5 1365 0000
0 5 1366 0000
0 5 1367 0000
0 5 1368 0000
0 5 1369 0000
0 5 1370 0000
0 5 1371 0000
0 5 1372 0000
0 5 1373 0000
0 5 1374 0000
0 5 1375 0000
0 5 1376 0000
0 5 1377 0000
0 5 1378 0000
0 5 1379 0000
0 5 1380 0000
0 5 1381 0000
0 5 1382 0000
0 5 1383 0000
0 5 1384 0000
0 5 1385 0000
0 5 1386 0000
0 5 1387 0000
0 5 1388 0000
0 5 1389 0000
0 5 1390 0000
0 5 1391 0000
0 5 1392 0000
0 5 1393 0000
0 5 1394 0000
0 5 1395 0000
0 5 1396 0000
0 5 1397 0000
0 5 1398 0000
0 5 1399 0000
0 5 1400 0000
0 5 1401 0000
0 5 1402 0000
0 5 1403 0000
0 5 1404 0000
0 5 1405 0000
0 5 1406 0000
0 5 1407 0000
0 5 1408 0000
0 5 1409 0000
0 5 1410 0000
0 5 1411 0000
0 5 1412 0000
0 5 1413 0000
0 5 1414 0000
0 5 1415 0000
0 5 1416 0000
0 5 1417 0000
0 5 1418 0000
0 5 1419 0000
0 5 1420 0000
0 5 1421 0000
0 5 1422 0000
0 5 1423 0000
0 5 1424 0000
0 5 1425 0000
0 5 1426 0000
0 5 1427 0000
0 5 1428 0000
0 5 1429 0000
0 5 1430 0000
0 5 1431 0000
0 5 1432 0000
0 5 1433 0000
0 5 1434 0000
0 5 1435 0000
0 5 1436 0000
0 5 1437 0000
0 5 1438 0000
0 5 1439 0000
0 5 1440 0000
0 5 1441 0000
0 5 1442 0000
0 5 1443 0000
0 5 1444 0000
0 5 1445 0000
0 5 1446 0000
0 5 1447 0000
0 5 1448 0000
0 5 1449 0000
0 5 1450 0000
0 5 1451 0000
0 5 1452 0000
0 5 1453 0000
0 5 1454 0000
0 5 1455 0000
0 5 1456 0000
0 5 1457 0000
0 5 1458 0000
0 5 1459 0000
0 5 1460 0000
0 5 1461 0000
0 5 1462 0000
0 5 1463 0000
0 5 1464 0000
0 5 1465 0000
0 5 1466 0000
0 5 1467 0000
0 5 1468 0000
0 5 1469 0000
0 5 1470 0000
0 5 1471 0000
0 5 1472 0000
0 5 1473 0000
0 5 1474 0000
0 5 1475 0000
0 5 1476 0000
0 5 1477 0000
0 5 1478 0000
0 5 1479 0000
0 5 1480 0000
0 5 1481 0000
0 5 1482 0000
0 5 1483 0000
0 5 1484 0000
0 5 1485 0000
0 5 1486 0000
0 5 1487 0000
0 5 1488 0000
0 5 1489 0000
0 5 1490 0000
0 5 1491 0000
0 5 1492 0000
0 5 1493 0000
0 5 1494 0000
0 5 1495 0000
0 5 1496 0000
0 5 1497 0000
0 5 1498 0000
0 5 1499 0000
0 5 1500 0000
0 5 1501 0000
0 5 1502 0000
0 5 1503 0000
0 5 1504 0000
0 5 1505 0000
0 5 1506 0000
0 5 1507 0000
0 5 1508 0000
0 5 1509 0000
0 5 1510 0000
0 5 1511 0000
0 5 1512 0000
0 5 1513 0000
0 5 1514 0000
0 5 1515 0000
0 5 1516 0000
0 5 1517 0000
0 5 1518 0000
0 5 1519 0000
0 5 1520 0000
0 5 1521 0000
0 5 1522 0000
0 5 1523 0000
0 5 1524 0000
0 5 1525 0000
0 5 1526 0000
0 5 1527 0000
0 5 1528 0000
0 5 1529 0000
0 5 1530 0000
0 5 1531 0000
0 5 1532 0000
0 5 1533 0000
0 5 1534 0000
0 5 1535 0000
0 5 1536 0000
0 5 1537 0000
0 5 1538 0000
0 5 1539 0000
0 5 1540 0000
0 5 1541 0000
0 5 1542 0000
0 5 1543 0000
0 5 1544 0000
0 5 1545 0000
0 5 1546 0000
0 5 1547 0000
0 5 1548 0000
0 5 1549 0000
0 5 1550 0000
0 5 1551 0000
0 5 1552 0000
0 5 1553 0000
0 5 1554 0000
0 5 1555 0000
0 5 1556 0000
0 5 1557 0000
0 5 1558 0000
0 5 1559 0000
0 5 1560 0000
0 5 1561 0000
0 5 1562 0000
0 5 1563 0000
0 5 1564 0000
0 5 1565 0000
0 5 1566 0000
0 5 1567 0000
0 5 1568 0000
0 5 1569 0000
0 5 1570 0000
0 5 1571 0000
0 5 1572 0000
0 5 1573 0000
0 5 1574 0000
0 5 1575 0000
0 5 1576 0000
0 5 1577 0000
0 5 1578 0000
0 5 1579 0000
0 5 1580 0000
0 5 1581 0000
0 5 1582 0000
0 5 1583 0000
0 5 1584 0000
0 5 1585 0000
0 5 1586 0000
0 5 1587 0000
0 5 1588 0000
0 5 1589 0000
0 5 1590 0000
0 5 1591 0000
0 5 1592 0000
0 5 1593 0000
0 5 1594 0000
0 5 1595 0000
0 5 1596 0000
0 5 1597 0000
0 5 1598 0000
0 5 1599 0000
0 5 1600 0000
0 5 1601 0000
0 5 1602 0000
0 5 1603 0000
0 5 1604 0000
0 5 1605 0000
0 5 1606 0000
0 5 1607 0000
0 5 1608 0000
0 5 1609 0000
0 5 1610 0000
0 5 1611 0000
0 5 1612 0000
0 5 1613 0000
0 5 1614 0000
0 5 1615 0000
0 5 1616 0000
0 5 1617 0000
0 5 1618 0000
0 5 1619 0000
0 5 1620 0000
0 5 1621 0000
0 5 1622 0000
0 5 1623 0000
0 5 1624 0000
0 5 1625 0000
0 5 1626 0000
0 5 1627 0000
0 5 1628 0000
0 5 1629 0000
0 5 1630 0000
0 5 1631 0000
0 5 1632 0000
0 5 1633 0000
0 5 1634 0000
0 5 1635 0000
0 5 1636 0000
0 5 1637 0000
0 5 1638 0000
0 5 1639 0000
0 5 1640 0000
0 5 1641 0000
0 5 1642 0000
0 5 1643 0000
0 5 1644 0000
0 5 1645 0000
0 5 1646 0000
0 5 1647 0000
0 5 1648 0000
0 5 1649 0000
0 5 1650 0000
0 5 1651 0000
0 5 1652 0000
0 5 1653 0000
0 5 1654 0000
0 5 1655 0000
0 5 1656 0000
0 5 1657 0000
0 5 1658 0000
0 5 1659 0000
0 5 1660 0000
0 5 1661 0000
0 5 1662 0000
0 5 1663 0000
0 5 1664 0000
0 5 1665 0000
0 5 1666 0000
0 5 1667 0000
0 5 1668 0000
0 5 1669 0000
0 5 1670 0000
0 5 1671 0000
0 5 1672 0000
0 5 1673 0000
0 5 1674 0000
0 5 1675 0000
0 5 1676 0000
0 5 1677 0000
0 5 1678 0000
0 5 1679 0000
0 5 1680 0000
0 5 1681 0000
0 5 1682 0000
0 5 1683 0000
0 5 1684 0000
0 5 1685 0000
0 5 1686 0000
0 5 1687 0000
0 5 1688 0000
0 5 1689 0000
0 5 1690 0000
0 5 1691 0000
0 5 1692 0000
0 5 1693 0000
0 5 1694 0000
0 5 1695 0000
0 5 1696 0000
0 5 1697 0000
0 5 1698 0000
0 5 1699 0000
0 5 1700 0000
0 5 1701 0000
0 5 1702 0000
0 5 1703 0000
0 5 1704 0000
0 5 1705 0000
0 5 1706 0000
0 5 1707 0000
0 5 1708 0000
0 5 1709 0000
0 5 1710 0000
0 5 1711 0000
0 5 1712 0000
0 5 1713 0000
0 5 1714 0000
0 5 1715 0000
0 5 1716 0000
0 5 1717 0000
0 5 1718 0000
0 5 1719 0000
0 5 1720 0000
0 5 1721 0000
0 5 1722 0000
0 5 1723 0000
0 5 1724 0000
0 5 1725 0000
0 5 1726 0000
0 5 1727 0000
0 5 1728 0000
0 5 1729 0000
0 5 1730 0000
0 5 1731 0000
0 5 1732 0000
0 5 1733 0000
0 5 1734 0000
0 5 1735 0000
0 5 1736 0000
0 5 1737 0000
0 5 1738 0000
0 5 1739 0000
0 5 1740 0000
0 5 1741 0000
0 5 1742 0000
0 5 1743 0000
0 5 1744 0000
0 5 1745 0000
0 5 1746 0000
0 5 1747 0000
0 5 1748 0000
0 5 1749 0000
0 5 1750 0000
0 5 1751 0000
0 5 1752 0000
0 5 1753 0000
0 5 1754 0000
0 5 1755 0000
0 5 1756 0000
0 5 1757 0000
0 5 1758 0000
0 5 1759 0000
0 5 1760 0000
0 5 1761 0000
0 5 1762 0000
0 5 1763 0000
0 5 1764 0000
0 5 1765 0000
0 5 1766 0000
0 5 1767 0000
0 5 1768 0000
0 5 1769 0000
0 5 1770 0000
0 5 1771 0000
0 5 1772 0000
0 5 1773 0000
0 5 1774 0000
0 5 1775 0000
0 5 1776 0000
0 5 1777 0000
0 5 1778 0000
0 5 1779 0000
0 5 1780 0000
0 5 1781 0000
0 5 1782 0000
0 5 1783 0000
0 5 1784 0000
0 5 1785 0000
0 5 1786 0000
0 5 1787 0000
0 5 1788 0000
0 5 1789 0000
0 5 1790 0000
0 5 1791 0000
0 5 1792 0000
0 5 1793 0000
0 5 1794 0000
0 5 1795 0000
0 5 1796 0000
0 5 1797 0000
0 5 1798 0000
0 5 1799 0000
0 5 1800 0000
0 5 1801 0000
0 5 1802 0000
0 5 1803 0000
0 5 1804 0000
0 5 1805 0000
0 5 1806 0000
0 5 1807 0000
0 5 1808 0000
0 5 1809 0000
0 5 1810 0000
0 5 1811 0000
0 5 1812 0000
0 5 1813 0000
0 5 1814 0000
0 5 1815 0000
0 5 1816 0000
0 5 1817 0000
0 5 1818 0000
0 5 1819 0000
0 5 1820 0000
0 5 1821 0000
0 5 1822 0000
0 5 1823 0000
0 5 1824 0000
0 5 1825 0000
0 5 1826 0000
0 5 1827 0000
0 5 1828 0000
0 5 1829 0000
0 5 1830 0000
0 5 1831 0000
0 5 1832 0000
0 5 1833 0000
0 5 1834 0000
0 5 1835 0000
0 5 1836 0000
0 5 1837 0000
0 5 1838 0000
0 5 1839 0000
0 5 1840 0000
0 5 1841 0000
0 5 1842 0000
0 5 1843 0000
0 5 1844 0000
0 5 1845 0000
0 5 1846 0000
0 5 1847 0000
0 5 1848 0000
0 5 1849 0000
0 5 1850 0000
0 5 1851 0000
0 5 1852 0000
0 5 1853 0000
0 5 1854 0000
0 5 1855 0000
0 5 1856 0000
0 5 1857 0000
0 5 1858 0000
0 5 1859 0000
0 5 1860 0000
0 5 1861 0000
0 5 1862 0000
0 5 1863 0000
0 5 1864 0000
0 5 1865 0000
0 5 1866 0000
0 5 1867 0000
0 5 1868 0000
0 5 1869 0000
0 5 1870 0000
0 5 1871 0000
0 5 1872 0000
0 5 1873 0000
0 5 1874 0000
0 5 1875 0000
0 5 1876 0000
0 5 1877 0000
0 5 1878 0000
0 5 1879 0000
0 5 1880 0000
0 5 1881 0000
0 5 1882 0000
0 5 1883 0000
0 5 1884 0000
0 5 1885 0000
0 5 1886 0000
0 5 1887 0000
0 5 1888 0000
0 5 1889 0000
0 5 1890 0000
0 5 1891 0000
0 5 1892 0000
0 5 1893 0000
0 5 1894 0000
0 5 1895 0000
0 5 1896 0000
0 5 1897 0000
0 5 1898 0000
0 5 1899 0000
0 5 1900 0000
0 5 1901 0000
0 5 1902 0000
0 5 1903 0000
0 5 1904 0000
0 5 1905 0000
0 5 1906 0000
0 5 1907 0000
0 5 1908 0000
0 5 1909 0000
0 5 1910 0000
0 5 1911 0000
0 5 1912 0000
0 5 1913 0000
0 5 1914 0000
0 5 1915 0000
0 5 1916 0000
0 5 1917 0000
0 5 1918 0000
0 5 1919 0000
0 5 1920 0000
0 5 1921 0000
0 5 1922 0000
0 5 1923 0000
0 5 1924 0000
0 5 1925 0000
0 5 1926 0000
0 5 1927 0000
0 5 1928 0000
0 5 1929 0000
0 5 1930 0000
0 5 1931 0000
0 5 1932 0000
0 5 1933 0000
0 5 1934 0000
0 5 1935 0000
0 5 1936 0000
0 5 1937 0000
0 5 1938 0000
0 5 1939 0000
0 5 1940 0000
0 5 1941 0000
0 5 1942 0000
0 5 1943 0000
0 5 1944 0000
0 5 1945 0000
0 5 1946 0000
0 5 1947 0000
0 5 1948 0000
0 5 1949 0000
0 5 1950 0000
0 5 1951 0000
0 5 1952 0000
0 5 1953 0000
0 5 1954 0000
0 5 1955 0000
0 5 1956 0000
0 5 1957 0000
0 5 1958 0000
0 5 1959 0000
0 5 1960 0000
0 5 1961 0000
0 5 1962 0000
0 5 1963 0000
0 5 1964 0000
0 5 1965 0000
0 5 1966 0000
0 5 1967 0000
0 5 1968 0000
0 5 1969 0000
0 5 1970 0000
0 5 1971 0000
0 5 1972 0000
0 5 1973 0000
0 5 1974 0000
0 5 1975 0000
0 5 1976 0000
0 5 1977 0000
0 5 1978 0000
0 5 1979 0000
0 5 1980 0000
0 5 1981 0000
0 5 1982 0000
0 5 1983 0000
0 5 1984 0000
0 5 1985 0000
0 5 1986 0000
0 5 1987 0000
0 5 1988 0000
0 5 1989 0000
0 5 1990 0000
0 5 1991 0000
0 5 1992 0000
0 5 1993 0000
0 5 1994 0000
0 5 1995 0000
0 5 1996 0000
0 5 1997 0000
0 5 1998 0000
0 5 1999 0000
0 5 2000 0000
0 5 2001 0000
0 5 2002 0000
0 5 2003 0000
0 5 2004 0000
0 5 2005 0000
0 5 2006 0000
0 5 2007 0000
0 5 2008 0000
0 5 2009 0000
0 5 2010 0000
0 5 2011 0000
0 5 2012 0000
0 5 2013 0000
0 5 2014 0000
0 5 2015 0000
0 5 2016 0000
0 5 2017 0000
0 5 2018 0000
0 5 2019 0000
0 5 2020 0000
0 5 2021 0000
0 5 2022 0000
0 5 2023 0000
0 5 2024 0000
0 5 2025 0000
0 5 2026 0000
0 5 2027 0000
0 5 2028 0000
0 5 2029 0000
0 5 2030 0000
0 5 2031 0000
0 5 2032 0000
0 5 2033 0000
0 5 2034 0000
0 5 2035 0000
0 5 2036 0000
0 5 2037 0000
0 5 2038 0000
0 5 2039 0000
0 5 2040 0000
0 5 2041 0000
0 5 2042 0000
0 5 2043 0000
0 5 2044 0000
0 5 2045 0000
0 5 2046 0000
0 5 2047 0000
1 0 0 7FFF
1 0 1 0000
1 0 2 0000
1 0 3 0000
1 0 4 0000
1 0 5 0000
1 0 6 0000
1 0 7 0000
1 0 8 0000
1 0 9 0000
1 0 10 0000
1 0 11 0000
1 0 12 0000
1 0 13 0000
1 0 14 0000
1 0 15 0000
1 0 16 0000
1 0 17 0000
1 0 18 0000
1 0 19 0000
1 0 20 0000
1 0 21 0000
1 0 22 0000
1 0 23 0000
1 0 24 0000
1 0 25 0000
1 0 26 0000
1 0 27 0000
1 0 28 0000
1 0 29 0000
1 0 30 0000
1 0 31 0000
1 0 32 0000
1 0 33 0000
1 0 34 0000
1 0 35 0000
1 0 36 0000
1 0 37 0000
1 0 38 0000
1 0 39 0000
1 0 40 0000
1 0 41 0000
1 0 42 0000
1 0 43 0000
1 0 44 0000
1 0 45 0000
1 0 46 0000
1 0 47 0000
1 0 48 0000
1 0 49 0000
1 0 50 0000
1 0 51 0000
1 0 52 0000
1 0 53 0000
1 0 54 0000
1 0 55 0000
1 0 56 0000
1 0 57 0000
1 0 58 0000
1 0 59 0000
1 0 60 0000
1 0 61 0000
1 0 62 0000
1 0 63 0000
1 0 64 0000
1 0 65 0000
1 0 66 0000
1 0 67 0000
1 0 68 0000
1 0 69 0000
1 0 70 0000
1 0 71 0000
1 0 72 0000
1 0 73 0000
1 0 74 0000
1 0 75 0000
1 0 76 0000
1 0 77 0000
1 0 78 0000
1 0 79 0000
1 0 80 0000
1 0 81 0000
1 0 82 0000
1 0 83 0000
1 0 84 0000
1 0 85 0000
1 0 86 0000
1 0 87 0000
1 0 88 0000
1 0 89 0000
1 0 90 0000
1 0 91 0000
1 0 92 0000
1 0 93 0000
1 0 94 0000
1 0 95 0000
1 0 96 0000
1 0 97 0000
1 0 98 0000
1 0 99 0000
1 0 100 0000
1 0 101 0000
1 0 102 0000
1 0 103 0000
1 0 104 0000
1 0 105 0000
1 0 106 0000
1 0 107 0000
1 0 108 0000
1 0 109 0000
1 0 110 0000
1 0 111 0000
1 0 112 0000
1 0 113 0000
1 0 114 0000
1 0 115 0000
1 0 116 0000
1 0 117 0000
1 0 118 0000
1 0 119 0000
1 0 120 0000
1 0 121 0000
1 0 122 0000
1 0 123 0000
1 0 124 0000
1 0 125 0000
1 0 126 0000
1 0 127 0000
1 0 128 0000
1 0 129 0000
1 0 130 0000
1 0 131 0000
1 0 132 0000
1 0 133 0000
1 0 134 0000
1 0 135 0000
1 0 136 0000
1 0 137 0000
1 0 138 0000
1 0 139 0000
1 0 140 0000
1 0 141 0000
1 0 142 0000
1 0 143 0000
1 0 144 0000
1 0 145 0000
1 0 146 0000
1 0 147 0000
1 0 148 0000
1 0 149 0000
1 0 150 0000
1 0 151 0000
1 0 152 0000
1 0 153 0000
1 0 154 0000
1 0 155 0000
1 0 156 0000
1 0 157 0000
1 0 158 0000
1 0 159 0000
1 0 160 0000
1 0 161 0000
1 0 162 0000
1 0 163 0000
1 0 164 0000
1 0 165 0000
1 0 166 0000
1 0 167 0000
1 0 168 0000
1 0 169 0000
1 0 170 0000
1 0 171 0000
1 0 172 0000
1 0 173 0000
1 0 174 0000
1 0 175 0000
1 0 176 0000
1 0 177 0000
1 0 178 0000
1 0 179 0000
1 0 180 0000
1 0 181 0000
1 0 182 0000
1 0 183 0000
1 0 184 0000
1 0 185 0000
1 0 186 0000
1 0 187 0000
1 0 188 0000
1 0 189 0000
1 0 190 0000
1 0 191 0000
1 0 192 0000
1 0 193 0000
1 0 194 0000
1 0 195 0000
1 0 196 0000
1 0 197 0000
1 0 198 0000
1 0 199 0000
1 0 200 0000
1 0 201 0000
1 0 202 0000
1 0 203 0000
1 0 204 0000
1 0 205 0000
1 0 206 0000
1 0 207 0000
1 0 208 0000
1 0 209 0000
1 0 210 0000
1 0 211 0000
1 0 212 0000
1 0 213 0000
1 0 214 0000
1 0 215 0000
1 0 216 0000
1 0 217 0000
1 0 218 0000
1 0 219 0000
1 0 220 0000
1 0 221 0000
1 0 222 0000
1 0 223 0000
1 0 224 0000
1 0 225 0000
1 0 226 0000
1 0 227 0000
1 0 228 0000
1 0 229 0000
1 0 230 0000
1 0 231 0000
1 0 232 0000
1 0 233 0000
1 0 234 0000
1 0 235 0000
1 0 236 0000
1 0 237 0000
1 0 238 0000
1 0 239 0000
1 0 240 0000
1 0 241 0000
1 0 242 0000
1 0 243 0000
1 0 244 0000
1 0 245 0000
1 0 246 0000
1 0 247 0000
1 0 248 0000
1 0 249 0000
1 0 250 0000
1 0 251 0000
1 0 252 0000
1 0 253 0000
1 0 254 0000
1 0 255 0000
1 0 256 0000
1 0 257 0000
1 0 258 0000
1 0 259 0000
1 0 260 0000
1 0 261 0000
1 0 262 0000
1 0 263 0000
1 0 264 0000
1 0 265 0000
1 0 266 0000
1 0 267 0000
1 0 268 0000
1 0 269 0000
1 0 270 0000
1 0 271 0000
1 0 272 0000
1 0 273 0000
1 0 274 0000
1 0 275 0000
1 0 276 0000
1 0 277 0000
1 0 278 0000
1 0 279 0000
1 0 280 0000
1 0 281 0000
1 0 282 0000
1 0 283 0000
1 0 284 0000
1 0 285 0000
1 0 286 0000
1 0 287 0000
1 0 288 0000
1 0 289 0000
1 0 290 0000
1 0 291 0000
1 0 292 0000
1 0 293 0000
1 0 294 0000
1 0 295 0000
1 0 296 0000
1 0 297 0000
1 0 298 0000
1 0 299 0000
1 0 300 0000
1 0 301 0000
1 0 302 0000
1 0 303 0000
1 0 304 0000
1 0 305 0000
1 0 306 0000
1 0 307 0000
1 0 308 0000
1 0 309 0000
1 0 310 0000
1 0 311 0000
1 0 312 0000
1 0 313 0000
1 0 314 0000
1 0 315 0000
1 0 316 0000
1 0 317 0000
1 0 318 0000
1 0 319 0000
1 0 320 0000
1 0 321 0000
1 0 322 0000
1 0 323 0000
1 0 324 0000
1 0 325 0000
1 0 326 0000
1 0 327 0000
1 0 328 0000
1 0 329 0000
1 0 330 0000
1 0 331 0000
1 0 332 0000
1 0 333 0000
1 0 334 0000
1 0 335 0000
1 0 336 0000
1 0 337 0000
1 0 338 0000
1 0 339 0000
1 0 340 0000
1 0 341 0000
1 0 342 0000
1 0 343 0000
1 0 344 0000
1 0 345 0000
1 0 346 0000
1 0 347 0000
1 0 348 0000
1 0 349 0000
1 0 350 0000
1 0 351 0000
1 0 352 0000
1 0 353 0000
1 0 354 0000
1 0 355 0000
1 0 356 0000
1 0 357 0000
1 0 358 0000
1 0 359 0000
1 0 360 0000
1 0 361 0000
1 0 362 0000
1 0 363 0000
1 0 364 0000
1 0 365 0000
1 0 366 0000
1 0 367 0000
1 0 368 0000
1 0 369 0000
1 0 370 0000
1 0 371 0000
1 0 372 0000
1 0 373 0000
1 0 374 0000
1 0 375 0000
1 0 376 0000
1 0 377 0000
1 0 378 0000
1 0 379 0000
1 0 380 0000
1 0 381 0000
1 0 382 0000
1 0 383 0000
1 0 384 0000
1 0 385 0000
1 0 386 0000
1 0 387 0000
1 0 388 0000
1 0 389 0000
1 0 390 0000
1 0 391 0000
1 0 392 0000
1 0 393 0000
1 0 394 0000
1 0 395 0000
1 0 396 0000
1 0 397 0000
1 0 398 0000
1 0 399 0000
1 0 400 0000
1 0 401 0000
1 0 402 0000
1 0 403 0000
1 0 404 0000
1 0 405 0000
1 0 406 0000
1 0 407 0000
1 0 408 0000
1 0 409 0000
1 0 410 0000
1 0 411 0000
1 0 412 0000
1 0 413 0000
1 0 414 0000
1 0 415 0000
1 0 416 0000
1 0 417 0000
1 0 418 0000
1 0 419 0000
1 0 420 0000
1 0 421 0000
1 0 422 0000
1 0 423 0000
1 0 424 0000
1 0 425 0000
1 0 426 0000
1 0 427 0000
1 0 428 0000
1 0 429 0000
1 0 430 0000
1 0 431 0000
1 0 432 0000
1 0 433 0000
1 0 434 0000
1 0 435 0000
1 0 436 0000
1 0 437 0000
1 0 438 0000
1 0 439 0000
1 0 440 0000
1 0 441 0000
1 0 442 0000
1 0 443 0000
1 0 444 0000
1 0 445 0000
1 0 446 0000
1 0 447 0000
1 0 448 0000
1 0 449 0000
1 0 450 0000
1 0 451 0000
1 0 452 0000
1 0 453 0000
1 0 454 0000
1 0 455 0000
1 0 456 0000
1 0 457 0000
1 0 458 0000
1 0 459 0000
1 0 460 0000
1 0 461 0000
1 0 462 0000
1 0 463 0000
1 0 464 0000
1 0 465 0000
1 0 466 0000
1 0 467 0000
1 0 468 0000
1 0 469 0000
1 0 470 0000
1 0 471 0000
1 0 472 0000
1 0 473 0000
1 0 474 0000
1 0 475 0000
1 0 476 0000
1 0 477 0000
1 0 478 0000
1 0 479 0000
1 0 480 0000
1 0 481 0000
1 0 482 0000
1 0 483 0000
1 0 484 0000
1 0 485 0000
1 0 486 0000
1 0 487 0000
1 0 488 0000
1 0 489 0000
1 0 490 0000
1 0 491 0000
1 0 492 0000
1 0 493 0000
1 0 494 0000
1 0 495 0000
1 0 496 0000
1 0 497 0000
1 0 498 0000
1 0 499 0000
1 0 500 0000
1 0 501 0000
1 0 502 0000
1 0 503 0000
1 0 504 0000
1 0 505 0000
1 0 506 0000
1 0 507 0000
1 0 508 0000
1 0 509 0000
1 0 510 0000
1 0 511 0000
1 0 512 0000
1 0 513 0000
1 0 514 0000
1 0 515 0000
1 0 516 0000
1 0 517 0000
1 0 518 0000
1 0 519 0000
1 0 520 0000
1 0 521 0000
1 0 522 0000
1 0 523 0000
1 0 524 0000
1 0 525 0000
1 0 526 0000
1 0 527 0000
1 0 528 0000
1 0 529 0000
1 0 530 0000
1 0 531 0000
1 0 532 0000
1 0 533 0000
1 0 534 0000
1 0 535 0000
1 0 536 0000
1 0 537 0000
1 0 538 0000
1 0 539 0000
1 0 540 0000
1 0 541 0000
1 0 542 0000
1 0 543 0000
1 0 544 0000
1 0 545 0000
1 0 546 0000
1 0 547 0000
1 0 548 0000
1 0 549 0000
1 0 550 0000
1 0 551 0000
1 0 552 0000
1 0 553 0000
1 0 554 0000
1 0 555 0000
1 0 556 0000
1 0 557 0000
1 0 558 0000
1 0 559 0000
1 0 560 0000
1 0 561 0000
1 0 562 0000
1 0 563 0000
1 0 564 0000
1 0 565 0000
1 0 566 0000
1 0 567 0000
1 0 568 0000
1 0 569 0000
1 0 570 0000
1 0 571 0000
1 0 572 0000
1 0 573 0000
1 0 574 0000
1 0 575 0000
1 0 576 0000
1 0 577 0000
1 0 578 0000
1 0 579 0000
1 0 580 0000
1 0 581 0000
1 0 582 0000
1 0 583 0000
1 0 584 0000
1 0 585 0000
1 0 586 0000
1 0 587 0000
1 0 588 0000
1 0 589 0000
1 0 590 0000
1 0 591 0000
1 0 592 0000
1 0 593 0000
1 0 594 0000
1 0 595 0000
1 0 596 0000
1 0 597 0000
1 0 598 0000
1 0 599 0000
1 0 600 0000
1 0 601 0000
1 0 602 0000
1 0 603 0000
1 0 604 0000
1 0 605 0000
1 0 606 0000
1 0 607 0000
1 0 608 0000
1 0 609 0000
1 0 610 0000
1 0 611 0000
1 0 612 0000
1 0 613 0000
1 0 614 0000
1 0 615 0000
1 0 616 0000
1 0 617 0000
1 0 618 0000
1 0 619 0000
1 0 620 0000
1 0 621 0000
1 0 622 0000
1 0 623 0000
1 0 624 0000
1 0 625 0000
1 0 626 0000
1 0 627 0000
1 0 628 0000
1 0 629 0000
1 0 630 0000
1 0 631 0000
1 0 632 0000
1 0 633 0000
1 0 634 0000
1 0 635 0000
1 0 636 0000
1 0 637 0000
1 0 638 0000
1 0 639 0000
1 0 640 0000
1 0 641 0000
1 0 642 0000
1 0 643 0000
1 0 644 0000
1 0 645 0000
1 0 646 0000
1 0 647 0000
1 0 648 0000
1 0 649 0000
1 0 650 0000
1 0 651 0000
1 0 652 0000
1 0 653 0000
1 0 654 0000
1 0 655 0000
1 0 656 0000
1 0 657 0000
1 0 658 0000
1 0 659 0000
1 0 660 0000
1 0 661 0000
1 0 662 0000
1 0 663 0000
1 0 664 0000
1 0 665 0000
1 0 666 0000
1 0 667 0000
1 0 668 0000
1 0 669 0000
1 0 670 0000
1 0 671 0000
1 0 672 0000
1 0 673 0000
1 0 674 0000
1 0 675 0000
1 0 676 0000
1 0 677 0000
1 0 678 0000
1 0 679 0000
1 0 680 0000
1 0 681 0000
1 0 682 0000
1 0 683 0000
1 0 684 0000
1 0 685 0000
1 0 686 0000
1 0 687 0000
1 0 688 0000
1 0 689 0000
1 0 690 0000
1 0 691 0000
1 0 692 0000
1 0 693 0000
1 0 694 0000
1 0 695 0000
1 0 696 0000
1 0 697 0000
1 0 698 0000
1 0 699 0000
1 0 700 0000
1 0 701 0000
1 0 702 0000
1 0 703 0000
1 0 704 0000
1 0 705 0000
1 0 706 0000
1 0 707 0000
1 0 708 0000
1 0 709 0000
1 0 710 0000
1 0 711 0000
1 0 712 0000
1 0 713 0000
1 0 714 0000
1 0 715 0000
1 0 716 0000
1 0 717 0000
1 0 718 0000
1 0 719 0000
1 0 720 0000
1 0 721 0000
1 0 722 0000
1 0 723 0000
1 0 724 0000
1 0 725 0000
1 0 726 0000
1 0 727 0000
1 0 728 0000
1 0 729 0000
1 0 730 0000
1 0 731 0000
1 0 732 0000
1 0 733 0000
1 0 734 0000
1 0 735 0000
1 0 736 0000
1 0 737 0000
1 0 738 0000
1 0 739 0000
1 0 740 0000
1 0 741 0000
1 0 742 0000
1 0 743 0000
1 0 744 0000
1 0 745 0000
1 0 746 0000
1 0 747 0000
1 0 748 0000
1 0 749 0000
1 0 750 0000
1 0 751 0000
1 0 752 0000
1 0 753 0000
1 0 754 0000
1 0 755 0000
1 0 756 0000
1 0 757 0000
1 0 758 0000
1 0 759 0000
1 0 760 0000
1 0 761 0000
1 0 762 0000
1 0 763 0000
1 0 764 0000
1 0 765 0000
1 0 766 0000
1 0 767 0000
1 0 768 0000
1 0 769 0000
1 0 770 0000
1 0 771 0000
1 0 772 0000
1 0 773 0000
1 0 774 0000
1 0 775 0000
1 0 776 0000
1 0 777 0000
1 0 778 0000
1 0 779 0000
1 0 780 0000
1 0 781 0000
1 0 782 0000
1 0 783 0000
1 0 784 0000
1 0 785 0000
1 0 786 0000
1 0 787 0000
1 0 788 0000
1 0 789 0000
1 0 790 0000
1 0 791 0000
1 0 792 0000
1 0 793 0000
1 0 794 0000
1 0 795 0000
1 0 796 0000
1 0 797 0000
1 0 798 0000
1 0 799 0000
1 0 800 0000
1 0 801 0000
1 0 802 0000
1 0 803 0000
1 0 804 0000
1 0 805 0000
1 0 806 0000
1 0 807 0000
1 0 808 0000
1 0 809 0000
1 0 810 0000
1 0 811 0000
1 0 812 0000
1 0 813 0000
1 0 814 0000
1 0 815 0000
1 0 816 0000
1 0 817 0000
1 0 818 0000
1 0 819 0000
1 0 820 0000
1 0 821 0000
1 0 822 0000
1 0 823 0000
1 0 824 0000
1 0 825 0000
1 0 826 0000
1 0 827 0000
1 0 828 0000
1 0 829 0000
1 0 830 0000
1 0 831 0000
1 0 832 0000
1 0 833 0000
1 0 834 0000
1 0 835 0000
1 0 836 0000
1 0 837 0000
1 0 838 0000
1 0 839 0000
1 0 840 0000
1 0 841 0000
1 0 842 0000
1 0 843 0000
1 0 844 0000
1 0 845 0000
1 0 846 0000
1 0 847 0000
1 0 848 0000
1 0 849 0000
1 0 850 0000
1 0 851 0000
1 0 852 0000
1 0 853 0000
1 0 854 0000
1 0 855 0000
1 0 856 0000
1 0 857 0000
1 0 858 0000
1 0 859 0000
1 0 860 0000
1 0 861 0000
1 0 862 0000
1 0 863 0000
1 0 864 0000
1 0 865 0000
1 0 866 0000
1 0 867 0000
1 0 868 0000
1 0 869 0000
1 0 870 0000
1 0 871 0000
1 0 872 0000
1 0 873 0000
1 0 874 0000
1 0 875 0000
1 0 876 0000
1 0 877 0000
1 0 878 0000
1 0 879 0000
1 0 880 0000
1 0 881 0000
1 0 882 0000
1 0 883 0000
1 0 884 0000
1 0 885 0000
1 0 886 0000
1 0 887 0000
1 0 888 0000
1 0 889 0000
1 0 890 0000
1 0 891 0000
1 0 892 0000
1 0 893 0000
1 0 894 0000
1 0 895 0000
1 0 896 0000
1 0 897 0000
1 0 898 0000
1 0 899 0000
1 0 900 0000
1 0 901 0000
1 0 902 0000
1 0 903 0000
1 0 904 0000
1 0 905 0000
1 0 906 0000
1 0 907 0000
1 0 908 0000
1 0 909 0000
1 0 910 0000
1 0 911 0000
1 0 912 0000
1 0 913 0000
1 0 914 0000
1 0 915 0000
1 0 916 0000
1 0 917 0000
1 0 918 0000
1 0 919 0000
1 0 920 0000
1 0 921 0000
1 0 922 0000
1 0 923 0000
1 0 924 0000
1 0 925 0000
1 0 926 0000
1 0 927 0000
1 0 928 0000
1 0 929 0000
1 0 930 0000
1 0 931 0000
1 0 932 0000
1 0 933 0000
1 0 934 0000
1 0 935 0000
1 0 936 0000
1 0 937 0000
1 0 938 0000
1 0 939 0000
1 0 940 0000
1 0 941 0000
1 0 942 0000
1 0 943 0000
1 0 944 0000
1 0 945 0000
1 0 946 0000
1 0 947 0000
1 0 948 0000
1 0 949 0000
1 0 950 0000
1 0 951 0000
1 0 952 0000
1 0 953 0000
1 0 954 0000
1 0 955 0000
1 0 956 0000
1 0 957 0000
1 0 958 0000
1 0 959 0000
1 0 960 0000
1 0 961 0000
1 0 962 0000
1 0 963 0000
1 0 964 0000
1 0 965 0000
1 0 966 0000
1 0 967 0000
1 0 968 0000
1 0 969 0000
1 0 970 0000
1 0 971 0000
1 0 972 0000
1 0 973 0000
1 0 974 0000
1 0 975 0000
1 0 976 0000
1 0 977 0000
1 0 978 0000
1 0 979 0000
1 0 980 0000
1 0 981 0000
1 0 982 0000
1 0 983 0000
1 0 984 0000
1 0 985 0000
1 0 986 0000
1 0 987 0000
1 0 988 0000
1 0 989 0000
1 0 990 0000
1 0 991 0000
1 0 992 0000
1 0 993 0000
1 0 994 0000
1 0 995 0000
1 0 996 0000
1 0 997 0000
1 0 998 0000
1 0 999 0000
1 0 1000 0000
1 0 1001 0000
1 0 1002 0000
1 0 1003 0000
1 0 1004 0000
1 0 1005 0000
1 0 1006 0000
1 0 1007 0000
1 0 1008 0000
1 0 1009 0000
1 0 1010 0000
1 0 1011 0000
1 0 1012 0000
1 0 1013 0000
1 0 1014 0000
1 0 1015 0000
1 0 1016 0000
1 0 1017 0000
1 0 1018 0000
1 0 1019 0000
1 0 1020 0000
1 0 1021 0000
1 0 1022 0000
1 0 1023 0000
1 0 1024 0000
1 0 1025 0000
1 0 1026 0000
1 0 1027 0000
1 0 1028 0000
1 0 1029 0000
1 0 1030 0000
1 0 1031 0000
1 0 1032 0000
1 0 1033 0000
1 0 1034 0000
1 0 1035 0000
1 0 1036 0000
1 0 1037 0000
1 0 1038 0000
1 0 1039 0000
1 0 1040 0000
1 0 1041 0000
1 0 1042 0000
1 0 1043 0000
1 0 1044 0000
1 0 1045 0000
1 0 1046 0000
1 0 1047 0000
1 0 1048 0000
1 0 1049 0000
1 0 1050 0000
1 0 1051 0000
1 0 1052 0000
1 0 1053 0000
1 0 1054 0000
1 0 1055 0000
1 0 1056 0000
1 0 1057 0000
1 0 1058 0000
1 0 1059 0000
1 0 1060 0000
1 0 1061 0000
1 0 1062 0000
1 0 1063 0000
1 0 1064 0000
1 0 1065 0000
1 0 1066 0000
1 0 1067 0000
1 0 1068 0000
1 0 1069 0000
1 0 1070 0000
1 0 1071 0000
1 0 1072 0000
1 0 1073 0000
1 0 1074 0000
1 0 1075 0000
1 0 1076 0000
1 0 1077 0000
1 0 1078 0000
1 0 1079 0000
1 0 1080 0000
1 0 1081 0000
1 0 1082 0000
1 0 1083 0000
1 0 1084 0000
1 0 1085 0000
1 0 1086 0000
1 0 1087 0000
1 0 1088 0000
1 0 1089 0000
1 0 1090 0000
1 0 1091 0000
1 0 1092 0000
1 0 1093 0000
1 0 1094 0000
1 0 1095 0000
1 0 1096 0000
1 0 1097 0000
1 0 1098 0000
1 0 1099 0000
1 0 1100 0000
1 0 1101 0000
1 0 1102 0000
1 0 1103 0000
1 0 1104 0000
1 0 1105 0000
1 0 1106 0000
1 0 1107 0000
1 0 1108 0000
1 0 1109 0000
1 0 1110 0000
1 0 1111 0000
1 0 1112 0000
1 0 1113 0000
1 0 1114 0000
1 0 1115 0000
1 0 1116 0000
1 0 1117 0000
1 0 1118 0000
1 0 1119 0000
1 0 1120 0000
1 0 1121 0000
1 0 1122 0000
1 0 1123 0000
1 0 1124 0000
1 0 1125 0000
1 0 1126 0000
1 0 1127 0000
1 0 1128 0000
1 0 1129 0000
1 0 1130 0000
1 0 1131 0000
1 0 1132 0000
1 0 1133 0000
1 0 1134 0000
1 0 1135 0000
1 0 1136 0000
1 0 1137 0000
1 0 1138 0000
1 0 1139 0000
1 0 1140 0000
1 0 1141 0000
1 0 1142 0000
1 0 1143 0000
1 0 1144 0000
1 0 1145 0000
1 0 1146 0000
1 0 1147 0000
1 0 1148 0000
1 0 1149 0000
1 0 1150 0000
1 0 1151 0000
1 0 1152 0000
1 0 1153 0000
1 0 1154 0000
1 0 1155 0000
1 0 1156 0000
1 0 1157 0000
1 0 1158 0000
1 0 1159 0000
1 0 1160 0000
1 0 1161 0000
1 0 1162 0000
1 0 1163 0000
1 0 1164 0000
1 0 1165 0000
1 0 1166 0000
1 0 1167 0000
1 0 1168 0000
1 0 1169 0000
1 0 1170 0000
1 0 1171 0000
1 0 1172 0000
1 0 1173 0000
1 0 1174 0000
1 0 1175 0000
1 0 1176 0000
1 0 1177 0000
1 0 1178 0000
1 0 1179 0000
1 0 1180 0000
1 0 1181 0000
1 0 1182 0000
1 0 1183 0000
1 0 1184 0000
1 0 1185 0000
1 0 1186 0000
1 0 1187 0000
1 0 1188 0000
1 0 1189 0000
1 0 1190 0000
1 0 1191 0000
1 0 1192 0000
1 0 1193 0000
1 0 1194 0000
1 0 1195 0000
1 0 1196 0000
1 0 1197 0000
1 0 1198 0000
1 0 1199 0000
1 0 1200 0000
1 0 1201 0000
1 0 1202 0000
1 0 1203 0000
1 0 1204 0000
1 0 1205 0000
1 0 1206 0000
1 0 1207 0000
1 0 1208 0000
1 0 1209 0000
1 0 1210 0000
1 0 1211 0000
1 0 1212 0000
1 0 1213 0000
1 0 1214 0000
1 0 1215 0000
1 0 1216 0000
1 0 1217 0000
1 0 1218 0000
1 0 1219 0000
1 0 1220 0000
1 0 1221 0000
1 0 1222 0000
1 0 1223 0000
1 0 1224 0000
1 0 1225 0000
1 0 1226 0000
1 0 1227 0000
1 0 1228 0000
1 0 1229 0000
1 0 1230 0000
1 0 1231 0000
1 0 1232 0000
1 0 1233 0000
1 0 1234 0000
1 0 1235 0000
1 0 1236 0000
1 0 1237 0000
1 0 1238 0000
1 0 1239 0000
1 0 1240 0000
1 0 1241 0000
1 0 1242 0000
1 0 1243 0000
1 0 1244 0000
1 0 1245 0000
1 0 1246 0000
1 0 1247 0000
1 0 1248 0000
1 0 1249 0000
1 0 1250 0000
1 0 1251 0000
1 0 1252 0000
1 0 1253 0000
1 0 1254 0000
1 0 1255 0000
1 0 1256 0000
1 0 1257 0000
1 0 1258 0000
1 0 1259 0000
1 0 1260 0000
1 0 1261 0000
1 0 1262 0000
1 0 1263 0000
1 0 1264 0000
1 0 1265 0000
1 0 1266 0000
1 0 1267 0000
1 0 1268 0000
1 0 1269 0000
1 0 1270 0000
1 0 1271 0000
1 0 1272 0000
1 0 1273 0000
1 0 1274 0000
1 0 1275 0000
1 0 1276 0000
1 0 1277 0000
1 0 1278 0000
1 0 1279 0000
1 0 1280 0000
1 0 1281 0000
1 0 1282 0000
1 0 1283 0000
1 0 1284 0000
1 0 1285 0000
1 0 1286 0000
1 0 1287 0000
1 0 1288 0000
1 0 1289 0000
1 0 1290 0000
1 0 1291 0000
1 0 1292 0000
1 0 1293 0000
1 0 1294 0000
1 0 1295 0000
1 0 1296 0000
1 0 1297 0000
1 0 1298 0000
1 0 1299 0000
1 0 1300 0000
1 0 1301 0000
1 0 1302 0000
1 0 1303 0000
1 0 1304 0000
1 0 1305 0000
1 0 1306 0000
1 0 1307 0000
1 0 1308 0000
1 0 1309 0000
1 0 1310 0000
1 0 1311 0000
1 0 1312 0000
1 0 1313 0000
1 0 1314 0000
1 0 1315 0000
1 0 1316 0000
1 0 1317 0000
1 0 1318 0000
1 0 1319 0000
1 0 1320 0000
1 0 1321 0000
1 0 1322 0000
1 0 1323 0000
1 0 1324 0000
1 0 1325 0000
1 0 1326 0000
1 0 1327 0000
1 0 1328 0000
1 0 1329 0000
1 0 1330 0000
1 0 1331 0000
1 0 1332 0000
1 0 1333 0000
1 0 1334 0000
1 0 1335 0000
1 0 1336 0000
1 0 1337 0000
1 0 1338 0000
1 0 1339 0000
1 0 1340 0000
1 0 1341 0000
1 0 1342 0000
1 0 1343 0000
1 0 1344 0000
1 0 1345 0000
1 0 1346 0000
1 0 1347 0000
1 0 1348 0000
1 0 1349 0000
1 0 1350 0000
1 0 1351 0000
1 0 1352 0000
1 0 1353 0000
1 0 1354 0000
1 0 1355 0000
1 0 1356 0000
1 0 1357 0000
1 0 1358 0000
1 0 1359 0000
1 0 1360 0000
1 0 1361 0000
1 0 1362 0000
1 0 1363 0000
1 0 1364 0000
1 0 1365 0000
1 0 1366 0000
1 0 1367 0000
1 0 1368 0000
1 0 1369 0000
1 0 1370 0000
1 0 1371 0000
1 0 1372 0000
1 0 1373 0000
1 0 1374 0000
1 0 1375 0000
1 0 1376 0000
1 0 1377 0000
1 0 1378 0000
1 0 1379 0000
1 0 1380 0000
1 0 1381 0000
1 0 1382 0000
1 0 1383 0000
1 0 1384 0000
1 0 1385 0000
1 0 1386 0000
1 0 1387 0000
1 0 1388 0000
1 0 1389 0000
1 0 1390 0000
1 0 1391 0000
1 0 1392 0000
1 0 1393 0000
1 0 1394 0000
1 0 1395 0000
1 0 1396 0000
1 0 1397 0000
1 0 1398 0000
1 0 1399 0000
1 0 1400 0000
1 0 1401 0000
1 0 1402 0000
1 0 1403 0000
1 0 1404 0000
1 0 1405 0000
1 0 1406 0000
1 0 1407 0000
1 0 1408 0000
1 0 1409 0000
1 0 1410 0000
1 0 1411 0000
1 0 1412 0000
1 0 1413 0000
1 0 1414 0000
1 0 1415 0000
1 0 1416 0000
1 0 1417 0000
1 0 1418 0000
1 0 1419 0000
1 0 1420 0000
1 0 1421 0000
1 0 1422 0000
1 0 1423 0000
1 0 1424 0000
1 0 1425 0000
1 0 1426 0000
1 0 1427 0000
1 0 1428 0000
1 0 1429 0000
1 0 1430 0000
1 0 1431 0000
1 0 1432 0000
1 0 1433 0000
1 0 1434 0000
1 0 1435 0000
1 0 1436 0000
1 0 1437 0000
1 0 1438 0000
1 0 1439 0000
1 0 1440 0000
1 0 1441 0000
1 0 1442 0000
1 0 1443 0000
1 0 1444 0000
1 0 1445 0000
1 0 1446 0000
1 0 1447 0000
1 0 1448 0000
1 0 1449 0000
1 0 1450 0000
1 0 1451 0000
1 0 1452 0000
1 0 1453 0000
1 0 1454 0000
1 0 1455 0000
1 0 1456 0000
1 0 1457 0000
1 0 1458 0000
1 0 1459 0000
1 0 1460 0000
1 0 1461 0000
1 0 1462 0000
1 0 1463 0000
1 0 1464 0000
1 0 1465 0000
1 0 1466 0000
1 0 1467 0000
1 0 1468 0000
1 0 1469 0000
1 0 1470 0000
1 0 1471 0000
1 0 1472 0000
1 0 1473 0000
1 0 1474 0000
1 0 1475 0000
1 0 1476 0000
1 0 1477 0000
1 0 1478 0000
1 0 1479 0000
1 0 1480 0000
1 0 1481 0000
1 0 1482 0000
1 0 1483 0000
1 0 1484 0000
1 0 1485 0000
1 0 1486 0000
1 0 1487 0000
1 0 1488 0000
1 0 1489 0000
1 0 1490 0000
1 0 1491 0000
1 0 1492 0000
1 0 1493 0000
1 0 1494 0000
1 0 1495 0000
1 0 1496 0000
1 0 1497 0000
1 0 1498 0000
1 0 1499 0000
1 0 1500 0000
1 0 1501 0000
1 0 1502 0000
1 0 1503 0000
1 0 1504 0000
1 0 1505 0000
1 0 1506 0000
1 0 1507 0000
1 0 1508 0000
1 0 1509 0000
1 0 1510 0000
1 0 1511 0000
1 0 1512 0000
1 0 1513 0000
1 0 1514 0000
1 0 1515 0000
1 0 1516 0000
1 0 1517 0000
1 0 1518 0000
1 0 1519 0000
1 0 1520 0000
1 0 1521 0000
1 0 1522 0000
1 0 1523 0000
1 0 1524 0000
1 0 1525 0000
1 0 1526 0000
1 0 1527 0000
1 0 1528 0000
1 0 1529 0000
1 0 1530 0000
1 0 1531 0000
1 0 1532 0000
1 0 1533 0000
1 0 1534 0000
1 0 1535 0000
1 0 1536 0000
1 0 1537 0000
1 0 1538 0000
1 0 1539 0000
1 0 1540 0000
1 0 1541 0000
1 0 1542 0000
1 0 1543 0000
1 0 1544 0000
1 0 1545 0000
1 0 1546 0000
1 0 1547 0000
1 0 1548 0000
1 0 1549 0000
1 0 1550 0000
1 0 1551 0000
1 0 1552 0000
1 0 1553 0000
1 0 1554 0000
1 0 1555 0000
1 0 1556 0000
1 0 1557 0000
1 0 1558 0000
1 0 1559 0000
1 0 1560 0000
1 0 1561 0000
1 0 1562 0000
1 0 1563 0000
1 0 1564 0000
1 0 1565 0000
1 0 1566 0000
1 0 1567 0000
1 0 1568 0000
1 0 1569 0000
1 0 1570 0000
1 0 1571 0000
1 0 1572 0000
1 0 1573 0000
1 0 1574 0000
1 0 1575 0000
1 0 1576 0000
1 0 1577 0000
1 0 1578 0000
1 0 1579 0000
1 0 1580 0000
1 0 1581 0000
1 0 1582 0000
1 0 1583 0000
1 0 1584 0000
1 0 1585 0000
1 0 1586 0000
1 0 1587 0000
1 0 1588 0000
1 0 1589 0000
1 0 1590 0000
1 0 1591 0000
1 0 1592 0000
1 0 1593 0000
1 0 1594 0000
1 0 1595 0000
1 0 1596 0000
1 0 1597 0000
1 0 1598 0000
1 0 1599 0000
1 0 1600 0000
1 0 1601 0000
1 0 1602 0000
1 0 1603 0000
1 0 1604 0000
1 0 1605 0000
1 0 1606 0000
1 0 1607 0000
1 0 1608 0000
1 0 1609 0000
1 0 1610 0000
1 0 1611 0000
1 0 1612 0000
1 0 1613 0000
1 0 1614 0000
1 0 1615 0000
1 0 1616 0000
1 0 1617 0000
1 0 1618 0000
1 0 1619 0000
1 0 1620 0000
1 0 1621 0000
1 0 1622 0000
1 0 1623 0000
1 0 1624 0000
1 0 1625 0000
1 0 1626 0000
1 0 1627 0000
1 0 1628 0000
1 0 1629 0000
1 0 1630 0000
1 0 1631 0000
1 0 1632 0000
1 0 1633 0000
1 0 1634 0000
1 0 1635 0000
1 0 1636 0000
1 0 1637 0000
1 0 1638 0000
1 0 1639 0000
1 0 1640 0000
1 0 1641 0000
1 0 1642 0000
1 0 1643 0000
1 0 1644 0000
1 0 1645 0000
1 0 1646 0000
1 0 1647 0000
1 0 1648 0000
1 0 1649 0000
1 0 1650 0000
1 0 1651 0000
1 0 1652 0000
1 0 1653 0000
1 0 1654 0000
1 0 1655 0000
1 0 1656 0000
1 0 1657 0000
1 0 1658 0000
1 0 1659 0000
1 0 1660 0000
1 0 1661 0000
1 0 1662 0000
1 0 1663 0000
1 0 1664 0000
1 0 1665 0000
1 0 1666 0000
1 0 1667 0000
1 0 1668 0000
1 0 1669 0000
1 0 1670 0000
1 0 1671 0000
1 0 1672 0000
1 0 1673 0000
1 0 1674 0000
1 0 1675 0000
1 0 1676 0000
1 0 1677 0000
1 0 1678 0000
1 0 1679 0000
1 0 1680 0000
1 0 1681 0000
1 0 1682 0000
1 0 1683 0000
1 0 1684 0000
1 0 1685 0000
1 0 1686 0000
1 0 1687 0000
1 0 1688 0000
1 0 1689 0000
1 0 1690 0000
1 0 1691 0000
1 0 1692 0000
1 0 1693 0000
1 0 1694 0000
1 0 1695 0000
1 0 1696 0000
1 0 1697 0000
1 0 1698 0000
1 0 1699 0000
1 0 1700 0000
1 0 1701 0000
1 0 1702 0000
1 0 1703 0000
1 0 1704 0000
1 0 1705 0000
1 0 1706 0000
1 0 1707 0000
1 0 1708 0000
1 0 1709 0000
1 0 1710 0000
1 0 1711 0000
1 0 1712 0000
1 0 1713 0000
1 0 1714 0000
1 0 1715 0000
1 0 1716 0000
1 0 1717 0000
1 0 1718 0000
1 0 1719 0000
1 0 1720 0000
1 0 1721 0000
1 0 1722 0000
1 0 1723 0000
1 0 1724 0000
1 0 1725 0000
1 0 1726 0000
1 0 1727 0000
1 0 1728 0000
1 0 1729 0000
1 0 1730 0000
1 0 1731 0000
1 0 1732 0000
1 0 1733 0000
1 0 1734 0000
1 0 1735 0000
1 0 1736 0000
1 0 1737 0000
1 0 1738 0000
1 0 1739 0000
1 0 1740 0000
1 0 1741 0000
1 0 1742 0000
1 0 1743 0000
1 0 1744 0000
1 0 1745 0000
1 0 1746 0000
1 0 1747 0000
1 0 1748 0000
1 0 1749 0000
1 0 1750 0000
1 0 1751 0000
1 0 1752 0000
1 0 1753 0000
1 0 1754 0000
1 0 1755 0000
1 0 1756 0000
1 0 1757 0000
1 0 1758 0000
1 0 1759 0000
1 0 1760 0000
1 0 1761 0000
1 0 1762 0000
1 0 1763 0000
1 0 1764 0000
1 0 1765 0000
1 0 1766 0000
1 0 1767 0000
1 0 1768 0000
1 0 1769 0000
1 0 1770 0000
1 0 1771 0000
1 0 1772 0000
1 0 1773 0000
1 0 1774 0000
1 0 1775 0000
1 0 1776 0000
1 0 1777 0000
1 0 1778 0000
1 0 1779 0000
1 0 1780 0000
1 0 1781 0000
1 0 1782 0000
1 0 1783 0000
1 0 1784 0000
1 0 1785 0000
1 0 1786 0000
1 0 1787 0000
1 0 1788 0000
1 0 1789 0000
1 0 1790 0000
1 0 1791 0000
1 0 1792 0000
1 0 1793 0000
1 0 1794 0000
1 0 1795 0000
1 0 1796 0000
1 0 1797 0000
1 0 1798 0000
1 0 1799 0000
1 0 1800 0000
1 0 1801 0000
1 0 1802 0000
1 0 1803 0000
1 0 1804 0000
1 0 1805 0000
1 0 1806 0000
1 0 1807 0000
1 0 1808 0000
1 0 1809 0000
1 0 1810 0000
1 0 1811 0000
1 0 1812 0000
1 0 1813 0000
1 0 1814 0000
1 0 1815 0000
1 0 1816 0000
1 0 1817 0000
1 0 1818 0000
1 0 1819 0000
1 0 1820 0000
1 0 1821 0000
1 0 1822 0000
1 0 1823 0000
1 0 1824 0000
1 0 1825 0000
1 0 1826 0000
1 0 1827 0000
1 0 1828 0000
1 0 1829 0000
1 0 1830 0000
1 0 1831 0000
1 0 1832 0000
1 0 1833 0000
1 0 1834 0000
1 0 1835 0000
1 0 1836 0000
1 0 1837 0000
1 0 1838 0000
1 0 1839 0000
1 0 1840 0000
1 0 1841 0000
1 0 1842 0000
1 0 1843 0000
1 0 1844 0000
1 0 1845 0000
1 0 1846 0000
1 0 1847 0000
1 0 1848 0000
1 0 1849 0000
1 0 1850 0000
1 0 1851 0000
1 0 1852 0000
1 0 1853 0000
1 0 1854 0000
1 0 1855 0000
1 0 1856 0000
1 0 1857 0000
1 0 1858 0000
1 0 1859 0000
1 0 1860 0000
1 0 1861 0000
1 0 1862 0000
1 0 1863 0000
1 0 1864 0000
1 0 1865 0000
1 0 1866 0000
1 0 1867 0000
1 0 1868 0000
1 0 1869 0000
1 0 1870 0000
1 0 1871 0000
1 0 1872 0000
1 0 1873 0000
1 0 1874 0000
1 0 1875 0000
1 0 1876 0000
1 0 1877 0000
1 0 1878 0000
1 0 1879 0000
1 0 1880 0000
1 0 1881 0000
1 0 1882 0000
1 0 1883 0000
1 0 1884 0000
1 0 1885 0000
1 0 1886 0000
1 0 1887 0000
1 0 1888 0000
1 0 1889 0000
1 0 1890 0000
1 0 1891 0000
1 0 1892 0000
1 0 1893 0000
1 0 1894 0000
1 0 1895 0000
1 0 1896 0000
1 0 1897 0000
1 0 1898 0000
1 0 1899 0000
1 0 1900 0000
1 0 1901 0000
1 0 1902 0000
1 0 1903 0000
1 0 1904 0000
1 0 1905 0000
1 0 1906 0000
1 0 1907 0000
1 0 1908 0000
1 0 1909 0000
1 0 1910 0000
1 0 1911 0000
1 0 1912 0000
1 0 1913 0000
1 0 1914 0000
1 0 1915 0000
1 0 1916 0000
1 0 1917 0000
1 0 1918 0000
1 0 1919 0000
1 0 1920 0000
1 0 1921 0000
1 0 1922 0000
1 0 1923 0000
1 0 1924 0000
1 0 1925 0000
1 0 1926 0000
1 0 1927 0000
1 0 1928 0000
1 0 1929 0000
1 0 1930 0000
1 0 1931 0000
1 0 1932 0000
1 0 1933 0000
1 0 1934 0000
1 0 1935 0000
1 0 1936 0000
1 0 1937 0000
1 0 1938 0000
1 0 1939 0000
1 0 1940 0000
1 0 1941 0000
1 0 1942 0000
1 0 1943 0000
1 0 1944 0000
1 0 1945 0000
1 0 1946 0000
1 0 1947 0000
1 0 1948 0000
1 0 1949 0000
1 0 1950 0000
1 0 1951 0000
1 0 1952 0000
1 0 1953 0000
1 0 1954 0000
1 0 1955 0000
1 0 1956 0000
1 0 1957 0000
1 0 1958 0000
1 0 1959 0000
1 0 1960 0000
1 0 1961 0000
1 0 1962 0000
1 0 1963 0000
1 0 1964 0000
1 0 1965 0000
1 0 1966 0000
1 0 1967 0000
1 0 1968 0000
1 0 1969 0000
1 0 1970 0000
1 0 1971 0000
1 0 1972 0000
1 0 1973 0000
1 0 1974 0000
1 0 1975 0000
1 0 1976 0000
1 0 1977 0000
1 0 1978 0000
1 0 1979 0000
1 0 1980 0000
1 0 1981 0000
1 0 1982 0000
1 0 1983 0000
1 0 1984 0000
1 0 1985 0000
1 0 1986 0000
1 0 1987 0000
1 0 1988 0000
1 0 1989 0000
1 0 1990 0000
1 0 1991 0000
1 0 1992 0000
1 0 1993 0000
1 0 1994 0000
1 0 1995 0000
1 0 1996 0000
1 0 1997 0000
1 0 1998 0000
1 0 1999 0000
1 0 2000 0000
1 0 2001 0000
1 0 2002 0000
1 0 2003 0000
1 0 2004 0000
1 0 2005 0000
1 0 2006 0000
1 0 2007 0000
1 0 2008 0000
1 0 2009 0000
1 0 2010 0000
1 0 2011 0000
1 0 2012 0000
1 0 2013 0000
1 0 2014 0000
1 0 2015 0000
1 0 2016 0000
1 0 2017 0000
1 0 2018 0000
1 0 2019 0000
1 0 2020 0000
1 0 2021 0000
1 0 2022 0000
1 0 2023 0000
1 0 2024 0000
1 0 2025 0000
1 0 2026 0000
1 0 2027 0000
1 0 2028 0000
1 0 2029 0000
1 0 2030 0000
1 0 2031 0000
1 0 2032 0000
1 0 2033 0000
1 0 2034 0000
1 0 2035 0000
1 0 2036 0000
1 0 2037 0000
1 0 2038 0000
1 0 2039 0000
1 0 2040 0000
1 0 2041 0000
1 0 2042 0000
1 0 2043 0000
1 0 2044 0000
1 0 2045 0000
1 0 2046 0000
1 0 2047 0000
1 1 0 0000
1 1 1 0000
1 1 2 0000
1 1 3 0000
1 1 4 0000
1 1 5 0000
1 1 6 0000
1 1 7 0000
1 1 8 0000
1 1 9 0000
1 1 10 0000
1 1 11 0000
1 1 12 0000
1 1 13 0000
1 1 14 0000
1 1 15 0000
1 1 16 0000
1 1 17 0000
1 1 18 0000
1 1 19 0000
1 1 20 0000
1 1 21 0000
1 1 22 0000
1 1 23 0000
1 1 24 0000
1 1 25 0000
1 1 26 0000
1 1 27 0000
1 1 28 0000
1 1 29 0000
1 1 30 0000
1 1 31 0000
1 1 32 0000
1 1 33 0000
1 1 34 0000
1 1 35 0000
1 1 36 0000
1 1 37 0000
1 1 38 0000
1 1 39 0000
1 1 40 0000
1 1 41 0000
1 1 42 0000
1 1 43 0000
1 1 44 0000
1 1 45 0000
1 1 46 0000
1 1 47 0000
1 1 48 0000
1 1 49 0000
1 1 50 0000
1 1 51 0000
1 1 52 0000
1 1 53 0000
1 1 54 0000
1 1 55 0000
1 1 56 0000
1 1 57 0000
1 1 58 0000
1 1 59 0000
1 1 60 0000
1 1 61 0000
1 1 62 0000
1 1 63 0000
1 1 64 0000
1 1 65 0000
1 1 66 0000
1 1 67 0000
1 1 68 0000
1 1 69 0000
1 1 70 0000
1 1 71 0000
1 1 72 0000
1 1 73 0000
1 1 74 0000
1 1 75 0000
1 1 76 0000
1 1 77 0000
1 1 78 0000
1 1 79 0000
1 1 80 0000
1 1 81 0000
1 1 82 0000
1 1 83 0000
1 1 84 0000
1 1 85 0000
1 1 86 0000
1 1 87 0000
1 1 88 0000
1 1 89 0000
1 1 90 0000
1 1 91 0000
1 1 92 0000
1 1 93 0000
1 1 94 0000
1 1 95 0000
1 1 96 0000
1 1 97 0000
1 1 98 0000
1 1 99 0000
1 1 100 0000
1 1 101 0000
1 1 102 0000
1 1 103 0000
1 1 104 0000
1 1 105 0000
1 1 106 0000
1 1 107 0000
1 1 108 0000
1 1 109 0000
1 1 110 0000
1 1 111 0000
1 1 112 0000
1 1 113 0000
1 1 114 0000
1 1 115 0000
1 1 116 0000
1 1 117 0000
1 1 118 0000
1 1 119 0000
1 1 120 0000
1 1 121 0000
1 1 122 0000
1 1 123 0000
1 1 124 0000
1 1 125 0000
1 1 126 0000
1 1 127 0000
1 1 128 0000
1 1 129 0000
1 1 130 0000
1 1 131 0000
1 1 132 0000
1 1 133 0000
1 1 134 0000
1 1 135 0000
1 1 136 0000
1 1 137 0000
1 1 138 0000
1 1 139 0000
1 1 140 0000
1 1 141 0000
1 1 142 0000
1 1 143 0000
1 1 144 0000
1 1 145 0000
1 1 146 0000
1 1 147 0000
1 1 148 0000
1 1 149 0000
1 1 150 0000
1 1 151 0000
1 1 152 0000
1 1 153 0000
1 1 154 0000
1 1 155 0000
1 1 156 0000
1 1 157 0000
1 1 158 0000
1 1 159 0000
1 1 160 0000
1 1 161 0000
1 1 162 0000
1 1 163 0000
1 1 164 0000
1 1 165 0000
1 1 166 0000
1 1 167 0000
1 1 168 0000
1 1 169 0000
1 1 170 0000
1 1 171 0000
1 1 172 0000
1 1 173 0000
1 1 174 0000
1 1 175 0000
1 1 176 0000
1 1 177 0000
1 1 178 0000
1 1 179 0000
1 1 180 0000
1 1 181 0000
1 1 182 0000
1 1 183 0000
1 1 184 0000
1 1 185 0000
1 1 186 0000
1 1 187 0000
1 1 188 0000
1 1 189 0000
1 1 190 0000
1 1 191 0000
1 1 192 0000
1 1 193 0000
1 1 194 0000
1 1 195 0000
1 1 196 0000
1 1 197 0000
1 1 198 0000
1 1 199 0000
1 1 200 0000
1 1 201 0000
1 1 202 0000
1 1 203 0000
1 1 204 0000
1 1 205 0000
1 1 206 0000
1 1 207 0000
1 1 208 0000
1 1 209 0000
1 1 210 0000
1 1 211 0000
1 1 212 0000
1 1 213 0000
1 1 214 0000
1 1 215 0000
1 1 216 0000
1 1 217 0000
1 1 218 0000
1 1 219 0000
1 1 220 0000
1 1 221 0000
1 1 222 0000
1 1 223 0000
1 1 224 0000
1 1 225 0000
1 1 226 0000
1 1 227 0000
1 1 228 0000
1 1 229 0000
1 1 230 0000
1 1 231 0000
1 1 232 0000
1 1 233 0000
1 1 234 0000
1 1 235 0000
1 1 236 0000
1 1 237 0000
1 1 238 0000
1 1 239 0000
1 1 240 0000
1 1 241 0000
1 1 242 0000
1 1 243 0000
1 1 244 0000
1 1 245 0000
1 1 246 0000
1 1 247 0000
1 1 248 0000
1 1 249 0000
1 1 250 0000
1 1 251 0000
1 1 252 0000
1 1 253 0000
1 1 254 0000
1 1 255 0000
1 1 256 0000
1 1 257 0000
1 1 258 0000
1 1 259 0000
1 1 260 0000
1 1 261 0000
1 1 262 0000
1 1 263 0000
1 1 264 0000
1 1 265 0000
1 1 266 0000
1 1 267 0000
1 1 268 0000
1 1 269 0000
1 1 270 0000
1 1 271 0000
1 1 272 0000
1 1 273 0000
1 1 274 0000
1 1 275 0000
1 1 276 0000
1 1 277 0000
1 1 278 0000
1 1 279 0000
1 1 280 0000
1 1 281 0000
1 1 282 0000
1 1 283 0000
1 1 284 0000
1 1 285 0000
1 1 286 0000
1 1 287 0000
1 1 288 0000
1 1 289 0000
1 1 290 0000
1 1 291 0000
1 1 292 0000
1 1 293 0000
1 1 294 0000
1 1 295 0000
1 1 296 0000
1 1 297 0000
1 1 298 0000
1 1 299 0000
1 1 300 0000
1 1 301 0000
1 1 302 0000
1 1 303 0000
1 1 304 0000
1 1 305 0000
1 1 306 0000
1 1 307 0000
1 1 308 0000
1 1 309 0000
1 1 310 0000
1 1 311 0000
1 1 312 0000
1 1 313 0000
1 1 314 0000
1 1 315 0000
1 1 316 0000
1 1 317 0000
1 1 318 0000
1 1 319 0000
1 1 320 0000
1 1 321 0000
1 1 322 0000
1 1 323 0000
1 1 324 0000
1 1 325 0000
1 1 326 0000
1 1 327 0000
1 1 328 0000
1 1 329 0000
1 1 330 0000
1 1 331 0000
1 1 332 0000
1 1 333 0000
1 1 334 0000
1 1 335 0000
1 1 336 0000
1 1 337 0000
1 1 338 0000
1 1 339 0000
1 1 340 0000
1 1 341 0000
1 1 342 0000
1 1 343 0000
1 1 344 0000
1 1 345 0000
1 1 346 0000
1 1 347 0000
1 1 348 0000
1 1 349 0000
1 1 350 0000
1 1 351 0000
1 1 352 0000
1 1 353 0000
1 1 354 0000
1 1 355 0000
1 1 356 0000
1 1 357 0000
1 1 358 0000
1 1 359 0000
1 1 360 0000
1 1 361 0000
1 1 362 0000
1 1 363 0000
1 1 364 0000
1 1 365 0000
1 1 366 0000
1 1 367 0000
1 1 368 0000
1 1 369 0000
1 1 370 0000
1 1 371 0000
1 1 372 0000
1 1 373 0000
1 1 374 0000
1 1 375 0000
1 1 376 0000
1 1 377 0000
1 1 378 0000
1 1 379 0000
1 1 380 0000
1 1 381 0000
1 1 382 0000
1 1 383 0000
1 1 384 0000
1 1 385 0000
1 1 386 0000
1 1 387 0000
1 1 388 0000
1 1 389 0000
1 1 390 0000
1 1 391 0000
1 1 392 0000
1 1 393 0000
1 1 394 0000
1 1 395 0000
1 1 396 0000
1 1 397 0000
1 1 398 0000
1 1 399 0000
1 1 400 0000
1 1 401 0000
1 1 402 0000
1 1 403 0000
1 1 404 0000
1 1 405 0000
1 1 406 0000
1 1 407 0000
1 1 408 0000
1 1 409 0000
1 1 410 0000
1 1 411 0000
1 1 412 0000
1 1 413 0000
1 1 414 0000
1 1 415 0000
1 1 416 0000
1 1 417 0000
1 1 418 0000
1 1 419 0000
1 1 420 0000
1 1 421 0000
1 1 422 0000
1 1 423 0000
1 1 424 0000
1 1 425 0000
1 1 426 0000
1 1 427 0000
1 1 428 0000
1 1 429 0000
1 1 430 0000
1 1 431 0000
1 1 432 0000
1 1 433 0000
1 1 434 0000
1 1 435 0000
1 1 436 0000
1 1 437 0000
1 1 438 0000
1 1 439 0000
1 1 440 0000
1 1 441 0000
1 1 442 0000
1 1 443 0000
1 1 444 0000
1 1 445 0000
1 1 446 0000
1 1 447 8000
1 1 448 0000
1 1 449 0000
1 1 450 0000
1 1 451 0000
1 1 452 0000
1 1 453 0000
1 1 454 0000
1 1 455 0000
1 1 456 0000
1 1 457 0000
1 1 458 0000
1 1 459 0000
1 1 460 0000
1 1 461 0000
1 1 462 0000
1 1 463 0000
1 1 464 0000
1 1 465 0000
1 1 466 0000
1 1 467 0000
1 1 468 0000
1 1 469 0000
1 1 470 0000
1 1 471 0000
1 1 472 0000
1 1 473 0000
1 1 474 0000
1 1 475 0000
1 1 476 0000
1 1 477 0000
1 1 478 0000
1 1 479 0000
1 1 480 0000
1 1 481 0000
1 1 482 0000
1 1 483 0000
1 1 484 0000
1 1 485 0000
1 1 486 0000
1 1 487 0000
1 1 488 0000
1 1 489 0000
1 1 490 0000
1 1 491 0000
1 1 492 0000
1 1 493 0000
1 1 494 0000
1 1 495 0000
1 1 496 0000
1 1 497 0000
1 1 498 0000
1 1 499 0000
1 1 500 0000
1 1 501 0000
1 1 502 0000
1 1 503 0000
1 1 504 0000
1 1 505 0000
1 1 506 0000
1 1 507 0000
1 1 508 0000
1 1 509 0000
1 1 510 0000
1 1 511 0000
1 1 512 0000
1 1 513 0000
1 1 514 0000
1 1 515 0000
1 1 516 0000
1 1 517 0000
1 1 518 0000
1 1 519 0000
1 1 520 0000
1 1 521 0000
1 1 522 0000
1 1 523 0000
1 1 524 0000
1 1 525 0000
1 1 526 0000
1 1 527 0000
1 1 528 0000
1 1 529 0000
1 1 530 0000
1 1 531 0000
1 1 532 0000
1 1 533 0000
1 1 534 0000
1 1 535 0000
1 1 536 0000
1 1 537 0000
1 1 538 0000
1 1 539 0000
1 1 540 0000
1 1 541 0000
1 1 542 0000
1 1 543 0000
1 1 544 0000
1 1 545 0000
1 1 546 0000
1 1 547 0000
1 1 548 0000
1 1 549 0000
1 1 550 0000
1 1 551 0000
1 1 552 0000
1 1 553 0000
1 1 554 0000
1 1 555 0000
1 1 556 0000
1 1 557 0000
1 1 558 0000
1 1 559 0000
1 1 560 0000
1 1 561 0000
1 1 562 0000
1 1 563 0000
1 1 564 0000
1 1 565 0000
1 1 566 0000
1 1 567 0000
1 1 568 0000
1 1 569 0000
1 1 570 0000
1 1 571 0000
1 1 572 0000
1 1 573 0000
1 1 574 0000
1 1 575 0000
1 1 576 0000
1 1 577 0000
1 1 578 0000
1 1 579 0000
1 1 580 0000
1 1 581 0000
1 1 582 0000
1 1 583 0000
1 1 584 0000
1 1 585 0000
1 1 586 0000
1 1 587 0000
1 1 588 0000
1 1 589 0000
1 1 590 0000
1 1 591 0000
1 1 592 0000
1 1 593 0000
1 1 594 0000
1 1 595 0000
1 1 596 0000
1 1 597 0000
1 1 598 0000
1 1 599 0000
1 1 600 0000
1 1 601 0000
1 1 602 0000
1 1 603 0000
1 1 604 0000
1 1 605 0000
1 1 606 0000
1 1 607 0000
1 1 608 0000
1 1 609 0000
1 1 610 0000
1 1 611 0000
1 1 612 0000
1 1 613 0000
1 1 614 0000
1 1 615 0000
1 1 616 0000
1 1 617 0000
1 1 618 0000
1 1 619 0000
1 1 620 0000
1 1 621 0000
1 1 622 0000
1 1 623 0000
1 1 624 0000
1 1 625 0000
1 1 626 0000
1 1 627 0000
1 1 628 0000
1 1 629 0000
1 1 630 0000
1 1 631 0000
1 1 632 0000
1 1 633 0000
1 1 634 0000
1 1 635 0000
1 1 636 0000
1 1 637 0000
1 1 638 0000
1 1 639 0000
1 1 640 0000
1 1 641 0000
1 1 642 0000
1 1 643 0000
1 1 644 0000
1 1 645 0000
1 1 646 0000
1 1 647 0000
1 1 648 0000
1 1 649 0000
1 1 650 0000
1 1 651 0000
1 1 652 0000
1 1 653 0000
1 1 654 0000
1 1 655 0000
1 1 656 0000
1 1 657 0000
1 1 658 0000
1 1 659 0000
1 1 660 0000
1 1 661 0000
1 1 662 0000
1 1 663 0000
1 1 664 0000
1 1 665 0000
1 1 666 0000
1 1 667 0000
1 1 668 0000
1 1 669 0000
1 1 670 0000
1 1 671 0000
1 1 672 0000
1 1 673 0000
1 1 674 0000
1 1 675 0000
1 1 676 0000
1 1 677 0000
1 1 678 0000
1 1 679 0000
1 1 680 0000
1 1 681 0000
1 1 682 0000
1 1 683 0000
1 1 684 0000
1 1 685 0000
1 1 686 0000
1 1 687 0000
1 1 688 0000
1 1 689 0000
1 1 690 0000
1 1 691 0000
1 1 692 0000
1 1 693 0000
1 1 694 0000
1 1 695 0000
1 1 696 0000
1 1 697 0000
1 1 698 0000
1 1 699 0000
1 1 700 0000
1 1 701 0000
1 1 702 0000
1 1 703 0000
1 1 704 0000
1 1 705 0000
1 1 706 0000
1 1 707 0000
1 1 708 0000
1 1 709 0000
1 1 710 0000
1 1 711 0000
1 1 712 0000
1 1 713 0000
1 1 714 0000
1 1 715 0000
1 1 716 0000
1 1 717 0000
1 1 718 0000
1 1 719 0000
1 1 720 0000
1 1 721 0000
1 1 722 0000
1 1 723 0000
1 1 724 0000
1 1 725 0000
1 1 726 0000
1 1 727 0000
1 1 728 0000
1 1 729 0000
1 1 730 0000
1 1 731 0000
1 1 732 0000
1 1 733 0000
1 1 734 0000
1 1 735 0000
1 1 736 0000
1 1 737 0000
1 1 738 0000
1 1 739 0000
1 1 740 0000
1 1 741 0000
1 1 742 0000
1 1 743 0000
1 1 744 0000
1 1 745 0000
1 1 746 0000
1 1 747 0000
1 1 748 0000
1 1 749 0000
1 1 750 0000
1 1 751 0000
1 1 752 0000
1 1 753 0000
1 1 754 0000
1 1 755 0000
1 1 756 0000
1 1 757 0000
1 1 758 0000
1 1 759 0000
1 1 760 0000
1 1 761 0000
1 1 762 0000
1 1 763 0000
1 1 764 0000
1 1 765 0000
1 1 766 0000
1 1 767 0000
1 1 768 0000
1 1 769 0000
1 1 770 0000
1 1 771 0000
1 1 772 0000
1 1 773 0000
1 1 774 0000
1 1 775 0000
1 1 776 0000
1 1 777 0000
1 1 778 0000
1 1 779 0000
1 1 780 0000
1 1 781 0000
1 1 782 0000
1 1 783 0000
1 1 784 0000
1 1 785 0000
1 1 786 0000
1 1 787 0000
1 1 788 0000
1 1 789 0000
1 1 790 0000
1 1 791 0000
1 1 792 0000
1 1 793 0000
1 1 794 0000
1 1 795 0000
1 1 796 0000
1 1 797 0000
1 1 798 0000
1 1 799 0000
1 1 800 0000
1 1 801 0000
1 1 802 0000
1 1 803 0000
1 1 804 0000
1 1 805 0000
1 1 806 0000
1 1 807 0000
1 1 808 0000
1 1 809 0000
1 1 810 0000
1 1 811 0000
1 1 812 0000
1 1 813 0000
1 1 814 0000
1 1 815 0000
1 1 816 0000
1 1 817 0000
1 1 818 0000
1 1 819 0000
1 1 820 0000
1 1 821 0000
1 1 822 0000
1 1 823 0000
1 1 824 0000
1 1 825 0000
1 1 826 0000
1 1 827 0000
1 1 828 0000
1 1 829 0000
1 1 830 0000
1 1 831 0000
1 1 832 0000
1 1 833 0000
1 1 834 0000
1 1 835 0000
1 1 836 0000
1 1 837 0000
1 1 838 0000
1 1 839 0000
1 1 840 0000
1 1 841 0000
1 1 842 0000
1 1 843 0000
1 1 844 0000
1 1 845 0000
1 1 846 0000
1 1 847 0000
1 1 848 0000
1 1 849 0000
1 1 850 0000
1 1 851 0000
1 1 852 0000
1 1 853 0000
1 1 854 0000
1 1 855 0000
1 1 856 0000
1 1 857 0000
1 1 858 0000
1 1 859 0000
1 1 860 0000
1 1 861 0000
1 1 862 0000
1 1 863 0000
1 1 864 0000
1 1 865 0000
1 1 866 0000
1 1 867 0000
1 1 868 0000
1 1 869 0000
1 1 870 0000
1 1 871 0000
1 1 872 0000
1 1 873 0000
1 1 874 0000
1 1 875 0000
1 1 876 0000
1 1 877 0000
1 1 878 0000
1 1 879 0000
1 1 880 0000
1 1 881 0000
1 1 882 0000
1 1 883 0000
1 1 884 0000
1 1 885 0000
1 1 886 0000
1 1 887 0000
1 1 888 0000
1 1 889 0000
1 1 890 0000
1 1 891 0000
1 1 892 0000
1 1 893 0000
1 1 894 0000
1 1 895 0000
1 1 896 0000
1 1 897 0000
1 1 898 0000
1 1 899 0000
1 1 900 0000
1 1 901 0000
1 1 902 0000
1 1 903 0000
1 1 904 0000
1 1 905 0000
1 1 906 0000
1 1 907 0000
1 1 908 0000
1 1 909 0000
1 1 910 0000
1 1 911 0000
1 1 912 0000
1 1 913 0000
1 1 914 0000
1 1 915 0000
1 1 916 0000
1 1 917 0000
1 1 918 0000
1 1 919 0000
1 1 920 0000
1 1 921 0000
1 1 922 0000
1 1 923 0000
1 1 924 0000
1 1 925 0000
1 1 926 0000
1 1 927 0000
1 1 928 0000
1 1 929 0000
1 1 930 0000
1 1 931 0000
1 1 932 0000
1 1 933 0000
1 1 934 0000
1 1 935 0000
1 1 936 0000
1 1 937 0000
1 1 938 0000
1 1 939 0000
1 1 940 0000
1 1 941 0000
1 1 942 0000
1 1 943 0000
1 1 944 0000
1 1 945 0000
1 1 946 0000
1 1 947 0000
1 1 948 0000
1 1 949 0000
1 1 950 0000
1 1 951 0000
1 1 952 0000
1 1 953 0000
1 1 954 0000
1 1 955 0000
1 1 956 0000
1 1 957 0000
1 1 958 0000
1 1 959 0000
1 1 960 0000
1 1 961 0000
1 1 962 0000
1 1 963 0000
1 1 964 0000
1 1 965 0000
1 1 966 0000
1 1 967 0000
1 1 968 0000
1 1 969 0000
1 1 970 0000
1 1 971 0000
1 1 972 0000
1 1 973 0000
1 1 974 0000
1 1 975 0000
1 1 976 0000
1 1 977 0000
1 1 978 0000
1 1 979 0000
1 1 980 0000
1 1 981 0000
1 1 982 0000
1 1 983 0000
1 1 984 0000
1 1 985 0000
1 1 986 0000
1 1 987 0000
1 1 988 0000
1 1 989 0000
1 1 990 0000
1 1 991 0000
1 1 992 0000
1 1 993 0000
1 1 994 0000
1 1 995 0000
1 1 996 0000
1 1 997 0000
1 1 998 0000
1 1 999 0000
1 1 1000 0000
1 1 1001 0000
1 1 1002 0000
1 1 1003 0000
1 1 1004 0000
1 1 1005 0000
1 1 1006 0000
1 1 1007 0000
1 1 1008 0000
1 1 1009 0000
1 1 1010 0000
1 1 1011 0000
1 1 1012 0000
1 1 1013 0000
1 1 1014 0000
1 1 1015 0000
1 1 1016 0000
1 1 1017 0000
1 1 1018 0000
1 1 1019 0000
1 1 1020 0000
1 1 1021 0000
1 1 1022 0000
1 1 1023 0000
1 1 1024 0000
1 1 1025 0000
1 1 1026 0000
1 1 1027 0000
1 1 1028 0000
1 1 1029 0000
1 1 1030 0000
1 1 1031 0000
1 1 1032 0000
1 1 1033 0000
1 1 1034 0000
1 1 1035 0000
1 1 1036 0000
1 1 1037 0000
1 1 1038 0000
1 1 1039 0000
1 1 1040 0000
1 1 1041 0000
1 1 1042 0000
1 1 1043 0000
1 1 1044 0000
1 1 1045 0000
1 1 1046 0000
1 1 1047 0000
1 1 1048 0000
1 1 1049 0000
1 1 1050 0000
1 1 1051 0000
1 1 1052 0000
1 1 1053 0000
1 1 1054 0000
1 1 1055 0000
1 1 1056 0000
1 1 1057 0000
1 1 1058 0000
1 1 1059 0000
1 1 1060 0000
1 1 1061 0000
1 1 1062 0000
1 1 1063 0000
1 1 1064 0000
1 1 1065 0000
1 1 1066 0000
1 1 1067 0000
1 1 1068 0000
1 1 1069 0000
1 1 1070 0000
1 1 1071 0000
1 1 1072 0000
1 1 1073 0000
1 1 1074 0000
1 1 1075 0000
1 1 1076 0000
1 1 1077 0000
1 1 1078 0000
1 1 1079 0000
1 1 1080 0000
1 1 1081 0000
1 1 1082 0000
1 1 1083 0000
1 1 1084 0000
1 1 1085 0000
1 1 1086 0000
1 1 1087 0000
1 1 1088 0000
1 1 1089 0000
1 1 1090 0000
1 1 1091 0000
1 1 1092 0000
1 1 1093 0000
1 1 1094 0000
1 1 1095 0000
1 1 1096 0000
1 1 1097 0000
1 1 1098 0000
1 1 1099 0000
1 1 1100 0000
1 1 1101 0000
1 1 1102 0000
1 1 1103 0000
1 1 1104 0000
1 1 1105 0000
1 1 1106 0000
1 1 1107 0000
1 1 1108 0000
1 1 1109 0000
1 1 1110 0000
1 1 1111 0000
1 1 1112 0000
1 1 1113 0000
1 1 1114 0000
1 1 1115 0000
1 1 1116 0000
1 1 1117 0000
1 1 1118 0000
1 1 1119 0000
1 1 1120 0000
1 1 1121 0000
1 1 1122 0000
1 1 1123 0000
1 1 1124 0000
1 1 1125 0000
1 1 1126 0000
1 1 1127 0000
1 1 1128 0000
1 1 1129 0000
1 1 1130 0000
1 1 1131 0000
1 1 1132 0000
1 1 1133 0000
1 1 1134 0000
1 1 1135 0000
1 1 1136 0000
1 1 1137 0000
1 1 1138 0000
1 1 1139 0000
1 1 1140 0000
1 1 1141 0000
1 1 1142 0000
1 1 1143 0000
1 1 1144 0000
1 1 1145 0000
1 1 1146 0000
1 1 1147 0000
1 1 1148 0000
1 1 1149 0000
1 1 1150 0000
1 1 1151 0000
1 1 1152 0000
1 1 1153 0000
1 1 1154 0000
1 1 1155 0000
1 1 1156 0000
1 1 1157 0000
1 1 1158 0000
1 1 1159 0000
1 1 1160 0000
1 1 1161 0000
1 1 1162 0000
1 1 1163 0000
1 1 1164 0000
1 1 1165 0000
1 1 1166 0000
1 1 1167 0000
1 1 1168 0000
1 1 1169 0000
1 1 1170 0000
1 1 1171 0000
1 1 1172 0000
1 1 1173 0000
1 1 1174 0000
1 1 1175 0000
1 1 1176 0000
1 1 1177 0000
1 1 1178 0000
1 1 1179 0000
1 1 1180 0000
1 1 1181 0000
1 1 1182 0000
1 1 1183 0000
1 1 1184 0000
1 1 1185 0000
1 1 1186 0000
1 1 1187 0000
1 1 1188 0000
1 1 1189 0000
1 1 1190 0000
1 1 1191 0000
1 1 1192 0000
1 1 1193 0000
1 1 1194 0000
1 1 1195 0000
1 1 1196 0000
1 1 1197 0000
1 1 1198 0000
1 1 1199 0000
1 1 1200 0000
1 1 1201 0000
1 1 1202 0000
1 1 1203 0000
1 1 1204 0000
1 1 1205 0000
1 1 1206 0000
1 1 1207 0000
1 1 1208 0000
1 1 1209 0000
1 1 1210 0000
1 1 1211 0000
1 1 1212 0000
1 1 1213 0000
1 1 1214 0000
1 1 1215 0000
1 1 1216 0000
1 1 1217 0000
1 1 1218 0000
1 1 1219 0000
1 1 1220 0000
1 1 1221 0000
1 1 1222 0000
1 1 1223 0000
1 1 1224 0000
1 1 1225 0000
1 1 1226 0000
1 1 1227 0000
1 1 1228 0000
1 1 1229 0000
1 1 1230 0000
1 1 1231 0000
1 1 1232 0000
1 1 1233 0000
1 1 1234 0000
1 1 1235 0000
1 1 1236 0000
1 1 1237 0000
1 1 1238 0000
1 1 1239 0000
1 1 1240 0000
1 1 1241 0000
1 1 1242 0000
1 1 1243 0000
1 1 1244 0000
1 1 1245 0000
1 1 1246 0000
1 1 1247 0000
1 1 1248 0000
1 1 1249 0000
1 1 1250 0000
1 1 1251 0000
1 1 1252 0000
1 1 1253 0000
1 1 1254 0000
1 1 1255 0000
1 1 1256 0000
1 1 1257 0000
1 1 1258 0000
1 1 1259 0000
1 1 1260 0000
1 1 1261 0000
1 1 1262 0000
1 1 1263 0000
1 1 1264 0000
1 1 1265 0000
1 1 1266 0000
1 1 1267 0000
1 1 1268 0000
1 1 1269 0000
1 1 1270 0000
1 1 1271 0000
1 1 1272 0000
1 1 1273 0000
1 1 1274 0000
1 1 1275 0000
1 1 1276 0000
1 1 1277 0000
1 1 1278 0000
1 1 1279 0000
1 1 1280 0000
1 1 1281 0000
1 1 1282 0000
1 1 1283 0000
1 1 1284 0000
1 1 1285 0000
1 1 1286 0000
1 1 1287 0000
1 1 1288 0000
1 1 1289 0000
1 1 1290 0000
1 1 1291 0000
1 1 1292 0000
1 1 1293 0000
1 1 1294 0000
1 1 1295 0000
1 1 1296 0000
1 1 1297 0000
1 1 1298 0000
1 1 1299 0000
1 1 1300 0000
1 1 1301 0000
1 1 1302 0000
1 1 1303 0000
1 1 1304 0000
1 1 1305 0000
1 1 1306 0000
1 1 1307 0000
1 1 1308 0000
1 1 1309 0000
1 1 1310 0000
1 1 1311 0000
1 1 1312 0000
1 1 1313 0000
1 1 1314 0000
1 1 1315 0000
1 1 1316 0000
1 1 1317 0000
1 1 1318 0000
1 1 1319 0000
1 1 1320 0000
1 1 1321 0000
1 1 1322 0000
1 1 1323 0000
1 1 1324 0000
1 1 1325 0000
1 1 1326 0000
1 1 1327 0000
1 1 1328 0000
1 1 1329 0000
1 1 1330 0000
1 1 1331 0000
1 1 1332 0000
1 1 1333 0000
1 1 1334 0000
1 1 1335 0000
1 1 1336 0000
1 1 1337 0000
1 1 1338 0000
1 1 1339 0000
1 1 1340 0000
1 1 1341 0000
1 1 1342 0000
1 1 1343 0000
1 1 1344 0000
1 1 1345 0000
1 1 1346 0000
1 1 1347 0000
1 1 1348 0000
1 1 1349 0000
1 1 1350 0000
1 1 1351 0000
1 1 1352 0000
1 1 1353 0000
1 1 1354 0000
1 1 1355 0000
1 1 1356 0000
1 1 1357 0000
1 1 1358 0000
1 1 1359 0000
1 1 1360 0000
1 1 1361 0000
1 1 1362 0000
1 1 1363 0000
1 1 1364 0000
1 1 1365 0000
1 1 1366 0000
1 1 1367 0000
1 1 1368 0000
1 1 1369 0000
1 1 1370 0000
1 1 1371 0000
1 1 1372 0000
1 1 1373 0000
1 1 1374 0000
1 1 1375 0000
1 1 1376 0000
1 1 1377 0000
1 1 1378 0000
1 1 1379 0000
1 1 1380 0000
1 1 1381 0000
1 1 1382 0000
1 1 1383 0000
1 1 1384 0000
1 1 1385 0000
1 1 1386 0000
1 1 1387 0000
1 1 1388 0000
1 1 1389 0000
1 1 1390 0000
1 1 1391 0000
1 1 1392 0000
1 1 1393 0000
1 1 1394 0000
1 1 1395 0000
1 1 1396 0000
1 1 1397 0000
1 1 1398 0000
1 1 1399 0000
1 1 1400 0000
1 1 1401 0000
1 1 1402 0000
1 1 1403 0000
1 1 1404 0000
1 1 1405 0000
1 1 1406 0000
1 1 1407 0000
1 1 1408 0000
1 1 1409 0000
1 1 1410 0000
1 1 1411 0000
1 1 1412 0000
1 1 1413 0000
1 1 1414 0000
1 1 1415 0000
1 1 1416 0000
1 1 1417 0000
1 1 1418 0000
1 1 1419 0000
1 1 1420 0000
1 1 1421 0000
1 1 1422 0000
1 1 1423 0000
1 1 1424 0000
1 1 1425 0000
1 1 1426 0000
1 1 1427 0000
1 1 1428 0000
1 1 1429 0000
1 1 1430 0000
1 1 1431 0000
1 1 1432 0000
1 1 1433 0000
1 1 1434 0000
1 1 1435 0000
1 1 1436 0000
1 1 1437 0000
1 1 1438 0000
1 1 1439 0000
1 1 1440 0000
1 1 1441 0000
1 1 1442 0000
1 1 1443 0000
1 1 1444 0000
1 1 1445 0000
1 1 1446 0000
1 1 1447 0000
1 1 1448 0000
1 1 1449 0000
1 1 1450 0000
1 1 1451 0000
1 1 1452 0000
1 1 1453 0000
1 1 1454 0000
1 1 1455 0000
1 1 1456 0000
1 1 1457 0000
1 1 1458 0000
1 1 1459 0000
1 1 1460 0000
1 1 1461 0000
1 1 1462 0000
1 1 1463 0000
1 1 1464 0000
1 1 1465 0000
1 1 1466 0000
1 1 1467 0000
1 1 1468 0000
1 1 1469 0000
1 1 1470 0000
1 1 1471 0000
1 1 1472 0000
1 1 1473 0000
1 1 1474 0000
1 1 1475 0000
1 1 1476 0000
1 1 1477 0000
1 1 1478 0000
1 1 1479 0000
1 1 1480 0000
1 1 1481 0000
1 1 1482 0000
1 1 1483 0000
1 1 1484 0000
1 1 1485 0000
1 1 1486 0000
1 1 1487 0000
1 1 1488 0000
1 1 1489 0000
1 1 1490 0000
1 1 1491 0000
1 1 1492 0000
1 1 1493 0000
1 1 1494 0000
1 1 1495 0000
1 1 1496 0000
1 1 1497 0000
1 1 1498 0000
1 1 1499 0000
1 1 1500 0000
1 1 1501 0000
1 1 1502 0000
1 1 1503 0000
1 1 1504 0000
1 1 1505 0000
1 1 1506 0000
1 1 1507 0000
1 1 1508 0000
1 1 1509 0000
1 1 1510 0000
1 1 1511 0000
1 1 1512 0000
1 1 1513 0000
1 1 1514 0000
1 1 1515 0000
1 1 1516 0000
1 1 1517 0000
1 1 1518 0000
1 1 1519 0000
1 1 1520 0000
1 1 1521 0000
1 1 1522 0000
1 1 1523 0000
1 1 1524 0000
1 1 1525 0000
1 1 1526 0000
1 1 1527 0000
1 1 1528 0000
1 1 1529 0000
1 1 1530 0000
1 1 1531 0000
1 1 1532 0000
1 1 1533 0000
1 1 1534 0000
1 1 1535 0000
1 1 1536 0000
1 1 1537 0000
1 1 1538 0000
1 1 1539 0000
1 1 1540 0000
1 1 1541 0000
1 1 1542 0000
1 1 1543 0000
1 1 1544 0000
1 1 1545 0000
1 1 1546 0000
1 1 1547 0000
1 1 1548 0000
1 1 1549 0000
1 1 1550 0000
1 1 1551 0000
1 1 1552 0000
1 1 1553 0000
1 1 1554 0000
1 1 1555 0000
1 1 1556 0000
1 1 1557 0000
1 1 1558 0000
1 1 1559 0000
1 1 1560 0000
1 1 1561 0000
1 1 1562 0000
1 1 1563 0000
1 1 1564 0000
1 1 1565 0000
1 1 1566 0000
1 1 1567 0000
1 1 1568 0000
1 1 1569 0000
1 1 1570 0000
1 1 1571 0000
1 1 1572 0000
1 1 1573 0000
1 1 1574 0000
1 1 1575 0000
1 1 1576 0000
1 1 1577 0000
1 1 1578 0000
1 1 1579 0000
1 1 1580 0000
1 1 1581 0000
1 1 1582 0000
1 1 1583 0000
1 1 1584 0000
1 1 1585 0000
1 1 1586 0000
1 1 1587 0000
1 1 1588 0000
1 1 1589 0000
1 1 1590 0000
1 1 1591 0000
1 1 1592 0000
1 1 1593 0000
1 1 1594 0000
1 1 1595 0000
1 1 1596 0000
1 1 1597 0000
1 1 1598 0000
1 1 1599 0000
1 1 1600 0000
1 1 1601 0000
1 1 1602 0000
1 1 1603 0000
1 1 1604 0000
1 1 1605 0000
1 1 1606 0000
1 1 1607 0000
1 1 1608 0000
1 1 1609 0000
1 1 1610 0000
1 1 1611 0000
1 1 1612 0000
1 1 1613 0000
1 1 1614 0000
1 1 1615 0000
1 1 1616 0000
1 1 1617 0000
1 1 1618 0000
1 1 1619 0000
1 1 1620 0000
1 1 1621 0000
1 1 1622 0000
1 1 1623 0000
1 1 1624 0000
1 1 1625 0000
1 1 1626 0000
1 1 1627 0000
1 1 1628 0000
1 1 1629 0000
1 1 1630 0000
1 1 1631 0000
1 1 1632 0000
1 1 1633 0000
1 1 1634 0000
1 1 1635 0000
1 1 1636 0000
1 1 1637 0000
1 1 1638 0000
1 1 1639 0000
1 1 1640 0000
1 1 1641 0000
1 1 1642 0000
1 1 1643 0000
1 1 1644 0000
1 1 1645 0000
1 1 1646 0000
1 1 1647 0000
1 1 1648 0000
1 1 1649 0000
1 1 1650 0000
1 1 1651 0000
1 1 1652 0000
1 1 1653 0000
1 1 1654 0000
1 1 1655 0000
1 1 1656 0000
1 1 1657 0000
1 1 1658 0000
1 1 1659 0000
1 1 1660 0000
1 1 1661 0000
1 1 1662 0000
1 1 1663 0000
1 1 1664 0000
1 1 1665 0000
1 1 1666 0000
1 1 1667 0000
1 1 1668 0000
1 1 1669 0000
1 1 1670 0000
1 1 1671 0000
1 1 1672 0000
1 1 1673 0000
1 1 1674 0000
1 1 1675 0000
1 1 1676 0000
1 1 1677 0000
1 1 1678 0000
1 1 1679 0000
1 1 1680 0000
1 1 1681 0000
1 1 1682 0000
1 1 1683 0000
1 1 1684 0000
1 1 1685 0000
1 1 1686 0000
1 1 1687 0000
1 1 1688 0000
1 1 1689 0000
1 1 1690 0000
1 1 1691 0000
1 1 1692 0000
1 1 1693 0000
1 1 1694 0000
1 1 1695 0000
1 1 1696 0000
1 1 1697 0000
1 1 1698 0000
1 1 1699 0000
1 1 1700 0000
1 1 1701 0000
1 1 1702 0000
1 1 1703 0000
1 1 1704 0000
1 1 1705 0000
1 1 1706 0000
1 1 1707 0000
1 1 1708 0000
1 1 1709 0000
1 1 1710 0000
1 1 1711 0000
1 1 1712 0000
1 1 1713 0000
1 1 1714 0000
1 1 1715 0000
1 1 1716 0000
1 1 1717 0000
1 1 1718 0000
1 1 1719 0000
1 1 1720 0000
1 1 1721 0000
1 1 1722 0000
1 1 1723 0000
1 1 1724 0000
1 1 1725 0000
1 1 1726 0000
1 1 1727 0000
1 1 1728 0000
1 1 1729 0000
1 1 1730 0000
1 1 1731 0000
1 1 1732 0000
1 1 1733 0000
1 1 1734 0000
1 1 1735 0000
1 1 1736 0000
1 1 1737 0000
1 1 1738 0000
1 1 1739 0000
1 1 1740 0000
1 1 1741 0000
1 1 1742 0000
1 1 1743 0000
1 1 1744 0000
1 1 1745 0000
1 1 1746 0000
1 1 1747 0000
1 1 1748 0000
1 1 1749 0000
1 1 1750 0000
1 1 1751 0000
1 1 1752 0000
1 1 1753 0000
1 1 1754 0000
1 1 1755 0000
1 1 1756 0000
1 1 1757 0000
1 1 1758 0000
1 1 1759 0000
1 1 1760 0000
1 1 1761 0000
1 1 1762 0000
1 1 1763 0000
1 1 1764 0000
1 1 1765 0000
1 1 1766 0000
1 1 1767 0000
1 1 1768 0000
1 1 1769 0000
1 1 1770 0000
1 1 1771 0000
1 1 1772 0000
1 1 1773 0000
1 1 1774 0000
1 1 1775 0000
1 1 1776 0000
1 1 1777 0000
1 1 1778 0000
1 1 1779 0000
1 1 1780 0000
1 1 1781 0000
1 1 1782 0000
1 1 1783 0000
1 1 1784 0000
1 1 1785 0000
1 1 1786 0000
1 1 1787 0000
1 1 1788 0000
1 1 1789 0000
1 1 1790 0000
1 1 1791 0000
1 1 1792 0000
1 1 1793 0000
1 1 1794 0000
1 1 1795 0000
1 1 1796 0000
1 1 1797 0000
1 1 1798 0000
1 1 1799 0000
1 1 1800 0000
1 1 1801 0000
1 1 1802 0000
1 1 1803 0000
1 1 1804 0000
1 1 1805 0000
1 1 1806 0000
1 1 1807 0000
1 1 1808 0000
1 1 1809 0000
1 1 1810 0000
1 1 1811 0000
1 1 1812 0000
1 1 1813 0000
1 1 1814 0000
1 1 1815 0000
1 1 1816 0000
1 1 1817 0000
1 1 1818 0000
1 1 1819 0000
1 1 1820 0000
1 1 1821 0000
1 1 1822 0000
1 1 1823 0000
1 1 1824 0000
1 1 1825 0000
1 1 1826 0000
1 1 1827 0000
1 1 1828 0000
1 1 1829 0000
1 1 1830 0000
1 1 1831 0000
1 1 1832 0000
1 1 1833 0000
1 1 1834 0000
1 1 1835 0000
1 1 1836 0000
1 1 1837 0000
1 1 1838 0000
1 1 1839 0000
1 1 1840 0000
1 1 1841 0000
1 1 1842 0000
1 1 1843 0000
1 1 1844 0000
1 1 1845 0000
1 1 1846 0000
1 1 1847 0000
1 1 1848 0000
1 1 1849 0000
1 1 1850 0000
1 1 1851 0000
1 1 1852 0000
1 1 1853 0000
1 1 1854 0000
1 1 1855 0000
1 1 1856 0000
1 1 1857 0000
1 1 1858 0000
1 1 1859 0000
1 1 1860 0000
1 1 1861 0000
1 1 1862 0000
1 1 1863 0000
1 1 1864 0000
1 1 1865 0000
1 1 1866 0000
1 1 1867 0000
1 1 1868 0000
1 1 1869 0000
1 1 1870 0000
1 1 1871 0000
1 1 1872 0000
1 1 1873 0000
1 1 1874 0000
1 1 1875 0000
1 1 1876 0000
1 1 1877 0000
1 1 1878 0000
1 1 1879 0000
1 1 1880 0000
1 1 1881 0000
1 1 1882 0000
1 1 1883 0000
1 1 1884 0000
1 1 1885 0000
1 1 1886 0000
1 1 1887 0000
1 1 1888 0000
1 1 1889 0000
1 1 1890 0000
1 1 1891 0000
1 1 1892 0000
1 1 1893 0000
1 1 1894 0000
1 1 1895 0000
1 1 1896 0000
1 1 1897 0000
1 1 1898 0000
1 1 1899 0000
1 1 1900 0000
1 1 1901 0000
1 1 1902 0000
1 1 1903 0000
1 1 1904 0000
1 1 1905 0000
1 1 1906 0000
1 1 1907 0000
1 1 1908 0000
1 1 1909 0000
1 1 1910 0000
1 1 1911 0000
1 1 1912 0000
1 1 1913 0000
1 1 1914 0000
1 1 1915 0000
1 1 1916 0000
1 1 1917 0000
1 1 1918 0000
1 1 1919 0000
1 1 1920 0000
1 1 1921 0000
1 1 1922 0000
1 1 1923 0000
1 1 1924 0000
1 1 1925 0000
1 1 1926 0000
1 1 1927 0000
1 1 1928 0000
1 1 1929 0000
1 1 1930 0000
1 1 1931 0000
1 1 1932 0000
1 1 1933 0000
1 1 1934 0000
1 1 1935 0000
1 1 1936 0000
1 1 1937 0000
1 1 1938 0000
1 1 1939 0000
1 1 1940 0000
1 1 1941 0000
1 1 1942 0000
1 1 1943 0000
1 1 1944 0000
1 1 1945 0000
1 1 1946 0000
1 1 1947 0000
1 1 1948 0000
1 1 1949 0000
1 1 1950 0000
1 1 1951 0000
1 1 1952 0000
1 1 1953 0000
1 1 1954 0000
1 1 1955 0000
1 1 1956 0000
1 1 1957 0000
1 1 1958 0000
1 1 1959 0000
1 1 1960 0000
1 1 1961 0000
1 1 1962 0000
1 1 1963 0000
1 1 1964 0000
1 1 1965 0000
1 1 1966 0000
1 1 1967 0000
1 1 1968 0000
1 1 1969 0000
1 1 1970 0000
1 1 1971 0000
1 1 1972 0000
1 1 1973 0000
1 1 1974 0000
1 1 1975 0000
1 1 1976 0000
1 1 1977 0000
1 1 1978 0000
1 1 1979 0000
1 1 1980 0000
1 1 1981 0000
1 1 1982 0000
1 1 1983 0000
1 1 1984 0000
1 1 1985 0000
1 1 1986 0000
1 1 1987 0000
1 1 1988 0000
1 1 1989 0000
1 1 1990 0000
1 1 1991 0000
1 1 1992 0000
1 1 1993 0000
1 1 1994 0000
1 1 1995 0000
1 1 1996 0000
1 1 1997 0000
1 1 1998 0000
1 1 1999 0000
1 1 2000 0000
1 1 2001 0000
1 1 2002 0000
1 1 2003 0000
1 1 2004 0000
1 1 2005 0000
1 1 2006 0000
1 1 2007 0000
1 1 2008 0000
1 1 2009 0000
1 1 2010 0000
1 1 2011 0000
1 1 2012 0000
1 1 2013 0000
1 1 2014 0000
1 1 2015 0000
1 1 2016 0000
1 1 2017 0000
1 1 2018 0000
1 1 2019 0000
1 1 2020 0000
1 1 2021 0000
1 1 2022 0000
1 1 2023 0000
1 1 2024 0000
1 1 2025 0000
1 1 2026 0000
1 1 2027 0000
1 1 2028 0000
1 1 2029 0000
1 1 2030 0000
1 1 2031 0000
1 1 2032 0000
1 1 2033 0000
1 1 2034 0000
1 1 2035 0000
1 1 2036 0000
1 1 2037 0000
1 1 2038 0000
1 1 2039 0000
1 1 2040 0000
1 1 2041 0000
1 1 2042 0000
1 1 2043 0000
1 1 2044 0000
1 1 2045 0000
1 1 2046 0000
1 1 2047 0000
1 2 0 0000
1 2 1 0000
1 2 2 0000
1 2 3 0000
1 2 4 0000
1 2 5 0000
1 2 6 0000
1 2 7 0000
1 2 8 0000
1 2 9 0000
1 2 10 0000
1 2 11 0000
1 2 12 0000
1 2 13 0000
1 2 14 0000
1 2 15 0000
1 2 16 0000
1 2 17 0000
1 2 18 0000
1 2 19 0000
1 2 20 0000
1 2 21 0000
1 2 22 0000
1 2 23 0000
1 2 24 0000
1 2 25 0000
1 2 26 0000
1 2 27 0000
1 2 28 0000
1 2 29 0000
1 2 30 0000
1 2 31 0000
1 2 32 0000
1 2 33 0000
1 2 34 0000
1 2 35 0000
1 2 36 0000
1 2 37 0000
1 2 38 0000
1 2 39 0000
1 2 40 0000
1 2 41 0000
1 2 42 0000
1 2 43 0000
1 2 44 0000
1 2 45 0000
1 2 46 0000
1 2 47 0000
1 2 48 0000
1 2 49 0000
1 2 50 0000
1 2 51 0000
1 2 52 0000
1 2 53 0000
1 2 54 0000
1 2 55 0000
1 2 56 0000
1 2 57 0000
1 2 58 0000
1 2 59 0000
1 2 60 0000
1 2 61 0000
1 2 62 0000
1 2 63 0000
1 2 64 0000
1 2 65 0000
1 2 66 0000
1 2 67 0000
1 2 68 0000
1 2 69 0000
1 2 70 0000
1 2 71 0000
1 2 72 0000
1 2 73 0000
1 2 74 0000
1 2 75 0000
1 2 76 0000
1 2 77 0000
1 2 78 0000
1 2 79 0000
1 2 80 0000
1 2 81 0000
1 2 82 0000
1 2 83 0000
1 2 84 0000
1 2 85 0000
1 2 86 0000
1 2 87 0000
1 2 88 0000
1 2 89 0000
1 2 90 0000
1 2 91 0000
1 2 92 0000
1 2 93 0000
1 2 94 0000
1 2 95 0000
1 2 96 0000
1 2 97 0000
1 2 98 0000
1 2 99 0000
1 2 100 0000
1 2 101 0000
1 2 102 0000
1 2 103 0000
1 2 104 0000
1 2 105 0000
1 2 106 0000
1 2 107 0000
1 2 108 0000
1 2 109 0000
1 2 110 0000
1 2 111 0000
1 2 112 0000
1 2 113 0000
1 2 114 0000
1 2 115 0000
1 2 116 0000
1 2 117 0000
1 2 118 0000
1 2 119 0000
1 2 120 0000
1 2 121 0000
1 2 122 0000
1 2 123 0000
1 2 124 0000
1 2 125 0000
1 2 126 0000
1 2 127 0000
1 2 128 0000
1 2 129 0000
1 2 130 0000
1 2 131 0000
1 2 132 0000
1 2 133 0000
1 2 134 0000
1 2 135 0000
1 2 136 0000
1 2 137 0000
1 2 138 0000
1 2 139 0000
1 2 140 0000
1 2 141 0000
1 2 142 0000
1 2 143 0000
1 2 144 0000
1 2 145 0000
1 2 146 0000
1 2 147 0000
1 2 148 0000
1 2 149 0000
1 2 150 0000
1 2 151 0000
1 2 152 0000
1 2 153 0000
1 2 154 0000
1 2 155 0000
1 2 156 0000
1 2 157 0000
1 2 158 0000
1 2 159 0000
1 2 160 0000
1 2 161 0000
1 2 162 0000
1 2 163 0000
1 2 164 0000
1 2 165 0000
1 2 166 0000
1 2 167 0000
1 2 168 0000
1 2 169 0000
1 2 170 0000
1 2 171 0000
1 2 172 0000
1 2 173 0000
1 2 174 0000
1 2 175 0000
1 2 176 0000
1 2 177 0000
1 2 178 0000
1 2 179 0000
1 2 180 0000
1 2 181 0000
1 2 182 0000
1 2 183 0000
1 2 184 0000
1 2 185 0000
1 2 186 0000
1 2 187 0000
1 2 188 0000
1 2 189 0000
1 2 190 0000
1 2 191 0000
1 2 192 0000
1 2 193 0000
1 2 194 0000
1 2 195 0000
1 2 196 0000
1 2 197 0000
1 2 198 0000
1 2 199 0000
1 2 200 0000
1 2 201 0000
1 2 202 0000
1 2 203 0000
1 2 204 0000
1 2 205 0000
1 2 206 0000
1 2 207 0000
1 2 208 0000
1 2 209 0000
1 2 210 0000
1 2 211 0000
1 2 212 0000
1 2 213 0000
1 2 214 0000
1 2 215 0000
1 2 216 0000
1 2 217 0000
1 2 218 0000
1 2 219 0000
1 2 220 0000
1 2 221 0000
1 2 222 0000
1 2 223 0000
1 2 224 0000
1 2 225 0000
1 2 226 0000
1 2 227 0000
1 2 228 0000
1 2 229 0000
1 2 230 0000
1 2 231 0000
1 2 232 0000
1 2 233 0000
1 2 234 0000
1 2 235 0000
1 2 236 0000
1 2 237 0000
1 2 238 0000
1 2 239 0000
1 2 240 0000
1 2 241 0000
1 2 242 0000
1 2 243 0000
1 2 244 0000
1 2 245 0000
1 2 246 0000
1 2 247 0000
1 2 248 0000
1 2 249 0000
1 2 250 0000
1 2 251 0000
1 2 252 0000
1 2 253 0000
1 2 254 0000
1 2 255 0000
1 2 256 0000
1 2 257 0000
1 2 258 0000
1 2 259 0000
1 2 260 0000
1 2 261 0000
1 2 262 0000
1 2 263 0000
1 2 264 0000
1 2 265 0000
1 2 266 0000
1 2 267 0000
1 2 268 0000
1 2 269 0000
1 2 270 0000
1 2 271 0000
1 2 272 0000
1 2 273 0000
1 2 274 0000
1 2 275 0000
1 2 276 0000
1 2 277 0000
1 2 278 0000
1 2 279 0000
1 2 280 0000
1 2 281 0000
1 2 282 0000
1 2 283 0000
1 2 284 0000
1 2 285 0000
1 2 286 0000
1 2 287 0000
1 2 288 0000
1 2 289 0000
1 2 290 0000
1 2 291 0000
1 2 292 0000
1 2 293 0000
1 2 294 0000
1 2 295 0000
1 2 296 0000
1 2 297 0000
1 2 298 0000
1 2 299 0000
1 2 300 0000
1 2 301 0000
1 2 302 0000
1 2 303 0000
1 2 304 0000
1 2 305 0000
1 2 306 0000
1 2 307 0000
1 2 308 0000
1 2 309 0000
1 2 310 0000
1 2 311 0000
1 2 312 0000
1 2 313 0000
1 2 314 0000
1 2 315 0000
1 2 316 0000
1 2 317 0000
1 2 318 0000
1 2 319 0000
1 2 320 0000
1 2 321 0000
1 2 322 0000
1 2 323 0000
1 2 324 0000
1 2 325 0000
1 2 326 0000
1 2 327 0000
1 2 328 0000
1 2 329 0000
1 2 330 0000
1 2 331 0000
1 2 332 0000
1 2 333 0000
1 2 334 0000
1 2 335 0000
1 2 336 0000
1 2 337 0000
1 2 338 0000
1 2 339 0000
1 2 340 0000
1 2 341 0000
1 2 342 0000
1 2 343 0000
1 2 344 0000
1 2 345 0000
1 2 346 0000
1 2 347 0000
1 2 348 0000
1 2 349 0000
1 2 350 0000
1 2 351 0000
1 2 352 0000
1 2 353 0000
1 2 354 0000
1 2 355 0000
1 2 356 0000
1 2 357 0000
1 2 358 0000
1 2 359 0000
1 2 360 0000
1 2 361 0000
1 2 362 0000
1 2 363 0000
1 2 364 0000
1 2 365 0000
1 2 366 0000
1 2 367 0000
1 2 368 0000
1 2 369 0000
1 2 370 0000
1 2 371 0000
1 2 372 0000
1 2 373 0000
1 2 374 0000
1 2 375 0000
1 2 376 0000
1 2 377 0000
1 2 378 0000
1 2 379 0000
1 2 380 0000
1 2 381 0000
1 2 382 0000
1 2 383 0000
1 2 384 0000
1 2 385 0000
1 2 386 0000
1 2 387 0000
1 2 388 0000
1 2 389 0000
1 2 390 0000
1 2 391 0000
1 2 392 0000
1 2 393 0000
1 2 394 0000
1 2 395 0000
1 2 396 0000
1 2 397 0000
1 2 398 0000
1 2 399 0000
1 2 400 0000
1 2 401 0000
1 2 402 0000
1 2 403 0000
1 2 404 0000
1 2 405 0000
1 2 406 0000
1 2 407 0000
1 2 408 0000
1 2 409 0000
1 2 410 0000
1 2 411 0000
1 2 412 0000
1 2 413 0000
1 2 414 0000
1 2 415 0000
1 2 416 0000
1 2 417 0000
1 2 418 0000
1 2 419 0000
1 2 420 0000
1 2 421 0000
1 2 422 0000
1 2 423 0000
1 2 424 0000
1 2 425 0000
1 2 426 0000
1 2 427 0000
1 2 428 0000
1 2 429 0000
1 2 430 0000
1 2 431 0000
1 2 432 0000
1 2 433 0000
1 2 434 0000
1 2 435 0000
1 2 436 0000
1 2 437 0000
1 2 438 0000
1 2 439 0000
1 2 440 0000
1 2 441 0000
1 2 442 0000
1 2 443 0000
1 2 444 0000
1 2 445 0000
1 2 446 0000
1 2 447 0000
1 2 448 7FFF
1 2 449 0000
1 2 450 0000
1 2 451 0000
1 2 452 0000
1 2 453 0000
1 2 454 0000
1 2 455 0000
1 2 456 0000
1 2 457 0000
1 2 458 0000
1 2 459 0000
1 2 460 0000
1 2 461 0000
1 2 462 0000
1 2 463 0000
1 2 464 0000
1 2 465 0000
1 2 466 0000
1 2 467 0000
1 2 468 0000
1 2 469 0000
1 2 470 0000
1 2 471 0000
1 2 472 0000
1 2 473 0000
1 2 474 0000
1 2 475 0000
1 2 476 0000
1 2 477 0000
1 2 478 0000
1 2 479 0000
1 2 480 0000
1 2 481 0000
1 2 482 0000
1 2 483 0000
1 2 484 0000
1 2 485 0000
1 2 486 0000
1 2 487 0000
1 2 488 0000
1 2 489 0000
1 2 490 0000
1 2 491 0000
1 2 492 0000
1 2 493 0000
1 2 494 0000
1 2 495 0000
1 2 496 0000
1 2 497 0000
1 2 498 0000
1 2 499 0000
1 2 500 0000
1 2 501 0000
1 2 502 0000
1 2 503 0000
1 2 504 0000
1 2 505 0000
1 2 506 0000
1 2 507 0000
1 2 508 0000
1 2 509 0000
1 2 510 0000
1 2 511 0000
1 2 512 0000
1 2 513 0000
1 2 514 0000
1 2 515 0000
1 2 516 0000
1 2 517 0000
1 2 518 0000
1 2 519 0000
1 2 520 0000
1 2 521 0000
1 2 522 0000
1 2 523 0000
1 2 524 0000
1 2 525 0000
1 2 526 0000
1 2 527 0000
1 2 528 0000
1 2 529 0000
1 2 530 0000
1 2 531 0000
1 2 532 0000
1 2 533 0000
1 2 534 0000
1 2 535 0000
1 2 536 0000
1 2 537 0000
1 2 538 0000
1 2 539 0000
1 2 540 0000
1 2 541 0000
1 2 542 0000
1 2 543 0000
1 2 544 0000
1 2 545 0000
1 2 546 0000
1 2 547 0000
1 2 548 0000
1 2 549 0000
1 2 550 0000
1 2 551 0000
1 2 552 0000
1 2 553 0000
1 2 554 0000
1 2 555 0000
1 2 556 0000
1 2 557 0000
1 2 558 0000
1 2 559 0000
1 2 560 0000
1 2 561 0000
1 2 562 0000
1 2 563 0000
1 2 564 0000
1 2 565 0000
1 2 566 0000
1 2 567 0000
1 2 568 0000
1 2 569 0000
1 2 570 0000
1 2 571 0000
1 2 572 0000
1 2 573 0000
1 2 574 0000
1 2 575 0000
1 2 576 0000
1 2 577 0000
1 2 578 0000
1 2 579 0000
1 2 580 0000
1 2 581 0000
1 2 582 0000
1 2 583 0000
1 2 584 0000
1 2 585 0000
1 2 586 0000
1 2 587 0000
1 2 588 0000
1 2 589 0000
1 2 590 0000
1 2 591 0000
1 2 592 0000
1 2 593 0000
1 2 594 0000
1 2 595 0000
1 2 596 0000
1 2 597 0000
1 2 598 0000
1 2 599 0000
1 2 600 0000
1 2 601 0000
1 2 602 0000
1 2 603 0000
1 2 604 0000
1 2 605 0000
1 2 606 0000
1 2 607 0000
1 2 608 0000
1 2 609 0000
1 2 610 0000
1 2 611 0000
1 2 612 0000
1 2 613 0000
1 2 614 0000
1 2 615 0000
1 2 616 0000
1 2 617 0000
1 2 618 0000
1 2 619 0000
1 2 620 0000
1 2 621 0000
1 2 622 0000
1 2 623 0000
1 2 624 0000
1 2 625 0000
1 2 626 0000
1 2 627 0000
1 2 628 0000
1 2 629 0000
1 2 630 0000
1 2 631 0000
1 2 632 0000
1 2 633 0000
1 2 634 0000
1 2 635 0000
1 2 636 0000
1 2 637 0000
1 2 638 0000
1 2 639 0000
1 2 640 0000
1 2 641 0000
1 2 642 0000
1 2 643 0000
1 2 644 0000
1 2 645 0000
1 2 646 0000
1 2 647 0000
1 2 648 0000
1 2 649 0000
1 2 650 0000
1 2 651 0000
1 2 652 0000
1 2 653 0000
1 2 654 0000
1 2 655 0000
1 2 656 0000
1 2 657 0000
1 2 658 0000
1 2 659 0000
1 2 660 0000
1 2 661 0000
1 2 662 0000
1 2 663 0000
1 2 664 0000
1 2 665 0000
1 2 666 0000
1 2 667 0000
1 2 668 0000
1 2 669 0000
1 2 670 0000
1 2 671 0000
1 2 672 0000
1 2 673 0000
1 2 674 0000
1 2 675 0000
1 2 676 0000
1 2 677 0000
1 2 678 0000
1 2 679 0000
1 2 680 0000
1 2 681 0000
1 2 682 0000
1 2 683 0000
1 2 684 0000
1 2 685 0000
1 2 686 0000
1 2 687 0000
1 2 688 0000
1 2 689 0000
1 2 690 0000
1 2 691 0000
1 2 692 0000
1 2 693 0000
1 2 694 0000
1 2 695 0000
1 2 696 0000
1 2 697 0000
1 2 698 0000
1 2 699 0000
1 2 700 0000
1 2 701 0000
1 2 702 0000
1 2 703 0000
1 2 704 0000
1 2 705 0000
1 2 706 0000
1 2 707 0000
1 2 708 0000
1 2 709 0000
1 2 710 0000
1 2 711 0000
1 2 712 0000
1 2 713 0000
1 2 714 0000
1 2 715 0000
1 2 716 0000
1 2 717 0000
1 2 718 0000
1 2 719 0000
1 2 720 0000
1 2 721 0000
1 2 722 0000
1 2 723 0000
1 2 724 0000
1 2 725 0000
1 2 726 0000
1 2 727 0000
1 2 728 0000
1 2 729 0000
1 2 730 0000
1 2 731 0000
1 2 732 0000
1 2 733 0000
1 2 734 0000
1 2 735 0000
1 2 736 0000
1 2 737 0000
1 2 738 0000
1 2 739 0000
1 2 740 0000
1 2 741 0000
1 2 742 0000
1 2 743 0000
1 2 744 0000
1 2 745 0000
1 2 746 0000
1 2 747 0000
1 2 748 0000
1 2 749 0000
1 2 750 0000
1 2 751 0000
1 2 752 0000
1 2 753 0000
1 2 754 0000
1 2 755 0000
1 2 756 0000
1 2 757 0000
1 2 758 0000
1 2 759 0000
1 2 760 0000
1 2 761 0000
1 2 762 0000
1 2 763 0000
1 2 764 0000
1 2 765 0000
1 2 766 0000
1 2 767 0000
1 2 768 0000
1 2 769 0000
1 2 770 0000
1 2 771 0000
1 2 772 0000
1 2 773 0000
1 2 774 0000
1 2 775 0000
1 2 776 0000
1 2 777 0000
1 2 778 0000
1 2 779 0000
1 2 780 0000
1 2 781 0000
1 2 782 0000
1 2 783 0000
1 2 784 0000
1 2 785 0000
1 2 786 0000
1 2 787 0000
1 2 788 0000
1 2 789 0000
1 2 790 0000
1 2 791 0000
1 2 792 0000
1 2 793 0000
1 2 794 0000
1 2 795 0000
1 2 796 0000
1 2 797 0000
1 2 798 0000
1 2 799 0000
1 2 800 0000
1 2 801 0000
1 2 802 0000
1 2 803 0000
1 2 804 0000
1 2 805 0000
1 2 806 0000
1 2 807 0000
1 2 808 0000
1 2 809 0000
1 2 810 0000
1 2 811 0000
1 2 812 0000
1 2 813 0000
1 2 814 0000
1 2 815 0000
1 2 816 0000
1 2 817 0000
1 2 818 0000
1 2 819 0000
1 2 820 0000
1 2 821 0000
1 2 822 0000
1 2 823 0000
1 2 824 0000
1 2 825 0000
1 2 826 0000
1 2 827 0000
1 2 828 0000
1 2 829 0000
1 2 830 0000
1 2 831 0000
1 2 832 0000
1 2 833 0000
1 2 834 0000
1 2 835 0000
1 2 836 0000
1 2 837 0000
1 2 838 0000
1 2 839 0000
1 2 840 0000
1 2 841 0000
1 2 842 0000
1 2 843 0000
1 2 844 0000
1 2 845 0000
1 2 846 0000
1 2 847 0000
1 2 848 0000
1 2 849 0000
1 2 850 0000
1 2 851 0000
1 2 852 0000
1 2 853 0000
1 2 854 0000
1 2 855 0000
1 2 856 0000
1 2 857 0000
1 2 858 0000
1 2 859 0000
1 2 860 0000
1 2 861 0000
1 2 862 0000
1 2 863 0000
1 2 864 0000
1 2 865 0000
1 2 866 0000
1 2 867 0000
1 2 868 0000
1 2 869 0000
1 2 870 0000
1 2 871 0000
1 2 872 0000
1 2 873 0000
1 2 874 0000
1 2 875 0000
1 2 876 0000
1 2 877 0000
1 2 878 0000
1 2 879 0000
1 2 880 0000
1 2 881 0000
1 2 882 0000
1 2 883 0000
1 2 884 0000
1 2 885 0000
1 2 886 0000
1 2 887 0000
1 2 888 0000
1 2 889 0000
1 2 890 0000
1 2 891 0000
1 2 892 0000
1 2 893 0000
1 2 894 0000
1 2 895 0000
1 2 896 0000
1 2 897 0000
1 2 898 0000
1 2 899 0000
1 2 900 0000
1 2 901 0000
1 2 902 0000
1 2 903 0000
1 2 904 0000
1 2 905 0000
1 2 906 0000
1 2 907 0000
1 2 908 0000
1 2 909 0000
1 2 910 0000
1 2 911 0000
1 2 912 0000
1 2 913 0000
1 2 914 0000
1 2 915 0000
1 2 916 0000
1 2 917 0000
1 2 918 0000
1 2 919 0000
1 2 920 0000
1 2 921 0000
1 2 922 0000
1 2 923 0000
1 2 924 0000
1 2 925 0000
1 2 926 0000
1 2 927 0000
1 2 928 0000
1 2 929 0000
1 2 930 0000
1 2 931 0000
1 2 932 0000
1 2 933 0000
1 2 934 0000
1 2 935 0000
1 2 936 0000
1 2 937 0000
1 2 938 0000
1 2 939 0000
1 2 940 0000
1 2 941 0000
1 2 942 0000
1 2 943 0000
1 2 944 0000
1 2 945 0000
1 2 946 0000
1 2 947 0000
1 2 948 0000
1 2 949 0000
1 2 950 0000
1 2 951 0000
1 2 952 0000
1 2 953 0000
1 2 954 0000
1 2 955 0000
1 2 956 0000
1 2 957 0000
1 2 958 0000
1 2 959 0000
1 2 960 0000
1 2 961 0000
1 2 962 0000
1 2 963 0000
1 2 964 0000
1 2 965 0000
1 2 966 0000
1 2 967 0000
1 2 968 0000
1 2 969 0000
1 2 970 0000
1 2 971 0000
1 2 972 0000
1 2 973 0000
1 2 974 0000
1 2 975 0000
1 2 976 0000
1 2 977 0000
1 2 978 0000
1 2 979 0000
1 2 980 0000
1 2 981 0000
1 2 982 0000
1 2 983 0000
1 2 984 0000
1 2 985 0000
1 2 986 0000
1 2 987 0000
1 2 988 0000
1 2 989 0000
1 2 990 0000
1 2 991 0000
1 2 992 0000
1 2 993 0000
1 2 994 0000
1 2 995 0000
1 2 996 0000
1 2 997 0000
1 2 998 0000
1 2 999 0000
1 2 1000 0000
1 2 1001 0000
1 2 1002 0000
1 2 1003 0000
1 2 1004 0000
1 2 1005 0000
1 2 1006 0000
1 2 1007 0000
1 2 1008 0000
1 2 1009 0000
1 2 1010 0000
1 2 1011 0000
1 2 1012 0000
1 2 1013 0000
1 2 1014 0000
1 2 1015 0000
1 2 1016 0000
1 2 1017 0000
1 2 1018 0000
1 2 1019 0000
1 2 1020 0000
1 2 1021 0000
1 2 1022 0000
1 2 1023 0000
1 2 1024 0000
1 2 1025 0000
1 2 1026 0000
1 2 1027 0000
1 2 1028 0000
1 2 1029 0000
1 2 1030 0000
1 2 1031 0000
1 2 1032 0000
1 2 1033 0000
1 2 1034 0000
1 2 1035 0000
1 2 1036 0000
1 2 1037 0000
1 2 1038 0000
1 2 1039 0000
1 2 1040 0000
1 2 1041 0000
1 2 1042 0000
1 2 1043 0000
1 2 1044 0000
1 2 1045 0000
1 2 1046 0000
1 2 1047 0000
1 2 1048 0000
1 2 1049 0000
1 2 1050 0000
1 2 1051 0000
1 2 1052 0000
1 2 1053 0000
1 2 1054 0000
1 2 1055 0000
1 2 1056 0000
1 2 1057 0000
1 2 1058 0000
1 2 1059 0000
1 2 1060 0000
1 2 1061 0000
1 2 1062 0000
1 2 1063 0000
1 2 1064 0000
1 2 1065 0000
1 2 1066 0000
1 2 1067 0000
1 2 1068 0000
1 2 1069 0000
1 2 1070 0000
1 2 1071 0000
1 2 1072 0000
1 2 1073 0000
1 2 1074 0000
1 2 1075 0000
1 2 1076 0000
1 2 1077 0000
1 2 1078 0000
1 2 1079 0000
1 2 1080 0000
1 2 1081 0000
1 2 1082 0000
1 2 1083 0000
1 2 1084 0000
1 2 1085 0000
1 2 1086 0000
1 2 1087 0000
1 2 1088 0000
1 2 1089 0000
1 2 1090 0000
1 2 1091 0000
1 2 1092 0000
1 2 1093 0000
1 2 1094 0000
1 2 1095 0000
1 2 1096 0000
1 2 1097 0000
1 2 1098 0000
1 2 1099 0000
1 2 1100 0000
1 2 1101 0000
1 2 1102 0000
1 2 1103 0000
1 2 1104 0000
1 2 1105 0000
1 2 1106 0000
1 2 1107 0000
1 2 1108 0000
1 2 1109 0000
1 2 1110 0000
1 2 1111 0000
1 2 1112 0000
1 2 1113 0000
1 2 1114 0000
1 2 1115 0000
1 2 1116 0000
1 2 1117 0000
1 2 1118 0000
1 2 1119 0000
1 2 1120 0000
1 2 1121 0000
1 2 1122 0000
1 2 1123 0000
1 2 1124 0000
1 2 1125 0000
1 2 1126 0000
1 2 1127 0000
1 2 1128 0000
1 2 1129 0000
1 2 1130 0000
1 2 1131 0000
1 2 1132 0000
1 2 1133 0000
1 2 1134 0000
1 2 1135 0000
1 2 1136 0000
1 2 1137 0000
1 2 1138 0000
1 2 1139 0000
1 2 1140 0000
1 2 1141 0000
1 2 1142 0000
1 2 1143 0000
1 2 1144 0000
1 2 1145 0000
1 2 1146 0000
1 2 1147 0000
1 2 1148 0000
1 2 1149 0000
1 2 1150 0000
1 2 1151 0000
1 2 1152 0000
1 2 1153 0000
1 2 1154 0000
1 2 1155 0000
1 2 1156 0000
1 2 1157 0000
1 2 1158 0000
1 2 1159 0000
1 2 1160 0000
1 2 1161 0000
1 2 1162 0000
1 2 1163 0000
1 2 1164 0000
1 2 1165 0000
1 2 1166 0000
1 2 1167 0000
1 2 1168 0000
1 2 1169 0000
1 2 1170 0000
1 2 1171 0000
1 2 1172 0000
1 2 1173 0000
1 2 1174 0000
1 2 1175 0000
1 2 1176 0000
1 2 1177 0000
1 2 1178 0000
1 2 1179 0000
1 2 1180 0000
1 2 1181 0000
1 2 1182 0000
1 2 1183 0000
1 2 1184 0000
1 2 1185 0000
1 2 1186 0000
1 2 1187 0000
1 2 1188 0000
1 2 1189 0000
1 2 1190 0000
1 2 1191 0000
1 2 1192 0000
1 2 1193 0000
1 2 1194 0000
1 2 1195 0000
1 2 1196 0000
1 2 1197 0000
1 2 1198 0000
1 2 1199 0000
1 2 1200 0000
1 2 1201 0000
1 2 1202 0000
1 2 1203 0000
1 2 1204 0000
1 2 1205 0000
1 2 1206 0000
1 2 1207 0000
1 2 1208 0000
1 2 1209 0000
1 2 1210 0000
1 2 1211 0000
1 2 1212 0000
1 2 1213 0000
1 2 1214 0000
1 2 1215 0000
1 2 1216 0000
1 2 1217 0000
1 2 1218 0000
1 2 1219 0000
1 2 1220 0000
1 2 1221 0000
1 2 1222 0000
1 2 1223 0000
1 2 1224 0000
1 2 1225 0000
1 2 1226 0000
1 2 1227 0000
1 2 1228 0000
1 2 1229 0000
1 2 1230 0000
1 2 1231 0000
1 2 1232 0000
1 2 1233 0000
1 2 1234 0000
1 2 1235 0000
1 2 1236 0000
1 2 1237 0000
1 2 1238 0000
1 2 1239 0000
1 2 1240 0000
1 2 1241 0000
1 2 1242 0000
1 2 1243 0000
1 2 1244 0000
1 2 1245 0000
1 2 1246 0000
1 2 1247 0000
1 2 1248 0000
1 2 1249 0000
1 2 1250 0000
1 2 1251 0000
1 2 1252 0000
1 2 1253 0000
1 2 1254 0000
1 2 1255 0000
1 2 1256 0000
1 2 1257 0000
1 2 1258 0000
1 2 1259 0000
1 2 1260 0000
1 2 1261 0000
1 2 1262 0000
1 2 1263 0000
1 2 1264 0000
1 2 1265 0000
1 2 1266 0000
1 2 1267 0000
1 2 1268 0000
1 2 1269 0000
1 2 1270 0000
1 2 1271 0000
1 2 1272 0000
1 2 1273 0000
1 2 1274 0000
1 2 1275 0000
1 2 1276 0000
1 2 1277 0000
1 2 1278 0000
1 2 1279 0000
1 2 1280 0000
1 2 1281 0000
1 2 1282 0000
1 2 1283 0000
1 2 1284 0000
1 2 1285 0000
1 2 1286 0000
1 2 1287 0000
1 2 1288 0000
1 2 1289 0000
1 2 1290 0000
1 2 1291 0000
1 2 1292 0000
1 2 1293 0000
1 2 1294 0000
1 2 1295 0000
1 2 1296 0000
1 2 1297 0000
1 2 1298 0000
1 2 1299 0000
1 2 1300 0000
1 2 1301 0000
1 2 1302 0000
1 2 1303 0000
1 2 1304 0000
1 2 1305 0000
1 2 1306 0000
1 2 1307 0000
1 2 1308 0000
1 2 1309 0000
1 2 1310 0000
1 2 1311 0000
1 2 1312 0000
1 2 1313 0000
1 2 1314 0000
1 2 1315 0000
1 2 1316 0000
1 2 1317 0000
1 2 1318 0000
1 2 1319 0000
1 2 1320 0000
1 2 1321 0000
1 2 1322 0000
1 2 1323 0000
1 2 1324 0000
1 2 1325 0000
1 2 1326 0000
1 2 1327 0000
1 2 1328 0000
1 2 1329 0000
1 2 1330 0000
1 2 1331 0000
1 2 1332 0000
1 2 1333 0000
1 2 1334 0000
1 2 1335 0000
1 2 1336 0000
1 2 1337 0000
1 2 1338 0000
1 2 1339 0000
1 2 1340 0000
1 2 1341 0000
1 2 1342 0000
1 2 1343 0000
1 2 1344 0000
1 2 1345 0000
1 2 1346 0000
1 2 1347 0000
1 2 1348 0000
1 2 1349 0000
1 2 1350 0000
1 2 1351 0000
1 2 1352 0000
1 2 1353 0000
1 2 1354 0000
1 2 1355 0000
1 2 1356 0000
1 2 1357 0000
1 2 1358 0000
1 2 1359 0000
1 2 1360 0000
1 2 1361 0000
1 2 1362 0000
1 2 1363 0000
1 2 1364 0000
1 2 1365 0000
1 2 1366 0000
1 2 1367 0000
1 2 1368 0000
1 2 1369 0000
1 2 1370 0000
1 2 1371 0000
1 2 1372 0000
1 2 1373 0000
1 2 1374 0000
1 2 1375 0000
1 2 1376 0000
1 2 1377 0000
1 2 1378 0000
1 2 1379 0000
1 2 1380 0000
1 2 1381 0000
1 2 1382 0000
1 2 1383 0000
1 2 1384 0000
1 2 1385 0000
1 2 1386 0000
1 2 1387 0000
1 2 1388 0000
1 2 1389 0000
1 2 1390 0000
1 2 1391 0000
1 2 1392 0000
1 2 1393 0000
1 2 1394 0000
1 2 1395 0000
1 2 1396 0000
1 2 1397 0000
1 2 1398 0000
1 2 1399 0000
1 2 1400 0000
1 2 1401 0000
1 2 1402 0000
1 2 1403 0000
1 2 1404 0000
1 2 1405 0000
1 2 1406 0000
1 2 1407 0000
1 2 1408 0000
1 2 1409 0000
1 2 1410 0000
1 2 1411 0000
1 2 1412 0000
1 2 1413 0000
1 2 1414 0000
1 2 1415 0000
1 2 1416 0000
1 2 1417 0000
1 2 1418 0000
1 2 1419 0000
1 2 1420 0000
1 2 1421 0000
1 2 1422 0000
1 2 1423 0000
1 2 1424 0000
1 2 1425 0000
1 2 1426 0000
1 2 1427 0000
1 2 1428 0000
1 2 1429 0000
1 2 1430 0000
1 2 1431 0000
1 2 1432 0000
1 2 1433 0000
1 2 1434 0000
1 2 1435 0000
1 2 1436 0000
1 2 1437 0000
1 2 1438 0000
1 2 1439 0000
1 2 1440 0000
1 2 1441 0000
1 2 1442 0000
1 2 1443 0000
1 2 1444 0000
1 2 1445 0000
1 2 1446 0000
1 2 1447 0000
1 2 1448 0000
1 2 1449 0000
1 2 1450 0000
1 2 1451 0000
1 2 1452 0000
1 2 1453 0000
1 2 1454 0000
1 2 1455 0000
1 2 1456 0000
1 2 1457 0000
1 2 1458 0000
1 2 1459 0000
1 2 1460 0000
1 2 1461 0000
1 2 1462 0000
1 2 1463 0000
1 2 1464 0000
1 2 1465 0000
1 2 1466 0000
1 2 1467 0000
1 2 1468 0000
1 2 1469 0000
1 2 1470 0000
1 2 1471 0000
1 2 1472 0000
1 2 1473 0000
1 2 1474 0000
1 2 1475 0000
1 2 1476 0000
1 2 1477 0000
1 2 1478 0000
1 2 1479 0000
1 2 1480 0000
1 2 1481 0000
1 2 1482 0000
1 2 1483 0000
1 2 1484 0000
1 2 1485 0000
1 2 1486 0000
1 2 1487 0000
1 2 1488 0000
1 2 1489 0000
1 2 1490 0000
1 2 1491 0000
1 2 1492 0000
1 2 1493 0000
1 2 1494 0000
1 2 1495 0000
1 2 1496 0000
1 2 1497 0000
1 2 1498 0000
1 2 1499 0000
1 2 1500 0000
1 2 1501 0000
1 2 1502 0000
1 2 1503 0000
1 2 1504 0000
1 2 1505 0000
1 2 1506 0000
1 2 1507 0000
1 2 1508 0000
1 2 1509 0000
1 2 1510 0000
1 2 1511 0000
1 2 1512 0000
1 2 1513 0000
1 2 1514 0000
1 2 1515 0000
1 2 1516 0000
1 2 1517 0000
1 2 1518 0000
1 2 1519 0000
1 2 1520 0000
1 2 1521 0000
1 2 1522 0000
1 2 1523 0000
1 2 1524 0000
1 2 1525 0000
1 2 1526 0000
1 2 1527 0000
1 2 1528 0000
1 2 1529 0000
1 2 1530 0000
1 2 1531 0000
1 2 1532 0000
1 2 1533 0000
1 2 1534 0000
1 2 1535 0000
1 2 1536 0000
1 2 1537 0000
1 2 1538 0000
1 2 1539 0000
1 2 1540 0000
1 2 1541 0000
1 2 1542 0000
1 2 1543 0000
1 2 1544 0000
1 2 1545 0000
1 2 1546 0000
1 2 1547 0000
1 2 1548 0000
1 2 1549 0000
1 2 1550 0000
1 2 1551 0000
1 2 1552 0000
1 2 1553 0000
1 2 1554 0000
1 2 1555 0000
1 2 1556 0000
1 2 1557 0000
1 2 1558 0000
1 2 1559 0000
1 2 1560 0000
1 2 1561 0000
1 2 1562 0000
1 2 1563 0000
1 2 1564 0000
1 2 1565 0000
1 2 1566 0000
1 2 1567 0000
1 2 1568 0000
1 2 1569 0000
1 2 1570 0000
1 2 1571 0000
1 2 1572 0000
1 2 1573 0000
1 2 1574 0000
1 2 1575 0000
1 2 1576 0000
1 2 1577 0000
1 2 1578 0000
1 2 1579 0000
1 2 1580 0000
1 2 1581 0000
1 2 1582 0000
1 2 1583 0000
1 2 1584 0000
1 2 1585 0000
1 2 1586 0000
1 2 1587 0000
1 2 1588 0000
1 2 1589 0000
1 2 1590 0000
1 2 1591 0000
1 2 1592 0000
1 2 1593 0000
1 2 1594 0000
1 2 1595 0000
1 2 1596 0000
1 2 1597 0000
1 2 1598 0000
1 2 1599 0000
1 2 1600 0000
1 2 1601 0000
1 2 1602 0000
1 2 1603 0000
1 2 1604 0000
1 2 1605 0000
1 2 1606 0000
1 2 1607 0000
1 2 1608 0000
1 2 1609 0000
1 2 1610 0000
1 2 1611 0000
1 2 1612 0000
1 2 1613 0000
1 2 1614 0000
1 2 1615 0000
1 2 1616 0000
1 2 1617 0000
1 2 1618 0000
1 2 1619 0000
1 2 1620 0000
1 2 1621 0000
1 2 1622 0000
1 2 1623 0000
1 2 1624 0000
1 2 1625 0000
1 2 1626 0000
1 2 1627 0000
1 2 1628 0000
1 2 1629 0000
1 2 1630 0000
1 2 1631 0000
1 2 1632 0000
1 2 1633 0000
1 2 1634 0000
1 2 1635 0000
1 2 1636 0000
1 2 1637 0000
1 2 1638 0000
1 2 1639 0000
1 2 1640 0000
1 2 1641 0000
1 2 1642 0000
1 2 1643 0000
1 2 1644 0000
1 2 1645 0000
1 2 1646 0000
1 2 1647 0000
1 2 1648 0000
1 2 1649 0000
1 2 1650 0000
1 2 1651 0000
1 2 1652 0000
1 2 1653 0000
1 2 1654 0000
1 2 1655 0000
1 2 1656 0000
1 2 1657 0000
1 2 1658 0000
1 2 1659 0000
1 2 1660 0000
1 2 1661 0000
1 2 1662 0000
1 2 1663 0000
1 2 1664 0000
1 2 1665 0000
1 2 1666 0000
1 2 1667 0000
1 2 1668 0000
1 2 1669 0000
1 2 1670 0000
1 2 1671 0000
1 2 1672 0000
1 2 1673 0000
1 2 1674 0000
1 2 1675 0000
1 2 1676 0000
1 2 1677 0000
1 2 1678 0000
1 2 1679 0000
1 2 1680 0000
1 2 1681 0000
1 2 1682 0000
1 2 1683 0000
1 2 1684 0000
1 2 1685 0000
1 2 1686 0000
1 2 1687 0000
1 2 1688 0000
1 2 1689 0000
1 2 1690 0000
1 2 1691 0000
1 2 1692 0000
1 2 1693 0000
1 2 1694 0000
1 2 1695 0000
1 2 1696 0000
1 2 1697 0000
1 2 1698 0000
1 2 1699 0000
1 2 1700 0000
1 2 1701 0000
1 2 1702 0000
1 2 1703 0000
1 2 1704 0000
1 2 1705 0000
1 2 1706 0000
1 2 1707 0000
1 2 1708 0000
1 2 1709 0000
1 2 1710 0000
1 2 1711 0000
1 2 1712 0000
1 2 1713 0000
1 2 1714 0000
1 2 1715 0000
1 2 1716 0000
1 2 1717 0000
1 2 1718 0000
1 2 1719 0000
1 2 1720 0000
1 2 1721 0000
1 2 1722 0000
1 2 1723 0000
1 2 1724 0000
1 2 1725 0000
1 2 1726 0000
1 2 1727 0000
1 2 1728 0000
1 2 1729 0000
1 2 1730 0000
1 2 1731 0000
1 2 1732 0000
1 2 1733 0000
1 2 1734 0000
1 2 1735 0000
1 2 1736 0000
1 2 1737 0000
1 2 1738 0000
1 2 1739 0000
1 2 1740 0000
1 2 1741 0000
1 2 1742 0000
1 2 1743 0000
1 2 1744 0000
1 2 1745 0000
1 2 1746 0000
1 2 1747 0000
1 2 1748 0000
1 2 1749 0000
1 2 1750 0000
1 2 1751 0000
1 2 1752 0000
1 2 1753 0000
1 2 1754 0000
1 2 1755 0000
1 2 1756 0000
1 2 1757 0000
1 2 1758 0000
1 2 1759 0000
1 2 1760 0000
1 2 1761 0000
1 2 1762 0000
1 2 1763 0000
1 2 1764 0000
1 2 1765 0000
1 2 1766 0000
1 2 1767 0000
1 2 1768 0000
1 2 1769 0000
1 2 1770 0000
1 2 1771 0000
1 2 1772 0000
1 2 1773 0000
1 2 1774 0000
1 2 1775 0000
1 2 1776 0000
1 2 1777 0000
1 2 1778 0000
1 2 1779 0000
1 2 1780 0000
1 2 1781 0000
1 2 1782 0000
1 2 1783 0000
1 2 1784 0000
1 2 1785 0000
1 2 1786 0000
1 2 1787 0000
1 2 1788 0000
1 2 1789 0000
1 2 1790 0000
1 2 1791 0000
1 2 1792 0000
1 2 1793 0000
1 2 1794 0000
1 2 1795 0000
1 2 1796 0000
1 2 1797 0000
1 2 1798 0000
1 2 1799 0000
1 2 1800 0000
1 2 1801 0000
1 2 1802 0000
1 2 1803 0000
1 2 1804 0000
1 2 1805 0000
1 2 1806 0000
1 2 1807 0000
1 2 1808 0000
1 2 1809 0000
1 2 1810 0000
1 2 1811 0000
1 2 1812 0000
1 2 1813 0000
1 2 1814 0000
1 2 1815 0000
1 2 1816 0000
1 2 1817 0000
1 2 1818 0000
1 2 1819 0000
1 2 1820 0000
1 2 1821 0000
1 2 1822 0000
1 2 1823 0000
1 2 1824 0000
1 2 1825 0000
1 2 1826 0000
1 2 1827 0000
1 2 1828 0000
1 2 1829 0000
1 2 1830 0000
1 2 1831 0000
1 2 1832 0000
1 2 1833 0000
1 2 1834 0000
1 2 1835 0000
1 2 1836 0000
1 2 1837 0000
1 2 1838 0000
1 2 1839 0000
1 2 1840 0000
1 2 1841 0000
1 2 1842 0000
1 2 1843 0000
1 2 1844 0000
1 2 1845 0000
1 2 1846 0000
1 2 1847 0000
1 2 1848 0000
1 2 1849 0000
1 2 1850 0000
1 2 1851 0000
1 2 1852 0000
1 2 1853 0000
1 2 1854 0000
1 2 1855 0000
1 2 1856 0000
1 2 1857 0000
1 2 1858 0000
1 2 1859 0000
1 2 1860 0000
1 2 1861 0000
1 2 1862 0000
1 2 1863 0000
1 2 1864 0000
1 2 1865 0000
1 2 1866 0000
1 2 1867 0000
1 2 1868 0000
1 2 1869 0000
1 2 1870 0000
1 2 1871 0000
1 2 1872 0000
1 2 1873 0000
1 2 1874 0000
1 2 1875 0000
1 2 1876 0000
1 2 1877 0000
1 2 1878 0000
1 2 1879 0000
1 2 1880 0000
1 2 1881 0000
1 2 1882 0000
1 2 1883 0000
1 2 1884 0000
1 2 1885 0000
1 2 1886 0000
1 2 1887 0000
1 2 1888 0000
1 2 1889 0000
1 2 1890 0000
1 2 1891 0000
1 2 1892 0000
1 2 1893 0000
1 2 1894 0000
1 2 1895 0000
1 2 1896 0000
1 2 1897 0000
1 2 1898 0000
1 2 1899 0000
1 2 1900 0000
1 2 1901 0000
1 2 1902 0000
1 2 1903 0000
1 2 1904 0000
1 2 1905 0000
1 2 1906 0000
1 2 1907 0000
1 2 1908 0000
1 2 1909 0000
1 2 1910 0000
1 2 1911 0000
1 2 1912 0000
1 2 1913 0000
1 2 1914 0000
1 2 1915 0000
1 2 1916 0000
1 2 1917 0000
1 2 1918 0000
1 2 1919 0000
1 2 1920 0000
1 2 1921 0000
1 2 1922 0000
1 2 1923 0000
1 2 1924 0000
1 2 1925 0000
1 2 1926 0000
1 2 1927 0000
1 2 1928 0000
1 2 1929 0000
1 2 1930 0000
1 2 1931 0000
1 2 1932 0000
1 2 1933 0000
1 2 1934 0000
1 2 1935 0000
1 2 1936 0000
1 2 1937 0000
1 2 1938 0000
1 2 1939 0000
1 2 1940 0000
1 2 1941 0000
1 2 1942 0000
1 2 1943 0000
1 2 1944 0000
1 2 1945 0000
1 2 1946 0000
1 2 1947 0000
1 2 1948 0000
1 2 1949 0000
1 2 1950 0000
1 2 1951 0000
1 2 1952 0000
1 2 1953 0000
1 2 1954 0000
1 2 1955 0000
1 2 1956 0000
1 2 1957 0000
1 2 1958 0000
1 2 1959 0000
1 2 1960 0000
1 2 1961 0000
1 2 1962 0000
1 2 1963 0000
1 2 1964 0000
1 2 1965 0000
1 2 1966 0000
1 2 1967 0000
1 2 1968 0000
1 2 1969 0000
1 2 1970 0000
1 2 1971 0000
1 2 1972 0000
1 2 1973 0000
1 2 1974 0000
1 2 1975 0000
1 2 1976 0000
1 2 1977 0000
1 2 1978 0000
1 2 1979 0000
1 2 1980 0000
1 2 1981 0000
1 2 1982 0000
1 2 1983 0000
1 2 1984 0000
1 2 1985 0000
1 2 1986 0000
1 2 1987 0000
1 2 1988 0000
1 2 1989 0000
1 2 1990 0000
1 2 1991 0000
1 2 1992 0000
1 2 1993 0000
1 2 1994 0000
1 2 1995 0000
1 2 1996 0000
1 2 1997 0000
1 2 1998 0000
1 2 1999 0000
1 2 2000 0000
1 2 2001 0000
1 2 2002 0000
1 2 2003 0000
1 2 2004 0000
1 2 2005 0000
1 2 2006 0000
1 2 2007 0000
1 2 2008 0000
1 2 2009 0000
1 2 2010 0000
1 2 2011 0000
1 2 2012 0000
1 2 2013 0000
1 2 2014 0000
1 2 2015 0000
1 2 2016 0000
1 2 2017 0000
1 2 2018 0000
1 2 2019 0000
1 2 2020 0000
1 2 2021 0000
1 2 2022 0000
1 2 2023 0000
1 2 2024 0000
1 2 2025 0000
1 2 2026 0000
1 2 2027 0000
1 2 2028 0000
1 2 2029 0000
1 2 2030 0000
1 2 2031 0000
1 2 2032 0000
1 2 2033 0000
1 2 2034 0000
1 2 2035 0000
1 2 2036 0000
1 2 2037 0000
1 2 2038 0000
1 2 2039 0000
1 2 2040 0000
1 2 2041 0000
1 2 2042 0000
1 2 2043 0000
1 2 2044 0000
1 2 2045 0000
1 2 2046 0000
1 2 2047 0000
1 3 0 0000
1 3 1 0000
1 3 2 0000
1 3 3 0000
1 3 4 0000
1 3 5 0000
1 3 6 0000
1 3 7 0000
1 3 8 0000
1 3 9 0000
1 3 10 0000
1 3 11 0000
1 3 12 0000
1 3 13 0000
1 3 14 0000
1 3 15 0000
1 3 16 0000
1 3 17 0000
1 3 18 0000
1 3 19 0000
1 3 20 0000
1 3 21 0000
1 3 22 0000
1 3 23 0000
1 3 24 0000
1 3 25 0000
1 3 26 0000
1 3 27 0000
1 3 28 0000
1 3 29 0000
1 3 30 0000
1 3 31 0000
1 3 32 0000
1 3 33 0000
1 3 34 0000
1 3 35 0000
1 3 36 0000
1 3 37 0000
1 3 38 0000
1 3 39 0000
1 3 40 0000
1 3 41 0000
1 3 42 0000
1 3 43 0000
1 3 44 0000
1 3 45 0000
1 3 46 0000
1 3 47 0000
1 3 48 0000
1 3 49 0000
1 3 50 0000
1 3 51 0000
1 3 52 0000
1 3 53 0000
1 3 54 0000
1 3 55 0000
1 3 56 0000
1 3 57 0000
1 3 58 0000
1 3 59 0000
1 3 60 0000
1 3 61 0000
1 3 62 0000
1 3 63 0000
1 3 64 0000
1 3 65 0000
1 3 66 0000
1 3 67 0000
1 3 68 0000
1 3 69 0000
1 3 70 0000
1 3 71 0000
1 3 72 0000
1 3 73 0000
1 3 74 0000
1 3 75 0000
1 3 76 0000
1 3 77 0000
1 3 78 0000
1 3 79 0000
1 3 80 0000
1 3 81 0000
1 3 82 0000
1 3 83 0000
1 3 84 0000
1 3 85 0000
1 3 86 0000
1 3 87 0000
1 3 88 0000
1 3 89 0000
1 3 90 0000
1 3 91 0000
1 3 92 0000
1 3 93 0000
1 3 94 0000
1 3 95 0000
1 3 96 0000
1 3 97 0000
1 3 98 0000
1 3 99 0000
1 3 100 0000
1 3 101 0000
1 3 102 0000
1 3 103 0000
1 3 104 0000
1 3 105 0000
1 3 106 0000
1 3 107 0000
1 3 108 0000
1 3 109 0000
1 3 110 0000
1 3 111 0000
1 3 112 0000
1 3 113 0000
1 3 114 0000
1 3 115 0000
1 3 116 0000
1 3 117 0000
1 3 118 0000
1 3 119 0000
1 3 120 0000
1 3 121 0000
1 3 122 0000
1 3 123 0000
1 3 124 0000
1 3 125 0000
1 3 126 0000
1 3 127 0000
1 3 128 0000
1 3 129 0000
1 3 130 0000
1 3 131 0000
1 3 132 0000
1 3 133 0000
1 3 134 0000
1 3 135 0000
1 3 136 0000
1 3 137 0000
1 3 138 0000
1 3 139 0000
1 3 140 0000
1 3 141 0000
1 3 142 0000
1 3 143 0000
1 3 144 0000
1 3 145 0000
1 3 146 0000
1 3 147 0000
1 3 148 0000
1 3 149 0000
1 3 150 0000
1 3 151 0000
1 3 152 0000
1 3 153 0000
1 3 154 0000
1 3 155 0000
1 3 156 0000
1 3 157 0000
1 3 158 0000
1 3 159 0000
1 3 160 0000
1 3 161 0000
1 3 162 0000
1 3 163 0000
1 3 164 0000
1 3 165 0000
1 3 166 0000
1 3 167 0000
1 3 168 0000
1 3 169 0000
1 3 170 0000
1 3 171 0000
1 3 172 0000
1 3 173 0000
1 3 174 0000
1 3 175 0000
1 3 176 0000
1 3 177 0000
1 3 178 0000
1 3 179 0000
1 3 180 0000
1 3 181 0000
1 3 182 0000
1 3 183 0000
1 3 184 0000
1 3 185 0000
1 3 186 0000
1 3 187 0000
1 3 188 0000
1 3 189 0000
1 3 190 0000
1 3 191 0000
1 3 192 0000
1 3 193 0000
1 3 194 0000
1 3 195 0000
1 3 196 0000
1 3 197 0000
1 3 198 0000
1 3 199 0000
1 3 200 0000
1 3 201 0000
1 3 202 0000
1 3 203 0000
1 3 204 0000
1 3 205 0000
1 3 206 0000
1 3 207 0000
1 3 208 0000
1 3 209 0000
1 3 210 0000
1 3 211 0000
1 3 212 0000
1 3 213 0000
1 3 214 0000
1 3 215 0000
1 3 216 0000
1 3 217 0000
1 3 218 0000
1 3 219 0000
1 3 220 0000
1 3 221 0000
1 3 222 0000
1 3 223 0000
1 3 224 0000
1 3 225 0000
1 3 226 0000
1 3 227 0000
1 3 228 0000
1 3 229 0000
1 3 230 0000
1 3 231 0000
1 3 232 0000
1 3 233 0000
1 3 234 0000
1 3 235 0000
1 3 236 0000
1 3 237 0000
1 3 238 0000
1 3 239 0000
1 3 240 0000
1 3 241 0000
1 3 242 0000
1 3 243 0000
1 3 244 0000
1 3 245 0000
1 3 246 0000
1 3 247 0000
1 3 248 0000
1 3 249 0000
1 3 250 0000
1 3 251 0000
1 3 252 0000
1 3 253 0000
1 3 254 0000
1 3 255 0000
1 3 256 0000
1 3 257 0000
1 3 258 0000
1 3 259 0000
1 3 260 0000
1 3 261 0000
1 3 262 0000
1 3 263 0000
1 3 264 0000
1 3 265 0000
1 3 266 0000
1 3 267 0000
1 3 268 0000
1 3 269 0000
1 3 270 0000
1 3 271 0000
1 3 272 0000
1 3 273 0000
1 3 274 0000
1 3 275 0000
1 3 276 0000
1 3 277 0000
1 3 278 0000
1 3 279 0000
1 3 280 0000
1 3 281 0000
1 3 282 0000
1 3 283 0000
1 3 284 0000
1 3 285 0000
1 3 286 0000
1 3 287 0000
1 3 288 0000
1 3 289 0000
1 3 290 0000
1 3 291 0000
1 3 292 0000
1 3 293 0000
1 3 294 0000
1 3 295 0000
1 3 296 0000
1 3 297 0000
1 3 298 0000
1 3 299 0000
1 3 300 0000
1 3 301 0000
1 3 302 0000
1 3 303 0000
1 3 304 0000
1 3 305 0000
1 3 306 0000
1 3 307 0000
1 3 308 0000
1 3 309 0000
1 3 310 0000
1 3 311 0000
1 3 312 0000
1 3 313 0000
1 3 314 0000
1 3 315 0000
1 3 316 0000
1 3 317 0000
1 3 318 0000
1 3 319 0000
1 3 320 0000
1 3 321 0000
1 3 322 0000
1 3 323 0000
1 3 324 0000
1 3 325 0000
1 3 326 0000
1 3 327 0000
1 3 328 0000
1 3 329 0000
1 3 330 0000
1 3 331 0000
1 3 332 0000
1 3 333 0000
1 3 334 0000
1 3 335 0000
1 3 336 0000
1 3 337 0000
1 3 338 0000
1 3 339 0000
1 3 340 0000
1 3 341 0000
1 3 342 0000
1 3 343 0000
1 3 344 0000
1 3 345 0000
1 3 346 0000
1 3 347 0000
1 3 348 0000
1 3 349 0000
1 3 350 0000
1 3 351 0000
1 3 352 0000
1 3 353 0000
1 3 354 0000
1 3 355 0000
1 3 356 0000
1 3 357 0000
1 3 358 0000
1 3 359 0000
1 3 360 0000
1 3 361 0000
1 3 362 0000
1 3 363 0000
1 3 364 0000
1 3 365 0000
1 3 366 0000
1 3 367 0000
1 3 368 0000
1 3 369 0000
1 3 370 0000
1 3 371 0000
1 3 372 0000
1 3 373 0000
1 3 374 0000
1 3 375 0000
1 3 376 0000
1 3 377 0000
1 3 378 0000
1 3 379 0000
1 3 380 0000
1 3 381 0000
1 3 382 0000
1 3 383 0000
1 3 384 0000
1 3 385 0000
1 3 386 0000
1 3 387 0000
1 3 388 0000
1 3 389 0000
1 3 390 0000
1 3 391 0000
1 3 392 0000
1 3 393 0000
1 3 394 0000
1 3 395 0000
1 3 396 0000
1 3 397 0000
1 3 398 0000
1 3 399 0000
1 3 400 0000
1 3 401 0000
1 3 402 0000
1 3 403 0000
1 3 404 0000
1 3 405 0000
1 3 406 0000
1 3 407 0000
1 3 408 0000
1 3 409 0000
1 3 410 0000
1 3 411 0000
1 3 412 0000
1 3 413 0000
1 3 414 0000
1 3 415 0000
1 3 416 0000
1 3 417 0000
1 3 418 0000
1 3 419 0000
1 3 420 0000
1 3 421 0000
1 3 422 0000
1 3 423 0000
1 3 424 0000
1 3 425 0000
1 3 426 0000
1 3 427 0000
1 3 428 0000
1 3 429 0000
1 3 430 0000
1 3 431 0000
1 3 432 0000
1 3 433 0000
1 3 434 0000
1 3 435 0000
1 3 436 0000
1 3 437 0000
1 3 438 0000
1 3 439 0000
1 3 440 0000
1 3 441 0000
1 3 442 0000
1 3 443 0000
1 3 444 0000
1 3 445 0000
1 3 446 0000
1 3 447 0000
1 3 448 0000
1 3 449 0000
1 3 450 0000
1 3 451 0000
1 3 452 0000
1 3 453 0000
1 3 454 0000
1 3 455 0000
1 3 456 0000
1 3 457 0000
1 3 458 0000
1 3 459 0000
1 3 460 0000
1 3 461 0000
1 3 462 0000
1 3 463 0000
1 3 464 0000
1 3 465 0000
1 3 466 0000
1 3 467 0000
1 3 468 0000
1 3 469 0000
1 3 470 0000
1 3 471 0000
1 3 472 0000
1 3 473 0000
1 3 474 0000
1 3 475 0000
1 3 476 0000
1 3 477 0000
1 3 478 0000
1 3 479 0000
1 3 480 0000
1 3 481 0000
1 3 482 0000
1 3 483 0000
1 3 484 0000
1 3 485 0000
1 3 486 0000
1 3 487 0000
1 3 488 0000
1 3 489 0000
1 3 490 0000
1 3 491 0000
1 3 492 0000
1 3 493 0000
1 3 494 0000
1 3 495 0000
1 3 496 0000
1 3 497 0000
1 3 498 0000
1 3 499 0000
1 3 500 0000
1 3 501 0000
1 3 502 0000
1 3 503 0000
1 3 504 0000
1 3 505 0000
1 3 506 0000
1 3 507 0000
1 3 508 0000
1 3 509 0000
1 3 510 0000
1 3 511 0000
1 3 512 0000
1 3 513 0000
1 3 514 0000
1 3 515 0000
1 3 516 0000
1 3 517 0000
1 3 518 0000
1 3 519 0000
1 3 520 0000
1 3 521 0000
1 3 522 0000
1 3 523 0000
1 3 524 0000
1 3 525 0000
1 3 526 0000
1 3 527 0000
1 3 528 0000
1 3 529 0000
1 3 530 0000
1 3 531 0000
1 3 532 0000
1 3 533 0000
1 3 534 0000
1 3 535 0000
1 3 536 0000
1 3 537 0000
1 3 538 0000
1 3 539 0000
1 3 540 0000
1 3 541 0000
1 3 542 0000
1 3 543 0000
1 3 544 0000
1 3 545 0000
1 3 546 0000
1 3 547 0000
1 3 548 0000
1 3 549 0000
1 3 550 0000
1 3 551 0000
1 3 552 0000
1 3 553 0000
1 3 554 0000
1 3 555 0000
1 3 556 0000
1 3 557 0000
1 3 558 0000
1 3 559 0000
1 3 560 0000
1 3 561 0000
1 3 562 0000
1 3 563 0000
1 3 564 0000
1 3 565 0000
1 3 566 0000
1 3 567 0000
1 3 568 0000
1 3 569 0000
1 3 570 0000
1 3 571 0000
1 3 572 0000
1 3 573 0000
1 3 574 0000
1 3 575 0000
1 3 576 0000
1 3 577 0000
1 3 578 0000
1 3 579 0000
1 3 580 0000
1 3 581 0000
1 3 582 0000
1 3 583 0000
1 3 584 0000
1 3 585 0000
1 3 586 0000
1 3 587 0000
1 3 588 0000
1 3 589 0000
1 3 590 0000
1 3 591 0000
1 3 592 0000
1 3 593 0000
1 3 594 0000
1 3 595 0000
1 3 596 0000
1 3 597 0000
1 3 598 0000
1 3 599 0000
1 3 600 0000
1 3 601 0000
1 3 602 0000
1 3 603 0000
1 3 604 0000
1 3 605 0000
1 3 606 0000
1 3 607 0000
1 3 608 0000
1 3 609 0000
1 3 610 0000
1 3 611 0000
1 3 612 0000
1 3 613 0000
1 3 614 0000
1 3 615 0000
1 3 616 0000
1 3 617 0000
1 3 618 0000
1 3 619 0000
1 3 620 0000
1 3 621 0000
1 3 622 0000
1 3 623 0000
1 3 624 0000
1 3 625 0000
1 3 626 0000
1 3 627 0000
1 3 628 0000
1 3 629 0000
1 3 630 0000
1 3 631 0000
1 3 632 0000
1 3 633 0000
1 3 634 0000
1 3 635 0000
1 3 636 0000
1 3 637 0000
1 3 638 0000
1 3 639 0000
1 3 640 0000
1 3 641 0000
1 3 642 0000
1 3 643 0000
1 3 644 0000
1 3 645 0000
1 3 646 0000
1 3 647 0000
1 3 648 0000
1 3 649 0000
1 3 650 0000
1 3 651 0000
1 3 652 0000
1 3 653 0000
1 3 654 0000
1 3 655 0000
1 3 656 0000
1 3 657 0000
1 3 658 0000
1 3 659 0000
1 3 660 0000
1 3 661 0000
1 3 662 0000
1 3 663 0000
1 3 664 0000
1 3 665 0000
1 3 666 0000
1 3 667 0000
1 3 668 0000
1 3 669 0000
1 3 670 0000
1 3 671 0000
1 3 672 0000
1 3 673 0000
1 3 674 0000
1 3 675 0000
1 3 676 0000
1 3 677 0000
1 3 678 0000
1 3 679 0000
1 3 680 0000
1 3 681 0000
1 3 682 0000
1 3 683 0000
1 3 684 0000
1 3 685 0000
1 3 686 0000
1 3 687 0000
1 3 688 0000
1 3 689 0000
1 3 690 0000
1 3 691 0000
1 3 692 0000
1 3 693 0000
1 3 694 0000
1 3 695 0000
1 3 696 0000
1 3 697 0000
1 3 698 0000
1 3 699 0000
1 3 700 0000
1 3 701 0000
1 3 702 0000
1 3 703 0000
1 3 704 0000
1 3 705 0000
1 3 706 0000
1 3 707 0000
1 3 708 0000
1 3 709 0000
1 3 710 0000
1 3 711 0000
1 3 712 0000
1 3 713 0000
1 3 714 0000
1 3 715 0000
1 3 716 0000
1 3 717 0000
1 3 718 0000
1 3 719 0000
1 3 720 0000
1 3 721 0000
1 3 722 0000
1 3 723 0000
1 3 724 0000
1 3 725 0000
1 3 726 0000
1 3 727 0000
1 3 728 0000
1 3 729 0000
1 3 730 0000
1 3 731 0000
1 3 732 0000
1 3 733 0000
1 3 734 0000
1 3 735 0000
1 3 736 0000
1 3 737 0000
1 3 738 0000
1 3 739 0000
1 3 740 0000
1 3 741 0000
1 3 742 0000
1 3 743 0000
1 3 744 0000
1 3 745 0000
1 3 746 0000
1 3 747 0000
1 3 748 0000
1 3 749 0000
1 3 750 0000
1 3 751 0000
1 3 752 0000
1 3 753 0000
1 3 754 0000
1 3 755 0000
1 3 756 0000
1 3 757 0000
1 3 758 0000
1 3 759 0000
1 3 760 0000
1 3 761 0000
1 3 762 0000
1 3 763 0000
1 3 764 0000
1 3 765 0000
1 3 766 0000
1 3 767 0000
1 3 768 0000
1 3 769 0000
1 3 770 0000
1 3 771 0000
1 3 772 0000
1 3 773 0000
1 3 774 0000
1 3 775 0000
1 3 776 0000
1 3 777 0000
1 3 778 0000
1 3 779 0000
1 3 780 0000
1 3 781 0000
1 3 782 0000
1 3 783 0000
1 3 784 0000
1 3 785 0000
1 3 786 0000
1 3 787 0000
1 3 788 0000
1 3 789 0000
1 3 790 0000
1 3 791 0000
1 3 792 0000
1 3 793 0000
1 3 794 0000
1 3 795 0000
1 3 796 0000
1 3 797 0000
1 3 798 0000
1 3 799 0000
1 3 800 0000
1 3 801 0000
1 3 802 0000
1 3 803 0000
1 3 804 0000
1 3 805 0000
1 3 806 0000
1 3 807 0000
1 3 808 0000
1 3 809 0000
1 3 810 0000
1 3 811 0000
1 3 812 0000
1 3 813 0000
1 3 814 0000
1 3 815 0000
1 3 816 0000
1 3 817 0000
1 3 818 0000
1 3 819 0000
1 3 820 0000
1 3 821 0000
1 3 822 0000
1 3 823 0000
1 3 824 0000
1 3 825 0000
1 3 826 0000
1 3 827 0000
1 3 828 0000
1 3 829 0000
1 3 830 0000
1 3 831 0000
1 3 832 0000
1 3 833 0000
1 3 834 0000
1 3 835 0000
1 3 836 0000
1 3 837 0000
1 3 838 0000
1 3 839 0000
1 3 840 0000
1 3 841 0000
1 3 842 0000
1 3 843 0000
1 3 844 0000
1 3 845 0000
1 3 846 0000
1 3 847 0000
1 3 848 0000
1 3 849 0000
1 3 850 0000
1 3 851 0000
1 3 852 0000
1 3 853 0000
1 3 854 0000
1 3 855 0000
1 3 856 0000
1 3 857 0000
1 3 858 0000
1 3 859 0000
1 3 860 0000
1 3 861 0000
1 3 862 0000
1 3 863 0000
1 3 864 0000
1 3 865 0000
1 3 866 0000
1 3 867 0000
1 3 868 0000
1 3 869 0000
1 3 870 0000
1 3 871 0000
1 3 872 0000
1 3 873 0000
1 3 874 0000
1 3 875 0000
1 3 876 0000
1 3 877 0000
1 3 878 0000
1 3 879 0000
1 3 880 0000
1 3 881 0000
1 3 882 0000
1 3 883 0000
1 3 884 0000
1 3 885 0000
1 3 886 0000
1 3 887 0000
1 3 888 0000
1 3 889 0000
1 3 890 0000
1 3 891 0000
1 3 892 0000
1 3 893 0000
1 3 894 0000
1 3 895 0000
1 3 896 0000
1 3 897 0000
1 3 898 0000
1 3 899 0000
1 3 900 0000
1 3 901 0000
1 3 902 0000
1 3 903 0000
1 3 904 0000
1 3 905 0000
1 3 906 0000
1 3 907 0000
1 3 908 0000
1 3 909 0000
1 3 910 0000
1 3 911 0000
1 3 912 0000
1 3 913 0000
1 3 914 0000
1 3 915 0000
1 3 916 0000
1 3 917 0000
1 3 918 0000
1 3 919 0000
1 3 920 0000
1 3 921 0000
1 3 922 0000
1 3 923 0000
1 3 924 0000
1 3 925 0000
1 3 926 0000
1 3 927 0000
1 3 928 0000
1 3 929 0000
1 3 930 0000
1 3 931 0000
1 3 932 0000
1 3 933 0000
1 3 934 0000
1 3 935 0000
1 3 936 0000
1 3 937 0000
1 3 938 0000
1 3 939 0000
1 3 940 0000
1 3 941 0000
1 3 942 0000
1 3 943 0000
1 3 944 0000
1 3 945 0000
1 3 946 0000
1 3 947 0000
1 3 948 0000
1 3 949 0000
1 3 950 0000
1 3 951 0000
1 3 952 0000
1 3 953 0000
1 3 954 0000
1 3 955 0000
1 3 956 0000
1 3 957 0000
1 3 958 0000
1 3 959 0000
1 3 960 0000
1 3 961 0000
1 3 962 0000
1 3 963 0000
1 3 964 0000
1 3 965 0000
1 3 966 0000
1 3 967 0000
1 3 968 0000
1 3 969 0000
1 3 970 0000
1 3 971 0000
1 3 972 0000
1 3 973 0000
1 3 974 0000
1 3 975 0000
1 3 976 0000
1 3 977 0000
1 3 978 0000
1 3 979 0000
1 3 980 0000
1 3 981 0000
1 3 982 0000
1 3 983 0000
1 3 984 0000
1 3 985 0000
1 3 986 0000
1 3 987 0000
1 3 988 0000
1 3 989 0000
1 3 990 0000
1 3 991 0000
1 3 992 0000
1 3 993 0000
1 3 994 0000
1 3 995 0000
1 3 996 0000
1 3 997 0000
1 3 998 0000
1 3 999 0000
1 3 1000 0000
1 3 1001 0000
1 3 1002 0000
1 3 1003 0000
1 3 1004 0000
1 3 1005 0000
1 3 1006 0000
1 3 1007 0000
1 3 1008 0000
1 3 1009 0000
1 3 1010 0000
1 3 1011 0000
1 3 1012 0000
1 3 1013 0000
1 3 1014 0000
1 3 1015 0000
1 3 1016 0000
1 3 1017 0000
1 3 1018 0000
1 3 1019 0000
1 3 1020 0000
1 3 1021 0000
1 3 1022 0000
1 3 1023 0000
1 3 1024 0000
1 3 1025 0000
1 3 1026 0000
1 3 1027 0000
1 3 1028 0000
1 3 1029 0000
1 3 1030 0000
1 3 1031 0000
1 3 1032 0000
1 3 1033 0000
1 3 1034 0000
1 3 1035 0000
1 3 1036 0000
1 3 1037 0000
1 3 1038 0000
1 3 1039 0000
1 3 1040 0000
1 3 1041 0000
1 3 1042 0000
1 3 1043 0000
1 3 1044 0000
1 3 1045 0000
1 3 1046 0000
1 3 1047 0000
1 3 1048 0000
1 3 1049 0000
1 3 1050 0000
1 3 1051 0000
1 3 1052 0000
1 3 1053 0000
1 3 1054 0000
1 3 1055 0000
1 3 1056 0000
1 3 1057 0000
1 3 1058 0000
1 3 1059 0000
1 3 1060 0000
1 3 1061 0000
1 3 1062 0000
1 3 1063 0000
1 3 1064 0000
1 3 1065 0000
1 3 1066 0000
1 3 1067 0000
1 3 1068 0000
1 3 1069 0000
1 3 1070 0000
1 3 1071 0000
1 3 1072 0000
1 3 1073 0000
1 3 1074 0000
1 3 1075 0000
1 3 1076 0000
1 3 1077 0000
1 3 1078 0000
1 3 1079 0000
1 3 1080 0000
1 3 1081 0000
1 3 1082 0000
1 3 1083 0000
1 3 1084 0000
1 3 1085 0000
1 3 1086 0000
1 3 1087 0000
1 3 1088 0000
1 3 1089 0000
1 3 1090 0000
1 3 1091 0000
1 3 1092 0000
1 3 1093 0000
1 3 1094 0000
1 3 1095 0000
1 3 1096 0000
1 3 1097 0000
1 3 1098 0000
1 3 1099 0000
1 3 1100 0000
1 3 1101 0000
1 3 1102 0000
1 3 1103 0000
1 3 1104 0000
1 3 1105 0000
1 3 1106 0000
1 3 1107 0000
1 3 1108 0000
1 3 1109 0000
1 3 1110 0000
1 3 1111 0000
1 3 1112 0000
1 3 1113 0000
1 3 1114 0000
1 3 1115 0000
1 3 1116 0000
1 3 1117 0000
1 3 1118 0000
1 3 1119 0000
1 3 1120 0000
1 3 1121 0000
1 3 1122 0000
1 3 1123 0000
1 3 1124 0000
1 3 1125 0000
1 3 1126 0000
1 3 1127 0000
1 3 1128 0000
1 3 1129 0000
1 3 1130 0000
1 3 1131 0000
1 3 1132 0000
1 3 1133 0000
1 3 1134 0000
1 3 1135 0000
1 3 1136 0000
1 3 1137 0000
1 3 1138 0000
1 3 1139 0000
1 3 1140 0000
1 3 1141 0000
1 3 1142 0000
1 3 1143 0000
1 3 1144 0000
1 3 1145 0000
1 3 1146 0000
1 3 1147 0000
1 3 1148 0000
1 3 1149 0000
1 3 1150 0000
1 3 1151 0000
1 3 1152 0000
1 3 1153 0000
1 3 1154 0000
1 3 1155 0000
1 3 1156 0000
1 3 1157 0000
1 3 1158 0000
1 3 1159 0000
1 3 1160 0000
1 3 1161 0000
1 3 1162 0000
1 3 1163 0000
1 3 1164 0000
1 3 1165 0000
1 3 1166 0000
1 3 1167 0000
1 3 1168 0000
1 3 1169 0000
1 3 1170 0000
1 3 1171 0000
1 3 1172 0000
1 3 1173 0000
1 3 1174 0000
1 3 1175 0000
1 3 1176 0000
1 3 1177 0000
1 3 1178 0000
1 3 1179 0000
1 3 1180 0000
1 3 1181 0000
1 3 1182 0000
1 3 1183 0000
1 3 1184 0000
1 3 1185 0000
1 3 1186 0000
1 3 1187 0000
1 3 1188 0000
1 3 1189 0000
1 3 1190 0000
1 3 1191 0000
1 3 1192 0000
1 3 1193 0000
1 3 1194 0000
1 3 1195 0000
1 3 1196 0000
1 3 1197 0000
1 3 1198 0000
1 3 1199 0000
1 3 1200 0000
1 3 1201 0000
1 3 1202 0000
1 3 1203 0000
1 3 1204 0000
1 3 1205 0000
1 3 1206 0000
1 3 1207 0000
1 3 1208 0000
1 3 1209 0000
1 3 1210 0000
1 3 1211 0000
1 3 1212 0000
1 3 1213 0000
1 3 1214 0000
1 3 1215 0000
1 3 1216 0000
1 3 1217 0000
1 3 1218 0000
1 3 1219 0000
1 3 1220 0000
1 3 1221 0000
1 3 1222 0000
1 3 1223 0000
1 3 1224 0000
1 3 1225 0000
1 3 1226 0000
1 3 1227 0000
1 3 1228 0000
1 3 1229 0000
1 3 1230 0000
1 3 1231 0000
1 3 1232 0000
1 3 1233 0000
1 3 1234 0000
1 3 1235 0000
1 3 1236 0000
1 3 1237 0000
1 3 1238 0000
1 3 1239 0000
1 3 1240 0000
1 3 1241 0000
1 3 1242 0000
1 3 1243 0000
1 3 1244 0000
1 3 1245 0000
1 3 1246 0000
1 3 1247 0000
1 3 1248 0000
1 3 1249 0000
1 3 1250 0000
1 3 1251 0000
1 3 1252 0000
1 3 1253 0000
1 3 1254 0000
1 3 1255 0000
1 3 1256 0000
1 3 1257 0000
1 3 1258 0000
1 3 1259 0000
1 3 1260 0000
1 3 1261 0000
1 3 1262 0000
1 3 1263 0000
1 3 1264 0000
1 3 1265 0000
1 3 1266 0000
1 3 1267 0000
1 3 1268 0000
1 3 1269 0000
1 3 1270 0000
1 3 1271 0000
1 3 1272 0000
1 3 1273 0000
1 3 1274 0000
1 3 1275 0000
1 3 1276 0000
1 3 1277 0000
1 3 1278 0000
1 3 1279 0000
1 3 1280 0000
1 3 1281 0000
1 3 1282 0000
1 3 1283 0000
1 3 1284 0000
1 3 1285 0000
1 3 1286 0000
1 3 1287 0000
1 3 1288 0000
1 3 1289 0000
1 3 1290 0000
1 3 1291 0000
1 3 1292 0000
1 3 1293 0000
1 3 1294 0000
1 3 1295 0000
1 3 1296 0000
1 3 1297 0000
1 3 1298 0000
1 3 1299 0000
1 3 1300 0000
1 3 1301 0000
1 3 1302 0000
1 3 1303 0000
1 3 1304 0000
1 3 1305 0000
1 3 1306 0000
1 3 1307 0000
1 3 1308 0000
1 3 1309 0000
1 3 1310 0000
1 3 1311 0000
1 3 1312 0000
1 3 1313 0000
1 3 1314 0000
1 3 1315 0000
1 3 1316 0000
1 3 1317 0000
1 3 1318 0000
1 3 1319 0000
1 3 1320 0000
1 3 1321 0000
1 3 1322 0000
1 3 1323 0000
1 3 1324 0000
1 3 1325 0000
1 3 1326 0000
1 3 1327 0000
1 3 1328 0000
1 3 1329 0000
1 3 1330 0000
1 3 1331 0000
1 3 1332 0000
1 3 1333 0000
1 3 1334 0000
1 3 1335 0000
1 3 1336 0000
1 3 1337 0000
1 3 1338 0000
1 3 1339 0000
1 3 1340 0000
1 3 1341 0000
1 3 1342 0000
1 3 1343 0000
1 3 1344 0000
1 3 1345 0000
1 3 1346 0000
1 3 1347 0000
1 3 1348 0000
1 3 1349 0000
1 3 1350 0000
1 3 1351 0000
1 3 1352 0000
1 3 1353 0000
1 3 1354 0000
1 3 1355 0000
1 3 1356 0000
1 3 1357 0000
1 3 1358 0000
1 3 1359 0000
1 3 1360 0000
1 3 1361 0000
1 3 1362 0000
1 3 1363 0000
1 3 1364 0000
1 3 1365 0000
1 3 1366 0000
1 3 1367 0000
1 3 1368 0000
1 3 1369 0000
1 3 1370 0000
1 3 1371 0000
1 3 1372 0000
1 3 1373 0000
1 3 1374 0000
1 3 1375 0000
1 3 1376 0000
1 3 1377 0000
1 3 1378 0000
1 3 1379 0000
1 3 1380 0000
1 3 1381 0000
1 3 1382 0000
1 3 1383 0000
1 3 1384 0000
1 3 1385 0000
1 3 1386 0000
1 3 1387 0000
1 3 1388 0000
1 3 1389 0000
1 3 1390 0000
1 3 1391 0000
1 3 1392 0000
1 3 1393 0000
1 3 1394 0000
1 3 1395 0000
1 3 1396 0000
1 3 1397 0000
1 3 1398 0000
1 3 1399 0000
1 3 1400 0000
1 3 1401 0000
1 3 1402 0000
1 3 1403 0000
1 3 1404 0000
1 3 1405 0000
1 3 1406 0000
1 3 1407 0000
1 3 1408 0000
1 3 1409 0000
1 3 1410 0000
1 3 1411 0000
1 3 1412 0000
1 3 1413 0000
1 3 1414 0000
1 3 1415 0000
1 3 1416 0000
1 3 1417 0000
1 3 1418 0000
1 3 1419 0000
1 3 1420 0000
1 3 1421 0000
1 3 1422 0000
1 3 1423 0000
1 3 1424 0000
1 3 1425 0000
1 3 1426 0000
1 3 1427 0000
1 3 1428 0000
1 3 1429 0000
1 3 1430 0000
1 3 1431 0000
1 3 1432 0000
1 3 1433 0000
1 3 1434 0000
1 3 1435 0000
1 3 1436 0000
1 3 1437 0000
1 3 1438 0000
1 3 1439 0000
1 3 1440 0000
1 3 1441 0000
1 3 1442 0000
1 3 1443 0000
1 3 1444 0000
1 3 1445 0000
1 3 1446 0000
1 3 1447 0000
1 3 1448 0000
1 3 1449 0000
1 3 1450 0000
1 3 1451 0000
1 3 1452 0000
1 3 1453 0000
1 3 1454 0000
1 3 1455 0000
1 3 1456 0000
1 3 1457 0000
1 3 1458 0000
1 3 1459 0000
1 3 1460 0000
1 3 1461 0000
1 3 1462 0000
1 3 1463 0000
1 3 1464 0000
1 3 1465 0000
1 3 1466 0000
1 3 1467 0000
1 3 1468 0000
1 3 1469 0000
1 3 1470 0000
1 3 1471 0000
1 3 1472 0000
1 3 1473 0000
1 3 1474 0000
1 3 1475 0000
1 3 1476 0000
1 3 1477 0000
1 3 1478 0000
1 3 1479 0000
1 3 1480 0000
1 3 1481 0000
1 3 1482 0000
1 3 1483 0000
1 3 1484 0000
1 3 1485 0000
1 3 1486 0000
1 3 1487 0000
1 3 1488 0000
1 3 1489 0000
1 3 1490 0000
1 3 1491 0000
1 3 1492 0000
1 3 1493 0000
1 3 1494 0000
1 3 1495 0000
1 3 1496 0000
1 3 1497 0000
1 3 1498 0000
1 3 1499 0000
1 3 1500 0000
1 3 1501 0000
1 3 1502 0000
1 3 1503 0000
1 3 1504 0000
1 3 1505 0000
1 3 1506 0000
1 3 1507 0000
1 3 1508 0000
1 3 1509 0000
1 3 1510 0000
1 3 1511 0000
1 3 1512 0000
1 3 1513 0000
1 3 1514 0000
1 3 1515 0000
1 3 1516 0000
1 3 1517 0000
1 3 1518 0000
1 3 1519 0000
1 3 1520 0000
1 3 1521 0000
1 3 1522 0000
1 3 1523 0000
1 3 1524 0000
1 3 1525 0000
1 3 1526 0000
1 3 1527 0000
1 3 1528 0000
1 3 1529 0000
1 3 1530 0000
1 3 1531 0000
1 3 1532 0000
1 3 1533 0000
1 3 1534 0000
1 3 1535 0000
1 3 1536 0000
1 3 1537 0000
1 3 1538 0000
1 3 1539 0000
1 3 1540 0000
1 3 1541 0000
1 3 1542 0000
1 3 1543 0000
1 3 1544 0000
1 3 1545 0000
1 3 1546 0000
1 3 1547 0000
1 3 1548 0000
1 3 1549 0000
1 3 1550 0000
1 3 1551 0000
1 3 1552 0000
1 3 1553 0000
1 3 1554 0000
1 3 1555 0000
1 3 1556 0000
1 3 1557 0000
1 3 1558 0000
1 3 1559 0000
1 3 1560 0000
1 3 1561 0000
1 3 1562 0000
1 3 1563 0000
1 3 1564 0000
1 3 1565 0000
1 3 1566 0000
1 3 1567 0000
1 3 1568 0000
1 3 1569 0000
1 3 1570 0000
1 3 1571 0000
1 3 1572 0000
1 3 1573 0000
1 3 1574 0000
1 3 1575 0000
1 3 1576 0000
1 3 1577 0000
1 3 1578 0000
1 3 1579 0000
1 3 1580 0000
1 3 1581 0000
1 3 1582 0000
1 3 1583 0000
1 3 1584 0000
1 3 1585 0000
1 3 1586 0000
1 3 1587 0000
1 3 1588 0000
1 3 1589 0000
1 3 1590 0000
1 3 1591 0000
1 3 1592 0000
1 3 1593 0000
1 3 1594 0000
1 3 1595 0000
1 3 1596 0000
1 3 1597 0000
1 3 1598 0000
1 3 1599 8000
1 3 1600 0000
1 3 1601 0000
1 3 1602 0000
1 3 1603 0000
1 3 1604 0000
1 3 1605 0000
1 3 1606 0000
1 3 1607 0000
1 3 1608 0000
1 3 1609 0000
1 3 1610 0000
1 3 1611 0000
1 3 1612 0000
1 3 1613 0000
1 3 1614 0000
1 3 1615 0000
1 3 1616 0000
1 3 1617 0000
1 3 1618 0000
1 3 1619 0000
1 3 1620 0000
1 3 1621 0000
1 3 1622 0000
1 3 1623 0000
1 3 1624 0000
1 3 1625 0000
1 3 1626 0000
1 3 1627 0000
1 3 1628 0000
1 3 1629 0000
1 3 1630 0000
1 3 1631 0000
1 3 1632 0000
1 3 1633 0000
1 3 1634 0000
1 3 1635 0000
1 3 1636 0000
1 3 1637 0000
1 3 1638 0000
1 3 1639 0000
1 3 1640 0000
1 3 1641 0000
1 3 1642 0000
1 3 1643 0000
1 3 1644 0000
1 3 1645 0000
1 3 1646 0000
1 3 1647 0000
1 3 1648 0000
1 3 1649 0000
1 3 1650 0000
1 3 1651 0000
1 3 1652 0000
1 3 1653 0000
1 3 1654 0000
1 3 1655 0000
1 3 1656 0000
1 3 1657 0000
1 3 1658 0000
1 3 1659 0000
1 3 1660 0000
1 3 1661 0000
1 3 1662 0000
1 3 1663 0000
1 3 1664 0000
1 3 1665 0000
1 3 1666 0000
1 3 1667 0000
1 3 1668 0000
1 3 1669 0000
1 3 1670 0000
1 3 1671 0000
1 3 1672 0000
1 3 1673 0000
1 3 1674 0000
1 3 1675 0000
1 3 1676 0000
1 3 1677 0000
1 3 1678 0000
1 3 1679 0000
1 3 1680 0000
1 3 1681 0000
1 3 1682 0000
1 3 1683 0000
1 3 1684 0000
1 3 1685 0000
1 3 1686 0000
1 3 1687 0000
1 3 1688 0000
1 3 1689 0000
1 3 1690 0000
1 3 1691 0000
1 3 1692 0000
1 3 1693 0000
1 3 1694 0000
1 3 1695 0000
1 3 1696 0000
1 3 1697 0000
1 3 1698 0000
1 3 1699 0000
1 3 1700 0000
1 3 1701 0000
1 3 1702 0000
1 3 1703 0000
1 3 1704 0000
1 3 1705 0000
1 3 1706 0000
1 3 1707 0000
1 3 1708 0000
1 3 1709 0000
1 3 1710 0000
1 3 1711 0000
1 3 1712 0000
1 3 1713 0000
1 3 1714 0000
1 3 1715 0000
1 3 1716 0000
1 3 1717 0000
1 3 1718 0000
1 3 1719 0000
1 3 1720 0000
1 3 1721 0000
1 3 1722 0000
1 3 1723 0000
1 3 1724 0000
1 3 1725 0000
1 3 1726 0000
1 3 1727 0000
1 3 1728 0000
1 3 1729 0000
1 3 1730 0000
1 3 1731 0000
1 3 1732 0000
1 3 1733 0000
1 3 1734 0000
1 3 1735 0000
1 3 1736 0000
1 3 1737 0000
1 3 1738 0000
1 3 1739 0000
1 3 1740 0000
1 3 1741 0000
1 3 1742 0000
1 3 1743 0000
1 3 1744 0000
1 3 1745 0000
1 3 1746 0000
1 3 1747 0000
1 3 1748 0000
1 3 1749 0000
1 3 1750 0000
1 3 1751 0000
1 3 1752 0000
1 3 1753 0000
1 3 1754 0000
1 3 1755 0000
1 3 1756 0000
1 3 1757 0000
1 3 1758 0000
1 3 1759 0000
1 3 1760 0000
1 3 1761 0000
1 3 1762 0000
1 3 1763 0000
1 3 1764 0000
1 3 1765 0000
1 3 1766 0000
1 3 1767 0000
1 3 1768 0000
1 3 1769 0000
1 3 1770 0000
1 3 1771 0000
1 3 1772 0000
1 3 1773 0000
1 3 1774 0000
1 3 1775 0000
1 3 1776 0000
1 3 1777 0000
1 3 1778 0000
1 3 1779 0000
1 3 1780 0000
1 3 1781 0000
1 3 1782 0000
1 3 1783 0000
1 3 1784 0000
1 3 1785 0000
1 3 1786 0000
1 3 1787 0000
1 3 1788 0000
1 3 1789 0000
1 3 1790 0000
1 3 1791 0000
1 3 1792 0000
1 3 1793 0000
1 3 1794 0000
1 3 1795 0000
1 3 1796 0000
1 3 1797 0000
1 3 1798 0000
1 3 1799 0000
1 3 1800 0000
1 3 1801 0000
1 3 1802 0000
1 3 1803 0000
1 3 1804 0000
1 3 1805 0000
1 3 1806 0000
1 3 1807 0000
1 3 1808 0000
1 3 1809 0000
1 3 1810 0000
1 3 1811 0000
1 3 1812 0000
1 3 1813 0000
1 3 1814 0000
1 3 1815 0000
1 3 1816 0000
1 3 1817 0000
1 3 1818 0000
1 3 1819 0000
1 3 1820 0000
1 3 1821 0000
1 3 1822 0000
1 3 1823 0000
1 3 1824 0000
1 3 1825 0000
1 3 1826 0000
1 3 1827 0000
1 3 1828 0000
1 3 1829 0000
1 3 1830 0000
1 3 1831 0000
1 3 1832 0000
1 3 1833 0000
1 3 1834 0000
1 3 1835 0000
1 3 1836 0000
1 3 1837 0000
1 3 1838 0000
1 3 1839 0000
1 3 1840 0000
1 3 1841 0000
1 3 1842 0000
1 3 1843 0000
1 3 1844 0000
1 3 1845 0000
1 3 1846 0000
1 3 1847 0000
1 3 1848 0000
1 3 1849 0000
1 3 1850 0000
1 3 1851 0000
1 3 1852 0000
1 3 1853 0000
1 3 1854 0000
1 3 1855 0000
1 3 1856 0000
1 3 1857 0000
1 3 1858 0000
1 3 1859 0000
1 3 1860 0000
1 3 1861 0000
1 3 1862 0000
1 3 1863 0000
1 3 1864 0000
1 3 1865 0000
1 3 1866 0000
1 3 1867 0000
1 3 1868 0000
1 3 1869 0000
1 3 1870 0000
1 3 1871 0000
1 3 1872 0000
1 3 1873 0000
1 3 1874 0000
1 3 1875 0000
1 3 1876 0000
1 3 1877 0000
1 3 1878 0000
1 3 1879 0000
1 3 1880 0000
1 3 1881 0000
1 3 1882 0000
1 3 1883 0000
1 3 1884 0000
1 3 1885 0000
1 3 1886 0000
1 3 1887 0000
1 3 1888 0000
1 3 1889 0000
1 3 1890 0000
1 3 1891 0000
1 3 1892 0000
1 3 1893 0000
1 3 1894 0000
1 3 1895 0000
1 3 1896 0000
1 3 1897 0000
1 3 1898 0000
1 3 1899 0000
1 3 1900 0000
1 3 1901 0000
1 3 1902 0000
1 3 1903 0000
1 3 1904 0000
1 3 1905 0000
1 3 1906 0000
1 3 1907 0000
1 3 1908 0000
1 3 1909 0000
1 3 1910 0000
1 3 1911 0000
1 3 1912 0000
1 3 1913 0000
1 3 1914 0000
1 3 1915 0000
1 3 1916 0000
1 3 1917 0000
1 3 1918 0000
1 3 1919 0000
1 3 1920 0000
1 3 1921 0000
1 3 1922 0000
1 3 1923 0000
1 3 1924 0000
1 3 1925 0000
1 3 1926 0000
1 3 1927 0000
1 3 1928 0000
1 3 1929 0000
1 3 1930 0000
1 3 1931 0000
1 3 1932 0000
1 3 1933 0000
1 3 1934 0000
1 3 1935 0000
1 3 1936 0000
1 3 1937 0000
1 3 1938 0000
1 3 1939 0000
1 3 1940 0000
1 3 1941 0000
1 3 1942 0000
1 3 1943 0000
1 3 1944 0000
1 3 1945 0000
1 3 1946 0000
1 3 1947 0000
1 3 1948 0000
1 3 1949 0000
1 3 1950 0000
1 3 1951 0000
1 3 1952 0000
1 3 1953 0000
1 3 1954 0000
1 3 1955 0000
1 3 1956 0000
1 3 1957 0000
1 3 1958 0000
1 3 1959 0000
1 3 1960 0000
1 3 1961 0000
1 3 1962 0000
1 3 1963 0000
1 3 1964 0000
1 3 1965 0000
1 3 1966 0000
1 3 1967 0000
1 3 1968 0000
1 3 1969 0000
1 3 1970 0000
1 3 1971 0000
1 3 1972 0000
1 3 1973 0000
1 3 1974 0000
1 3 1975 0000
1 3 1976 0000
1 3 1977 0000
1 3 1978 0000
1 3 1979 0000
1 3 1980 0000
1 3 1981 0000
1 3 1982 0000
1 3 1983 0000
1 3 1984 0000
1 3 1985 0000
1 3 1986 0000
1 3 1987 0000
1 3 1988 0000
1 3 1989 0000
1 3 1990 0000
1 3 1991 0000
1 3 1992 0000
1 3 1993 0000
1 3 1994 0000
1 3 1995 0000
1 3 1996 0000
1 3 1997 0000
1 3 1998 0000
1 3 1999 0000
1 3 2000 0000
1 3 2001 0000
1 3 2002 0000
1 3 2003 0000
1 3 2004 0000
1 3 2005 0000
1 3 2006 0000
1 3 2007 0000
1 3 2008 0000
1 3 2009 0000
1 3 2010 0000
1 3 2011 0000
1 3 2012 0000
1 3 2013 0000
1 3 2014 0000
1 3 2015 0000
1 3 2016 0000
1 3 2017 0000
1 3 2018 0000
1 3 2019 0000
1 3 2020 0000
1 3 2021 0000
1 3 2022 0000
1 3 2023 0000
1 3 2024 0000
1 3 2025 0000
1 3 2026 0000
1 3 2027 0000
1 3 2028 0000
1 3 2029 0000
1 3 2030 0000
1 3 2031 0000
1 3 2032 0000
1 3 2033 0000
1 3 2034 0000
1 3 2035 0000
1 3 2036 0000
1 3 2037 0000
1 3 2038 0000
1 3 2039 0000
1 3 2040 0000
1 3 2041 0000
1 3 2042 0000
1 3 2043 0000
1 3 2044 0000
1 3 2045 0000
1 3 2046 0000
1 3 2047 0000
1 4 0 0000
1 4 1 0000
1 4 2 0000
1 4 3 0000
1 4 4 0000
1 4 5 0000
1 4 6 0000
1 4 7 0000
1 4 8 0000
1 4 9 0000
1 4 10 0000
1 4 11 0000
1 4 12 0000
1 4 13 0000
1 4 14 0000
1 4 15 0000
1 4 16 0000
1 4 17 0000
1 4 18 0000
1 4 19 0000
1 4 20 0000
1 4 21 0000
1 4 22 0000
1 4 23 0000
1 4 24 0000
1 4 25 0000
1 4 26 0000
1 4 27 0000
1 4 28 0000
1 4 29 0000
1 4 30 0000
1 4 31 0000
1 4 32 0000
1 4 33 0000
1 4 34 0000
1 4 35 0000
1 4 36 0000
1 4 37 0000
1 4 38 0000
1 4 39 0000
1 4 40 0000
1 4 41 0000
1 4 42 0000
1 4 43 0000
1 4 44 0000
1 4 45 0000
1 4 46 0000
1 4 47 0000
1 4 48 0000
1 4 49 0000
1 4 50 0000
1 4 51 0000
1 4 52 0000
1 4 53 0000
1 4 54 0000
1 4 55 0000
1 4 56 0000
1 4 57 0000
1 4 58 0000
1 4 59 0000
1 4 60 0000
1 4 61 0000
1 4 62 0000
1 4 63 0000
1 4 64 0000
1 4 65 0000
1 4 66 0000
1 4 67 0000
1 4 68 0000
1 4 69 0000
1 4 70 0000
1 4 71 0000
1 4 72 0000
1 4 73 0000
1 4 74 0000
1 4 75 0000
1 4 76 0000
1 4 77 0000
1 4 78 0000
1 4 79 0000
1 4 80 0000
1 4 81 0000
1 4 82 0000
1 4 83 0000
1 4 84 0000
1 4 85 0000
1 4 86 0000
1 4 87 0000
1 4 88 0000
1 4 89 0000
1 4 90 0000
1 4 91 0000
1 4 92 0000
1 4 93 0000
1 4 94 0000
1 4 95 0000
1 4 96 0000
1 4 97 0000
1 4 98 0000
1 4 99 0000
1 4 100 0000
1 4 101 0000
1 4 102 0000
1 4 103 0000
1 4 104 0000
1 4 105 0000
1 4 106 0000
1 4 107 0000
1 4 108 0000
1 4 109 0000
1 4 110 0000
1 4 111 0000
1 4 112 0000
1 4 113 0000
1 4 114 0000
1 4 115 0000
1 4 116 0000
1 4 117 0000
1 4 118 0000
1 4 119 0000
1 4 120 0000
1 4 121 0000
1 4 122 0000
1 4 123 0000
1 4 124 0000
1 4 125 0000
1 4 126 0000
1 4 127 0000
1 4 128 0000
1 4 129 0000
1 4 130 0000
1 4 131 0000
1 4 132 0000
1 4 133 0000
1 4 134 0000
1 4 135 0000
1 4 136 0000
1 4 137 0000
1 4 138 0000
1 4 139 0000
1 4 140 0000
1 4 141 0000
1 4 142 0000
1 4 143 0000
1 4 144 0000
1 4 145 0000
1 4 146 0000
1 4 147 0000
1 4 148 0000
1 4 149 0000
1 4 150 0000
1 4 151 0000
1 4 152 0000
1 4 153 0000
1 4 154 0000
1 4 155 0000
1 4 156 0000
1 4 157 0000
1 4 158 0000
1 4 159 0000
1 4 160 0000
1 4 161 0000
1 4 162 0000
1 4 163 0000
1 4 164 0000
1 4 165 0000
1 4 166 0000
1 4 167 0000
1 4 168 0000
1 4 169 0000
1 4 170 0000
1 4 171 0000
1 4 172 0000
1 4 173 0000
1 4 174 0000
1 4 175 0000
1 4 176 0000
1 4 177 0000
1 4 178 0000
1 4 179 0000
1 4 180 0000
1 4 181 0000
1 4 182 0000
1 4 183 0000
1 4 184 0000
1 4 185 0000
1 4 186 0000
1 4 187 0000
1 4 188 0000
1 4 189 0000
1 4 190 0000
1 4 191 0000
1 4 192 0000
1 4 193 0000
1 4 194 0000
1 4 195 0000
1 4 196 0000
1 4 197 0000
1 4 198 0000
1 4 199 0000
1 4 200 0000
1 4 201 0000
1 4 202 0000
1 4 203 0000
1 4 204 0000
1 4 205 0000
1 4 206 0000
1 4 207 0000
1 4 208 0000
1 4 209 0000
1 4 210 0000
1 4 211 0000
1 4 212 0000
1 4 213 0000
1 4 214 0000
1 4 215 0000
1 4 216 0000
1 4 217 0000
1 4 218 0000
1 4 219 0000
1 4 220 0000
1 4 221 0000
1 4 222 0000
1 4 223 0000
1 4 224 0000
1 4 225 0000
1 4 226 0000
1 4 227 0000
1 4 228 0000
1 4 229 0000
1 4 230 0000
1 4 231 0000
1 4 232 0000
1 4 233 0000
1 4 234 0000
1 4 235 0000
1 4 236 0000
1 4 237 0000
1 4 238 0000
1 4 239 0000
1 4 240 0000
1 4 241 0000
1 4 242 0000
1 4 243 0000
1 4 244 0000
1 4 245 0000
1 4 246 0000
1 4 247 0000
1 4 248 0000
1 4 249 0000
1 4 250 0000
1 4 251 0000
1 4 252 0000
1 4 253 0000
1 4 254 0000
1 4 255 0000
1 4 256 0000
1 4 257 0000
1 4 258 0000
1 4 259 0000
1 4 260 0000
1 4 261 0000
1 4 262 0000
1 4 263 0000
1 4 264 0000
1 4 265 0000
1 4 266 0000
1 4 267 0000
1 4 268 0000
1 4 269 0000
1 4 270 0000
1 4 271 0000
1 4 272 0000
1 4 273 0000
1 4 274 0000
1 4 275 0000
1 4 276 0000
1 4 277 0000
1 4 278 0000
1 4 279 0000
1 4 280 0000
1 4 281 0000
1 4 282 0000
1 4 283 0000
1 4 284 0000
1 4 285 0000
1 4 286 0000
1 4 287 0000
1 4 288 0000
1 4 289 0000
1 4 290 0000
1 4 291 0000
1 4 292 0000
1 4 293 0000
1 4 294 0000
1 4 295 0000
1 4 296 0000
1 4 297 0000
1 4 298 0000
1 4 299 0000
1 4 300 0000
1 4 301 0000
1 4 302 0000
1 4 303 0000
1 4 304 0000
1 4 305 0000
1 4 306 0000
1 4 307 0000
1 4 308 0000
1 4 309 0000
1 4 310 0000
1 4 311 0000
1 4 312 0000
1 4 313 0000
1 4 314 0000
1 4 315 0000
1 4 316 0000
1 4 317 0000
1 4 318 0000
1 4 319 0000
1 4 320 0000
1 4 321 0000
1 4 322 0000
1 4 323 0000
1 4 324 0000
1 4 325 0000
1 4 326 0000
1 4 327 0000
1 4 328 0000
1 4 329 0000
1 4 330 0000
1 4 331 0000
1 4 332 0000
1 4 333 0000
1 4 334 0000
1 4 335 0000
1 4 336 0000
1 4 337 0000
1 4 338 0000
1 4 339 0000
1 4 340 0000
1 4 341 0000
1 4 342 0000
1 4 343 0000
1 4 344 0000
1 4 345 0000
1 4 346 0000
1 4 347 0000
1 4 348 0000
1 4 349 0000
1 4 350 0000
1 4 351 0000
1 4 352 0000
1 4 353 0000
1 4 354 0000
1 4 355 0000
1 4 356 0000
1 4 357 0000
1 4 358 0000
1 4 359 0000
1 4 360 0000
1 4 361 0000
1 4 362 0000
1 4 363 0000
1 4 364 0000
1 4 365 0000
1 4 366 0000
1 4 367 0000
1 4 368 0000
1 4 369 0000
1 4 370 0000
1 4 371 0000
1 4 372 0000
1 4 373 0000
1 4 374 0000
1 4 375 0000
1 4 376 0000
1 4 377 0000
1 4 378 0000
1 4 379 0000
1 4 380 0000
1 4 381 0000
1 4 382 0000
1 4 383 0000
1 4 384 0000
1 4 385 0000
1 4 386 0000
1 4 387 0000
1 4 388 0000
1 4 389 0000
1 4 390 0000
1 4 391 0000
1 4 392 0000
1 4 393 0000
1 4 394 0000
1 4 395 0000
1 4 396 0000
1 4 397 0000
1 4 398 0000
1 4 399 0000
1 4 400 0000
1 4 401 0000
1 4 402 0000
1 4 403 0000
1 4 404 0000
1 4 405 0000
1 4 406 0000
1 4 407 0000
1 4 408 0000
1 4 409 0000
1 4 410 0000
1 4 411 0000
1 4 412 0000
1 4 413 0000
1 4 414 0000
1 4 415 0000
1 4 416 0000
1 4 417 0000
1 4 418 0000
1 4 419 0000
1 4 420 0000
1 4 421 0000
1 4 422 0000
1 4 423 0000
1 4 424 0000
1 4 425 0000
1 4 426 0000
1 4 427 0000
1 4 428 0000
1 4 429 0000
1 4 430 0000
1 4 431 0000
1 4 432 0000
1 4 433 0000
1 4 434 0000
1 4 435 0000
1 4 436 0000
1 4 437 0000
1 4 438 0000
1 4 439 0000
1 4 440 0000
1 4 441 0000
1 4 442 0000
1 4 443 0000
1 4 444 0000
1 4 445 0000
1 4 446 0000
1 4 447 0000
1 4 448 0000
1 4 449 0000
1 4 450 0000
1 4 451 0000
1 4 452 0000
1 4 453 0000
1 4 454 0000
1 4 455 0000
1 4 456 0000
1 4 457 0000
1 4 458 0000
1 4 459 0000
1 4 460 0000
1 4 461 0000
1 4 462 0000
1 4 463 0000
1 4 464 0000
1 4 465 0000
1 4 466 0000
1 4 467 0000
1 4 468 0000
1 4 469 0000
1 4 470 0000
1 4 471 0000
1 4 472 0000
1 4 473 0000
1 4 474 0000
1 4 475 0000
1 4 476 0000
1 4 477 0000
1 4 478 0000
1 4 479 0000
1 4 480 0000
1 4 481 0000
1 4 482 0000
1 4 483 0000
1 4 484 0000
1 4 485 0000
1 4 486 0000
1 4 487 0000
1 4 488 0000
1 4 489 0000
1 4 490 0000
1 4 491 0000
1 4 492 0000
1 4 493 0000
1 4 494 0000
1 4 495 0000
1 4 496 0000
1 4 497 0000
1 4 498 0000
1 4 499 0000
1 4 500 0000
1 4 501 0000
1 4 502 0000
1 4 503 0000
1 4 504 0000
1 4 505 0000
1 4 506 0000
1 4 507 0000
1 4 508 0000
1 4 509 0000
1 4 510 0000
1 4 511 0000
1 4 512 0000
1 4 513 0000
1 4 514 0000
1 4 515 0000
1 4 516 0000
1 4 517 0000
1 4 518 0000
1 4 519 0000
1 4 520 0000
1 4 521 0000
1 4 522 0000
1 4 523 0000
1 4 524 0000
1 4 525 0000
1 4 526 0000
1 4 527 0000
1 4 528 0000
1 4 529 0000
1 4 530 0000
1 4 531 0000
1 4 532 0000
1 4 533 0000
1 4 534 0000
1 4 535 0000
1 4 536 0000
1 4 537 0000
1 4 538 0000
1 4 539 0000
1 4 540 0000
1 4 541 0000
1 4 542 0000
1 4 543 0000
1 4 544 0000
1 4 545 0000
1 4 546 0000
1 4 547 0000
1 4 548 0000
1 4 549 0000
1 4 550 0000
1 4 551 0000
1 4 552 0000
1 4 553 0000
1 4 554 0000
1 4 555 0000
1 4 556 0000
1 4 557 0000
1 4 558 0000
1 4 559 0000
1 4 560 0000
1 4 561 0000
1 4 562 0000
1 4 563 0000
1 4 564 0000
1 4 565 0000
1 4 566 0000
1 4 567 0000
1 4 568 0000
1 4 569 0000
1 4 570 0000
1 4 571 0000
1 4 572 0000
1 4 573 0000
1 4 574 0000
1 4 575 0000
1 4 576 0000
1 4 577 0000
1 4 578 0000
1 4 579 0000
1 4 580 0000
1 4 581 0000
1 4 582 0000
1 4 583 0000
1 4 584 0000
1 4 585 0000
1 4 586 0000
1 4 587 0000
1 4 588 0000
1 4 589 0000
1 4 590 0000
1 4 591 0000
1 4 592 0000
1 4 593 0000
1 4 594 0000
1 4 595 0000
1 4 596 0000
1 4 597 0000
1 4 598 0000
1 4 599 0000
1 4 600 0000
1 4 601 0000
1 4 602 0000
1 4 603 0000
1 4 604 0000
1 4 605 0000
1 4 606 0000
1 4 607 0000
1 4 608 0000
1 4 609 0000
1 4 610 0000
1 4 611 0000
1 4 612 0000
1 4 613 0000
1 4 614 0000
1 4 615 0000
1 4 616 0000
1 4 617 0000
1 4 618 0000
1 4 619 0000
1 4 620 0000
1 4 621 0000
1 4 622 0000
1 4 623 0000
1 4 624 0000
1 4 625 0000
1 4 626 0000
1 4 627 0000
1 4 628 0000
1 4 629 0000
1 4 630 0000
1 4 631 0000
1 4 632 0000
1 4 633 0000
1 4 634 0000
1 4 635 0000
1 4 636 0000
1 4 637 0000
1 4 638 0000
1 4 639 0000
1 4 640 0000
1 4 641 0000
1 4 642 0000
1 4 643 0000
1 4 644 0000
1 4 645 0000
1 4 646 0000
1 4 647 0000
1 4 648 0000
1 4 649 0000
1 4 650 0000
1 4 651 0000
1 4 652 0000
1 4 653 0000
1 4 654 0000
1 4 655 0000
1 4 656 0000
1 4 657 0000
1 4 658 0000
1 4 659 0000
1 4 660 0000
1 4 661 0000
1 4 662 0000
1 4 663 0000
1 4 664 0000
1 4 665 0000
1 4 666 0000
1 4 667 0000
1 4 668 0000
1 4 669 0000
1 4 670 0000
1 4 671 0000
1 4 672 0000
1 4 673 0000
1 4 674 0000
1 4 675 0000
1 4 676 0000
1 4 677 0000
1 4 678 0000
1 4 679 0000
1 4 680 0000
1 4 681 0000
1 4 682 0000
1 4 683 0000
1 4 684 0000
1 4 685 0000
1 4 686 0000
1 4 687 0000
1 4 688 0000
1 4 689 0000
1 4 690 0000
1 4 691 0000
1 4 692 0000
1 4 693 0000
1 4 694 0000
1 4 695 0000
1 4 696 0000
1 4 697 0000
1 4 698 0000
1 4 699 0000
1 4 700 0000
1 4 701 0000
1 4 702 0000
1 4 703 0000
1 4 704 0000
1 4 705 0000
1 4 706 0000
1 4 707 0000
1 4 708 0000
1 4 709 0000
1 4 710 0000
1 4 711 0000
1 4 712 0000
1 4 713 0000
1 4 714 0000
1 4 715 0000
1 4 716 0000
1 4 717 0000
1 4 718 0000
1 4 719 0000
1 4 720 0000
1 4 721 0000
1 4 722 0000
1 4 723 0000
1 4 724 0000
1 4 725 0000
1 4 726 0000
1 4 727 0000
1 4 728 0000
1 4 729 0000
1 4 730 0000
1 4 731 0000
1 4 732 0000
1 4 733 0000
1 4 734 0000
1 4 735 0000
1 4 736 0000
1 4 737 0000
1 4 738 0000
1 4 739 0000
1 4 740 0000
1 4 741 0000
1 4 742 0000
1 4 743 0000
1 4 744 0000
1 4 745 0000
1 4 746 0000
1 4 747 0000
1 4 748 0000
1 4 749 0000
1 4 750 0000
1 4 751 0000
1 4 752 0000
1 4 753 0000
1 4 754 0000
1 4 755 0000
1 4 756 0000
1 4 757 0000
1 4 758 0000
1 4 759 0000
1 4 760 0000
1 4 761 0000
1 4 762 0000
1 4 763 0000
1 4 764 0000
1 4 765 0000
1 4 766 0000
1 4 767 0000
1 4 768 0000
1 4 769 0000
1 4 770 0000
1 4 771 0000
1 4 772 0000
1 4 773 0000
1 4 774 0000
1 4 775 0000
1 4 776 0000
1 4 777 0000
1 4 778 0000
1 4 779 0000
1 4 780 0000
1 4 781 0000
1 4 782 0000
1 4 783 0000
1 4 784 0000
1 4 785 0000
1 4 786 0000
1 4 787 0000
1 4 788 0000
1 4 789 0000
1 4 790 0000
1 4 791 0000
1 4 792 0000
1 4 793 0000
1 4 794 0000
1 4 795 0000
1 4 796 0000
1 4 797 0000
1 4 798 0000
1 4 799 0000
1 4 800 0000
1 4 801 0000
1 4 802 0000
1 4 803 0000
1 4 804 0000
1 4 805 0000
1 4 806 0000
1 4 807 0000
1 4 808 0000
1 4 809 0000
1 4 810 0000
1 4 811 0000
1 4 812 0000
1 4 813 0000
1 4 814 0000
1 4 815 0000
1 4 816 0000
1 4 817 0000
1 4 818 0000
1 4 819 0000
1 4 820 0000
1 4 821 0000
1 4 822 0000
1 4 823 0000
1 4 824 0000
1 4 825 0000
1 4 826 0000
1 4 827 0000
1 4 828 0000
1 4 829 0000
1 4 830 0000
1 4 831 0000
1 4 832 0000
1 4 833 0000
1 4 834 0000
1 4 835 0000
1 4 836 0000
1 4 837 0000
1 4 838 0000
1 4 839 0000
1 4 840 0000
1 4 841 0000
1 4 842 0000
1 4 843 0000
1 4 844 0000
1 4 845 0000
1 4 846 0000
1 4 847 0000
1 4 848 0000
1 4 849 0000
1 4 850 0000
1 4 851 0000
1 4 852 0000
1 4 853 0000
1 4 854 0000
1 4 855 0000
1 4 856 0000
1 4 857 0000
1 4 858 0000
1 4 859 0000
1 4 860 0000
1 4 861 0000
1 4 862 0000
1 4 863 0000
1 4 864 0000
1 4 865 0000
1 4 866 0000
1 4 867 0000
1 4 868 0000
1 4 869 0000
1 4 870 0000
1 4 871 0000
1 4 872 0000
1 4 873 0000
1 4 874 0000
1 4 875 0000
1 4 876 0000
1 4 877 0000
1 4 878 0000
1 4 879 0000
1 4 880 0000
1 4 881 0000
1 4 882 0000
1 4 883 0000
1 4 884 0000
1 4 885 0000
1 4 886 0000
1 4 887 0000
1 4 888 0000
1 4 889 0000
1 4 890 0000
1 4 891 0000
1 4 892 0000
1 4 893 0000
1 4 894 0000
1 4 895 0000
1 4 896 0000
1 4 897 0000
1 4 898 0000
1 4 899 0000
1 4 900 0000
1 4 901 0000
1 4 902 0000
1 4 903 0000
1 4 904 0000
1 4 905 0000
1 4 906 0000
1 4 907 0000
1 4 908 0000
1 4 909 0000
1 4 910 0000
1 4 911 0000
1 4 912 0000
1 4 913 0000
1 4 914 0000
1 4 915 0000
1 4 916 0000
1 4 917 0000
1 4 918 0000
1 4 919 0000
1 4 920 0000
1 4 921 0000
1 4 922 0000
1 4 923 0000
1 4 924 0000
1 4 925 0000
1 4 926 0000
1 4 927 0000
1 4 928 0000
1 4 929 0000
1 4 930 0000
1 4 931 0000
1 4 932 0000
1 4 933 0000
1 4 934 0000
1 4 935 0000
1 4 936 0000
1 4 937 0000
1 4 938 0000
1 4 939 0000
1 4 940 0000
1 4 941 0000
1 4 942 0000
1 4 943 0000
1 4 944 0000
1 4 945 0000
1 4 946 0000
1 4 947 0000
1 4 948 0000
1 4 949 0000
1 4 950 0000
1 4 951 0000
1 4 952 0000
1 4 953 0000
1 4 954 0000
1 4 955 0000
1 4 956 0000
1 4 957 0000
1 4 958 0000
1 4 959 0000
1 4 960 0000
1 4 961 0000
1 4 962 0000
1 4 963 0000
1 4 964 0000
1 4 965 0000
1 4 966 0000
1 4 967 0000
1 4 968 0000
1 4 969 0000
1 4 970 0000
1 4 971 0000
1 4 972 0000
1 4 973 0000
1 4 974 0000
1 4 975 0000
1 4 976 0000
1 4 977 0000
1 4 978 0000
1 4 979 0000
1 4 980 0000
1 4 981 0000
1 4 982 0000
1 4 983 0000
1 4 984 0000
1 4 985 0000
1 4 986 0000
1 4 987 0000
1 4 988 0000
1 4 989 0000
1 4 990 0000
1 4 991 0000
1 4 992 0000
1 4 993 0000
1 4 994 0000
1 4 995 0000
1 4 996 0000
1 4 997 0000
1 4 998 0000
1 4 999 0000
1 4 1000 0000
1 4 1001 0000
1 4 1002 0000
1 4 1003 0000
1 4 1004 0000
1 4 1005 0000
1 4 1006 0000
1 4 1007 0000
1 4 1008 0000
1 4 1009 0000
1 4 1010 0000
1 4 1011 0000
1 4 1012 0000
1 4 1013 0000
1 4 1014 0000
1 4 1015 0000
1 4 1016 0000
1 4 1017 0000
1 4 1018 0000
1 4 1019 0000
1 4 1020 0000
1 4 1021 0000
1 4 1022 0000
1 4 1023 0000
1 4 1024 0000
1 4 1025 0000
1 4 1026 0000
1 4 1027 0000
1 4 1028 0000
1 4 1029 0000
1 4 1030 0000
1 4 1031 0000
1 4 1032 0000
1 4 1033 0000
1 4 1034 0000
1 4 1035 0000
1 4 1036 0000
1 4 1037 0000
1 4 1038 0000
1 4 1039 0000
1 4 1040 0000
1 4 1041 0000
1 4 1042 0000
1 4 1043 0000
1 4 1044 0000
1 4 1045 0000
1 4 1046 0000
1 4 1047 0000
1 4 1048 0000
1 4 1049 0000
1 4 1050 0000
1 4 1051 0000
1 4 1052 0000
1 4 1053 0000
1 4 1054 0000
1 4 1055 0000
1 4 1056 0000
1 4 1057 0000
1 4 1058 0000
1 4 1059 0000
1 4 1060 0000
1 4 1061 0000
1 4 1062 0000
1 4 1063 0000
1 4 1064 0000
1 4 1065 0000
1 4 1066 0000
1 4 1067 0000
1 4 1068 0000
1 4 1069 0000
1 4 1070 0000
1 4 1071 0000
1 4 1072 0000
1 4 1073 0000
1 4 1074 0000
1 4 1075 0000
1 4 1076 0000
1 4 1077 0000
1 4 1078 0000
1 4 1079 0000
1 4 1080 0000
1 4 1081 0000
1 4 1082 0000
1 4 1083 0000
1 4 1084 0000
1 4 1085 0000
1 4 1086 0000
1 4 1087 0000
1 4 1088 0000
1 4 1089 0000
1 4 1090 0000
1 4 1091 0000
1 4 1092 0000
1 4 1093 0000
1 4 1094 0000
1 4 1095 0000
1 4 1096 0000
1 4 1097 0000
1 4 1098 0000
1 4 1099 0000
1 4 1100 0000
1 4 1101 0000
1 4 1102 0000
1 4 1103 0000
1 4 1104 0000
1 4 1105 0000
1 4 1106 0000
1 4 1107 0000
1 4 1108 0000
1 4 1109 0000
1 4 1110 0000
1 4 1111 0000
1 4 1112 0000
1 4 1113 0000
1 4 1114 0000
1 4 1115 0000
1 4 1116 0000
1 4 1117 0000
1 4 1118 0000
1 4 1119 0000
1 4 1120 0000
1 4 1121 0000
1 4 1122 0000
1 4 1123 0000
1 4 1124 0000
1 4 1125 0000
1 4 1126 0000
1 4 1127 0000
1 4 1128 0000
1 4 1129 0000
1 4 1130 0000
1 4 1131 0000
1 4 1132 0000
1 4 1133 0000
1 4 1134 0000
1 4 1135 0000
1 4 1136 0000
1 4 1137 0000
1 4 1138 0000
1 4 1139 0000
1 4 1140 0000
1 4 1141 0000
1 4 1142 0000
1 4 1143 0000
1 4 1144 0000
1 4 1145 0000
1 4 1146 0000
1 4 1147 0000
1 4 1148 0000
1 4 1149 0000
1 4 1150 0000
1 4 1151 0000
1 4 1152 0000
1 4 1153 0000
1 4 1154 0000
1 4 1155 0000
1 4 1156 0000
1 4 1157 0000
1 4 1158 0000
1 4 1159 0000
1 4 1160 0000
1 4 1161 0000
1 4 1162 0000
1 4 1163 0000
1 4 1164 0000
1 4 1165 0000
1 4 1166 0000
1 4 1167 0000
1 4 1168 0000
1 4 1169 0000
1 4 1170 0000
1 4 1171 0000
1 4 1172 0000
1 4 1173 0000
1 4 1174 0000
1 4 1175 0000
1 4 1176 0000
1 4 1177 0000
1 4 1178 0000
1 4 1179 0000
1 4 1180 0000
1 4 1181 0000
1 4 1182 0000
1 4 1183 0000
1 4 1184 0000
1 4 1185 0000
1 4 1186 0000
1 4 1187 0000
1 4 1188 0000
1 4 1189 0000
1 4 1190 0000
1 4 1191 0000
1 4 1192 0000
1 4 1193 0000
1 4 1194 0000
1 4 1195 0000
1 4 1196 0000
1 4 1197 0000
1 4 1198 0000
1 4 1199 0000
1 4 1200 0000
1 4 1201 0000
1 4 1202 0000
1 4 1203 0000
1 4 1204 0000
1 4 1205 0000
1 4 1206 0000
1 4 1207 0000
1 4 1208 0000
1 4 1209 0000
1 4 1210 0000
1 4 1211 0000
1 4 1212 0000
1 4 1213 0000
1 4 1214 0000
1 4 1215 0000
1 4 1216 0000
1 4 1217 0000
1 4 1218 0000
1 4 1219 0000
1 4 1220 0000
1 4 1221 0000
1 4 1222 0000
1 4 1223 0000
1 4 1224 0000
1 4 1225 0000
1 4 1226 0000
1 4 1227 0000
1 4 1228 0000
1 4 1229 0000
1 4 1230 0000
1 4 1231 0000
1 4 1232 0000
1 4 1233 0000
1 4 1234 0000
1 4 1235 0000
1 4 1236 0000
1 4 1237 0000
1 4 1238 0000
1 4 1239 0000
1 4 1240 0000
1 4 1241 0000
1 4 1242 0000
1 4 1243 0000
1 4 1244 0000
1 4 1245 0000
1 4 1246 0000
1 4 1247 0000
1 4 1248 0000
1 4 1249 0000
1 4 1250 0000
1 4 1251 0000
1 4 1252 0000
1 4 1253 0000
1 4 1254 0000
1 4 1255 0000
1 4 1256 0000
1 4 1257 0000
1 4 1258 0000
1 4 1259 0000
1 4 1260 0000
1 4 1261 0000
1 4 1262 0000
1 4 1263 0000
1 4 1264 0000
1 4 1265 0000
1 4 1266 0000
1 4 1267 0000
1 4 1268 0000
1 4 1269 0000
1 4 1270 0000
1 4 1271 0000
1 4 1272 0000
1 4 1273 0000
1 4 1274 0000
1 4 1275 0000
1 4 1276 0000
1 4 1277 0000
1 4 1278 0000
1 4 1279 0000
1 4 1280 0000
1 4 1281 0000
1 4 1282 0000
1 4 1283 0000
1 4 1284 0000
1 4 1285 0000
1 4 1286 0000
1 4 1287 0000
1 4 1288 0000
1 4 1289 0000
1 4 1290 0000
1 4 1291 0000
1 4 1292 0000
1 4 1293 0000
1 4 1294 0000
1 4 1295 0000
1 4 1296 0000
1 4 1297 0000
1 4 1298 0000
1 4 1299 0000
1 4 1300 0000
1 4 1301 0000
1 4 1302 0000
1 4 1303 0000
1 4 1304 0000
1 4 1305 0000
1 4 1306 0000
1 4 1307 0000
1 4 1308 0000
1 4 1309 0000
1 4 1310 0000
1 4 1311 0000
1 4 1312 0000
1 4 1313 0000
1 4 1314 0000
1 4 1315 0000
1 4 1316 0000
1 4 1317 0000
1 4 1318 0000
1 4 1319 0000
1 4 1320 0000
1 4 1321 0000
1 4 1322 0000
1 4 1323 0000
1 4 1324 0000
1 4 1325 0000
1 4 1326 0000
1 4 1327 0000
1 4 1328 0000
1 4 1329 0000
1 4 1330 0000
1 4 1331 0000
1 4 1332 0000
1 4 1333 0000
1 4 1334 0000
1 4 1335 0000
1 4 1336 0000
1 4 1337 0000
1 4 1338 0000
1 4 1339 0000
1 4 1340 0000
1 4 1341 0000
1 4 1342 0000
1 4 1343 0000
1 4 1344 0000
1 4 1345 0000
1 4 1346 0000
1 4 1347 0000
1 4 1348 0000
1 4 1349 0000
1 4 1350 0000
1 4 1351 0000
1 4 1352 0000
1 4 1353 0000
1 4 1354 0000
1 4 1355 0000
1 4 1356 0000
1 4 1357 0000
1 4 1358 0000
1 4 1359 0000
1 4 1360 0000
1 4 1361 0000
1 4 1362 0000
1 4 1363 0000
1 4 1364 0000
1 4 1365 0000
1 4 1366 0000
1 4 1367 0000
1 4 1368 0000
1 4 1369 0000
1 4 1370 0000
1 4 1371 0000
1 4 1372 0000
1 4 1373 0000
1 4 1374 0000
1 4 1375 0000
1 4 1376 0000
1 4 1377 0000
1 4 1378 0000
1 4 1379 0000
1 4 1380 0000
1 4 1381 0000
1 4 1382 0000
1 4 1383 0000
1 4 1384 0000
1 4 1385 0000
1 4 1386 0000
1 4 1387 0000
1 4 1388 0000
1 4 1389 0000
1 4 1390 0000
1 4 1391 0000
1 4 1392 0000
1 4 1393 0000
1 4 1394 0000
1 4 1395 0000
1 4 1396 0000
1 4 1397 0000
1 4 1398 0000
1 4 1399 0000
1 4 1400 0000
1 4 1401 0000
1 4 1402 0000
1 4 1403 0000
1 4 1404 0000
1 4 1405 0000
1 4 1406 0000
1 4 1407 0000
1 4 1408 0000
1 4 1409 0000
1 4 1410 0000
1 4 1411 0000
1 4 1412 0000
1 4 1413 0000
1 4 1414 0000
1 4 1415 0000
1 4 1416 0000
1 4 1417 0000
1 4 1418 0000
1 4 1419 0000
1 4 1420 0000
1 4 1421 0000
1 4 1422 0000
1 4 1423 0000
1 4 1424 0000
1 4 1425 0000
1 4 1426 0000
1 4 1427 0000
1 4 1428 0000
1 4 1429 0000
1 4 1430 0000
1 4 1431 0000
1 4 1432 0000
1 4 1433 0000
1 4 1434 0000
1 4 1435 0000
1 4 1436 0000
1 4 1437 0000
1 4 1438 0000
1 4 1439 0000
1 4 1440 0000
1 4 1441 0000
1 4 1442 0000
1 4 1443 0000
1 4 1444 0000
1 4 1445 0000
1 4 1446 0000
1 4 1447 0000
1 4 1448 0000
1 4 1449 0000
1 4 1450 0000
1 4 1451 0000
1 4 1452 0000
1 4 1453 0000
1 4 1454 0000
1 4 1455 0000
1 4 1456 0000
1 4 1457 0000
1 4 1458 0000
1 4 1459 0000
1 4 1460 0000
1 4 1461 0000
1 4 1462 0000
1 4 1463 0000
1 4 1464 0000
1 4 1465 0000
1 4 1466 0000
1 4 1467 0000
1 4 1468 0000
1 4 1469 0000
1 4 1470 0000
1 4 1471 0000
1 4 1472 0000
1 4 1473 0000
1 4 1474 0000
1 4 1475 0000
1 4 1476 0000
1 4 1477 0000
1 4 1478 0000
1 4 1479 0000
1 4 1480 0000
1 4 1481 0000
1 4 1482 0000
1 4 1483 0000
1 4 1484 0000
1 4 1485 0000
1 4 1486 0000
1 4 1487 0000
1 4 1488 0000
1 4 1489 0000
1 4 1490 0000
1 4 1491 0000
1 4 1492 0000
1 4 1493 0000
1 4 1494 0000
1 4 1495 0000
1 4 1496 0000
1 4 1497 0000
1 4 1498 0000
1 4 1499 0000
1 4 1500 0000
1 4 1501 0000
1 4 1502 0000
1 4 1503 0000
1 4 1504 0000
1 4 1505 0000
1 4 1506 0000
1 4 1507 0000
1 4 1508 0000
1 4 1509 0000
1 4 1510 0000
1 4 1511 0000
1 4 1512 0000
1 4 1513 0000
1 4 1514 0000
1 4 1515 0000
1 4 1516 0000
1 4 1517 0000
1 4 1518 0000
1 4 1519 0000
1 4 1520 0000
1 4 1521 0000
1 4 1522 0000
1 4 1523 0000
1 4 1524 0000
1 4 1525 0000
1 4 1526 0000
1 4 1527 0000
1 4 1528 0000
1 4 1529 0000
1 4 1530 0000
1 4 1531 0000
1 4 1532 0000
1 4 1533 0000
1 4 1534 0000
1 4 1535 0000
1 4 1536 0000
1 4 1537 0000
1 4 1538 0000
1 4 1539 0000
1 4 1540 0000
1 4 1541 0000
1 4 1542 0000
1 4 1543 0000
1 4 1544 0000
1 4 1545 0000
1 4 1546 0000
1 4 1547 0000
1 4 1548 0000
1 4 1549 0000
1 4 1550 0000
1 4 1551 0000
1 4 1552 0000
1 4 1553 0000
1 4 1554 0000
1 4 1555 0000
1 4 1556 0000
1 4 1557 0000
1 4 1558 0000
1 4 1559 0000
1 4 1560 0000
1 4 1561 0000
1 4 1562 0000
1 4 1563 0000
1 4 1564 0000
1 4 1565 0000
1 4 1566 0000
1 4 1567 0000
1 4 1568 0000
1 4 1569 0000
1 4 1570 0000
1 4 1571 0000
1 4 1572 0000
1 4 1573 0000
1 4 1574 0000
1 4 1575 0000
1 4 1576 0000
1 4 1577 0000
1 4 1578 0000
1 4 1579 0000
1 4 1580 0000
1 4 1581 0000
1 4 1582 0000
1 4 1583 0000
1 4 1584 0000
1 4 1585 0000
1 4 1586 0000
1 4 1587 0000
1 4 1588 0000
1 4 1589 0000
1 4 1590 0000
1 4 1591 0000
1 4 1592 0000
1 4 1593 0000
1 4 1594 0000
1 4 1595 0000
1 4 1596 0000
1 4 1597 0000
1 4 1598 0000
1 4 1599 0000
1 4 1600 7FFF
1 4 1601 0000
1 4 1602 0000
1 4 1603 0000
1 4 1604 0000
1 4 1605 0000
1 4 1606 0000
1 4 1607 0000
1 4 1608 0000
1 4 1609 0000
1 4 1610 0000
1 4 1611 0000
1 4 1612 0000
1 4 1613 0000
1 4 1614 0000
1 4 1615 0000
1 4 1616 0000
1 4 1617 0000
1 4 1618 0000
1 4 1619 0000
1 4 1620 0000
1 4 1621 0000
1 4 1622 0000
1 4 1623 0000
1 4 1624 0000
1 4 1625 0000
1 4 1626 0000
1 4 1627 0000
1 4 1628 0000
1 4 1629 0000
1 4 1630 0000
1 4 1631 0000
1 4 1632 0000
1 4 1633 0000
1 4 1634 0000
1 4 1635 0000
1 4 1636 0000
1 4 1637 0000
1 4 1638 0000
1 4 1639 0000
1 4 1640 0000
1 4 1641 0000
1 4 1642 0000
1 4 1643 0000
1 4 1644 0000
1 4 1645 0000
1 4 1646 0000
1 4 1647 0000
1 4 1648 0000
1 4 1649 0000
1 4 1650 0000
1 4 1651 0000
1 4 1652 0000
1 4 1653 0000
1 4 1654 0000
1 4 1655 0000
1 4 1656 0000
1 4 1657 0000
1 4 1658 0000
1 4 1659 0000
1 4 1660 0000
1 4 1661 0000
1 4 1662 0000
1 4 1663 0000
1 4 1664 0000
1 4 1665 0000
1 4 1666 0000
1 4 1667 0000
1 4 1668 0000
1 4 1669 0000
1 4 1670 0000
1 4 1671 0000
1 4 1672 0000
1 4 1673 0000
1 4 1674 0000
1 4 1675 0000
1 4 1676 0000
1 4 1677 0000
1 4 1678 0000
1 4 1679 0000
1 4 1680 0000
1 4 1681 0000
1 4 1682 0000
1 4 1683 0000
1 4 1684 0000
1 4 1685 0000
1 4 1686 0000
1 4 1687 0000
1 4 1688 0000
1 4 1689 0000
1 4 1690 0000
1 4 1691 0000
1 4 1692 0000
1 4 1693 0000
1 4 1694 0000
1 4 1695 0000
1 4 1696 0000
1 4 1697 0000
1 4 1698 0000
1 4 1699 0000
1 4 1700 0000
1 4 1701 0000
1 4 1702 0000
1 4 1703 0000
1 4 1704 0000
1 4 1705 0000
1 4 1706 0000
1 4 1707 0000
1 4 1708 0000
1 4 1709 0000
1 4 1710 0000
1 4 1711 0000
1 4 1712 0000
1 4 1713 0000
1 4 1714 0000
1 4 1715 0000
1 4 1716 0000
1 4 1717 0000
1 4 1718 0000
1 4 1719 0000
1 4 1720 0000
1 4 1721 0000
1 4 1722 0000
1 4 1723 0000
1 4 1724 0000
1 4 1725 0000
1 4 1726 0000
1 4 1727 0000
1 4 1728 0000
1 4 1729 0000
1 4 1730 0000
1 4 1731 0000
1 4 1732 0000
1 4 1733 0000
1 4 1734 0000
1 4 1735 0000
1 4 1736 0000
1 4 1737 0000
1 4 1738 0000
1 4 1739 0000
1 4 1740 0000
1 4 1741 0000
1 4 1742 0000
1 4 1743 0000
1 4 1744 0000
1 4 1745 0000
1 4 1746 0000
1 4 1747 0000
1 4 1748 0000
1 4 1749 0000
1 4 1750 0000
1 4 1751 0000
1 4 1752 0000
1 4 1753 0000
1 4 1754 0000
1 4 1755 0000
1 4 1756 0000
1 4 1757 0000
1 4 1758 0000
1 4 1759 0000
1 4 1760 0000
1 4 1761 0000
1 4 1762 0000
1 4 1763 0000
1 4 1764 0000
1 4 1765 0000
1 4 1766 0000
1 4 1767 0000
1 4 1768 0000
1 4 1769 0000
1 4 1770 0000
1 4 1771 0000
1 4 1772 0000
1 4 1773 0000
1 4 1774 0000
1 4 1775 0000
1 4 1776 0000
1 4 1777 0000
1 4 1778 0000
1 4 1779 0000
1 4 1780 0000
1 4 1781 0000
1 4 1782 0000
1 4 1783 0000
1 4 1784 0000
1 4 1785 0000
1 4 1786 0000
1 4 1787 0000
1 4 1788 0000
1 4 1789 0000
1 4 1790 0000
1 4 1791 0000
1 4 1792 0000
1 4 1793 0000
1 4 1794 0000
1 4 1795 0000
1 4 1796 0000
1 4 1797 0000
1 4 1798 0000
1 4 1799 0000
1 4 1800 0000
1 4 1801 0000
1 4 1802 0000
1 4 1803 0000
1 4 1804 0000
1 4 1805 0000
1 4 1806 0000
1 4 1807 0000
1 4 1808 0000
1 4 1809 0000
1 4 1810 0000
1 4 1811 0000
1 4 1812 0000
1 4 1813 0000
1 4 1814 0000
1 4 1815 0000
1 4 1816 0000
1 4 1817 0000
1 4 1818 0000
1 4 1819 0000
1 4 1820 0000
1 4 1821 0000
1 4 1822 0000
1 4 1823 0000
1 4 1824 0000
1 4 1825 0000
1 4 1826 0000
1 4 1827 0000
1 4 1828 0000
1 4 1829 0000
1 4 1830 0000
1 4 1831 0000
1 4 1832 0000
1 4 1833 0000
1 4 1834 0000
1 4 1835 0000
1 4 1836 0000
1 4 1837 0000
1 4 1838 0000
1 4 1839 0000
1 4 1840 0000
1 4 1841 0000
1 4 1842 0000
1 4 1843 0000
1 4 1844 0000
1 4 1845 0000
1 4 1846 0000
1 4 1847 0000
1 4 1848 0000
1 4 1849 0000
1 4 1850 0000
1 4 1851 0000
1 4 1852 0000
1 4 1853 0000
1 4 1854 0000
1 4 1855 0000
1 4 1856 0000
1 4 1857 0000
1 4 1858 0000
1 4 1859 0000
1 4 1860 0000
1 4 1861 0000
1 4 1862 0000
1 4 1863 0000
1 4 1864 0000
1 4 1865 0000
1 4 1866 0000
1 4 1867 0000
1 4 1868 0000
1 4 1869 0000
1 4 1870 0000
1 4 1871 0000
1 4 1872 0000
1 4 1873 0000
1 4 1874 0000
1 4 1875 0000
1 4 1876 0000
1 4 1877 0000
1 4 1878 0000
1 4 1879 0000
1 4 1880 0000
1 4 1881 0000
1 4 1882 0000
1 4 1883 0000
1 4 1884 0000
1 4 1885 0000
1 4 1886 0000
1 4 1887 0000
1 4 1888 0000
1 4 1889 0000
1 4 1890 0000
1 4 1891 0000
1 4 1892 0000
1 4 1893 0000
1 4 1894 0000
1 4 1895 0000
1 4 1896 0000
1 4 1897 0000
1 4 1898 0000
1 4 1899 0000
1 4 1900 0000
1 4 1901 0000
1 4 1902 0000
1 4 1903 0000
1 4 1904 0000
1 4 1905 0000
1 4 1906 0000
1 4 1907 0000
1 4 1908 0000
1 4 1909 0000
1 4 1910 0000
1 4 1911 0000
1 4 1912 0000
1 4 1913 0000
1 4 1914 0000
1 4 1915 0000
1 4 1916 0000
1 4 1917 0000
1 4 1918 0000
1 4 1919 0000
1 4 1920 0000
1 4 1921 0000
1 4 1922 0000
1 4 1923 0000
1 4 1924 0000
1 4 1925 0000
1 4 1926 0000
1 4 1927 0000
1 4 1928 0000
1 4 1929 0000
1 4 1930 0000
1 4 1931 0000
1 4 1932 0000
1 4 1933 0000
1 4 1934 0000
1 4 1935 0000
1 4 1936 0000
1 4 1937 0000
1 4 1938 0000
1 4 1939 0000
1 4 1940 0000
1 4 1941 0000
1 4 1942 0000
1 4 1943 0000
1 4 1944 0000
1 4 1945 0000
1 4 1946 0000
1 4 1947 0000
1 4 1948 0000
1 4 1949 0000
1 4 1950 0000
1 4 1951 0000
1 4 1952 0000
1 4 1953 0000
1 4 1954 0000
1 4 1955 0000
1 4 1956 0000
1 4 1957 0000
1 4 1958 0000
1 4 1959 0000
1 4 1960 0000
1 4 1961 0000
1 4 1962 0000
1 4 1963 0000
1 4 1964 0000
1 4 1965 0000
1 4 1966 0000
1 4 1967 0000
1 4 1968 0000
1 4 1969 0000
1 4 1970 0000
1 4 1971 0000
1 4 1972 0000
1 4 1973 0000
1 4 1974 0000
1 4 1975 0000
1 4 1976 0000
1 4 1977 0000
1 4 1978 0000
1 4 1979 0000
1 4 1980 0000
1 4 1981 0000
1 4 1982 0000
1 4 1983 0000
1 4 1984 0000
1 4 1985 0000
1 4 1986 0000
1 4 1987 0000
1 4 1988 0000
1 4 1989 0000
1 4 1990 0000
1 4 1991 0000
1 4 1992 0000
1 4 1993 0000
1 4 1994 0000
1 4 1995 0000
1 4 1996 0000
1 4 1997 0000
1 4 1998 0000
1 4 1999 0000
1 4 2000 0000
1 4 2001 0000
1 4 2002 0000
1 4 2003 0000
1 4 2004 0000
1 4 2005 0000
1 4 2006 0000
1 4 2007 0000
1 4 2008 0000
1 4 2009 0000
1 4 2010 0000
1 4 2011 0000
1 4 2012 0000
1 4 2013 0000
1 4 2014 0000
1 4 2015 0000
1 4 2016 0000
1 4 2017 0000
1 4 2018 0000
1 4 2019 0000
1 4 2020 0000
1 4 2021 0000
1 4 2022 0000
1 4 2023 0000
1 4 2024 0000
1 4 2025 0000
1 4 2026 0000
1 4 2027 0000
1 4 2028 0000
1 4 2029 0000
1 4 2030 0000
1 4 2031 0000
1 4 2032 0000
1 4 2033 0000
1 4 2034 0000
1 4 2035 0000
1 4 2036 0000
1 4 2037 0000
1 4 2038 0000
1 4 2039 0000
1 4 2040 0000
1 4 2041 0000
1 4 2042 0000
1 4 2043 0000
1 4 2044 0000
1 4 2045 0000
1 4 2046 0000
1 4 2047 0000
1 5 0 0000
1 5 1 0000
1 5 2 0000
1 5 3 0000
1 5 4 0000
1 5 5 0000
1 5 6 0000
1 5 7 0000
1 5 8 0000
1 5 9 0000
1 5 10 0000
1 5 11 0000
1 5 12 0000
1 5 13 0000
1 5 14 0000
1 5 15 0000
1 5 16 0000
1 5 17 0000
1 5 18 0000
1 5 19 0000
1 5 20 0000
1 5 21 0000
1 5 22 0000
1 5 23 0000
1 5 24 0000
1 5 25 0000
1 5 26 0000
1 5 27 0000
1 5 28 0000
1 5 29 0000
1 5 30 0000
1 5 31 0000
1 5 32 0000
1 5 33 0000
1 5 34 0000
1 5 35 0000
1 5 36 0000
1 5 37 0000
1 5 38 0000
1 5 39 0000
1 5 40 0000
1 5 41 0000
1 5 42 0000
1 5 43 0000
1 5 44 0000
1 5 45 0000
1 5 46 0000
1 5 47 0000
1 5 48 0000
1 5 49 0000
1 5 50 0000
1 5 51 0000
1 5 52 0000
1 5 53 0000
1 5 54 0000
1 5 55 0000
1 5 56 0000
1 5 57 0000
1 5 58 0000
1 5 59 0000
1 5 60 0000
1 5 61 0000
1 5 62 0000
1 5 63 0000
1 5 64 0000
1 5 65 0000
1 5 66 0000
1 5 67 0000
1 5 68 0000
1 5 69 0000
1 5 70 0000
1 5 71 0000
1 5 72 0000
1 5 73 0000
1 5 74 0000
1 5 75 0000
1 5 76 0000
1 5 77 0000
1 5 78 0000
1 5 79 0000
1 5 80 0000
1 5 81 0000
1 5 82 0000
1 5 83 0000
1 5 84 0000
1 5 85 0000
1 5 86 0000
1 5 87 0000
1 5 88 0000
1 5 89 0000
1 5 90 0000
1 5 91 0000
1 5 92 0000
1 5 93 0000
1 5 94 0000
1 5 95 0000
1 5 96 0000
1 5 97 0000
1 5 98 0000
1 5 99 0000
1 5 100 0000
1 5 101 0000
1 5 102 0000
1 5 103 0000
1 5 104 0000
1 5 105 0000
1 5 106 0000
1 5 107 0000
1 5 108 0000
1 5 109 0000
1 5 110 0000
1 5 111 0000
1 5 112 0000
1 5 113 0000
1 5 114 0000
1 5 115 0000
1 5 116 0000
1 5 117 0000
1 5 118 0000
1 5 119 0000
1 5 120 0000
1 5 121 0000
1 5 122 0000
1 5 123 0000
1 5 124 0000
1 5 125 0000
1 5 126 0000
1 5 127 0000
1 5 128 0000
1 5 129 0000
1 5 130 0000
1 5 131 0000
1 5 132 0000
1 5 133 0000
1 5 134 0000
1 5 135 0000
1 5 136 0000
1 5 137 0000
1 5 138 0000
1 5 139 0000
1 5 140 0000
1 5 141 0000
1 5 142 0000
1 5 143 0000
1 5 144 0000
1 5 145 0000
1 5 146 0000
1 5 147 0000
1 5 148 0000
1 5 149 0000
1 5 150 0000
1 5 151 0000
1 5 152 0000
1 5 153 0000
1 5 154 0000
1 5 155 0000
1 5 156 0000
1 5 157 0000
1 5 158 0000
1 5 159 0000
1 5 160 0000
1 5 161 0000
1 5 162 0000
1 5 163 0000
1 5 164 0000
1 5 165 0000
1 5 166 0000
1 5 167 0000
1 5 168 0000
1 5 169 0000
1 5 170 0000
1 5 171 0000
1 5 172 0000
1 5 173 0000
1 5 174 0000
1 5 175 0000
1 5 176 0000
1 5 177 0000
1 5 178 0000
1 5 179 0000
1 5 180 0000
1 5 181 0000
1 5 182 0000
1 5 183 0000
1 5 184 0000
1 5 185 0000
1 5 186 0000
1 5 187 0000
1 5 188 0000
1 5 189 0000
1 5 190 0000
1 5 191 0000
1 5 192 0000
1 5 193 0000
1 5 194 0000
1 5 195 0000
1 5 196 0000
1 5 197 0000
1 5 198 0000
1 5 199 0000
1 5 200 0000
1 5 201 0000
1 5 202 0000
1 5 203 0000
1 5 204 0000
1 5 205 0000
1 5 206 0000
1 5 207 0000
1 5 208 0000
1 5 209 0000
1 5 210 0000
1 5 211 0000
1 5 212 0000
1 5 213 0000
1 5 214 0000
1 5 215 0000
1 5 216 0000
1 5 217 0000
1 5 218 0000
1 5 219 0000
1 5 220 0000
1 5 221 0000
1 5 222 0000
1 5 223 0000
1 5 224 0000
1 5 225 0000
1 5 226 0000
1 5 227 0000
1 5 228 0000
1 5 229 0000
1 5 230 0000
1 5 231 0000
1 5 232 0000
1 5 233 0000
1 5 234 0000
1 5 235 0000
1 5 236 0000
1 5 237 0000
1 5 238 0000
1 5 239 0000
1 5 240 0000
1 5 241 0000
1 5 242 0000
1 5 243 0000
1 5 244 0000
1 5 245 0000
1 5 246 0000
1 5 247 0000
1 5 248 0000
1 5 249 0000
1 5 250 0000
1 5 251 0000
1 5 252 0000
1 5 253 0000
1 5 254 0000
1 5 255 0000
1 5 256 0000
1 5 257 0000
1 5 258 0000
1 5 259 0000
1 5 260 0000
1 5 261 0000
1 5 262 0000
1 5 263 0000
1 5 264 0000
1 5 265 0000
1 5 266 0000
1 5 267 0000
1 5 268 0000
1 5 269 0000
1 5 270 0000
1 5 271 0000
1 5 272 0000
1 5 273 0000
1 5 274 0000
1 5 275 0000
1 5 276 0000
1 5 277 0000
1 5 278 0000
1 5 279 0000
1 5 280 0000
1 5 281 0000
1 5 282 0000
1 5 283 0000
1 5 284 0000
1 5 285 0000
1 5 286 0000
1 5 287 0000
1 5 288 0000
1 5 289 0000
1 5 290 0000
1 5 291 0000
1 5 292 0000
1 5 293 0000
1 5 294 0000
1 5 295 0000
1 5 296 0000
1 5 297 0000
1 5 298 0000
1 5 299 0000
1 5 300 0000
1 5 301 0000
1 5 302 0000
1 5 303 0000
1 5 304 0000
1 5 305 0000
1 5 306 0000
1 5 307 0000
1 5 308 0000
1 5 309 0000
1 5 310 0000
1 5 311 0000
1 5 312 0000
1 5 313 0000
1 5 314 0000
1 5 315 0000
1 5 316 0000
1 5 317 0000
1 5 318 0000
1 5 319 0000
1 5 320 0000
1 5 321 0000
1 5 322 0000
1 5 323 0000
1 5 324 0000
1 5 325 0000
1 5 326 0000
1 5 327 0000
1 5 328 0000
1 5 329 0000
1 5 330 0000
1 5 331 0000
1 5 332 0000
1 5 333 0000
1 5 334 0000
1 5 335 0000
1 5 336 0000
1 5 337 0000
1 5 338 0000
1 5 339 0000
1 5 340 0000
1 5 341 0000
1 5 342 0000
1 5 343 0000
1 5 344 0000
1 5 345 0000
1 5 346 0000
1 5 347 0000
1 5 348 0000
1 5 349 0000
1 5 350 0000
1 5 351 0000
1 5 352 0000
1 5 353 0000
1 5 354 0000
1 5 355 0000
1 5 356 0000
1 5 357 0000
1 5 358 0000
1 5 359 0000
1 5 360 0000
1 5 361 0000
1 5 362 0000
1 5 363 0000
1 5 364 0000
1 5 365 0000
1 5 366 0000
1 5 367 0000
1 5 368 0000
1 5 369 0000
1 5 370 0000
1 5 371 0000
1 5 372 0000
1 5 373 0000
1 5 374 0000
1 5 375 0000
1 5 376 0000
1 5 377 0000
1 5 378 0000
1 5 379 0000
1 5 380 0000
1 5 381 0000
1 5 382 0000
1 5 383 0000
1 5 384 0000
1 5 385 0000
1 5 386 0000
1 5 387 0000
1 5 388 0000
1 5 389 0000
1 5 390 0000
1 5 391 0000
1 5 392 0000
1 5 393 0000
1 5 394 0000
1 5 395 0000
1 5 396 0000
1 5 397 0000
1 5 398 0000
1 5 399 0000
1 5 400 0000
1 5 401 0000
1 5 402 0000
1 5 403 0000
1 5 404 0000
1 5 405 0000
1 5 406 0000
1 5 407 0000
1 5 408 0000
1 5 409 0000
1 5 410 0000
1 5 411 0000
1 5 412 0000
1 5 413 0000
1 5 414 0000
1 5 415 0000
1 5 416 0000
1 5 417 0000
1 5 418 0000
1 5 419 0000
1 5 420 0000
1 5 421 0000
1 5 422 0000
1 5 423 0000
1 5 424 0000
1 5 425 0000
1 5 426 0000
1 5 427 0000
1 5 428 0000
1 5 429 0000
1 5 430 0000
1 5 431 0000
1 5 432 0000
1 5 433 0000
1 5 434 0000
1 5 435 0000
1 5 436 0000
1 5 437 0000
1 5 438 0000
1 5 439 0000
1 5 440 0000
1 5 441 0000
1 5 442 0000
1 5 443 0000
1 5 444 0000
1 5 445 0000
1 5 446 0000
1 5 447 0000
1 5 448 0000
1 5 449 0000
1 5 450 0000
1 5 451 0000
1 5 452 0000
1 5 453 0000
1 5 454 0000
1 5 455 0000
1 5 456 0000
1 5 457 0000
1 5 458 0000
1 5 459 0000
1 5 460 0000
1 5 461 0000
1 5 462 0000
1 5 463 0000
1 5 464 0000
1 5 465 0000
1 5 466 0000
1 5 467 0000
1 5 468 0000
1 5 469 0000
1 5 470 0000
1 5 471 0000
1 5 472 0000
1 5 473 0000
1 5 474 0000
1 5 475 0000
1 5 476 0000
1 5 477 0000
1 5 478 0000
1 5 479 0000
1 5 480 0000
1 5 481 0000
1 5 482 0000
1 5 483 0000
1 5 484 0000
1 5 485 0000
1 5 486 0000
1 5 487 0000
1 5 488 0000
1 5 489 0000
1 5 490 0000
1 5 491 0000
1 5 492 0000
1 5 493 0000
1 5 494 0000
1 5 495 0000
1 5 496 0000
1 5 497 0000
1 5 498 0000
1 5 499 0000
1 5 500 0000
1 5 501 0000
1 5 502 0000
1 5 503 0000
1 5 504 0000
1 5 505 0000
1 5 506 0000
1 5 507 0000
1 5 508 0000
1 5 509 0000
1 5 510 0000
1 5 511 0000
1 5 512 0000
1 5 513 0000
1 5 514 0000
1 5 515 0000
1 5 516 0000
1 5 517 0000
1 5 518 0000
1 5 519 0000
1 5 520 0000
1 5 521 0000
1 5 522 0000
1 5 523 0000
1 5 524 0000
1 5 525 0000
1 5 526 0000
1 5 527 0000
1 5 528 0000
1 5 529 0000
1 5 530 0000
1 5 531 0000
1 5 532 0000
1 5 533 0000
1 5 534 0000
1 5 535 0000
1 5 536 0000
1 5 537 0000
1 5 538 0000
1 5 539 0000
1 5 540 0000
1 5 541 0000
1 5 542 0000
1 5 543 0000
1 5 544 0000
1 5 545 0000
1 5 546 0000
1 5 547 0000
1 5 548 0000
1 5 549 0000
1 5 550 0000
1 5 551 0000
1 5 552 0000
1 5 553 0000
1 5 554 0000
1 5 555 0000
1 5 556 0000
1 5 557 0000
1 5 558 0000
1 5 559 0000
1 5 560 0000
1 5 561 0000
1 5 562 0000
1 5 563 0000
1 5 564 0000
1 5 565 0000
1 5 566 0000
1 5 567 0000
1 5 568 0000
1 5 569 0000
1 5 570 0000
1 5 571 0000
1 5 572 0000
1 5 573 0000
1 5 574 0000
1 5 575 0000
1 5 576 0000
1 5 577 0000
1 5 578 0000
1 5 579 0000
1 5 580 0000
1 5 581 0000
1 5 582 0000
1 5 583 0000
1 5 584 0000
1 5 585 0000
1 5 586 0000
1 5 587 0000
1 5 588 0000
1 5 589 0000
1 5 590 0000
1 5 591 0000
1 5 592 0000
1 5 593 0000
1 5 594 0000
1 5 595 0000
1 5 596 0000
1 5 597 0000
1 5 598 0000
1 5 599 0000
1 5 600 0000
1 5 601 0000
1 5 602 0000
1 5 603 0000
1 5 604 0000
1 5 605 0000
1 5 606 0000
1 5 607 0000
1 5 608 0000
1 5 609 0000
1 5 610 0000
1 5 611 0000
1 5 612 0000
1 5 613 0000
1 5 614 0000
1 5 615 0000
1 5 616 0000
1 5 617 0000
1 5 618 0000
1 5 619 0000
1 5 620 0000
1 5 621 0000
1 5 622 0000
1 5 623 0000
1 5 624 0000
1 5 625 0000
1 5 626 0000
1 5 627 0000
1 5 628 0000
1 5 629 0000
1 5 630 0000
1 5 631 0000
1 5 632 0000
1 5 633 0000
1 5 634 0000
1 5 635 0000
1 5 636 0000
1 5 637 0000
1 5 638 0000
1 5 639 0000
1 5 640 0000
1 5 641 0000
1 5 642 0000
1 5 643 0000
1 5 644 0000
1 5 645 0000
1 5 646 0000
1 5 647 0000
1 5 648 0000
1 5 649 0000
1 5 650 0000
1 5 651 0000
1 5 652 0000
1 5 653 0000
1 5 654 0000
1 5 655 0000
1 5 656 0000
1 5 657 0000
1 5 658 0000
1 5 659 0000
1 5 660 0000
1 5 661 0000
1 5 662 0000
1 5 663 0000
1 5 664 0000
1 5 665 0000
1 5 666 0000
1 5 667 0000
1 5 668 0000
1 5 669 0000
1 5 670 0000
1 5 671 0000
1 5 672 0000
1 5 673 0000
1 5 674 0000
1 5 675 0000
1 5 676 0000
1 5 677 0000
1 5 678 0000
1 5 679 0000
1 5 680 0000
1 5 681 0000
1 5 682 0000
1 5 683 0000
1 5 684 0000
1 5 685 0000
1 5 686 0000
1 5 687 0000
1 5 688 0000
1 5 689 0000
1 5 690 0000
1 5 691 0000
1 5 692 0000
1 5 693 0000
1 5 694 0000
1 5 695 0000
1 5 696 0000
1 5 697 0000
1 5 698 0000
1 5 699 0000
1 5 700 0000
1 5 701 0000
1 5 702 0000
1 5 703 0000
1 5 704 0000
1 5 705 0000
1 5 706 0000
1 5 707 0000
1 5 708 0000
1 5 709 0000
1 5 710 0000
1 5 711 0000
1 5 712 0000
1 5 713 0000
1 5 714 0000
1 5 715 0000
1 5 716 0000
1 5 717 0000
1 5 718 0000
1 5 719 0000
1 5 720 0000
1 5 721 0000
1 5 722 0000
1 5 723 0000
1 5 724 0000
1 5 725 0000
1 5 726 0000
1 5 727 0000
1 5 728 0000
1 5 729 0000
1 5 730 0000
1 5 731 0000
1 5 732 0000
1 5 733 0000
1 5 734 0000
1 5 735 0000
1 5 736 0000
1 5 737 0000
1 5 738 0000
1 5 739 0000
1 5 740 0000
1 5 741 0000
1 5 742 0000
1 5 743 0000
1 5 744 0000
1 5 745 0000
1 5 746 0000
1 5 747 0000
1 5 748 0000
1 5 749 0000
1 5 750 0000
1 5 751 0000
1 5 752 0000
1 5 753 0000
1 5 754 0000
1 5 755 0000
1 5 756 0000
1 5 757 0000
1 5 758 0000
1 5 759 0000
1 5 760 0000
1 5 761 0000
1 5 762 0000
1 5 763 0000
1 5 764 0000
1 5 765 0000
1 5 766 0000
1 5 767 0000
1 5 768 0000
1 5 769 0000
1 5 770 0000
1 5 771 0000
1 5 772 0000
1 5 773 0000
1 5 774 0000
1 5 775 0000
1 5 776 0000
1 5 777 0000
1 5 778 0000
1 5 779 0000
1 5 780 0000
1 5 781 0000
1 5 782 0000
1 5 783 0000
1 5 784 0000
1 5 785 0000
1 5 786 0000
1 5 787 0000
1 5 788 0000
1 5 789 0000
1 5 790 0000
1 5 791 0000
1 5 792 0000
1 5 793 0000
1 5 794 0000
1 5 795 0000
1 5 796 0000
1 5 797 0000
1 5 798 0000
1 5 799 0000
1 5 800 0000
1 5 801 0000
1 5 802 0000
1 5 803 0000
1 5 804 0000
1 5 805 0000
1 5 806 0000
1 5 807 0000
1 5 808 0000
1 5 809 0000
1 5 810 0000
1 5 811 0000
1 5 812 0000
1 5 813 0000
1 5 814 0000
1 5 815 0000
1 5 816 0000
1 5 817 0000
1 5 818 0000
1 5 819 0000
1 5 820 0000
1 5 821 0000
1 5 822 0000
1 5 823 0000
1 5 824 0000
1 5 825 0000
1 5 826 0000
1 5 827 0000
1 5 828 0000
1 5 829 0000
1 5 830 0000
1 5 831 0000
1 5 832 0000
1 5 833 0000
1 5 834 0000
1 5 835 0000
1 5 836 0000
1 5 837 0000
1 5 838 0000
1 5 839 0000
1 5 840 0000
1 5 841 0000
1 5 842 0000
1 5 843 0000
1 5 844 0000
1 5 845 0000
1 5 846 0000
1 5 847 0000
1 5 848 0000
1 5 849 0000
1 5 850 0000
1 5 851 0000
1 5 852 0000
1 5 853 0000
1 5 854 0000
1 5 855 0000
1 5 856 0000
1 5 857 0000
1 5 858 0000
1 5 859 0000
1 5 860 0000
1 5 861 0000
1 5 862 0000
1 5 863 0000
1 5 864 0000
1 5 865 0000
1 5 866 0000
1 5 867 0000
1 5 868 0000
1 5 869 0000
1 5 870 0000
1 5 871 0000
1 5 872 0000
1 5 873 0000
1 5 874 0000
1 5 875 0000
1 5 876 0000
1 5 877 0000
1 5 878 0000
1 5 879 0000
1 5 880 0000
1 5 881 0000
1 5 882 0000
1 5 883 0000
1 5 884 0000
1 5 885 0000
1 5 886 0000
1 5 887 0000
1 5 888 0000
1 5 889 0000
1 5 890 0000
1 5 891 0000
1 5 892 0000
1 5 893 0000
1 5 894 0000
1 5 895 0000
1 5 896 0000
1 5 897 0000
1 5 898 0000
1 5 899 0000
1 5 900 0000
1 5 901 0000
1 5 902 0000
1 5 903 0000
1 5 904 0000
1 5 905 0000
1 5 906 0000
1 5 907 0000
1 5 908 0000
1 5 909 0000
1 5 910 0000
1 5 911 0000
1 5 912 0000
1 5 913 0000
1 5 914 0000
1 5 915 0000
1 5 916 0000
1 5 917 0000
1 5 918 0000
1 5 919 0000
1 5 920 0000
1 5 921 0000
1 5 922 0000
1 5 923 0000
1 5 924 0000
1 5 925 0000
1 5 926 0000
1 5 927 0000
1 5 928 0000
1 5 929 0000
1 5 930 0000
1 5 931 0000
1 5 932 0000
1 5 933 0000
1 5 934 0000
1 5 935 0000
1 5 936 0000
1 5 937 0000
1 5 938 0000
1 5 939 0000
1 5 940 0000
1 5 941 0000
1 5 942 0000
1 5 943 0000
1 5 944 0000
1 5 945 0000
1 5 946 0000
1 5 947 0000
1 5 948 0000
1 5 949 0000
1 5 950 0000
1 5 951 0000
1 5 952 0000
1 5 953 0000
1 5 954 0000
1 5 955 0000
1 5 956 0000
1 5 957 0000
1 5 958 0000
1 5 959 0000
1 5 960 0000
1 5 961 0000
1 5 962 0000
1 5 963 0000
1 5 964 0000
1 5 965 0000
1 5 966 0000
1 5 967 0000
1 5 968 0000
1 5 969 0000
1 5 970 0000
1 5 971 0000
1 5 972 0000
1 5 973 0000
1 5 974 0000
1 5 975 0000
1 5 976 0000
1 5 977 0000
1 5 978 0000
1 5 979 0000
1 5 980 0000
1 5 981 0000
1 5 982 0000
1 5 983 0000
1 5 984 0000
1 5 985 0000
1 5 986 0000
1 5 987 0000
1 5 988 0000
1 5 989 0000
1 5 990 0000
1 5 991 0000
1 5 992 0000
1 5 993 0000
1 5 994 0000
1 5 995 0000
1 5 996 0000
1 5 997 0000
1 5 998 0000
1 5 999 0000
1 5 1000 0000
1 5 1001 0000
1 5 1002 0000
1 5 1003 0000
1 5 1004 0000
1 5 1005 0000
1 5 1006 0000
1 5 1007 0000
1 5 1008 0000
1 5 1009 0000
1 5 1010 0000
1 5 1011 0000
1 5 1012 0000
1 5 1013 0000
1 5 1014 0000
1 5 1015 0000
1 5 1016 0000
1 5 1017 0000
1 5 1018 0000
1 5 1019 0000
1 5 1020 0000
1 5 1021 0000
1 5 1022 0000
1 5 1023 0000
1 5 1024 0000
1 5 1025 0000
1 5 1026 0000
1 5 1027 0000
1 5 1028 0000
1 5 1029 0000
1 5 1030 0000
1 5 1031 0000
1 5 1032 0000
1 5 1033 0000
1 5 1034 0000
1 5 1035 0000
1 5 1036 0000
1 5 1037 0000
1 5 1038 0000
1 5 1039 0000
1 5 1040 0000
1 5 1041 0000
1 5 1042 0000
1 5 1043 0000
1 5 1044 0000
1 5 1045 0000
1 5 1046 0000
1 5 1047 0000
1 5 1048 0000
1 5 1049 0000
1 5 1050 0000
1 5 1051 0000
1 5 1052 0000
1 5 1053 0000
1 5 1054 0000
1 5 1055 0000
1 5 1056 0000
1 5 1057 0000
1 5 1058 0000
1 5 1059 0000
1 5 1060 0000
1 5 1061 0000
1 5 1062 0000
1 5 1063 0000
1 5 1064 0000
1 5 1065 0000
1 5 1066 0000
1 5 1067 0000
1 5 1068 0000
1 5 1069 0000
1 5 1070 0000
1 5 1071 0000
1 5 1072 0000
1 5 1073 0000
1 5 1074 0000
1 5 1075 0000
1 5 1076 0000
1 5 1077 0000
1 5 1078 0000
1 5 1079 0000
1 5 1080 0000
1 5 1081 0000
1 5 1082 0000
1 5 1083 0000
1 5 1084 0000
1 5 1085 0000
1 5 1086 0000
1 5 1087 0000
1 5 1088 0000
1 5 1089 0000
1 5 1090 0000
1 5 1091 0000
1 5 1092 0000
1 5 1093 0000
1 5 1094 0000
1 5 1095 0000
1 5 1096 0000
1 5 1097 0000
1 5 1098 0000
1 5 1099 0000
1 5 1100 0000
1 5 1101 0000
1 5 1102 0000
1 5 1103 0000
1 5 1104 0000
1 5 1105 0000
1 5 1106 0000
1 5 1107 0000
1 5 1108 0000
1 5 1109 0000
1 5 1110 0000
1 5 1111 0000
1 5 1112 0000
1 5 1113 0000
1 5 1114 0000
1 5 1115 0000
1 5 1116 0000
1 5 1117 0000
1 5 1118 0000
1 5 1119 0000
1 5 1120 0000
1 5 1121 0000
1 5 1122 0000
1 5 1123 0000
1 5 1124 0000
1 5 1125 0000
1 5 1126 0000
1 5 1127 0000
1 5 1128 0000
1 5 1129 0000
1 5 1130 0000
1 5 1131 0000
1 5 1132 0000
1 5 1133 0000
1 5 1134 0000
1 5 1135 0000
1 5 1136 0000
1 5 1137 0000
1 5 1138 0000
1 5 1139 0000
1 5 1140 0000
1 5 1141 0000
1 5 1142 0000
1 5 1143 0000
1 5 1144 0000
1 5 1145 0000
1 5 1146 0000
1 5 1147 0000
1 5 1148 0000
1 5 1149 0000
1 5 1150 0000
1 5 1151 0000
1 5 1152 0000
1 5 1153 0000
1 5 1154 0000
1 5 1155 0000
1 5 1156 0000
1 5 1157 0000
1 5 1158 0000
1 5 1159 0000
1 5 1160 0000
1 5 1161 0000
1 5 1162 0000
1 5 1163 0000
1 5 1164 0000
1 5 1165 0000
1 5 1166 0000
1 5 1167 0000
1 5 1168 0000
1 5 1169 0000
1 5 1170 0000
1 5 1171 0000
1 5 1172 0000
1 5 1173 0000
1 5 1174 0000
1 5 1175 0000
1 5 1176 0000
1 5 1177 0000
1 5 1178 0000
1 5 1179 0000
1 5 1180 0000
1 5 1181 0000
1 5 1182 0000
1 5 1183 0000
1 5 1184 0000
1 5 1185 0000
1 5 1186 0000
1 5 1187 0000
1 5 1188 0000
1 5 1189 0000
1 5 1190 0000
1 5 1191 0000
1 5 1192 0000
1 5 1193 0000
1 5 1194 0000
1 5 1195 0000
1 5 1196 0000
1 5 1197 0000
1 5 1198 0000
1 5 1199 0000
1 5 1200 0000
1 5 1201 0000
1 5 1202 0000
1 5 1203 0000
1 5 1204 0000
1 5 1205 0000
1 5 1206 0000
1 5 1207 0000
1 5 1208 0000
1 5 1209 0000
1 5 1210 0000
1 5 1211 0000
1 5 1212 0000
1 5 1213 0000
1 5 1214 0000
1 5 1215 0000
1 5 1216 0000
1 5 1217 0000
1 5 1218 0000
1 5 1219 0000
1 5 1220 0000
1 5 1221 0000
1 5 1222 0000
1 5 1223 0000
1 5 1224 0000
1 5 1225 0000
1 5 1226 0000
1 5 1227 0000
1 5 1228 0000
1 5 1229 0000
1 5 1230 0000
1 5 1231 0000
1 5 1232 0000
1 5 1233 0000
1 5 1234 0000
1 5 1235 0000
1 5 1236 0000
1 5 1237 0000
1 5 1238 0000
1 5 1239 0000
1 5 1240 0000
1 5 1241 0000
1 5 1242 0000
1 5 1243 0000
1 5 1244 0000
1 5 1245 0000
1 5 1246 0000
1 5 1247 0000
1 5 1248 0000
1 5 1249 0000
1 5 1250 0000
1 5 1251 0000
1 5 1252 0000
1 5 1253 0000
1 5 1254 0000
1 5 1255 0000
1 5 1256 0000
1 5 1257 0000
1 5 1258 0000
1 5 1259 0000
1 5 1260 0000
1 5 1261 0000
1 5 1262 0000
1 5 1263 0000
1 5 1264 0000
1 5 1265 0000
1 5 1266 0000
1 5 1267 0000
1 5 1268 0000
1 5 1269 0000
1 5 1270 0000
1 5 1271 0000
1 5 1272 0000
1 5 1273 0000
1 5 1274 0000
1 5 1275 0000
1 5 1276 0000
1 5 1277 0000
1 5 1278 0000
1 5 1279 0000
1 5 1280 0000
1 5 1281 0000
1 5 1282 0000
1 5 1283 0000
1 5 1284 0000
1 5 1285 0000
1 5 1286 0000
1 5 1287 0000
1 5 1288 0000
1 5 1289 0000
1 5 1290 0000
1 5 1291 0000
1 5 1292 0000
1 5 1293 0000
1 5 1294 0000
1 5 1295 0000
1 5 1296 0000
1 5 1297 0000
1 5 1298 0000
1 5 1299 0000
1 5 1300 0000
1 5 1301 0000
1 5 1302 0000
1 5 1303 0000
1 5 1304 0000
1 5 1305 0000
1 5 1306 0000
1 5 1307 0000
1 5 1308 0000
1 5 1309 0000
1 5 1310 0000
1 5 1311 0000
1 5 1312 0000
1 5 1313 0000
1 5 1314 0000
1 5 1315 0000
1 5 1316 0000
1 5 1317 0000
1 5 1318 0000
1 5 1319 0000
1 5 1320 0000
1 5 1321 0000
1 5 1322 0000
1 5 1323 0000
1 5 1324 0000
1 5 1325 0000
1 5 1326 0000
1 5 1327 0000
1 5 1328 0000
1 5 1329 0000
1 5 1330 0000
1 5 1331 0000
1 5 1332 0000
1 5 1333 0000
1 5 1334 0000
1 5 1335 0000
1 5 1336 0000
1 5 1337 0000
1 5 1338 0000
1 5 1339 0000
1 5 1340 0000
1 5 1341 0000
1 5 1342 0000
1 5 1343 0000
1 5 1344 0000
1 5 1345 0000
1 5 1346 0000
1 5 1347 0000
1 5 1348 0000
1 5 1349 0000
1 5 1350 0000
1 5 1351 0000
1 5 1352 0000
1 5 1353 0000
1 5 1354 0000
1 5 1355 0000
1 5 1356 0000
1 5 1357 0000
1 5 1358 0000
1 5 1359 0000
1 5 1360 0000
1 5 1361 0000
1 5 1362 0000
1 5 1363 0000
1 5 1364 0000
1 5 1365 0000
1 5 1366 0000
1 5 1367 0000
1 5 1368 0000
1 5 1369 0000
1 5 1370 0000
1 5 1371 0000
1 5 1372 0000
1 5 1373 0000
1 5 1374 0000
1 5 1375 0000
1 5 1376 0000
1 5 1377 0000
1 5 1378 0000
1 5 1379 0000
1 5 1380 0000
1 5 1381 0000
1 5 1382 0000
1 5 1383 0000
1 5 1384 0000
1 5 1385 0000
1 5 1386 0000
1 5 1387 0000
1 5 1388 0000
1 5 1389 0000
1 5 1390 0000
1 5 1391 0000
1 5 1392 0000
1 5 1393 0000
1 5 1394 0000
1 5 1395 0000
1 5 1396 0000
1 5 1397 0000
1 5 1398 0000
1 5 1399 0000
1 5 1400 0000
1 5 1401 0000
1 5 1402 0000
1 5 1403 0000
1 5 1404 0000
1 5 1405 0000
1 5 1406 0000
1 5 1407 0000
1 5 1408 0000
1 5 1409 0000
1 5 1410 0000
1 5 1411 0000
1 5 1412 0000
1 5 1413 0000
1 5 1414 0000
1 5 1415 0000
1 5 1416 0000
1 5 1417 0000
1 5 1418 0000
1 5 1419 0000
1 5 1420 0000
1 5 1421 0000
1 5 1422 0000
1 5 1423 0000
1 5 1424 0000
1 5 1425 0000
1 5 1426 0000
1 5 1427 0000
1 5 1428 0000
1 5 1429 0000
1 5 1430 0000
1 5 1431 0000
1 5 1432 0000
1 5 1433 0000
1 5 1434 0000
1 5 1435 0000
1 5 1436 0000
1 5 1437 0000
1 5 1438 0000
1 5 1439 0000
1 5 1440 0000
1 5 1441 0000
1 5 1442 0000
1 5 1443 0000
1 5 1444 0000
1 5 1445 0000
1 5 1446 0000
1 5 1447 0000
1 5 1448 0000
1 5 1449 0000
1 5 1450 0000
1 5 1451 0000
1 5 1452 0000
1 5 1453 0000
1 5 1454 0000
1 5 1455 0000
1 5 1456 0000
1 5 1457 0000
1 5 1458 0000
1 5 1459 0000
1 5 1460 0000
1 5 1461 0000
1 5 1462 0000
1 5 1463 0000
1 5 1464 0000
1 5 1465 0000
1 5 1466 0000
1 5 1467 0000
1 5 1468 0000
1 5 1469 0000
1 5 1470 0000
1 5 1471 0000
1 5 1472 0000
1 5 1473 0000
1 5 1474 0000
1 5 1475 0000
1 5 1476 0000
1 5 1477 0000
1 5 1478 0000
1 5 1479 0000
1 5 1480 0000
1 5 1481 0000
1 5 1482 0000
1 5 1483 0000
1 5 1484 0000
1 5 1485 0000
1 5 1486 0000
1 5 1487 0000
1 5 1488 0000
1 5 1489 0000
1 5 1490 0000
1 5 1491 0000
1 5 1492 0000
1 5 1493 0000
1 5 1494 0000
1 5 1495 0000
1 5 1496 0000
1 5 1497 0000
1 5 1498 0000
1 5 1499 0000
1 5 1500 0000
1 5 1501 0000
1 5 1502 0000
1 5 1503 0000
1 5 1504 0000
1 5 1505 0000
1 5 1506 0000
1 5 1507 0000
1 5 1508 0000
1 5 1509 0000
1 5 1510 0000
1 5 1511 0000
1 5 1512 0000
1 5 1513 0000
1 5 1514 0000
1 5 1515 0000
1 5 1516 0000
1 5 1517 0000
1 5 1518 0000
1 5 1519 0000
1 5 1520 0000
1 5 1521 0000
1 5 1522 0000
1 5 1523 0000
1 5 1524 0000
1 5 1525 0000
1 5 1526 0000
1 5 1527 0000
1 5 1528 0000
1 5 1529 0000
1 5 1530 0000
1 5 1531 0000
1 5 1532 0000
1 5 1533 0000
1 5 1534 0000
1 5 1535 0000
1 5 1536 0000
1 5 1537 0000
1 5 1538 0000
1 5 1539 0000
1 5 1540 0000
1 5 1541 0000
1 5 1542 0000
1 5 1543 0000
1 5 1544 0000
1 5 1545 0000
1 5 1546 0000
1 5 1547 0000
1 5 1548 0000
1 5 1549 0000
1 5 1550 0000
1 5 1551 0000
1 5 1552 0000
1 5 1553 0000
1 5 1554 0000
1 5 1555 0000
1 5 1556 0000
1 5 1557 0000
1 5 1558 0000
1 5 1559 0000
1 5 1560 0000
1 5 1561 0000
1 5 1562 0000
1 5 1563 0000
1 5 1564 0000
1 5 1565 0000
1 5 1566 0000
1 5 1567 0000
1 5 1568 0000
1 5 1569 0000
1 5 1570 0000
1 5 1571 0000
1 5 1572 0000
1 5 1573 0000
1 5 1574 0000
1 5 1575 0000
1 5 1576 0000
1 5 1577 0000
1 5 1578 0000
1 5 1579 0000
1 5 1580 0000
1 5 1581 0000
1 5 1582 0000
1 5 1583 0000
1 5 1584 0000
1 5 1585 0000
1 5 1586 0000
1 5 1587 0000
1 5 1588 0000
1 5 1589 0000
1 5 1590 0000
1 5 1591 0000
1 5 1592 0000
1 5 1593 0000
1 5 1594 0000
1 5 1595 0000
1 5 1596 0000
1 5 1597 0000
1 5 1598 0000
1 5 1599 0000
1 5 1600 0000
1 5 1601 0000
1 5 1602 0000
1 5 1603 0000
1 5 1604 0000
1 5 1605 0000
1 5 1606 0000
1 5 1607 0000
1 5 1608 0000
1 5 1609 0000
1 5 1610 0000
1 5 1611 0000
1 5 1612 0000
1 5 1613 0000
1 5 1614 0000
1 5 1615 0000
1 5 1616 0000
1 5 1617 0000
1 5 1618 0000
1 5 1619 0000
1 5 1620 0000
1 5 1621 0000
1 5 1622 0000
1 5 1623 0000
1 5 1624 0000
1 5 1625 0000
1 5 1626 0000
1 5 1627 0000
1 5 1628 0000
1 5 1629 0000
1 5 1630 0000
1 5 1631 0000
1 5 1632 0000
1 5 1633 0000
1 5 1634 0000
1 5 1635 0000
1 5 1636 0000
1 5 1637 0000
1 5 1638 0000
1 5 1639 0000
1 5 1640 0000
1 5 1641 0000
1 5 1642 0000
1 5 1643 0000
1 5 1644 0000
1 5 1645 0000
1 5 1646 0000
1 5 1647 0000
1 5 1648 0000
1 5 1649 0000
1 5 1650 0000
1 5 1651 0000
1 5 1652 0000
1 5 1653 0000
1 5 1654 0000
1 5 1655 0000
1 5 1656 0000
1 5 1657 0000
1 5 1658 0000
1 5 1659 0000
1 5 1660 0000
1 5 1661 0000
1 5 1662 0000
1 5 1663 0000
1 5 1664 0000
1 5 1665 0000
1 5 1666 0000
1 5 1667 0000
1 5 1668 0000
1 5 1669 0000
1 5 1670 0000
1 5 1671 0000
1 5 1672 0000
1 5 1673 0000
1 5 1674 0000
1 5 1675 0000
1 5 1676 0000
1 5 1677 0000
1 5 1678 0000
1 5 1679 0000
1 5 1680 0000
1 5 1681 0000
1 5 1682 0000
1 5 1683 0000
1 5 1684 0000
1 5 1685 0000
1 5 1686 0000
1 5 1687 0000
1 5 1688 0000
1 5 1689 0000
1 5 1690 0000
1 5 1691 0000
1 5 1692 0000
1 5 1693 0000
1 5 1694 0000
1 5 1695 0000
1 5 1696 0000
1 5 1697 0000
1 5 1698 0000
1 5 1699 0000
1 5 1700 0000
1 5 1701 0000
1 5 1702 0000
1 5 1703 0000
1 5 1704 0000
1 5 1705 0000
1 5 1706 0000
1 5 1707 0000
1 5 1708 0000
1 5 1709 0000
1 5 1710 0000
1 5 1711 0000
1 5 1712 0000
1 5 1713 0000
1 5 1714 0000
1 5 1715 0000
1 5 1716 0000
1 5 1717 0000
1 5 1718 0000
1 5 1719 0000
1 5 1720 0000
1 5 1721 0000
1 5 1722 0000
1 5 1723 0000
1 5 1724 0000
1 5 1725 0000
1 5 1726 0000
1 5 1727 0000
1 5 1728 0000
1 5 1729 0000
1 5 1730 0000
1 5 1731 0000
1 5 1732 0000
1 5 1733 0000
1 5 1734 0000
1 5 1735 0000
1 5 1736 0000
1 5 1737 0000
1 5 1738 0000
1 5 1739 0000
1 5 1740 0000
1 5 1741 0000
1 5 1742 0000
1 5 1743 0000
1 5 1744 0000
1 5 1745 0000
1 5 1746 0000
1 5 1747 0000
1 5 1748 0000
1 5 1749 0000
1 5 1750 0000
1 5 1751 0000
1 5 1752 0000
1 5 1753 0000
1 5 1754 0000
1 5 1755 0000
1 5 1756 0000
1 5 1757 0000
1 5 1758 0000
1 5 1759 0000
1 5 1760 0000
1 5 1761 0000
1 5 1762 0000
1 5 1763 0000
1 5 1764 0000
1 5 1765 0000
1 5 1766 0000
1 5 1767 0000
1 5 1768 0000
1 5 1769 0000
1 5 1770 0000
1 5 1771 0000
1 5 1772 0000
1 5 1773 0000
1 5 1774 0000
1 5 1775 0000
1 5 1776 0000
1 5 1777 0000
1 5 1778 0000
1 5 1779 0000
1 5 1780 0000
1 5 1781 0000
1 5 1782 0000
1 5 1783 0000
1 5 1784 0000
1 5 1785 0000
1 5 1786 0000
1 5 1787 0000
1 5 1788 0000
1 5 1789 0000
1 5 1790 0000
1 5 1791 0000
1 5 1792 0000
1 5 1793 0000
1 5 1794 0000
1 5 1795 0000
1 5 1796 0000
1 5 1797 0000
1 5 1798 0000
1 5 1799 0000
1 5 1800 0000
1 5 1801 0000
1 5 1802 0000
1 5 1803 0000
1 5 1804 0000
1 5 1805 0000
1 5 1806 0000
1 5 1807 0000
1 5 1808 0000
1 5 1809 0000
1 5 1810 0000
1 5 1811 0000
1 5 1812 0000
1 5 1813 0000
1 5 1814 0000
1 5 1815 0000
1 5 1816 0000
1 5 1817 0000
1 5 1818 0000
1 5 1819 0000
1 5 1820 0000
1 5 1821 0000
1 5 1822 0000
1 5 1823 0000
1 5 1824 0000
1 5 1825 0000
1 5 1826 0000
1 5 1827 0000
1 5 1828 0000
1 5 1829 0000
1 5 1830 0000
1 5 1831 0000
1 5 1832 0000
1 5 1833 0000
1 5 1834 0000
1 5 1835 0000
1 5 1836 0000
1 5 1837 0000
1 5 1838 0000
1 5 1839 0000
1 5 1840 0000
1 5 1841 0000
1 5 1842 0000
1 5 1843 0000
1 5 1844 0000
1 5 1845 0000
1 5 1846 0000
1 5 1847 0000
1 5 1848 0000
1 5 1849 0000
1 5 1850 0000
1 5 1851 0000
1 5 1852 0000
1 5 1853 0000
1 5 1854 0000
1 5 1855 0000
1 5 1856 0000
1 5 1857 0000
1 5 1858 0000
1 5 1859 0000
1 5 1860 0000
1 5 1861 0000
1 5 1862 0000
1 5 1863 0000
1 5 1864 0000
1 5 1865 0000
1 5 1866 0000
1 5 1867 0000
1 5 1868 0000
1 5 1869 0000
1 5 1870 0000
1 5 1871 0000
1 5 1872 0000
1 5 1873 0000
1 5 1874 0000
1 5 1875 0000
1 5 1876 0000
1 5 1877 0000
1 5 1878 0000
1 5 1879 0000
1 5 1880 0000
1 5 1881 0000
1 5 1882 0000
1 5 1883 0000
1 5 1884 0000
1 5 1885 0000
1 5 1886 0000
1 5 1887 0000
1 5 1888 0000
1 5 1889 0000
1 5 1890 0000
1 5 1891 0000
1 5 1892 0000
1 5 1893 0000
1 5 1894 0000
1 5 1895 0000
1 5 1896 0000
1 5 1897 0000
1 5 1898 0000
1 5 1899 0000
1 5 1900 0000
1 5 1901 0000
1 5 1902 0000
1 5 1903 0000
1 5 1904 0000
1 5 1905 0000
1 5 1906 0000
1 5 1907 0000
1 5 1908 0000
1 5 1909 0000
1 5 1910 0000
1 5 1911 0000
1 5 1912 0000
1 5 1913 0000
1 5 1914 0000
1 5 1915 0000
1 5 1916 0000
1 5 1917 0000
1 5 1918 0000
1 5 1919 0000
1 5 1920 0000
1 5 1921 0000
1 5 1922 0000
1 5 1923 0000
1 5 1924 0000
1 5 1925 0000
1 5 1926 0000
1 5 1927 0000
1 5 1928 0000
1 5 1929 0000
1 5 1930 0000
1 5 1931 0000
1 5 1932 0000
1 5 1933 0000
1 5 1934 0000
1 5 1935 0000
1 5 1936 0000
1 5 1937 0000
1 5 1938 0000
1 5 1939 0000
1 5 1940 0000
1 5 1941 0000
1 5 1942 0000
1 5 1943 0000
1 5 1944 0000
1 5 1945 0000
1 5 1946 0000
1 5 1947 0000
1 5 1948 0000
1 5 1949 0000
1 5 1950 0000
1 5 1951 0000
1 5 1952 0000
1 5 1953 0000
1 5 1954 0000
1 5 1955 0000
1 5 1956 0000
1 5 1957 0000
1 5 1958 0000
1 5 1959 0000
1 5 1960 0000
1 5 1961 0000
1 5 1962 0000
1 5 1963 0000
1 5 1964 0000
1 5 1965 0000
1 5 1966 0000
1 5 1967 0000
1 5 1968 0000
1 5 1969 0000
1 5 1970 0000
1 5 1971 0000
1 5 1972 0000
1 5 1973 0000
1 5 1974 0000
1 5 1975 0000
1 5 1976 0000
1 5 1977 0000
1 5 1978 0000
1 5 1979 0000
1 5 1980 0000
1 5 1981 0000
1 5 1982 0000
1 5 1983 0000
1 5 1984 0000
1 5 1985 0000
1 5 1986 0000
1 5 1987 0000
1 5 1988 0000
1 5 1989 0000
1 5 1990 0000
1 5 1991 0000
1 5 1992 0000
1 5 1993 0000
1 5 1994 0000
1 5 1995 0000
1 5 1996 0000
1 5 1997 0000
1 5 1998 0000
1 5 1999 0000
1 5 2000 0000
1 5 2001 0000
1 5 2002 0000
1 5 2003 0000
1 5 2004 0000
1 5 2005 0000
1 5 2006 0000
1 5 2007 0000
1 5 2008 0000
1 5 2009 0000
1 5 2010 0000
1 5 2011 0000
1 5 2012 0000
1 5 2013 0000
1 5 2014 0000
1 5 2015 0000
1 5 2016 0000
1 5 2017 0000
1 5 2018 0000
1 5 2019 0000
1 5 2020 0000
1 5 2021 0000
1 5 2022 0000
1 5 2023 0000
1 5 2024 0000
1 5 2025 0000
1 5 2026 0000
1 5 2027 0000
1 5 2028 0000
1 5 2029 0000
1 5 2030 0000
1 5 2031 0000
1 5 2032 0000
1 5 2033 0000
1 5 2034 0000
1 5 2035 0000
1 5 2036 0000
1 5 2037 0000
1 5 2038 0000
1 5 2039 0000
1 5 2040 0000
1 5 2041 0000
1 5 2042 0000
1 5 2043 0000
1 5 2044 0000
1 5 2045 0000
1 5 2046 0000
1 5 2047 8000
2 0 0 7FFF
2 0 1 7FFF
2 0 2 7FFF
2 0 3 7FFF
2 0 4 7FFF
2 0 5 7FFF
2 0 6 7FFF
2 0 7 7FFF
2 0 8 7FFF
2 0 9 7FFF
2 0 10 7FFF
2 0 11 7FFF
2 0 12 7FFF
2 0 13 7FFF
2 0 14 7FFF
2 0 15 7FFF
2 0 16 7FFF
2 0 17 7FFF
2 0 18 7FFF
2 0 19 7FFF
2 0 20 7FFF
2 0 21 7FFF
2 0 22 7FFF
2 0 23 7FFF
2 0 24 7FFF
2 0 25 7FFF
2 0 26 7FFF
2 0 27 7FFF
2 0 28 7FFF
2 0 29 7FFF
2 0 30 7FFF
2 0 31 7FFF
2 0 32 7FFF
2 0 33 7FFF
2 0 34 7FFF
2 0 35 7FFF
2 0 36 7FFF
2 0 37 7FFF
2 0 38 7FFF
2 0 39 7FFF
2 0 40 7FFF
2 0 41 7FFF
2 0 42 7FFF
2 0 43 7FFF
2 0 44 7FFF
2 0 45 7FFF
2 0 46 7FFF
2 0 47 7FFF
2 0 48 7FFF
2 0 49 7FFF
2 0 50 7FFF
2 0 51 7FFF
2 0 52 7FFF
2 0 53 7FFF
2 0 54 7FFF
2 0 55 7FFF
2 0 56 7FFF
2 0 57 7FFF
2 0 58 7FFF
2 0 59 7FFF
2 0 60 7FFF
2 0 61 7FFF
2 0 62 7FFF
2 0 63 7FFF
2 0 64 7FFF
2 0 65 7FFF
2 0 66 7FFF
2 0 67 7FFF
2 0 68 7FFF
2 0 69 7FFF
2 0 70 7FFF
2 0 71 7FFF
2 0 72 7FFF
2 0 73 7FFF
2 0 74 7FFF
2 0 75 7FFF
2 0 76 7FFF
2 0 77 7FFF
2 0 78 7FFF
2 0 79 7FFF
2 0 80 7FFF
2 0 81 7FFF
2 0 82 7FFF
2 0 83 7FFF
2 0 84 7FFF
2 0 85 7FFF
2 0 86 7FFF
2 0 87 7FFF
2 0 88 7FFF
2 0 89 7FFF
2 0 90 7FFF
2 0 91 7FFF
2 0 92 7FFF
2 0 93 7FFF
2 0 94 7FFF
2 0 95 7FFF
2 0 96 7FFF
2 0 97 7FFF
2 0 98 7FFF
2 0 99 7FFF
2 0 100 7FFF
2 0 101 7FFF
2 0 102 7FFF
2 0 103 7FFF
2 0 104 7FFF
2 0 105 7FFF
2 0 106 7FFF
2 0 107 7FFF
2 0 108 7FFF
2 0 109 7FFF
2 0 110 7FFF
2 0 111 7FFF
2 0 112 7FFF
2 0 113 7FFF
2 0 114 7FFF
2 0 115 7FFF
2 0 116 7FFF
2 0 117 7FFF
2 0 118 7FFF
2 0 119 7FFF
2 0 120 7FFF
2 0 121 7FFF
2 0 122 7FFF
2 0 123 7FFF
2 0 124 7FFF
2 0 125 7FFF
2 0 126 7FFF
2 0 127 7FFF
2 0 128 7FFF
2 0 129 7FFF
2 0 130 7FFF
2 0 131 7FFF
2 0 132 7FFF
2 0 133 7FFF
2 0 134 7FFF
2 0 135 7FFF
2 0 136 7FFF
2 0 137 7FFF
2 0 138 7FFF
2 0 139 7FFF
2 0 140 7FFF
2 0 141 7FFF
2 0 142 7FFF
2 0 143 7FFF
2 0 144 7FFF
2 0 145 7FFF
2 0 146 7FFF
2 0 147 7FFF
2 0 148 7FFF
2 0 149 7FFF
2 0 150 7FFF
2 0 151 7FFF
2 0 152 7FFF
2 0 153 7FFF
2 0 154 7FFF
2 0 155 7FFF
2 0 156 7FFF
2 0 157 7FFF
2 0 158 7FFF
2 0 159 7FFF
2 0 160 7FFF
2 0 161 7FFF
2 0 162 7FFF
2 0 163 7FFF
2 0 164 7FFF
2 0 165 7FFF
2 0 166 7FFF
2 0 167 7FFF
2 0 168 7FFF
2 0 169 7FFF
2 0 170 7FFF
2 0 171 7FFF
2 0 172 7FFF
2 0 173 7FFF
2 0 174 7FFF
2 0 175 7FFF
2 0 176 7FFF
2 0 177 7FFF
2 0 178 7FFF
2 0 179 7FFF
2 0 180 7FFF
2 0 181 7FFF
2 0 182 7FFF
2 0 183 7FFF
2 0 184 7FFF
2 0 185 7FFF
2 0 186 7FFF
2 0 187 7FFF
2 0 188 7FFF
2 0 189 7FFF
2 0 190 7FFF
2 0 191 7FFF
2 0 192 7FFF
2 0 193 7FFF
2 0 194 7FFF
2 0 195 7FFF
2 0 196 7FFF
2 0 197 7FFF
2 0 198 7FFF
2 0 199 7FFF
2 0 200 7FFF
2 0 201 7FFF
2 0 202 7FFF
2 0 203 7FFF
2 0 204 7FFF
2 0 205 7FFF
2 0 206 7FFF
2 0 207 7FFF
2 0 208 7FFF
2 0 209 7FFF
2 0 210 7FFF
2 0 211 7FFF
2 0 212 7FFF
2 0 213 7FFF
2 0 214 7FFF
2 0 215 7FFF
2 0 216 7FFF
2 0 217 7FFF
2 0 218 7FFF
2 0 219 7FFF
2 0 220 7FFF
2 0 221 7FFF
2 0 222 7FFF
2 0 223 7FFF
2 0 224 7FFF
2 0 225 7FFF
2 0 226 7FFF
2 0 227 7FFF
2 0 228 7FFF
2 0 229 7FFF
2 0 230 7FFF
2 0 231 7FFF
2 0 232 7FFF
2 0 233 7FFF
2 0 234 7FFF
2 0 235 7FFF
2 0 236 7FFF
2 0 237 7FFF
2 0 238 7FFF
2 0 239 7FFF
2 0 240 7FFF
2 0 241 7FFF
2 0 242 7FFF
2 0 243 7FFF
2 0 244 7FFF
2 0 245 7FFF
2 0 246 7FFF
2 0 247 7FFF
2 0 248 7FFF
2 0 249 7FFF
2 0 250 7FFF
2 0 251 7FFF
2 0 252 7FFF
2 0 253 7FFF
2 0 254 7FFF
2 0 255 7FFF
2 0 256 7FFF
2 0 257 7FFF
2 0 258 7FFF
2 0 259 7FFF
2 0 260 7FFF
2 0 261 7FFF
2 0 262 7FFF
2 0 263 7FFF
2 0 264 7FFF
2 0 265 7FFF
2 0 266 7FFF
2 0 267 7FFF
2 0 268 7FFF
2 0 269 7FFF
2 0 270 7FFF
2 0 271 7FFF
2 0 272 7FFF
2 0 273 7FFF
2 0 274 7FFF
2 0 275 7FFF
2 0 276 7FFF
2 0 277 7FFF
2 0 278 7FFF
2 0 279 7FFF
2 0 280 7FFF
2 0 281 7FFF
2 0 282 7FFF
2 0 283 7FFF
2 0 284 7FFF
2 0 285 7FFF
2 0 286 7FFF
2 0 287 7FFF
2 0 288 7FFF
2 0 289 7FFF
2 0 290 7FFF
2 0 291 7FFF
2 0 292 7FFF
2 0 293 7FFF
2 0 294 7FFF
2 0 295 7FFF
2 0 296 7FFF
2 0 297 7FFF
2 0 298 7FFF
2 0 299 7FFF
2 0 300 7FFF
2 0 301 7FFF
2 0 302 7FFF
2 0 303 7FFF
2 0 304 7FFF
2 0 305 7FFF
2 0 306 7FFF
2 0 307 7FFF
2 0 308 7FFF
2 0 309 7FFF
2 0 310 7FFF
2 0 311 7FFF
2 0 312 7FFF
2 0 313 7FFF
2 0 314 7FFF
2 0 315 7FFF
2 0 316 7FFF
2 0 317 7FFF
2 0 318 7FFF
2 0 319 7FFF
2 0 320 7FFF
2 0 321 7FFF
2 0 322 7FFF
2 0 323 7FFF
2 0 324 7FFF
2 0 325 7FFF
2 0 326 7FFF
2 0 327 7FFF
2 0 328 7FFF
2 0 329 7FFF
2 0 330 7FFF
2 0 331 7FFF
2 0 332 7FFF
2 0 333 7FFF
2 0 334 7FFF
2 0 335 7FFF
2 0 336 7FFF
2 0 337 7FFF
2 0 338 7FFF
2 0 339 7FFF
2 0 340 7FFF
2 0 341 7FFF
2 0 342 7FFF
2 0 343 7FFF
2 0 344 7FFF
2 0 345 7FFF
2 0 346 7FFF
2 0 347 7FFF
2 0 348 7FFF
2 0 349 7FFF
2 0 350 7FFF
2 0 351 7FFF
2 0 352 7FFF
2 0 353 7FFF
2 0 354 7FFF
2 0 355 7FFF
2 0 356 7FFF
2 0 357 7FFF
2 0 358 7FFF
2 0 359 7FFF
2 0 360 7FFF
2 0 361 7FFF
2 0 362 7FFF
2 0 363 7FFF
2 0 364 7FFF
2 0 365 7FFF
2 0 366 7FFF
2 0 367 7FFF
2 0 368 7FFF
2 0 369 7FFF
2 0 370 7FFF
2 0 371 7FFF
2 0 372 7FFF
2 0 373 7FFF
2 0 374 7FFF
2 0 375 7FFF
2 0 376 7FFF
2 0 377 7FFF
2 0 378 7FFF
2 0 379 7FFF
2 0 380 7FFF
2 0 381 7FFF
2 0 382 7FFF
2 0 383 7FFF
2 0 384 7FFF
2 0 385 7FFF
2 0 386 7FFF
2 0 387 7FFF
2 0 388 7FFF
2 0 389 7FFF
2 0 390 7FFF
2 0 391 7FFF
2 0 392 7FFF
2 0 393 7FFF
2 0 394 7FFF
2 0 395 7FFF
2 0 396 7FFF
2 0 397 7FFF
2 0 398 7FFF
2 0 399 7FFF
2 0 400 7FFF
2 0 401 7FFF
2 0 402 7FFF
2 0 403 7FFF
2 0 404 7FFF
2 0 405 7FFF
2 0 406 7FFF
2 0 407 7FFF
2 0 408 7FFF
2 0 409 7FFF
2 0 410 7FFF
2 0 411 7FFF
2 0 412 7FFF
2 0 413 7FFF
2 0 414 7FFF
2 0 415 7FFF
2 0 416 7FFF
2 0 417 7FFF
2 0 418 7FFF
2 0 419 7FFF
2 0 420 7FFF
2 0 421 7FFF
2 0 422 7FFF
2 0 423 7FFF
2 0 424 7FFF
2 0 425 7FFF
2 0 426 7FFF
2 0 427 7FFF
2 0 428 7FFF
2 0 429 7FFF
2 0 430 7FFF
2 0 431 7FFF
2 0 432 7FFF
2 0 433 7FFF
2 0 434 7FFF
2 0 435 7FFF
2 0 436 7FFF
2 0 437 7FFF
2 0 438 7FFF
2 0 439 7FFF
2 0 440 7FFF
2 0 441 7FFF
2 0 442 7FFF
2 0 443 7FFF
2 0 444 7FFF
2 0 445 7FFF
2 0 446 7FFF
2 0 447 7FFF
2 0 448 7FFF
2 0 449 7FFF
2 0 450 7FFF
2 0 451 7FFF
2 0 452 7FFF
2 0 453 7FFF
2 0 454 7FFF
2 0 455 7FFF
2 0 456 7FFF
2 0 457 7FFF
2 0 458 7FFF
2 0 459 7FFF
2 0 460 7FFF
2 0 461 7FFF
2 0 462 7FFF
2 0 463 7FFF
2 0 464 7FFF
2 0 465 7FFF
2 0 466 7FFF
2 0 467 7FFF
2 0 468 7FFF
2 0 469 7FFF
2 0 470 7FFF
2 0 471 7FFF
2 0 472 7FFF
2 0 473 7FFF
2 0 474 7FFF
2 0 475 7FFF
2 0 476 7FFF
2 0 477 7FFF
2 0 478 7FFF
2 0 479 7FFF
2 0 480 7FFF
2 0 481 7FFF
2 0 482 7FFF
2 0 483 7FFF
2 0 484 7FFF
2 0 485 7FFF
2 0 486 7FFF
2 0 487 7FFF
2 0 488 7FFF
2 0 489 7FFF
2 0 490 7FFF
2 0 491 7FFF
2 0 492 7FFF
2 0 493 7FFF
2 0 494 7FFF
2 0 495 7FFF
2 0 496 7FFF
2 0 497 7FFF
2 0 498 7FFF
2 0 499 7FFF
2 0 500 7FFF
2 0 501 7FFF
2 0 502 7FFF
2 0 503 7FFF
2 0 504 7FFF
2 0 505 7FFF
2 0 506 7FFF
2 0 507 7FFF
2 0 508 7FFF
2 0 509 7FFF
2 0 510 7FFF
2 0 511 7FFF
2 0 512 7FFF
2 0 513 7FFF
2 0 514 7FFF
2 0 515 7FFF
2 0 516 7FFF
2 0 517 7FFF
2 0 518 7FFF
2 0 519 7FFF
2 0 520 7FFF
2 0 521 7FFF
2 0 522 7FFF
2 0 523 7FFF
2 0 524 7FFF
2 0 525 7FFF
2 0 526 7FFF
2 0 527 7FFF
2 0 528 7FFF
2 0 529 7FFF
2 0 530 7FFF
2 0 531 7FFF
2 0 532 7FFF
2 0 533 7FFF
2 0 534 7FFF
2 0 535 7FFF
2 0 536 7FFF
2 0 537 7FFF
2 0 538 7FFF
2 0 539 7FFF
2 0 540 7FFF
2 0 541 7FFF
2 0 542 7FFF
2 0 543 7FFF
2 0 544 7FFF
2 0 545 7FFF
2 0 546 7FFF
2 0 547 7FFF
2 0 548 7FFF
2 0 549 7FFF
2 0 550 7FFF
2 0 551 7FFF
2 0 552 7FFF
2 0 553 7FFF
2 0 554 7FFF
2 0 555 7FFF
2 0 556 7FFF
2 0 557 7FFF
2 0 558 7FFF
2 0 559 7FFF
2 0 560 7FFF
2 0 561 7FFF
2 0 562 7FFF
2 0 563 7FFF
2 0 564 7FFF
2 0 565 7FFF
2 0 566 7FFF
2 0 567 7FFF
2 0 568 7FFF
2 0 569 7FFF
2 0 570 7FFF
2 0 571 7FFF
2 0 572 7FFF
2 0 573 7FFF
2 0 574 7FFF
2 0 575 7FFF
2 0 576 7FFF
2 0 577 7FFF
2 0 578 7FFF
2 0 579 7FFF
2 0 580 7FFF
2 0 581 7FFF
2 0 582 7FFF
2 0 583 7FFF
2 0 584 7FFF
2 0 585 7FFF
2 0 586 7FFF
2 0 587 7FFF
2 0 588 7FFF
2 0 589 7FFF
2 0 590 7FFF
2 0 591 7FFF
2 0 592 7FFF
2 0 593 7FFF
2 0 594 7FFF
2 0 595 7FFF
2 0 596 7FFF
2 0 597 7FFF
2 0 598 7FFF
2 0 599 7FFF
2 0 600 7FFF
2 0 601 7FFF
2 0 602 7FFF
2 0 603 7FFF
2 0 604 7FFF
2 0 605 7FFF
2 0 606 7FFF
2 0 607 7FFF
2 0 608 7FFF
2 0 609 7FFF
2 0 610 7FFF
2 0 611 7FFF
2 0 612 7FFF
2 0 613 7FFF
2 0 614 7FFF
2 0 615 7FFF
2 0 616 7FFF
2 0 617 7FFF
2 0 618 7FFF
2 0 619 7FFF
2 0 620 7FFF
2 0 621 7FFF
2 0 622 7FFF
2 0 623 7FFF
2 0 624 7FFF
2 0 625 7FFF
2 0 626 7FFF
2 0 627 7FFF
2 0 628 7FFF
2 0 629 7FFF
2 0 630 7FFF
2 0 631 7FFF
2 0 632 7FFF
2 0 633 7FFF
2 0 634 7FFF
2 0 635 7FFF
2 0 636 7FFF
2 0 637 7FFF
2 0 638 7FFF
2 0 639 7FFF
2 0 640 7FFF
2 0 641 7FFF
2 0 642 7FFF
2 0 643 7FFF
2 0 644 7FFF
2 0 645 7FFF
2 0 646 7FFF
2 0 647 7FFF
2 0 648 7FFF
2 0 649 7FFF
2 0 650 7FFF
2 0 651 7FFF
2 0 652 7FFF
2 0 653 7FFF
2 0 654 7FFF
2 0 655 7FFF
2 0 656 7FFF
2 0 657 7FFF
2 0 658 7FFF
2 0 659 7FFF
2 0 660 7FFF
2 0 661 7FFF
2 0 662 7FFF
2 0 663 7FFF
2 0 664 7FFF
2 0 665 7FFF
2 0 666 7FFF
2 0 667 7FFF
2 0 668 7FFF
2 0 669 7FFF
2 0 670 7FFF
2 0 671 7FFF
2 0 672 7FFF
2 0 673 7FFF
2 0 674 7FFF
2 0 675 7FFF
2 0 676 7FFF
2 0 677 7FFF
2 0 678 7FFF
2 0 679 7FFF
2 0 680 7FFF
2 0 681 7FFF
2 0 682 7FFF
2 0 683 7FFF
2 0 684 7FFF
2 0 685 7FFF
2 0 686 7FFF
2 0 687 7FFF
2 0 688 7FFF
2 0 689 7FFF
2 0 690 7FFF
2 0 691 7FFF
2 0 692 7FFF
2 0 693 7FFF
2 0 694 7FFF
2 0 695 7FFF
2 0 696 7FFF
2 0 697 7FFF
2 0 698 7FFF
2 0 699 7FFF
2 0 700 7FFF
2 0 701 7FFF
2 0 702 7FFF
2 0 703 7FFF
2 0 704 7FFF
2 0 705 7FFF
2 0 706 7FFF
2 0 707 7FFF
2 0 708 7FFF
2 0 709 7FFF
2 0 710 7FFF
2 0 711 7FFF
2 0 712 7FFF
2 0 713 7FFF
2 0 714 7FFF
2 0 715 7FFF
2 0 716 7FFF
2 0 717 7FFF
2 0 718 7FFF
2 0 719 7FFF
2 0 720 7FFF
2 0 721 7FFF
2 0 722 7FFF
2 0 723 7FFF
2 0 724 7FFF
2 0 725 7FFF
2 0 726 7FFF
2 0 727 7FFF
2 0 728 7FFF
2 0 729 7FFF
2 0 730 7FFF
2 0 731 7FFF
2 0 732 7FFF
2 0 733 7FFF
2 0 734 7FFF
2 0 735 7FFF
2 0 736 7FFF
2 0 737 7FFF
2 0 738 7FFF
2 0 739 7FFF
2 0 740 7FFF
2 0 741 7FFF
2 0 742 7FFF
2 0 743 7FFF
2 0 744 7FFF
2 0 745 7FFF
2 0 746 7FFF
2 0 747 7FFF
2 0 748 7FFF
2 0 749 7FFF
2 0 750 7FFF
2 0 751 7FFF
2 0 752 7FFF
2 0 753 7FFF
2 0 754 7FFF
2 0 755 7FFF
2 0 756 7FFF
2 0 757 7FFF
2 0 758 7FFF
2 0 759 7FFF
2 0 760 7FFF
2 0 761 7FFF
2 0 762 7FFF
2 0 763 7FFF
2 0 764 7FFF
2 0 765 7FFF
2 0 766 7FFF
2 0 767 7FFF
2 0 768 7FFF
2 0 769 7FFF
2 0 770 7FFF
2 0 771 7FFF
2 0 772 7FFF
2 0 773 7FFF
2 0 774 7FFF
2 0 775 7FFF
2 0 776 7FFF
2 0 777 7FFF
2 0 778 7FFF
2 0 779 7FFF
2 0 780 7FFF
2 0 781 7FFF
2 0 782 7FFF
2 0 783 7FFF
2 0 784 7FFF
2 0 785 7FFF
2 0 786 7FFF
2 0 787 7FFF
2 0 788 7FFF
2 0 789 7FFF
2 0 790 7FFF
2 0 791 7FFF
2 0 792 7FFF
2 0 793 7FFF
2 0 794 7FFF
2 0 795 7FFF
2 0 796 7FFF
2 0 797 7FFF
2 0 798 7FFF
2 0 799 7FFF
2 0 800 7FFF
2 0 801 7FFF
2 0 802 7FFF
2 0 803 7FFF
2 0 804 7FFF
2 0 805 7FFF
2 0 806 7FFF
2 0 807 7FFF
2 0 808 7FFF
2 0 809 7FFF
2 0 810 7FFF
2 0 811 7FFF
2 0 812 7FFF
2 0 813 7FFF
2 0 814 7FFF
2 0 815 7FFF
2 0 816 7FFF
2 0 817 7FFF
2 0 818 7FFF
2 0 819 7FFF
2 0 820 7FFF
2 0 821 7FFF
2 0 822 7FFF
2 0 823 7FFF
2 0 824 7FFF
2 0 825 7FFF
2 0 826 7FFF
2 0 827 7FFF
2 0 828 7FFF
2 0 829 7FFF
2 0 830 7FFF
2 0 831 7FFF
2 0 832 7FFF
2 0 833 7FFF
2 0 834 7FFF
2 0 835 7FFF
2 0 836 7FFF
2 0 837 7FFF
2 0 838 7FFF
2 0 839 7FFF
2 0 840 7FFF
2 0 841 7FFF
2 0 842 7FFF
2 0 843 7FFF
2 0 844 7FFF
2 0 845 7FFF
2 0 846 7FFF
2 0 847 7FFF
2 0 848 7FFF
2 0 849 7FFF
2 0 850 7FFF
2 0 851 7FFF
2 0 852 7FFF
2 0 853 7FFF
2 0 854 7FFF
2 0 855 7FFF
2 0 856 7FFF
2 0 857 7FFF
2 0 858 7FFF
2 0 859 7FFF
2 0 860 7FFF
2 0 861 7FFF
2 0 862 7FFF
2 0 863 7FFF
2 0 864 7FFF
2 0 865 7FFF
2 0 866 7FFF
2 0 867 7FFF
2 0 868 7FFF
2 0 869 7FFF
2 0 870 7FFF
2 0 871 7FFF
2 0 872 7FFF
2 0 873 7FFF
2 0 874 7FFF
2 0 875 7FFF
2 0 876 7FFF
2 0 877 7FFF
2 0 878 7FFF
2 0 879 7FFF
2 0 880 7FFF
2 0 881 7FFF
2 0 882 7FFF
2 0 883 7FFF
2 0 884 7FFF
2 0 885 7FFF
2 0 886 7FFF
2 0 887 7FFF
2 0 888 7FFF
2 0 889 7FFF
2 0 890 7FFF
2 0 891 7FFF
2 0 892 7FFF
2 0 893 7FFF
2 0 894 7FFF
2 0 895 7FFF
2 0 896 7FFF
2 0 897 7FFF
2 0 898 7FFF
2 0 899 7FFF
2 0 900 7FFF
2 0 901 7FFF
2 0 902 7FFF
2 0 903 7FFF
2 0 904 7FFF
2 0 905 7FFF
2 0 906 7FFF
2 0 907 7FFF
2 0 908 7FFF
2 0 909 7FFF
2 0 910 7FFF
2 0 911 7FFF
2 0 912 7FFF
2 0 913 7FFF
2 0 914 7FFF
2 0 915 7FFF
2 0 916 7FFF
2 0 917 7FFF
2 0 918 7FFF
2 0 919 7FFF
2 0 920 7FFF
2 0 921 7FFF
2 0 922 7FFF
2 0 923 7FFF
2 0 924 7FFF
2 0 925 7FFF
2 0 926 7FFF
2 0 927 7FFF
2 0 928 7FFF
2 0 929 7FFF
2 0 930 7FFF
2 0 931 7FFF
2 0 932 7FFF
2 0 933 7FFF
2 0 934 7FFF
2 0 935 7FFF
2 0 936 7FFF
2 0 937 7FFF
2 0 938 7FFF
2 0 939 7FFF
2 0 940 7FFF
2 0 941 7FFF
2 0 942 7FFF
2 0 943 7FFF
2 0 944 7FFF
2 0 945 7FFF
2 0 946 7FFF
2 0 947 7FFF
2 0 948 7FFF
2 0 949 7FFF
2 0 950 7FFF
2 0 951 7FFF
2 0 952 7FFF
2 0 953 7FFF
2 0 954 7FFF
2 0 955 7FFF
2 0 956 7FFF
2 0 957 7FFF
2 0 958 7FFF
2 0 959 7FFF
2 0 960 7FFF
2 0 961 7FFF
2 0 962 7FFF
2 0 963 7FFF
2 0 964 7FFF
2 0 965 7FFF
2 0 966 7FFF
2 0 967 7FFF
2 0 968 7FFF
2 0 969 7FFF
2 0 970 7FFF
2 0 971 7FFF
2 0 972 7FFF
2 0 973 7FFF
2 0 974 7FFF
2 0 975 7FFF
2 0 976 7FFF
2 0 977 7FFF
2 0 978 7FFF
2 0 979 7FFF
2 0 980 7FFF
2 0 981 7FFF
2 0 982 7FFF
2 0 983 7FFF
2 0 984 7FFF
2 0 985 7FFF
2 0 986 7FFF
2 0 987 7FFF
2 0 988 7FFF
2 0 989 7FFF
2 0 990 7FFF
2 0 991 7FFF
2 0 992 7FFF
2 0 993 7FFF
2 0 994 7FFF
2 0 995 7FFF
2 0 996 7FFF
2 0 997 7FFF
2 0 998 7FFF
2 0 999 7FFF
2 0 1000 7FFF
2 0 1001 7FFF
2 0 1002 7FFF
2 0 1003 7FFF
2 0 1004 7FFF
2 0 1005 7FFF
2 0 1006 7FFF
2 0 1007 7FFF
2 0 1008 7FFF
2 0 1009 7FFF
2 0 1010 7FFF
2 0 1011 7FFF
2 0 1012 7FFF
2 0 1013 7FFF
2 0 1014 7FFF
2 0 1015 7FFF
2 0 1016 7FFF
2 0 1017 7FFF
2 0 1018 7FFF
2 0 1019 7FFF
2 0 1020 7FFF
2 0 1021 7FFF
2 0 1022 7FFF
2 0 1023 7FFF
2 0 1024 7FFF
2 0 1025 7FFF
2 0 1026 7FFF
2 0 1027 7FFF
2 0 1028 7FFF
2 0 1029 7FFF
2 0 1030 7FFF
2 0 1031 7FFF
2 0 1032 7FFF
2 0 1033 7FFF
2 0 1034 7FFF
2 0 1035 7FFF
2 0 1036 7FFF
2 0 1037 7FFF
2 0 1038 7FFF
2 0 1039 7FFF
2 0 1040 7FFF
2 0 1041 7FFF
2 0 1042 7FFF
2 0 1043 7FFF
2 0 1044 7FFF
2 0 1045 7FFF
2 0 1046 7FFF
2 0 1047 7FFF
2 0 1048 7FFF
2 0 1049 7FFF
2 0 1050 7FFF
2 0 1051 7FFF
2 0 1052 7FFF
2 0 1053 7FFF
2 0 1054 7FFF
2 0 1055 7FFF
2 0 1056 7FFF
2 0 1057 7FFF
2 0 1058 7FFF
2 0 1059 7FFF
2 0 1060 7FFF
2 0 1061 7FFF
2 0 1062 7FFF
2 0 1063 7FFF
2 0 1064 7FFF
2 0 1065 7FFF
2 0 1066 7FFF
2 0 1067 7FFF
2 0 1068 7FFF
2 0 1069 7FFF
2 0 1070 7FFF
2 0 1071 7FFF
2 0 1072 7FFF
2 0 1073 7FFF
2 0 1074 7FFF
2 0 1075 7FFF
2 0 1076 7FFF
2 0 1077 7FFF
2 0 1078 7FFF
2 0 1079 7FFF
2 0 1080 7FFF
2 0 1081 7FFF
2 0 1082 7FFF
2 0 1083 7FFF
2 0 1084 7FFF
2 0 1085 7FFF
2 0 1086 7FFF
2 0 1087 7FFF
2 0 1088 7FFF
2 0 1089 7FFF
2 0 1090 7FFF
2 0 1091 7FFF
2 0 1092 7FFF
2 0 1093 7FFF
2 0 1094 7FFF
2 0 1095 7FFF
2 0 1096 7FFF
2 0 1097 7FFF
2 0 1098 7FFF
2 0 1099 7FFF
2 0 1100 7FFF
2 0 1101 7FFF
2 0 1102 7FFF
2 0 1103 7FFF
2 0 1104 7FFF
2 0 1105 7FFF
2 0 1106 7FFF
2 0 1107 7FFF
2 0 1108 7FFF
2 0 1109 7FFF
2 0 1110 7FFF
2 0 1111 7FFF
2 0 1112 7FFF
2 0 1113 7FFF
2 0 1114 7FFF
2 0 1115 7FFF
2 0 1116 7FFF
2 0 1117 7FFF
2 0 1118 7FFF
2 0 1119 7FFF
2 0 1120 7FFF
2 0 1121 7FFF
2 0 1122 7FFF
2 0 1123 7FFF
2 0 1124 7FFF
2 0 1125 7FFF
2 0 1126 7FFF
2 0 1127 7FFF
2 0 1128 7FFF
2 0 1129 7FFF
2 0 1130 7FFF
2 0 1131 7FFF
2 0 1132 7FFF
2 0 1133 7FFF
2 0 1134 7FFF
2 0 1135 7FFF
2 0 1136 7FFF
2 0 1137 7FFF
2 0 1138 7FFF
2 0 1139 7FFF
2 0 1140 7FFF
2 0 1141 7FFF
2 0 1142 7FFF
2 0 1143 7FFF
2 0 1144 7FFF
2 0 1145 7FFF
2 0 1146 7FFF
2 0 1147 7FFF
2 0 1148 7FFF
2 0 1149 7FFF
2 0 1150 7FFF
2 0 1151 7FFF
2 0 1152 7FFF
2 0 1153 7FFF
2 0 1154 7FFF
2 0 1155 7FFF
2 0 1156 7FFF
2 0 1157 7FFF
2 0 1158 7FFF
2 0 1159 7FFF
2 0 1160 7FFF
2 0 1161 7FFF
2 0 1162 7FFF
2 0 1163 7FFF
2 0 1164 7FFF
2 0 1165 7FFF
2 0 1166 7FFF
2 0 1167 7FFF
2 0 1168 7FFF
2 0 1169 7FFF
2 0 1170 7FFF
2 0 1171 7FFF
2 0 1172 7FFF
2 0 1173 7FFF
2 0 1174 7FFF
2 0 1175 7FFF
2 0 1176 7FFF
2 0 1177 7FFF
2 0 1178 7FFF
2 0 1179 7FFF
2 0 1180 7FFF
2 0 1181 7FFF
2 0 1182 7FFF
2 0 1183 7FFF
2 0 1184 7FFF
2 0 1185 7FFF
2 0 1186 7FFF
2 0 1187 7FFF
2 0 1188 7FFF
2 0 1189 7FFF
2 0 1190 7FFF
2 0 1191 7FFF
2 0 1192 7FFF
2 0 1193 7FFF
2 0 1194 7FFF
2 0 1195 7FFF
2 0 1196 7FFF
2 0 1197 7FFF
2 0 1198 7FFF
2 0 1199 7FFF
2 0 1200 7FFF
2 0 1201 7FFF
2 0 1202 7FFF
2 0 1203 7FFF
2 0 1204 7FFF
2 0 1205 7FFF
2 0 1206 7FFF
2 0 1207 7FFF
2 0 1208 7FFF
2 0 1209 7FFF
2 0 1210 7FFF
2 0 1211 7FFF
2 0 1212 7FFF
2 0 1213 7FFF
2 0 1214 7FFF
2 0 1215 7FFF
2 0 1216 7FFF
2 0 1217 7FFF
2 0 1218 7FFF
2 0 1219 7FFF
2 0 1220 7FFF
2 0 1221 7FFF
2 0 1222 7FFF
2 0 1223 7FFF
2 0 1224 7FFF
2 0 1225 7FFF
2 0 1226 7FFF
2 0 1227 7FFF
2 0 1228 7FFF
2 0 1229 7FFF
2 0 1230 7FFF
2 0 1231 7FFF
2 0 1232 7FFF
2 0 1233 7FFF
2 0 1234 7FFF
2 0 1235 7FFF
2 0 1236 7FFF
2 0 1237 7FFF
2 0 1238 7FFF
2 0 1239 7FFF
2 0 1240 7FFF
2 0 1241 7FFF
2 0 1242 7FFF
2 0 1243 7FFF
2 0 1244 7FFF
2 0 1245 7FFF
2 0 1246 7FFF
2 0 1247 7FFF
2 0 1248 7FFF
2 0 1249 7FFF
2 0 1250 7FFF
2 0 1251 7FFF
2 0 1252 7FFF
2 0 1253 7FFF
2 0 1254 7FFF
2 0 1255 7FFF
2 0 1256 7FFF
2 0 1257 7FFF
2 0 1258 7FFF
2 0 1259 7FFF
2 0 1260 7FFF
2 0 1261 7FFF
2 0 1262 7FFF
2 0 1263 7FFF
2 0 1264 7FFF
2 0 1265 7FFF
2 0 1266 7FFF
2 0 1267 7FFF
2 0 1268 7FFF
2 0 1269 7FFF
2 0 1270 7FFF
2 0 1271 7FFF
2 0 1272 7FFF
2 0 1273 7FFF
2 0 1274 7FFF
2 0 1275 7FFF
2 0 1276 7FFF
2 0 1277 7FFF
2 0 1278 7FFF
2 0 1279 7FFF
2 0 1280 7FFF
2 0 1281 7FFF
2 0 1282 7FFF
2 0 1283 7FFF
2 0 1284 7FFF
2 0 1285 7FFF
2 0 1286 7FFF
2 0 1287 7FFF
2 0 1288 7FFF
2 0 1289 7FFF
2 0 1290 7FFF
2 0 1291 7FFF
2 0 1292 7FFF
2 0 1293 7FFF
2 0 1294 7FFF
2 0 1295 7FFF
2 0 1296 7FFF
2 0 1297 7FFF
2 0 1298 7FFF
2 0 1299 7FFF
2 0 1300 7FFF
2 0 1301 7FFF
2 0 1302 7FFF
2 0 1303 7FFF
2 0 1304 7FFF
2 0 1305 7FFF
2 0 1306 7FFF
2 0 1307 7FFF
2 0 1308 7FFF
2 0 1309 7FFF
2 0 1310 7FFF
2 0 1311 7FFF
2 0 1312 7FFF
2 0 1313 7FFF
2 0 1314 7FFF
2 0 1315 7FFF
2 0 1316 7FFF
2 0 1317 7FFF
2 0 1318 7FFF
2 0 1319 7FFF
2 0 1320 7FFF
2 0 1321 7FFF
2 0 1322 7FFF
2 0 1323 7FFF
2 0 1324 7FFF
2 0 1325 7FFF
2 0 1326 7FFF
2 0 1327 7FFF
2 0 1328 7FFF
2 0 1329 7FFF
2 0 1330 7FFF
2 0 1331 7FFF
2 0 1332 7FFF
2 0 1333 7FFF
2 0 1334 7FFF
2 0 1335 7FFF
2 0 1336 7FFF
2 0 1337 7FFF
2 0 1338 7FFF
2 0 1339 7FFF
2 0 1340 7FFF
2 0 1341 7FFF
2 0 1342 7FFF
2 0 1343 7FFF
2 0 1344 7FFF
2 0 1345 7FFF
2 0 1346 7FFF
2 0 1347 7FFF
2 0 1348 7FFF
2 0 1349 7FFF
2 0 1350 7FFF
2 0 1351 7FFF
2 0 1352 7FFF
2 0 1353 7FFF
2 0 1354 7FFF
2 0 1355 7FFF
2 0 1356 7FFF
2 0 1357 7FFF
2 0 1358 7FFF
2 0 1359 7FFF
2 0 1360 7FFF
2 0 1361 7FFF
2 0 1362 7FFF
2 0 1363 7FFF
2 0 1364 7FFF
2 0 1365 7FFF
2 0 1366 7FFF
2 0 1367 7FFF
2 0 1368 7FFF
2 0 1369 7FFF
2 0 1370 7FFF
2 0 1371 7FFF
2 0 1372 7FFF
2 0 1373 7FFF
2 0 1374 7FFF
2 0 1375 7FFF
2 0 1376 7FFF
2 0 1377 7FFF
2 0 1378 7FFF
2 0 1379 7FFF
2 0 1380 7FFF
2 0 1381 7FFF
2 0 1382 7FFF
2 0 1383 7FFF
2 0 1384 7FFF
2 0 1385 7FFF
2 0 1386 7FFF
2 0 1387 7FFF
2 0 1388 7FFF
2 0 1389 7FFF
2 0 1390 7FFF
2 0 1391 7FFF
2 0 1392 7FFF
2 0 1393 7FFF
2 0 1394 7FFF
2 0 1395 7FFF
2 0 1396 7FFF
2 0 1397 7FFF
2 0 1398 7FFF
2 0 1399 7FFF
2 0 1400 7FFF
2 0 1401 7FFF
2 0 1402 7FFF
2 0 1403 7FFF
2 0 1404 7FFF
2 0 1405 7FFF
2 0 1406 7FFF
2 0 1407 7FFF
2 0 1408 7FFF
2 0 1409 7FFF
2 0 1410 7FFF
2 0 1411 7FFF
2 0 1412 7FFF
2 0 1413 7FFF
2 0 1414 7FFF
2 0 1415 7FFF
2 0 1416 7FFF
2 0 1417 7FFF
2 0 1418 7FFF
2 0 1419 7FFF
2 0 1420 7FFF
2 0 1421 7FFF
2 0 1422 7FFF
2 0 1423 7FFF
2 0 1424 7FFF
2 0 1425 7FFF
2 0 1426 7FFF
2 0 1427 7FFF
2 0 1428 7FFF
2 0 1429 7FFF
2 0 1430 7FFF
2 0 1431 7FFF
2 0 1432 7FFF
2 0 1433 7FFF
2 0 1434 7FFF
2 0 1435 7FFF
2 0 1436 7FFF
2 0 1437 7FFF
2 0 1438 7FFF
2 0 1439 7FFF
2 0 1440 7FFF
2 0 1441 7FFF
2 0 1442 7FFF
2 0 1443 7FFF
2 0 1444 7FFF
2 0 1445 7FFF
2 0 1446 7FFF
2 0 1447 7FFF
2 0 1448 7FFF
2 0 1449 7FFF
2 0 1450 7FFF
2 0 1451 7FFF
2 0 1452 7FFF
2 0 1453 7FFF
2 0 1454 7FFF
2 0 1455 7FFF
2 0 1456 7FFF
2 0 1457 7FFF
2 0 1458 7FFF
2 0 1459 7FFF
2 0 1460 7FFF
2 0 1461 7FFF
2 0 1462 7FFF
2 0 1463 7FFF
2 0 1464 7FFF
2 0 1465 7FFF
2 0 1466 7FFF
2 0 1467 7FFF
2 0 1468 7FFF
2 0 1469 7FFF
2 0 1470 7FFF
2 0 1471 7FFF
2 0 1472 7FFF
2 0 1473 7FFF
2 0 1474 7FFF
2 0 1475 7FFF
2 0 1476 7FFF
2 0 1477 7FFF
2 0 1478 7FFF
2 0 1479 7FFF
2 0 1480 7FFF
2 0 1481 7FFF
2 0 1482 7FFF
2 0 1483 7FFF
2 0 1484 7FFF
2 0 1485 7FFF
2 0 1486 7FFF
2 0 1487 7FFF
2 0 1488 7FFF
2 0 1489 7FFF
2 0 1490 7FFF
2 0 1491 7FFF
2 0 1492 7FFF
2 0 1493 7FFF
2 0 1494 7FFF
2 0 1495 7FFF
2 0 1496 7FFF
2 0 1497 7FFF
2 0 1498 7FFF
2 0 1499 7FFF
2 0 1500 7FFF
2 0 1501 7FFF
2 0 1502 7FFF
2 0 1503 7FFF
2 0 1504 7FFF
2 0 1505 7FFF
2 0 1506 7FFF
2 0 1507 7FFF
2 0 1508 7FFF
2 0 1509 7FFF
2 0 1510 7FFF
2 0 1511 7FFF
2 0 1512 7FFF
2 0 1513 7FFF
2 0 1514 7FFF
2 0 1515 7FFF
2 0 1516 7FFF
2 0 1517 7FFF
2 0 1518 7FFF
2 0 1519 7FFF
2 0 1520 7FFF
2 0 1521 7FFF
2 0 1522 7FFF
2 0 1523 7FFF
2 0 1524 7FFF
2 0 1525 7FFF
2 0 1526 7FFF
2 0 1527 7FFF
2 0 1528 7FFF
2 0 1529 7FFF
2 0 1530 7FFF
2 0 1531 7FFF
2 0 1532 7FFF
2 0 1533 7FFF
2 0 1534 7FFF
2 0 1535 7FFF
2 0 1536 7FFF
2 0 1537 7FFF
2 0 1538 7FFF
2 0 1539 7FFF
2 0 1540 7FFF
2 0 1541 7FFF
2 0 1542 7FFF
2 0 1543 7FFF
2 0 1544 7FFF
2 0 1545 7FFF
2 0 1546 7FFF
2 0 1547 7FFF
2 0 1548 7FFF
2 0 1549 7FFF
2 0 1550 7FFF
2 0 1551 7FFF
2 0 1552 7FFF
2 0 1553 7FFF
2 0 1554 7FFF
2 0 1555 7FFF
2 0 1556 7FFF
2 0 1557 7FFF
2 0 1558 7FFF
2 0 1559 7FFF
2 0 1560 7FFF
2 0 1561 7FFF
2 0 1562 7FFF
2 0 1563 7FFF
2 0 1564 7FFF
2 0 1565 7FFF
2 0 1566 7FFF
2 0 1567 7FFF
2 0 1568 7FFF
2 0 1569 7FFF
2 0 1570 7FFF
2 0 1571 7FFF
2 0 1572 7FFF
2 0 1573 7FFF
2 0 1574 7FFF
2 0 1575 7FFF
2 0 1576 7FFF
2 0 1577 7FFF
2 0 1578 7FFF
2 0 1579 7FFF
2 0 1580 7FFF
2 0 1581 7FFF
2 0 1582 7FFF
2 0 1583 7FFF
2 0 1584 7FFF
2 0 1585 7FFF
2 0 1586 7FFF
2 0 1587 7FFF
2 0 1588 7FFF
2 0 1589 7FFF
2 0 1590 7FFF
2 0 1591 7FFF
2 0 1592 7FFF
2 0 1593 7FFF
2 0 1594 7FFF
2 0 1595 7FFF
2 0 1596 7FFF
2 0 1597 7FFF
2 0 1598 7FFF
2 0 1599 7FFF
2 0 1600 7FFF
2 0 1601 7FFF
2 0 1602 7FFF
2 0 1603 7FFF
2 0 1604 7FFF
2 0 1605 7FFF
2 0 1606 7FFF
2 0 1607 7FFF
2 0 1608 7FFF
2 0 1609 7FFF
2 0 1610 7FFF
2 0 1611 7FFF
2 0 1612 7FFF
2 0 1613 7FFF
2 0 1614 7FFF
2 0 1615 7FFF
2 0 1616 7FFF
2 0 1617 7FFF
2 0 1618 7FFF
2 0 1619 7FFF
2 0 1620 7FFF
2 0 1621 7FFF
2 0 1622 7FFF
2 0 1623 7FFF
2 0 1624 7FFF
2 0 1625 7FFF
2 0 1626 7FFF
2 0 1627 7FFF
2 0 1628 7FFF
2 0 1629 7FFF
2 0 1630 7FFF
2 0 1631 7FFF
2 0 1632 7FFF
2 0 1633 7FFF
2 0 1634 7FFF
2 0 1635 7FFF
2 0 1636 7FFF
2 0 1637 7FFF
2 0 1638 7FFF
2 0 1639 7FFF
2 0 1640 7FFF
2 0 1641 7FFF
2 0 1642 7FFF
2 0 1643 7FFF
2 0 1644 7FFF
2 0 1645 7FFF
2 0 1646 7FFF
2 0 1647 7FFF
2 0 1648 7FFF
2 0 1649 7FFF
2 0 1650 7FFF
2 0 1651 7FFF
2 0 1652 7FFF
2 0 1653 7FFF
2 0 1654 7FFF
2 0 1655 7FFF
2 0 1656 7FFF
2 0 1657 7FFF
2 0 1658 7FFF
2 0 1659 7FFF
2 0 1660 7FFF
2 0 1661 7FFF
2 0 1662 7FFF
2 0 1663 7FFF
2 0 1664 7FFF
2 0 1665 7FFF
2 0 1666 7FFF
2 0 1667 7FFF
2 0 1668 7FFF
2 0 1669 7FFF
2 0 1670 7FFF
2 0 1671 7FFF
2 0 1672 7FFF
2 0 1673 7FFF
2 0 1674 7FFF
2 0 1675 7FFF
2 0 1676 7FFF
2 0 1677 7FFF
2 0 1678 7FFF
2 0 1679 7FFF
2 0 1680 7FFF
2 0 1681 7FFF
2 0 1682 7FFF
2 0 1683 7FFF
2 0 1684 7FFF
2 0 1685 7FFF
2 0 1686 7FFF
2 0 1687 7FFF
2 0 1688 7FFF
2 0 1689 7FFF
2 0 1690 7FFF
2 0 1691 7FFF
2 0 1692 7FFF
2 0 1693 7FFF
2 0 1694 7FFF
2 0 1695 7FFF
2 0 1696 7FFF
2 0 1697 7FFF
2 0 1698 7FFF
2 0 1699 7FFF
2 0 1700 7FFF
2 0 1701 7FFF
2 0 1702 7FFF
2 0 1703 7FFF
2 0 1704 7FFF
2 0 1705 7FFF
2 0 1706 7FFF
2 0 1707 7FFF
2 0 1708 7FFF
2 0 1709 7FFF
2 0 1710 7FFF
2 0 1711 7FFF
2 0 1712 7FFF
2 0 1713 7FFF
2 0 1714 7FFF
2 0 1715 7FFF
2 0 1716 7FFF
2 0 1717 7FFF
2 0 1718 7FFF
2 0 1719 7FFF
2 0 1720 7FFF
2 0 1721 7FFF
2 0 1722 7FFF
2 0 1723 7FFF
2 0 1724 7FFF
2 0 1725 7FFF
2 0 1726 7FFF
2 0 1727 7FFF
2 0 1728 7FFF
2 0 1729 7FFF
2 0 1730 7FFF
2 0 1731 7FFF
2 0 1732 7FFF
2 0 1733 7FFF
2 0 1734 7FFF
2 0 1735 7FFF
2 0 1736 7FFF
2 0 1737 7FFF
2 0 1738 7FFF
2 0 1739 7FFF
2 0 1740 7FFF
2 0 1741 7FFF
2 0 1742 7FFF
2 0 1743 7FFF
2 0 1744 7FFF
2 0 1745 7FFF
2 0 1746 7FFF
2 0 1747 7FFF
2 0 1748 7FFF
2 0 1749 7FFF
2 0 1750 7FFF
2 0 1751 7FFF
2 0 1752 7FFF
2 0 1753 7FFF
2 0 1754 7FFF
2 0 1755 7FFF
2 0 1756 7FFF
2 0 1757 7FFF
2 0 1758 7FFF
2 0 1759 7FFF
2 0 1760 7FFF
2 0 1761 7FFF
2 0 1762 7FFF
2 0 1763 7FFF
2 0 1764 7FFF
2 0 1765 7FFF
2 0 1766 7FFF
2 0 1767 7FFF
2 0 1768 7FFF
2 0 1769 7FFF
2 0 1770 7FFF
2 0 1771 7FFF
2 0 1772 7FFF
2 0 1773 7FFF
2 0 1774 7FFF
2 0 1775 7FFF
2 0 1776 7FFF
2 0 1777 7FFF
2 0 1778 7FFF
2 0 1779 7FFF
2 0 1780 7FFF
2 0 1781 7FFF
2 0 1782 7FFF
2 0 1783 7FFF
2 0 1784 7FFF
2 0 1785 7FFF
2 0 1786 7FFF
2 0 1787 7FFF
2 0 1788 7FFF
2 0 1789 7FFF
2 0 1790 7FFF
2 0 1791 7FFF
2 0 1792 7FFF
2 0 1793 7FFF
2 0 1794 7FFF
2 0 1795 7FFF
2 0 1796 7FFF
2 0 1797 7FFF
2 0 1798 7FFF
2 0 1799 7FFF
2 0 1800 7FFF
2 0 1801 7FFF
2 0 1802 7FFF
2 0 1803 7FFF
2 0 1804 7FFF
2 0 1805 7FFF
2 0 1806 7FFF
2 0 1807 7FFF
2 0 1808 7FFF
2 0 1809 7FFF
2 0 1810 7FFF
2 0 1811 7FFF
2 0 1812 7FFF
2 0 1813 7FFF
2 0 1814 7FFF
2 0 1815 7FFF
2 0 1816 7FFF
2 0 1817 7FFF
2 0 1818 7FFF
2 0 1819 7FFF
2 0 1820 7FFF
2 0 1821 7FFF
2 0 1822 7FFF
2 0 1823 7FFF
2 0 1824 7FFF
2 0 1825 7FFF
2 0 1826 7FFF
2 0 1827 7FFF
2 0 1828 7FFF
2 0 1829 7FFF
2 0 1830 7FFF
2 0 1831 7FFF
2 0 1832 7FFF
2 0 1833 7FFF
2 0 1834 7FFF
2 0 1835 7FFF
2 0 1836 7FFF
2 0 1837 7FFF
2 0 1838 7FFF
2 0 1839 7FFF
2 0 1840 7FFF
2 0 1841 7FFF
2 0 1842 7FFF
2 0 1843 7FFF
2 0 1844 7FFF
2 0 1845 7FFF
2 0 1846 7FFF
2 0 1847 7FFF
2 0 1848 7FFF
2 0 1849 7FFF
2 0 1850 7FFF
2 0 1851 7FFF
2 0 1852 7FFF
2 0 1853 7FFF
2 0 1854 7FFF
2 0 1855 7FFF
2 0 1856 7FFF
2 0 1857 7FFF
2 0 1858 7FFF
2 0 1859 7FFF
2 0 1860 7FFF
2 0 1861 7FFF
2 0 1862 7FFF
2 0 1863 7FFF
2 0 1864 7FFF
2 0 1865 7FFF
2 0 1866 7FFF
2 0 1867 7FFF
2 0 1868 7FFF
2 0 1869 7FFF
2 0 1870 7FFF
2 0 1871 7FFF
2 0 1872 7FFF
2 0 1873 7FFF
2 0 1874 7FFF
2 0 1875 7FFF
2 0 1876 7FFF
2 0 1877 7FFF
2 0 1878 7FFF
2 0 1879 7FFF
2 0 1880 7FFF
2 0 1881 7FFF
2 0 1882 7FFF
2 0 1883 7FFF
2 0 1884 7FFF
2 0 1885 7FFF
2 0 1886 7FFF
2 0 1887 7FFF
2 0 1888 7FFF
2 0 1889 7FFF
2 0 1890 7FFF
2 0 1891 7FFF
2 0 1892 7FFF
2 0 1893 7FFF
2 0 1894 7FFF
2 0 1895 7FFF
2 0 1896 7FFF
2 0 1897 7FFF
2 0 1898 7FFF
2 0 1899 7FFF
2 0 1900 7FFF
2 0 1901 7FFF
2 0 1902 7FFF
2 0 1903 7FFF
2 0 1904 7FFF
2 0 1905 7FFF
2 0 1906 7FFF
2 0 1907 7FFF
2 0 1908 7FFF
2 0 1909 7FFF
2 0 1910 7FFF
2 0 1911 7FFF
2 0 1912 7FFF
2 0 1913 7FFF
2 0 1914 7FFF
2 0 1915 7FFF
2 0 1916 7FFF
2 0 1917 7FFF
2 0 1918 7FFF
2 0 1919 7FFF
2 0 1920 7FFF
2 0 1921 7FFF
2 0 1922 7FFF
2 0 1923 7FFF
2 0 1924 7FFF
2 0 1925 7FFF
2 0 1926 7FFF
2 0 1927 7FFF
2 0 1928 7FFF
2 0 1929 7FFF
2 0 1930 7FFF
2 0 1931 7FFF
2 0 1932 7FFF
2 0 1933 7FFF
2 0 1934 7FFF
2 0 1935 7FFF
2 0 1936 7FFF
2 0 1937 7FFF
2 0 1938 7FFF
2 0 1939 7FFF
2 0 1940 7FFF
2 0 1941 7FFF
2 0 1942 7FFF
2 0 1943 7FFF
2 0 1944 7FFF
2 0 1945 7FFF
2 0 1946 7FFF
2 0 1947 7FFF
2 0 1948 7FFF
2 0 1949 7FFF
2 0 1950 7FFF
2 0 1951 7FFF
2 0 1952 7FFF
2 0 1953 7FFF
2 0 1954 7FFF
2 0 1955 7FFF
2 0 1956 7FFF
2 0 1957 7FFF
2 0 1958 7FFF
2 0 1959 7FFF
2 0 1960 7FFF
2 0 1961 7FFF
2 0 1962 7FFF
2 0 1963 7FFF
2 0 1964 7FFF
2 0 1965 7FFF
2 0 1966 7FFF
2 0 1967 7FFF
2 0 1968 7FFF
2 0 1969 7FFF
2 0 1970 7FFF
2 0 1971 7FFF
2 0 1972 7FFF
2 0 1973 7FFF
2 0 1974 7FFF
2 0 1975 7FFF
2 0 1976 7FFF
2 0 1977 7FFF
2 0 1978 7FFF
2 0 1979 7FFF
2 0 1980 7FFF
2 0 1981 7FFF
2 0 1982 7FFF
2 0 1983 7FFF
2 0 1984 7FFF
2 0 1985 7FFF
2 0 1986 7FFF
2 0 1987 7FFF
2 0 1988 7FFF
2 0 1989 7FFF
2 0 1990 7FFF
2 0 1991 7FFF
2 0 1992 7FFF
2 0 1993 7FFF
2 0 1994 7FFF
2 0 1995 7FFF
2 0 1996 7FFF
2 0 1997 7FFF
2 0 1998 7FFF
2 0 1999 7FFF
2 0 2000 7FFF
2 0 2001 7FFF
2 0 2002 7FFF
2 0 2003 7FFF
2 0 2004 7FFF
2 0 2005 7FFF
2 0 2006 7FFF
2 0 2007 7FFF
2 0 2008 7FFF
2 0 2009 7FFF
2 0 2010 7FFF
2 0 2011 7FFF
2 0 2012 7FFF
2 0 2013 7FFF
2 0 2014 7FFF
2 0 2015 7FFF
2 0 2016 7FFF
2 0 2017 7FFF
2 0 2018 7FFF
2 0 2019 7FFF
2 0 2020 7FFF
2 0 2021 7FFF
2 0 2022 7FFF
2 0 2023 7FFF
2 0 2024 7FFF
2 0 2025 7FFF
2 0 2026 7FFF
2 0 2027 7FFF
2 0 2028 7FFF
2 0 2029 7FFF
2 0 2030 7FFF
2 0 2031 7FFF
2 0 2032 7FFF
2 0 2033 7FFF
2 0 2034 7FFF
2 0 2035 7FFF
2 0 2036 7FFF
2 0 2037 7FFF
2 0 2038 7FFF
2 0 2039 7FFF
2 0 2040 7FFF
2 0 2041 7FFF
2 0 2042 7FFF
2 0 2043 7FFF
2 0 2044 7FFF
2 0 2045 7FFF
2 0 2046 7FFF
2 0 2047 7FFF
2 1 0 8000
2 1 1 8000
2 1 2 8000
2 1 3 8000
2 1 4 8000
2 1 5 8000
2 1 6 8000
2 1 7 8000
2 1 8 8000
2 1 9 8000
2 1 10 8000
2 1 11 8000
2 1 12 8000
2 1 13 8000
2 1 14 8000
2 1 15 8000
2 1 16 8000
2 1 17 8000
2 1 18 8000
2 1 19 8000
2 1 20 8000
2 1 21 8000
2 1 22 8000
2 1 23 8000
2 1 24 8000
2 1 25 8000
2 1 26 8000
2 1 27 8000
2 1 28 8000
2 1 29 8000
2 1 30 8000
2 1 31 8000
2 1 32 8000
2 1 33 8000
2 1 34 8000
2 1 35 8000
2 1 36 8000
2 1 37 8000
2 1 38 8000
2 1 39 8000
2 1 40 8000
2 1 41 8000
2 1 42 8000
2 1 43 8000
2 1 44 8000
2 1 45 8000
2 1 46 8000
2 1 47 8000
2 1 48 8000
2 1 49 8000
2 1 50 8000
2 1 51 8000
2 1 52 8000
2 1 53 8000
2 1 54 8000
2 1 55 8000
2 1 56 8000
2 1 57 8000
2 1 58 8000
2 1 59 8000
2 1 60 8000
2 1 61 8000
2 1 62 8000
2 1 63 8000
2 1 64 8000
2 1 65 8000
2 1 66 8000
2 1 67 8000
2 1 68 8000
2 1 69 8000
2 1 70 8000
2 1 71 8000
2 1 72 8000
2 1 73 8000
2 1 74 8000
2 1 75 8000
2 1 76 8000
2 1 77 8000
2 1 78 8000
2 1 79 8000
2 1 80 8000
2 1 81 8000
2 1 82 8000
2 1 83 8000
2 1 84 8000
2 1 85 8000
2 1 86 8000
2 1 87 8000
2 1 88 8000
2 1 89 8000
2 1 90 8000
2 1 91 8000
2 1 92 8000
2 1 93 8000
2 1 94 8000
2 1 95 8000
2 1 96 8000
2 1 97 8000
2 1 98 8000
2 1 99 8000
2 1 100 8000
2 1 101 8000
2 1 102 8000
2 1 103 8000
2 1 104 8000
2 1 105 8000
2 1 106 8000
2 1 107 8000
2 1 108 8000
2 1 109 8000
2 1 110 8000
2 1 111 8000
2 1 112 8000
2 1 113 8000
2 1 114 8000
2 1 115 8000
2 1 116 8000
2 1 117 8000
2 1 118 8000
2 1 119 8000
2 1 120 8000
2 1 121 8000
2 1 122 8000
2 1 123 8000
2 1 124 8000
2 1 125 8000
2 1 126 8000
2 1 127 8000
2 1 128 8000
2 1 129 8000
2 1 130 8000
2 1 131 8000
2 1 132 8000
2 1 133 8000
2 1 134 8000
2 1 135 8000
2 1 136 8000
2 1 137 8000
2 1 138 8000
2 1 139 8000
2 1 140 8000
2 1 141 8000
2 1 142 8000
2 1 143 8000
2 1 144 8000
2 1 145 8000
2 1 146 8000
2 1 147 8000
2 1 148 8000
2 1 149 8000
2 1 150 8000
2 1 151 8000
2 1 152 8000
2 1 153 8000
2 1 154 8000
2 1 155 8000
2 1 156 8000
2 1 157 8000
2 1 158 8000
2 1 159 8000
2 1 160 8000
2 1 161 8000
2 1 162 8000
2 1 163 8000
2 1 164 8000
2 1 165 8000
2 1 166 8000
2 1 167 8000
2 1 168 8000
2 1 169 8000
2 1 170 8000
2 1 171 8000
2 1 172 8000
2 1 173 8000
2 1 174 8000
2 1 175 8000
2 1 176 8000
2 1 177 8000
2 1 178 8000
2 1 179 8000
2 1 180 8000
2 1 181 8000
2 1 182 8000
2 1 183 8000
2 1 184 8000
2 1 185 8000
2 1 186 8000
2 1 187 8000
2 1 188 8000
2 1 189 8000
2 1 190 8000
2 1 191 8000
2 1 192 8000
2 1 193 8000
2 1 194 8000
2 1 195 8000
2 1 196 8000
2 1 197 8000
2 1 198 8000
2 1 199 8000
2 1 200 8000
2 1 201 8000
2 1 202 8000
2 1 203 8000
2 1 204 8000
2 1 205 8000
2 1 206 8000
2 1 207 8000
2 1 208 8000
2 1 209 8000
2 1 210 8000
2 1 211 8000
2 1 212 8000
2 1 213 8000
2 1 214 8000
2 1 215 8000
2 1 216 8000
2 1 217 8000
2 1 218 8000
2 1 219 8000
2 1 220 8000
2 1 221 8000
2 1 222 8000
2 1 223 8000
2 1 224 8000
2 1 225 8000
2 1 226 8000
2 1 227 8000
2 1 228 8000
2 1 229 8000
2 1 230 8000
2 1 231 8000
2 1 232 8000
2 1 233 8000
2 1 234 8000
2 1 235 8000
2 1 236 8000
2 1 237 8000
2 1 238 8000
2 1 239 8000
2 1 240 8000
2 1 241 8000
2 1 242 8000
2 1 243 8000
2 1 244 8000
2 1 245 8000
2 1 246 8000
2 1 247 8000
2 1 248 8000
2 1 249 8000
2 1 250 8000
2 1 251 8000
2 1 252 8000
2 1 253 8000
2 1 254 8000
2 1 255 8000
2 1 256 8000
2 1 257 8000
2 1 258 8000
2 1 259 8000
2 1 260 8000
2 1 261 8000
2 1 262 8000
2 1 263 8000
2 1 264 8000
2 1 265 8000
2 1 266 8000
2 1 267 8000
2 1 268 8000
2 1 269 8000
2 1 270 8000
2 1 271 8000
2 1 272 8000
2 1 273 8000
2 1 274 8000
2 1 275 8000
2 1 276 8000
2 1 277 8000
2 1 278 8000
2 1 279 8000
2 1 280 8000
2 1 281 8000
2 1 282 8000
2 1 283 8000
2 1 284 8000
2 1 285 8000
2 1 286 8000
2 1 287 8000
2 1 288 8000
2 1 289 8000
2 1 290 8000
2 1 291 8000
2 1 292 8000
2 1 293 8000
2 1 294 8000
2 1 295 8000
2 1 296 8000
2 1 297 8000
2 1 298 8000
2 1 299 8000
2 1 300 8000
2 1 301 8000
2 1 302 8000
2 1 303 8000
2 1 304 8000
2 1 305 8000
2 1 306 8000
2 1 307 8000
2 1 308 8000
2 1 309 8000
2 1 310 8000
2 1 311 8000
2 1 312 8000
2 1 313 8000
2 1 314 8000
2 1 315 8000
2 1 316 8000
2 1 317 8000
2 1 318 8000
2 1 319 8000
2 1 320 8000
2 1 321 8000
2 1 322 8000
2 1 323 8000
2 1 324 8000
2 1 325 8000
2 1 326 8000
2 1 327 8000
2 1 328 8000
2 1 329 8000
2 1 330 8000
2 1 331 8000
2 1 332 8000
2 1 333 8000
2 1 334 8000
2 1 335 8000
2 1 336 8000
2 1 337 8000
2 1 338 8000
2 1 339 8000
2 1 340 8000
2 1 341 8000
2 1 342 8000
2 1 343 8000
2 1 344 8000
2 1 345 8000
2 1 346 8000
2 1 347 8000
2 1 348 8000
2 1 349 8000
2 1 350 8000
2 1 351 8000
2 1 352 8000
2 1 353 8000
2 1 354 8000
2 1 355 8000
2 1 356 8000
2 1 357 8000
2 1 358 8000
2 1 359 8000
2 1 360 8000
2 1 361 8000
2 1 362 8000
2 1 363 8000
2 1 364 8000
2 1 365 8000
2 1 366 8000
2 1 367 8000
2 1 368 8000
2 1 369 8000
2 1 370 8000
2 1 371 8000
2 1 372 8000
2 1 373 8000
2 1 374 8000
2 1 375 8000
2 1 376 8000
2 1 377 8000
2 1 378 8000
2 1 379 8000
2 1 380 8000
2 1 381 8000
2 1 382 8000
2 1 383 8000
2 1 384 8000
2 1 385 8000
2 1 386 8000
2 1 387 8000
2 1 388 8000
2 1 389 8000
2 1 390 8000
2 1 391 8000
2 1 392 8000
2 1 393 8000
2 1 394 8000
2 1 395 8000
2 1 396 8000
2 1 397 8000
2 1 398 8000
2 1 399 8000
2 1 400 8000
2 1 401 8000
2 1 402 8000
2 1 403 8000
2 1 404 8000
2 1 405 8000
2 1 406 8000
2 1 407 8000
2 1 408 8000
2 1 409 8000
2 1 410 8000
2 1 411 8000
2 1 412 8000
2 1 413 8000
2 1 414 8000
2 1 415 8000
2 1 416 8000
2 1 417 8000
2 1 418 8000
2 1 419 8000
2 1 420 8000
2 1 421 8000
2 1 422 8000
2 1 423 8000
2 1 424 8000
2 1 425 8000
2 1 426 8000
2 1 427 8000
2 1 428 8000
2 1 429 8000
2 1 430 8000
2 1 431 8000
2 1 432 8000
2 1 433 8000
2 1 434 8000
2 1 435 8000
2 1 436 8000
2 1 437 8000
2 1 438 8000
2 1 439 8000
2 1 440 8000
2 1 441 8000
2 1 442 8000
2 1 443 8000
2 1 444 8000
2 1 445 8000
2 1 446 8000
2 1 447 8000
2 1 448 8000
2 1 449 8000
2 1 450 8000
2 1 451 8000
2 1 452 8000
2 1 453 8000
2 1 454 8000
2 1 455 8000
2 1 456 8000
2 1 457 8000
2 1 458 8000
2 1 459 8000
2 1 460 8000
2 1 461 8000
2 1 462 8000
2 1 463 8000
2 1 464 8000
2 1 465 8000
2 1 466 8000
2 1 467 8000
2 1 468 8000
2 1 469 8000
2 1 470 8000
2 1 471 8000
2 1 472 8000
2 1 473 8000
2 1 474 8000
2 1 475 8000
2 1 476 8000
2 1 477 8000
2 1 478 8000
2 1 479 8000
2 1 480 8000
2 1 481 8000
2 1 482 8000
2 1 483 8000
2 1 484 8000
2 1 485 8000
2 1 486 8000
2 1 487 8000
2 1 488 8000
2 1 489 8000
2 1 490 8000
2 1 491 8000
2 1 492 8000
2 1 493 8000
2 1 494 8000
2 1 495 8000
2 1 496 8000
2 1 497 8000
2 1 498 8000
2 1 499 8000
2 1 500 8000
2 1 501 8000
2 1 502 8000
2 1 503 8000
2 1 504 8000
2 1 505 8000
2 1 506 8000
2 1 507 8000
2 1 508 8000
2 1 509 8000
2 1 510 8000
2 1 511 8000
2 1 512 8000
2 1 513 8000
2 1 514 8000
2 1 515 8000
2 1 516 8000
2 1 517 8000
2 1 518 8000
2 1 519 8000
2 1 520 8000
2 1 521 8000
2 1 522 8000
2 1 523 8000
2 1 524 8000
2 1 525 8000
2 1 526 8000
2 1 527 8000
2 1 528 8000
2 1 529 8000
2 1 530 8000
2 1 531 8000
2 1 532 8000
2 1 533 8000
2 1 534 8000
2 1 535 8000
2 1 536 8000
2 1 537 8000
2 1 538 8000
2 1 539 8000
2 1 540 8000
2 1 541 8000
2 1 542 8000
2 1 543 8000
2 1 544 8000
2 1 545 8000
2 1 546 8000
2 1 547 8000
2 1 548 8000
2 1 549 8000
2 1 550 8000
2 1 551 8000
2 1 552 8000
2 1 553 8000
2 1 554 8000
2 1 555 8000
2 1 556 8000
2 1 557 8000
2 1 558 8000
2 1 559 8000
2 1 560 8000
2 1 561 8000
2 1 562 8000
2 1 563 8000
2 1 564 8000
2 1 565 8000
2 1 566 8000
2 1 567 8000
2 1 568 8000
2 1 569 8000
2 1 570 8000
2 1 571 8000
2 1 572 8000
2 1 573 8000
2 1 574 8000
2 1 575 8000
2 1 576 8000
2 1 577 8000
2 1 578 8000
2 1 579 8000
2 1 580 8000
2 1 581 8000
2 1 582 8000
2 1 583 8000
2 1 584 8000
2 1 585 8000
2 1 586 8000
2 1 587 8000
2 1 588 8000
2 1 589 8000
2 1 590 8000
2 1 591 8000
2 1 592 8000
2 1 593 8000
2 1 594 8000
2 1 595 8000
2 1 596 8000
2 1 597 8000
2 1 598 8000
2 1 599 8000
2 1 600 8000
2 1 601 8000
2 1 602 8000
2 1 603 8000
2 1 604 8000
2 1 605 8000
2 1 606 8000
2 1 607 8000
2 1 608 8000
2 1 609 8000
2 1 610 8000
2 1 611 8000
2 1 612 8000
2 1 613 8000
2 1 614 8000
2 1 615 8000
2 1 616 8000
2 1 617 8000
2 1 618 8000
2 1 619 8000
2 1 620 8000
2 1 621 8000
2 1 622 8000
2 1 623 8000
2 1 624 8000
2 1 625 8000
2 1 626 8000
2 1 627 8000
2 1 628 8000
2 1 629 8000
2 1 630 8000
2 1 631 8000
2 1 632 8000
2 1 633 8000
2 1 634 8000
2 1 635 8000
2 1 636 8000
2 1 637 8000
2 1 638 8000
2 1 639 8000
2 1 640 8000
2 1 641 8000
2 1 642 8000
2 1 643 8000
2 1 644 8000
2 1 645 8000
2 1 646 8000
2 1 647 8000
2 1 648 8000
2 1 649 8000
2 1 650 8000
2 1 651 8000
2 1 652 8000
2 1 653 8000
2 1 654 8000
2 1 655 8000
2 1 656 8000
2 1 657 8000
2 1 658 8000
2 1 659 8000
2 1 660 8000
2 1 661 8000
2 1 662 8000
2 1 663 8000
2 1 664 8000
2 1 665 8000
2 1 666 8000
2 1 667 8000
2 1 668 8000
2 1 669 8000
2 1 670 8000
2 1 671 8000
2 1 672 8000
2 1 673 8000
2 1 674 8000
2 1 675 8000
2 1 676 8000
2 1 677 8000
2 1 678 8000
2 1 679 8000
2 1 680 8000
2 1 681 8000
2 1 682 8000
2 1 683 8000
2 1 684 8000
2 1 685 8000
2 1 686 8000
2 1 687 8000
2 1 688 8000
2 1 689 8000
2 1 690 8000
2 1 691 8000
2 1 692 8000
2 1 693 8000
2 1 694 8000
2 1 695 8000
2 1 696 8000
2 1 697 8000
2 1 698 8000
2 1 699 8000
2 1 700 8000
2 1 701 8000
2 1 702 8000
2 1 703 8000
2 1 704 8000
2 1 705 8000
2 1 706 8000
2 1 707 8000
2 1 708 8000
2 1 709 8000
2 1 710 8000
2 1 711 8000
2 1 712 8000
2 1 713 8000
2 1 714 8000
2 1 715 8000
2 1 716 8000
2 1 717 8000
2 1 718 8000
2 1 719 8000
2 1 720 8000
2 1 721 8000
2 1 722 8000
2 1 723 8000
2 1 724 8000
2 1 725 8000
2 1 726 8000
2 1 727 8000
2 1 728 8000
2 1 729 8000
2 1 730 8000
2 1 731 8000
2 1 732 8000
2 1 733 8000
2 1 734 8000
2 1 735 8000
2 1 736 8000
2 1 737 8000
2 1 738 8000
2 1 739 8000
2 1 740 8000
2 1 741 8000
2 1 742 8000
2 1 743 8000
2 1 744 8000
2 1 745 8000
2 1 746 8000
2 1 747 8000
2 1 748 8000
2 1 749 8000
2 1 750 8000
2 1 751 8000
2 1 752 8000
2 1 753 8000
2 1 754 8000
2 1 755 8000
2 1 756 8000
2 1 757 8000
2 1 758 8000
2 1 759 8000
2 1 760 8000
2 1 761 8000
2 1 762 8000
2 1 763 8000
2 1 764 8000
2 1 765 8000
2 1 766 8000
2 1 767 8000
2 1 768 8000
2 1 769 8000
2 1 770 8000
2 1 771 8000
2 1 772 8000
2 1 773 8000
2 1 774 8000
2 1 775 8000
2 1 776 8000
2 1 777 8000
2 1 778 8000
2 1 779 8000
2 1 780 8000
2 1 781 8000
2 1 782 8000
2 1 783 8000
2 1 784 8000
2 1 785 8000
2 1 786 8000
2 1 787 8000
2 1 788 8000
2 1 789 8000
2 1 790 8000
2 1 791 8000
2 1 792 8000
2 1 793 8000
2 1 794 8000
2 1 795 8000
2 1 796 8000
2 1 797 8000
2 1 798 8000
2 1 799 8000
2 1 800 8000
2 1 801 8000
2 1 802 8000
2 1 803 8000
2 1 804 8000
2 1 805 8000
2 1 806 8000
2 1 807 8000
2 1 808 8000
2 1 809 8000
2 1 810 8000
2 1 811 8000
2 1 812 8000
2 1 813 8000
2 1 814 8000
2 1 815 8000
2 1 816 8000
2 1 817 8000
2 1 818 8000
2 1 819 8000
2 1 820 8000
2 1 821 8000
2 1 822 8000
2 1 823 8000
2 1 824 8000
2 1 825 8000
2 1 826 8000
2 1 827 8000
2 1 828 8000
2 1 829 8000
2 1 830 8000
2 1 831 8000
2 1 832 8000
2 1 833 8000
2 1 834 8000
2 1 835 8000
2 1 836 8000
2 1 837 8000
2 1 838 8000
2 1 839 8000
2 1 840 8000
2 1 841 8000
2 1 842 8000
2 1 843 8000
2 1 844 8000
2 1 845 8000
2 1 846 8000
2 1 847 8000
2 1 848 8000
2 1 849 8000
2 1 850 8000
2 1 851 8000
2 1 852 8000
2 1 853 8000
2 1 854 8000
2 1 855 8000
2 1 856 8000
2 1 857 8000
2 1 858 8000
2 1 859 8000
2 1 860 8000
2 1 861 8000
2 1 862 8000
2 1 863 8000
2 1 864 8000
2 1 865 8000
2 1 866 8000
2 1 867 8000
2 1 868 8000
2 1 869 8000
2 1 870 8000
2 1 871 8000
2 1 872 8000
2 1 873 8000
2 1 874 8000
2 1 875 8000
2 1 876 8000
2 1 877 8000
2 1 878 8000
2 1 879 8000
2 1 880 8000
2 1 881 8000
2 1 882 8000
2 1 883 8000
2 1 884 8000
2 1 885 8000
2 1 886 8000
2 1 887 8000
2 1 888 8000
2 1 889 8000
2 1 890 8000
2 1 891 8000
2 1 892 8000
2 1 893 8000
2 1 894 8000
2 1 895 8000
2 1 896 8000
2 1 897 8000
2 1 898 8000
2 1 899 8000
2 1 900 8000
2 1 901 8000
2 1 902 8000
2 1 903 8000
2 1 904 8000
2 1 905 8000
2 1 906 8000
2 1 907 8000
2 1 908 8000
2 1 909 8000
2 1 910 8000
2 1 911 8000
2 1 912 8000
2 1 913 8000
2 1 914 8000
2 1 915 8000
2 1 916 8000
2 1 917 8000
2 1 918 8000
2 1 919 8000
2 1 920 8000
2 1 921 8000
2 1 922 8000
2 1 923 8000
2 1 924 8000
2 1 925 8000
2 1 926 8000
2 1 927 8000
2 1 928 8000
2 1 929 8000
2 1 930 8000
2 1 931 8000
2 1 932 8000
2 1 933 8000
2 1 934 8000
2 1 935 8000
2 1 936 8000
2 1 937 8000
2 1 938 8000
2 1 939 8000
2 1 940 8000
2 1 941 8000
2 1 942 8000
2 1 943 8000
2 1 944 8000
2 1 945 8000
2 1 946 8000
2 1 947 8000
2 1 948 8000
2 1 949 8000
2 1 950 8000
2 1 951 8000
2 1 952 8000
2 1 953 8000
2 1 954 8000
2 1 955 8000
2 1 956 8000
2 1 957 8000
2 1 958 8000
2 1 959 8000
2 1 960 8000
2 1 961 8000
2 1 962 8000
2 1 963 8000
2 1 964 8000
2 1 965 8000
2 1 966 8000
2 1 967 8000
2 1 968 8000
2 1 969 8000
2 1 970 8000
2 1 971 8000
2 1 972 8000
2 1 973 8000
2 1 974 8000
2 1 975 8000
2 1 976 8000
2 1 977 8000
2 1 978 8000
2 1 979 8000
2 1 980 8000
2 1 981 8000
2 1 982 8000
2 1 983 8000
2 1 984 8000
2 1 985 8000
2 1 986 8000
2 1 987 8000
2 1 988 8000
2 1 989 8000
2 1 990 8000
2 1 991 8000
2 1 992 8000
2 1 993 8000
2 1 994 8000
2 1 995 8000
2 1 996 8000
2 1 997 8000
2 1 998 8000
2 1 999 8000
2 1 1000 8000
2 1 1001 8000
2 1 1002 8000
2 1 1003 8000
2 1 1004 8000
2 1 1005 8000
2 1 1006 8000
2 1 1007 8000
2 1 1008 8000
2 1 1009 8000
2 1 1010 8000
2 1 1011 8000
2 1 1012 8000
2 1 1013 8000
2 1 1014 8000
2 1 1015 8000
2 1 1016 8000
2 1 1017 8000
2 1 1018 8000
2 1 1019 8000
2 1 1020 8000
2 1 1021 8000
2 1 1022 8000
2 1 1023 8000
2 1 1024 8000
2 1 1025 8000
2 1 1026 8000
2 1 1027 8000
2 1 1028 8000
2 1 1029 8000
2 1 1030 8000
2 1 1031 8000
2 1 1032 8000
2 1 1033 8000
2 1 1034 8000
2 1 1035 8000
2 1 1036 8000
2 1 1037 8000
2 1 1038 8000
2 1 1039 8000
2 1 1040 8000
2 1 1041 8000
2 1 1042 8000
2 1 1043 8000
2 1 1044 8000
2 1 1045 8000
2 1 1046 8000
2 1 1047 8000
2 1 1048 8000
2 1 1049 8000
2 1 1050 8000
2 1 1051 8000
2 1 1052 8000
2 1 1053 8000
2 1 1054 8000
2 1 1055 8000
2 1 1056 8000
2 1 1057 8000
2 1 1058 8000
2 1 1059 8000
2 1 1060 8000
2 1 1061 8000
2 1 1062 8000
2 1 1063 8000
2 1 1064 8000
2 1 1065 8000
2 1 1066 8000
2 1 1067 8000
2 1 1068 8000
2 1 1069 8000
2 1 1070 8000
2 1 1071 8000
2 1 1072 8000
2 1 1073 8000
2 1 1074 8000
2 1 1075 8000
2 1 1076 8000
2 1 1077 8000
2 1 1078 8000
2 1 1079 8000
2 1 1080 8000
2 1 1081 8000
2 1 1082 8000
2 1 1083 8000
2 1 1084 8000
2 1 1085 8000
2 1 1086 8000
2 1 1087 8000
2 1 1088 8000
2 1 1089 8000
2 1 1090 8000
2 1 1091 8000
2 1 1092 8000
2 1 1093 8000
2 1 1094 8000
2 1 1095 8000
2 1 1096 8000
2 1 1097 8000
2 1 1098 8000
2 1 1099 8000
2 1 1100 8000
2 1 1101 8000
2 1 1102 8000
2 1 1103 8000
2 1 1104 8000
2 1 1105 8000
2 1 1106 8000
2 1 1107 8000
2 1 1108 8000
2 1 1109 8000
2 1 1110 8000
2 1 1111 8000
2 1 1112 8000
2 1 1113 8000
2 1 1114 8000
2 1 1115 8000
2 1 1116 8000
2 1 1117 8000
2 1 1118 8000
2 1 1119 8000
2 1 1120 8000
2 1 1121 8000
2 1 1122 8000
2 1 1123 8000
2 1 1124 8000
2 1 1125 8000
2 1 1126 8000
2 1 1127 8000
2 1 1128 8000
2 1 1129 8000
2 1 1130 8000
2 1 1131 8000
2 1 1132 8000
2 1 1133 8000
2 1 1134 8000
2 1 1135 8000
2 1 1136 8000
2 1 1137 8000
2 1 1138 8000
2 1 1139 8000
2 1 1140 8000
2 1 1141 8000
2 1 1142 8000
2 1 1143 8000
2 1 1144 8000
2 1 1145 8000
2 1 1146 8000
2 1 1147 8000
2 1 1148 8000
2 1 1149 8000
2 1 1150 8000
2 1 1151 8000
2 1 1152 8000
2 1 1153 8000
2 1 1154 8000
2 1 1155 8000
2 1 1156 8000
2 1 1157 8000
2 1 1158 8000
2 1 1159 8000
2 1 1160 8000
2 1 1161 8000
2 1 1162 8000
2 1 1163 8000
2 1 1164 8000
2 1 1165 8000
2 1 1166 8000
2 1 1167 8000
2 1 1168 8000
2 1 1169 8000
2 1 1170 8000
2 1 1171 8000
2 1 1172 8000
2 1 1173 8000
2 1 1174 8000
2 1 1175 8000
2 1 1176 8000
2 1 1177 8000
2 1 1178 8000
2 1 1179 8000
2 1 1180 8000
2 1 1181 8000
2 1 1182 8000
2 1 1183 8000
2 1 1184 8000
2 1 1185 8000
2 1 1186 8000
2 1 1187 8000
2 1 1188 8000
2 1 1189 8000
2 1 1190 8000
2 1 1191 8000
2 1 1192 8000
2 1 1193 8000
2 1 1194 8000
2 1 1195 8000
2 1 1196 8000
2 1 1197 8000
2 1 1198 8000
2 1 1199 8000
2 1 1200 8000
2 1 1201 8000
2 1 1202 8000
2 1 1203 8000
2 1 1204 8000
2 1 1205 8000
2 1 1206 8000
2 1 1207 8000
2 1 1208 8000
2 1 1209 8000
2 1 1210 8000
2 1 1211 8000
2 1 1212 8000
2 1 1213 8000
2 1 1214 8000
2 1 1215 8000
2 1 1216 8000
2 1 1217 8000
2 1 1218 8000
2 1 1219 8000
2 1 1220 8000
2 1 1221 8000
2 1 1222 8000
2 1 1223 8000
2 1 1224 8000
2 1 1225 8000
2 1 1226 8000
2 1 1227 8000
2 1 1228 8000
2 1 1229 8000
2 1 1230 8000
2 1 1231 8000
2 1 1232 8000
2 1 1233 8000
2 1 1234 8000
2 1 1235 8000
2 1 1236 8000
2 1 1237 8000
2 1 1238 8000
2 1 1239 8000
2 1 1240 8000
2 1 1241 8000
2 1 1242 8000
2 1 1243 8000
2 1 1244 8000
2 1 1245 8000
2 1 1246 8000
2 1 1247 8000
2 1 1248 8000
2 1 1249 8000
2 1 1250 8000
2 1 1251 8000
2 1 1252 8000
2 1 1253 8000
2 1 1254 8000
2 1 1255 8000
2 1 1256 8000
2 1 1257 8000
2 1 1258 8000
2 1 1259 8000
2 1 1260 8000
2 1 1261 8000
2 1 1262 8000
2 1 1263 8000
2 1 1264 8000
2 1 1265 8000
2 1 1266 8000
2 1 1267 8000
2 1 1268 8000
2 1 1269 8000
2 1 1270 8000
2 1 1271 8000
2 1 1272 8000
2 1 1273 8000
2 1 1274 8000
2 1 1275 8000
2 1 1276 8000
2 1 1277 8000
2 1 1278 8000
2 1 1279 8000
2 1 1280 8000
2 1 1281 8000
2 1 1282 8000
2 1 1283 8000
2 1 1284 8000
2 1 1285 8000
2 1 1286 8000
2 1 1287 8000
2 1 1288 8000
2 1 1289 8000
2 1 1290 8000
2 1 1291 8000
2 1 1292 8000
2 1 1293 8000
2 1 1294 8000
2 1 1295 8000
2 1 1296 8000
2 1 1297 8000
2 1 1298 8000
2 1 1299 8000
2 1 1300 8000
2 1 1301 8000
2 1 1302 8000
2 1 1303 8000
2 1 1304 8000
2 1 1305 8000
2 1 1306 8000
2 1 1307 8000
2 1 1308 8000
2 1 1309 8000
2 1 1310 8000
2 1 1311 8000
2 1 1312 8000
2 1 1313 8000
2 1 1314 8000
2 1 1315 8000
2 1 1316 8000
2 1 1317 8000
2 1 1318 8000
2 1 1319 8000
2 1 1320 8000
2 1 1321 8000
2 1 1322 8000
2 1 1323 8000
2 1 1324 8000
2 1 1325 8000
2 1 1326 8000
2 1 1327 8000
2 1 1328 8000
2 1 1329 8000
2 1 1330 8000
2 1 1331 8000
2 1 1332 8000
2 1 1333 8000
2 1 1334 8000
2 1 1335 8000
2 1 1336 8000
2 1 1337 8000
2 1 1338 8000
2 1 1339 8000
2 1 1340 8000
2 1 1341 8000
2 1 1342 8000
2 1 1343 8000
2 1 1344 8000
2 1 1345 8000
2 1 1346 8000
2 1 1347 8000
2 1 1348 8000
2 1 1349 8000
2 1 1350 8000
2 1 1351 8000
2 1 1352 8000
2 1 1353 8000
2 1 1354 8000
2 1 1355 8000
2 1 1356 8000
2 1 1357 8000
2 1 1358 8000
2 1 1359 8000
2 1 1360 8000
2 1 1361 8000
2 1 1362 8000
2 1 1363 8000
2 1 1364 8000
2 1 1365 8000
2 1 1366 8000
2 1 1367 8000
2 1 1368 8000
2 1 1369 8000
2 1 1370 8000
2 1 1371 8000
2 1 1372 8000
2 1 1373 8000
2 1 1374 8000
2 1 1375 8000
2 1 1376 8000
2 1 1377 8000
2 1 1378 8000
2 1 1379 8000
2 1 1380 8000
2 1 1381 8000
2 1 1382 8000
2 1 1383 8000
2 1 1384 8000
2 1 1385 8000
2 1 1386 8000
2 1 1387 8000
2 1 1388 8000
2 1 1389 8000
2 1 1390 8000
2 1 1391 8000
2 1 1392 8000
2 1 1393 8000
2 1 1394 8000
2 1 1395 8000
2 1 1396 8000
2 1 1397 8000
2 1 1398 8000
2 1 1399 8000
2 1 1400 8000
2 1 1401 8000
2 1 1402 8000
2 1 1403 8000
2 1 1404 8000
2 1 1405 8000
2 1 1406 8000
2 1 1407 8000
2 1 1408 8000
2 1 1409 8000
2 1 1410 8000
2 1 1411 8000
2 1 1412 8000
2 1 1413 8000
2 1 1414 8000
2 1 1415 8000
2 1 1416 8000
2 1 1417 8000
2 1 1418 8000
2 1 1419 8000
2 1 1420 8000
2 1 1421 8000
2 1 1422 8000
2 1 1423 8000
2 1 1424 8000
2 1 1425 8000
2 1 1426 8000
2 1 1427 8000
2 1 1428 8000
2 1 1429 8000
2 1 1430 8000
2 1 1431 8000
2 1 1432 8000
2 1 1433 8000
2 1 1434 8000
2 1 1435 8000
2 1 1436 8000
2 1 1437 8000
2 1 1438 8000
2 1 1439 8000
2 1 1440 8000
2 1 1441 8000
2 1 1442 8000
2 1 1443 8000
2 1 1444 8000
2 1 1445 8000
2 1 1446 8000
2 1 1447 8000
2 1 1448 8000
2 1 1449 8000
2 1 1450 8000
2 1 1451 8000
2 1 1452 8000
2 1 1453 8000
2 1 1454 8000
2 1 1455 8000
2 1 1456 8000
2 1 1457 8000
2 1 1458 8000
2 1 1459 8000
2 1 1460 8000
2 1 1461 8000
2 1 1462 8000
2 1 1463 8000
2 1 1464 8000
2 1 1465 8000
2 1 1466 8000
2 1 1467 8000
2 1 1468 8000
2 1 1469 8000
2 1 1470 8000
2 1 1471 8000
2 1 1472 8000
2 1 1473 8000
2 1 1474 8000
2 1 1475 8000
2 1 1476 8000
2 1 1477 8000
2 1 1478 8000
2 1 1479 8000
2 1 1480 8000
2 1 1481 8000
2 1 1482 8000
2 1 1483 8000
2 1 1484 8000
2 1 1485 8000
2 1 1486 8000
2 1 1487 8000
2 1 1488 8000
2 1 1489 8000
2 1 1490 8000
2 1 1491 8000
2 1 1492 8000
2 1 1493 8000
2 1 1494 8000
2 1 1495 8000
2 1 1496 8000
2 1 1497 8000
2 1 1498 8000
2 1 1499 8000
2 1 1500 8000
2 1 1501 8000
2 1 1502 8000
2 1 1503 8000
2 1 1504 8000
2 1 1505 8000
2 1 1506 8000
2 1 1507 8000
2 1 1508 8000
2 1 1509 8000
2 1 1510 8000
2 1 1511 8000
2 1 1512 8000
2 1 1513 8000
2 1 1514 8000
2 1 1515 8000
2 1 1516 8000
2 1 1517 8000
2 1 1518 8000
2 1 1519 8000
2 1 1520 8000
2 1 1521 8000
2 1 1522 8000
2 1 1523 8000
2 1 1524 8000
2 1 1525 8000
2 1 1526 8000
2 1 1527 8000
2 1 1528 8000
2 1 1529 8000
2 1 1530 8000
2 1 1531 8000
2 1 1532 8000
2 1 1533 8000
2 1 1534 8000
2 1 1535 8000
2 1 1536 8000
2 1 1537 8000
2 1 1538 8000
2 1 1539 8000
2 1 1540 8000
2 1 1541 8000
2 1 1542 8000
2 1 1543 8000
2 1 1544 8000
2 1 1545 8000
2 1 1546 8000
2 1 1547 8000
2 1 1548 8000
2 1 1549 8000
2 1 1550 8000
2 1 1551 8000
2 1 1552 8000
2 1 1553 8000
2 1 1554 8000
2 1 1555 8000
2 1 1556 8000
2 1 1557 8000
2 1 1558 8000
2 1 1559 8000
2 1 1560 8000
2 1 1561 8000
2 1 1562 8000
2 1 1563 8000
2 1 1564 8000
2 1 1565 8000
2 1 1566 8000
2 1 1567 8000
2 1 1568 8000
2 1 1569 8000
2 1 1570 8000
2 1 1571 8000
2 1 1572 8000
2 1 1573 8000
2 1 1574 8000
2 1 1575 8000
2 1 1576 8000
2 1 1577 8000
2 1 1578 8000
2 1 1579 8000
2 1 1580 8000
2 1 1581 8000
2 1 1582 8000
2 1 1583 8000
2 1 1584 8000
2 1 1585 8000
2 1 1586 8000
2 1 1587 8000
2 1 1588 8000
2 1 1589 8000
2 1 1590 8000
2 1 1591 8000
2 1 1592 8000
2 1 1593 8000
2 1 1594 8000
2 1 1595 8000
2 1 1596 8000
2 1 1597 8000
2 1 1598 8000
2 1 1599 8000
2 1 1600 8000
2 1 1601 8000
2 1 1602 8000
2 1 1603 8000
2 1 1604 8000
2 1 1605 8000
2 1 1606 8000
2 1 1607 8000
2 1 1608 8000
2 1 1609 8000
2 1 1610 8000
2 1 1611 8000
2 1 1612 8000
2 1 1613 8000
2 1 1614 8000
2 1 1615 8000
2 1 1616 8000
2 1 1617 8000
2 1 1618 8000
2 1 1619 8000
2 1 1620 8000
2 1 1621 8000
2 1 1622 8000
2 1 1623 8000
2 1 1624 8000
2 1 1625 8000
2 1 1626 8000
2 1 1627 8000
2 1 1628 8000
2 1 1629 8000
2 1 1630 8000
2 1 1631 8000
2 1 1632 8000
2 1 1633 8000
2 1 1634 8000
2 1 1635 8000
2 1 1636 8000
2 1 1637 8000
2 1 1638 8000
2 1 1639 8000
2 1 1640 8000
2 1 1641 8000
2 1 1642 8000
2 1 1643 8000
2 1 1644 8000
2 1 1645 8000
2 1 1646 8000
2 1 1647 8000
2 1 1648 8000
2 1 1649 8000
2 1 1650 8000
2 1 1651 8000
2 1 1652 8000
2 1 1653 8000
2 1 1654 8000
2 1 1655 8000
2 1 1656 8000
2 1 1657 8000
2 1 1658 8000
2 1 1659 8000
2 1 1660 8000
2 1 1661 8000
2 1 1662 8000
2 1 1663 8000
2 1 1664 8000
2 1 1665 8000
2 1 1666 8000
2 1 1667 8000
2 1 1668 8000
2 1 1669 8000
2 1 1670 8000
2 1 1671 8000
2 1 1672 8000
2 1 1673 8000
2 1 1674 8000
2 1 1675 8000
2 1 1676 8000
2 1 1677 8000
2 1 1678 8000
2 1 1679 8000
2 1 1680 8000
2 1 1681 8000
2 1 1682 8000
2 1 1683 8000
2 1 1684 8000
2 1 1685 8000
2 1 1686 8000
2 1 1687 8000
2 1 1688 8000
2 1 1689 8000
2 1 1690 8000
2 1 1691 8000
2 1 1692 8000
2 1 1693 8000
2 1 1694 8000
2 1 1695 8000
2 1 1696 8000
2 1 1697 8000
2 1 1698 8000
2 1 1699 8000
2 1 1700 8000
2 1 1701 8000
2 1 1702 8000
2 1 1703 8000
2 1 1704 8000
2 1 1705 8000
2 1 1706 8000
2 1 1707 8000
2 1 1708 8000
2 1 1709 8000
2 1 1710 8000
2 1 1711 8000
2 1 1712 8000
2 1 1713 8000
2 1 1714 8000
2 1 1715 8000
2 1 1716 8000
2 1 1717 8000
2 1 1718 8000
2 1 1719 8000
2 1 1720 8000
2 1 1721 8000
2 1 1722 8000
2 1 1723 8000
2 1 1724 8000
2 1 1725 8000
2 1 1726 8000
2 1 1727 8000
2 1 1728 8000
2 1 1729 8000
2 1 1730 8000
2 1 1731 8000
2 1 1732 8000
2 1 1733 8000
2 1 1734 8000
2 1 1735 8000
2 1 1736 8000
2 1 1737 8000
2 1 1738 8000
2 1 1739 8000
2 1 1740 8000
2 1 1741 8000
2 1 1742 8000
2 1 1743 8000
2 1 1744 8000
2 1 1745 8000
2 1 1746 8000
2 1 1747 8000
2 1 1748 8000
2 1 1749 8000
2 1 1750 8000
2 1 1751 8000
2 1 1752 8000
2 1 1753 8000
2 1 1754 8000
2 1 1755 8000
2 1 1756 8000
2 1 1757 8000
2 1 1758 8000
2 1 1759 8000
2 1 1760 8000
2 1 1761 8000
2 1 1762 8000
2 1 1763 8000
2 1 1764 8000
2 1 1765 8000
2 1 1766 8000
2 1 1767 8000
2 1 1768 8000
2 1 1769 8000
2 1 1770 8000
2 1 1771 8000
2 1 1772 8000
2 1 1773 8000
2 1 1774 8000
2 1 1775 8000
2 1 1776 8000
2 1 1777 8000
2 1 1778 8000
2 1 1779 8000
2 1 1780 8000
2 1 1781 8000
2 1 1782 8000
2 1 1783 8000
2 1 1784 8000
2 1 1785 8000
2 1 1786 8000
2 1 1787 8000
2 1 1788 8000
2 1 1789 8000
2 1 1790 8000
2 1 1791 8000
2 1 1792 8000
2 1 1793 8000
2 1 1794 8000
2 1 1795 8000
2 1 1796 8000
2 1 1797 8000
2 1 1798 8000
2 1 1799 8000
2 1 1800 8000
2 1 1801 8000
2 1 1802 8000
2 1 1803 8000
2 1 1804 8000
2 1 1805 8000
2 1 1806 8000
2 1 1807 8000
2 1 1808 8000
2 1 1809 8000
2 1 1810 8000
2 1 1811 8000
2 1 1812 8000
2 1 1813 8000
2 1 1814 8000
2 1 1815 8000
2 1 1816 8000
2 1 1817 8000
2 1 1818 8000
2 1 1819 8000
2 1 1820 8000
2 1 1821 8000
2 1 1822 8000
2 1 1823 8000
2 1 1824 8000
2 1 1825 8000
2 1 1826 8000
2 1 1827 8000
2 1 1828 8000
2 1 1829 8000
2 1 1830 8000
2 1 1831 8000
2 1 1832 8000
2 1 1833 8000
2 1 1834 8000
2 1 1835 8000
2 1 1836 8000
2 1 1837 8000
2 1 1838 8000
2 1 1839 8000
2 1 1840 8000
2 1 1841 8000
2 1 1842 8000
2 1 1843 8000
2 1 1844 8000
2 1 1845 8000
2 1 1846 8000
2 1 1847 8000
2 1 1848 8000
2 1 1849 8000
2 1 1850 8000
2 1 1851 8000
2 1 1852 8000
2 1 1853 8000
2 1 1854 8000
2 1 1855 8000
2 1 1856 8000
2 1 1857 8000
2 1 1858 8000
2 1 1859 8000
2 1 1860 8000
2 1 1861 8000
2 1 1862 8000
2 1 1863 8000
2 1 1864 8000
2 1 1865 8000
2 1 1866 8000
2 1 1867 8000
2 1 1868 8000
2 1 1869 8000
2 1 1870 8000
2 1 1871 8000
2 1 1872 8000
2 1 1873 8000
2 1 1874 8000
2 1 1875 8000
2 1 1876 8000
2 1 1877 8000
2 1 1878 8000
2 1 1879 8000
2 1 1880 8000
2 1 1881 8000
2 1 1882 8000
2 1 1883 8000
2 1 1884 8000
2 1 1885 8000
2 1 1886 8000
2 1 1887 8000
2 1 1888 8000
2 1 1889 8000
2 1 1890 8000
2 1 1891 8000
2 1 1892 8000
2 1 1893 8000
2 1 1894 8000
2 1 1895 8000
2 1 1896 8000
2 1 1897 8000
2 1 1898 8000
2 1 1899 8000
2 1 1900 8000
2 1 1901 8000
2 1 1902 8000
2 1 1903 8000
2 1 1904 8000
2 1 1905 8000
2 1 1906 8000
2 1 1907 8000
2 1 1908 8000
2 1 1909 8000
2 1 1910 8000
2 1 1911 8000
2 1 1912 8000
2 1 1913 8000
2 1 1914 8000
2 1 1915 8000
2 1 1916 8000
2 1 1917 8000
2 1 1918 8000
2 1 1919 8000
2 1 1920 8000
2 1 1921 8000
2 1 1922 8000
2 1 1923 8000
2 1 1924 8000
2 1 1925 8000
2 1 1926 8000
2 1 1927 8000
2 1 1928 8000
2 1 1929 8000
2 1 1930 8000
2 1 1931 8000
2 1 1932 8000
2 1 1933 8000
2 1 1934 8000
2 1 1935 8000
2 1 1936 8000
2 1 1937 8000
2 1 1938 8000
2 1 1939 8000
2 1 1940 8000
2 1 1941 8000
2 1 1942 8000
2 1 1943 8000
2 1 1944 8000
2 1 1945 8000
2 1 1946 8000
2 1 1947 8000
2 1 1948 8000
2 1 1949 8000
2 1 1950 8000
2 1 1951 8000
2 1 1952 8000
2 1 1953 8000
2 1 1954 8000
2 1 1955 8000
2 1 1956 8000
2 1 1957 8000
2 1 1958 8000
2 1 1959 8000
2 1 1960 8000
2 1 1961 8000
2 1 1962 8000
2 1 1963 8000
2 1 1964 8000
2 1 1965 8000
2 1 1966 8000
2 1 1967 8000
2 1 1968 8000
2 1 1969 8000
2 1 1970 8000
2 1 1971 8000
2 1 1972 8000
2 1 1973 8000
2 1 1974 8000
2 1 1975 8000
2 1 1976 8000
2 1 1977 8000
2 1 1978 8000
2 1 1979 8000
2 1 1980 8000
2 1 1981 8000
2 1 1982 8000
2 1 1983 8000
2 1 1984 8000
2 1 1985 8000
2 1 1986 8000
2 1 1987 8000
2 1 1988 8000
2 1 1989 8000
2 1 1990 8000
2 1 1991 8000
2 1 1992 8000
2 1 1993 8000
2 1 1994 8000
2 1 1995 8000
2 1 1996 8000
2 1 1997 8000
2 1 1998 8000
2 1 1999 8000
2 1 2000 8000
2 1 2001 8000
2 1 2002 8000
2 1 2003 8000
2 1 2004 8000
2 1 2005 8000
2 1 2006 8000
2 1 2007 8000
2 1 2008 8000
2 1 2009 8000
2 1 2010 8000
2 1 2011 8000
2 1 2012 8000
2 1 2013 8000
2 1 2014 8000
2 1 2015 8000
2 1 2016 8000
2 1 2017 8000
2 1 2018 8000
2 1 2019 8000
2 1 2020 8000
2 1 2021 8000
2 1 2022 8000
2 1 2023 8000
2 1 2024 8000
2 1 2025 8000
2 1 2026 8000
2 1 2027 8000
2 1 2028 8000
2 1 2029 8000
2 1 2030 8000
2 1 2031 8000
2 1 2032 8000
2 1 2033 8000
2 1 2034 8000
2 1 2035 8000
2 1 2036 8000
2 1 2037 8000
2 1 2038 8000
2 1 2039 8000
2 1 2040 8000
2 1 2041 8000
2 1 2042 8000
2 1 2043 8000
2 1 2044 8000
2 1 2045 8000
2 1 2046 8000
2 1 2047 8000
2 2 0 7FFF
2 2 1 8000
2 2 2 7FFF
2 2 3 8000
2 2 4 7FFF
2 2 5 8000
2 2 6 7FFF
2 2 7 8000
2 2 8 7FFF
2 2 9 8000
2 2 10 7FFF
2 2 11 8000
2 2 12 7FFF
2 2 13 8000
2 2 14 7FFF
2 2 15 8000
2 2 16 7FFF
2 2 17 8000
2 2 18 7FFF
2 2 19 8000
2 2 20 7FFF
2 2 21 8000
2 2 22 7FFF
2 2 23 8000
2 2 24 7FFF
2 2 25 8000
2 2 26 7FFF
2 2 27 8000
2 2 28 7FFF
2 2 29 8000
2 2 30 7FFF
2 2 31 8000
2 2 32 7FFF
2 2 33 8000
2 2 34 7FFF
2 2 35 8000
2 2 36 7FFF
2 2 37 8000
2 2 38 7FFF
2 2 39 8000
2 2 40 7FFF
2 2 41 8000
2 2 42 7FFF
2 2 43 8000
2 2 44 7FFF
2 2 45 8000
2 2 46 7FFF
2 2 47 8000
2 2 48 7FFF
2 2 49 8000
2 2 50 7FFF
2 2 51 8000
2 2 52 7FFF
2 2 53 8000
2 2 54 7FFF
2 2 55 8000
2 2 56 7FFF
2 2 57 8000
2 2 58 7FFF
2 2 59 8000
2 2 60 7FFF
2 2 61 8000
2 2 62 7FFF
2 2 63 8000
2 2 64 7FFF
2 2 65 8000
2 2 66 7FFF
2 2 67 8000
2 2 68 7FFF
2 2 69 8000
2 2 70 7FFF
2 2 71 8000
2 2 72 7FFF
2 2 73 8000
2 2 74 7FFF
2 2 75 8000
2 2 76 7FFF
2 2 77 8000
2 2 78 7FFF
2 2 79 8000
2 2 80 7FFF
2 2 81 8000
2 2 82 7FFF
2 2 83 8000
2 2 84 7FFF
2 2 85 8000
2 2 86 7FFF
2 2 87 8000
2 2 88 7FFF
2 2 89 8000
2 2 90 7FFF
2 2 91 8000
2 2 92 7FFF
2 2 93 8000
2 2 94 7FFF
2 2 95 8000
2 2 96 7FFF
2 2 97 8000
2 2 98 7FFF
2 2 99 8000
2 2 100 7FFF
2 2 101 8000
2 2 102 7FFF
2 2 103 8000
2 2 104 7FFF
2 2 105 8000
2 2 106 7FFF
2 2 107 8000
2 2 108 7FFF
2 2 109 8000
2 2 110 7FFF
2 2 111 8000
2 2 112 7FFF
2 2 113 8000
2 2 114 7FFF
2 2 115 8000
2 2 116 7FFF
2 2 117 8000
2 2 118 7FFF
2 2 119 8000
2 2 120 7FFF
2 2 121 8000
2 2 122 7FFF
2 2 123 8000
2 2 124 7FFF
2 2 125 8000
2 2 126 7FFF
2 2 127 8000
2 2 128 7FFF
2 2 129 8000
2 2 130 7FFF
2 2 131 8000
2 2 132 7FFF
2 2 133 8000
2 2 134 7FFF
2 2 135 8000
2 2 136 7FFF
2 2 137 8000
2 2 138 7FFF
2 2 139 8000
2 2 140 7FFF
2 2 141 8000
2 2 142 7FFF
2 2 143 8000
2 2 144 7FFF
2 2 145 8000
2 2 146 7FFF
2 2 147 8000
2 2 148 7FFF
2 2 149 8000
2 2 150 7FFF
2 2 151 8000
2 2 152 7FFF
2 2 153 8000
2 2 154 7FFF
2 2 155 8000
2 2 156 7FFF
2 2 157 8000
2 2 158 7FFF
2 2 159 8000
2 2 160 7FFF
2 2 161 8000
2 2 162 7FFF
2 2 163 8000
2 2 164 7FFF
2 2 165 8000
2 2 166 7FFF
2 2 167 8000
2 2 168 7FFF
2 2 169 8000
2 2 170 7FFF
2 2 171 8000
2 2 172 7FFF
2 2 173 8000
2 2 174 7FFF
2 2 175 8000
2 2 176 7FFF
2 2 177 8000
2 2 178 7FFF
2 2 179 8000
2 2 180 7FFF
2 2 181 8000
2 2 182 7FFF
2 2 183 8000
2 2 184 7FFF
2 2 185 8000
2 2 186 7FFF
2 2 187 8000
2 2 188 7FFF
2 2 189 8000
2 2 190 7FFF
2 2 191 8000
2 2 192 7FFF
2 2 193 8000
2 2 194 7FFF
2 2 195 8000
2 2 196 7FFF
2 2 197 8000
2 2 198 7FFF
2 2 199 8000
2 2 200 7FFF
2 2 201 8000
2 2 202 7FFF
2 2 203 8000
2 2 204 7FFF
2 2 205 8000
2 2 206 7FFF
2 2 207 8000
2 2 208 7FFF
2 2 209 8000
2 2 210 7FFF
2 2 211 8000
2 2 212 7FFF
2 2 213 8000
2 2 214 7FFF
2 2 215 8000
2 2 216 7FFF
2 2 217 8000
2 2 218 7FFF
2 2 219 8000
2 2 220 7FFF
2 2 221 8000
2 2 222 7FFF
2 2 223 8000
2 2 224 7FFF
2 2 225 8000
2 2 226 7FFF
2 2 227 8000
2 2 228 7FFF
2 2 229 8000
2 2 230 7FFF
2 2 231 8000
2 2 232 7FFF
2 2 233 8000
2 2 234 7FFF
2 2 235 8000
2 2 236 7FFF
2 2 237 8000
2 2 238 7FFF
2 2 239 8000
2 2 240 7FFF
2 2 241 8000
2 2 242 7FFF
2 2 243 8000
2 2 244 7FFF
2 2 245 8000
2 2 246 7FFF
2 2 247 8000
2 2 248 7FFF
2 2 249 8000
2 2 250 7FFF
2 2 251 8000
2 2 252 7FFF
2 2 253 8000
2 2 254 7FFF
2 2 255 8000
2 2 256 7FFF
2 2 257 8000
2 2 258 7FFF
2 2 259 8000
2 2 260 7FFF
2 2 261 8000
2 2 262 7FFF
2 2 263 8000
2 2 264 7FFF
2 2 265 8000
2 2 266 7FFF
2 2 267 8000
2 2 268 7FFF
2 2 269 8000
2 2 270 7FFF
2 2 271 8000
2 2 272 7FFF
2 2 273 8000
2 2 274 7FFF
2 2 275 8000
2 2 276 7FFF
2 2 277 8000
2 2 278 7FFF
2 2 279 8000
2 2 280 7FFF
2 2 281 8000
2 2 282 7FFF
2 2 283 8000
2 2 284 7FFF
2 2 285 8000
2 2 286 7FFF
2 2 287 8000
2 2 288 7FFF
2 2 289 8000
2 2 290 7FFF
2 2 291 8000
2 2 292 7FFF
2 2 293 8000
2 2 294 7FFF
2 2 295 8000
2 2 296 7FFF
2 2 297 8000
2 2 298 7FFF
2 2 299 8000
2 2 300 7FFF
2 2 301 8000
2 2 302 7FFF
2 2 303 8000
2 2 304 7FFF
2 2 305 8000
2 2 306 7FFF
2 2 307 8000
2 2 308 7FFF
2 2 309 8000
2 2 310 7FFF
2 2 311 8000
2 2 312 7FFF
2 2 313 8000
2 2 314 7FFF
2 2 315 8000
2 2 316 7FFF
2 2 317 8000
2 2 318 7FFF
2 2 319 8000
2 2 320 7FFF
2 2 321 8000
2 2 322 7FFF
2 2 323 8000
2 2 324 7FFF
2 2 325 8000
2 2 326 7FFF
2 2 327 8000
2 2 328 7FFF
2 2 329 8000
2 2 330 7FFF
2 2 331 8000
2 2 332 7FFF
2 2 333 8000
2 2 334 7FFF
2 2 335 8000
2 2 336 7FFF
2 2 337 8000
2 2 338 7FFF
2 2 339 8000
2 2 340 7FFF
2 2 341 8000
2 2 342 7FFF
2 2 343 8000
2 2 344 7FFF
2 2 345 8000
2 2 346 7FFF
2 2 347 8000
2 2 348 7FFF
2 2 349 8000
2 2 350 7FFF
2 2 351 8000
2 2 352 7FFF
2 2 353 8000
2 2 354 7FFF
2 2 355 8000
2 2 356 7FFF
2 2 357 8000
2 2 358 7FFF
2 2 359 8000
2 2 360 7FFF
2 2 361 8000
2 2 362 7FFF
2 2 363 8000
2 2 364 7FFF
2 2 365 8000
2 2 366 7FFF
2 2 367 8000
2 2 368 7FFF
2 2 369 8000
2 2 370 7FFF
2 2 371 8000
2 2 372 7FFF
2 2 373 8000
2 2 374 7FFF
2 2 375 8000
2 2 376 7FFF
2 2 377 8000
2 2 378 7FFF
2 2 379 8000
2 2 380 7FFF
2 2 381 8000
2 2 382 7FFF
2 2 383 8000
2 2 384 7FFF
2 2 385 8000
2 2 386 7FFF
2 2 387 8000
2 2 388 7FFF
2 2 389 8000
2 2 390 7FFF
2 2 391 8000
2 2 392 7FFF
2 2 393 8000
2 2 394 7FFF
2 2 395 8000
2 2 396 7FFF
2 2 397 8000
2 2 398 7FFF
2 2 399 8000
2 2 400 7FFF
2 2 401 8000
2 2 402 7FFF
2 2 403 8000
2 2 404 7FFF
2 2 405 8000
2 2 406 7FFF
2 2 407 8000
2 2 408 7FFF
2 2 409 8000
2 2 410 7FFF
2 2 411 8000
2 2 412 7FFF
2 2 413 8000
2 2 414 7FFF
2 2 415 8000
2 2 416 7FFF
2 2 417 8000
2 2 418 7FFF
2 2 419 8000
2 2 420 7FFF
2 2 421 8000
2 2 422 7FFF
2 2 423 8000
2 2 424 7FFF
2 2 425 8000
2 2 426 7FFF
2 2 427 8000
2 2 428 7FFF
2 2 429 8000
2 2 430 7FFF
2 2 431 8000
2 2 432 7FFF
2 2 433 8000
2 2 434 7FFF
2 2 435 8000
2 2 436 7FFF
2 2 437 8000
2 2 438 7FFF
2 2 439 8000
2 2 440 7FFF
2 2 441 8000
2 2 442 7FFF
2 2 443 8000
2 2 444 7FFF
2 2 445 8000
2 2 446 7FFF
2 2 447 8000
2 2 448 7FFF
2 2 449 8000
2 2 450 7FFF
2 2 451 8000
2 2 452 7FFF
2 2 453 8000
2 2 454 7FFF
2 2 455 8000
2 2 456 7FFF
2 2 457 8000
2 2 458 7FFF
2 2 459 8000
2 2 460 7FFF
2 2 461 8000
2 2 462 7FFF
2 2 463 8000
2 2 464 7FFF
2 2 465 8000
2 2 466 7FFF
2 2 467 8000
2 2 468 7FFF
2 2 469 8000
2 2 470 7FFF
2 2 471 8000
2 2 472 7FFF
2 2 473 8000
2 2 474 7FFF
2 2 475 8000
2 2 476 7FFF
2 2 477 8000
2 2 478 7FFF
2 2 479 8000
2 2 480 7FFF
2 2 481 8000
2 2 482 7FFF
2 2 483 8000
2 2 484 7FFF
2 2 485 8000
2 2 486 7FFF
2 2 487 8000
2 2 488 7FFF
2 2 489 8000
2 2 490 7FFF
2 2 491 8000
2 2 492 7FFF
2 2 493 8000
2 2 494 7FFF
2 2 495 8000
2 2 496 7FFF
2 2 497 8000
2 2 498 7FFF
2 2 499 8000
2 2 500 7FFF
2 2 501 8000
2 2 502 7FFF
2 2 503 8000
2 2 504 7FFF
2 2 505 8000
2 2 506 7FFF
2 2 507 8000
2 2 508 7FFF
2 2 509 8000
2 2 510 7FFF
2 2 511 8000
2 2 512 7FFF
2 2 513 8000
2 2 514 7FFF
2 2 515 8000
2 2 516 7FFF
2 2 517 8000
2 2 518 7FFF
2 2 519 8000
2 2 520 7FFF
2 2 521 8000
2 2 522 7FFF
2 2 523 8000
2 2 524 7FFF
2 2 525 8000
2 2 526 7FFF
2 2 527 8000
2 2 528 7FFF
2 2 529 8000
2 2 530 7FFF
2 2 531 8000
2 2 532 7FFF
2 2 533 8000
2 2 534 7FFF
2 2 535 8000
2 2 536 7FFF
2 2 537 8000
2 2 538 7FFF
2 2 539 8000
2 2 540 7FFF
2 2 541 8000
2 2 542 7FFF
2 2 543 8000
2 2 544 7FFF
2 2 545 8000
2 2 546 7FFF
2 2 547 8000
2 2 548 7FFF
2 2 549 8000
2 2 550 7FFF
2 2 551 8000
2 2 552 7FFF
2 2 553 8000
2 2 554 7FFF
2 2 555 8000
2 2 556 7FFF
2 2 557 8000
2 2 558 7FFF
2 2 559 8000
2 2 560 7FFF
2 2 561 8000
2 2 562 7FFF
2 2 563 8000
2 2 564 7FFF
2 2 565 8000
2 2 566 7FFF
2 2 567 8000
2 2 568 7FFF
2 2 569 8000
2 2 570 7FFF
2 2 571 8000
2 2 572 7FFF
2 2 573 8000
2 2 574 7FFF
2 2 575 8000
2 2 576 7FFF
2 2 577 8000
2 2 578 7FFF
2 2 579 8000
2 2 580 7FFF
2 2 581 8000
2 2 582 7FFF
2 2 583 8000
2 2 584 7FFF
2 2 585 8000
2 2 586 7FFF
2 2 587 8000
2 2 588 7FFF
2 2 589 8000
2 2 590 7FFF
2 2 591 8000
2 2 592 7FFF
2 2 593 8000
2 2 594 7FFF
2 2 595 8000
2 2 596 7FFF
2 2 597 8000
2 2 598 7FFF
2 2 599 8000
2 2 600 7FFF
2 2 601 8000
2 2 602 7FFF
2 2 603 8000
2 2 604 7FFF
2 2 605 8000
2 2 606 7FFF
2 2 607 8000
2 2 608 7FFF
2 2 609 8000
2 2 610 7FFF
2 2 611 8000
2 2 612 7FFF
2 2 613 8000
2 2 614 7FFF
2 2 615 8000
2 2 616 7FFF
2 2 617 8000
2 2 618 7FFF
2 2 619 8000
2 2 620 7FFF
2 2 621 8000
2 2 622 7FFF
2 2 623 8000
2 2 624 7FFF
2 2 625 8000
2 2 626 7FFF
2 2 627 8000
2 2 628 7FFF
2 2 629 8000
2 2 630 7FFF
2 2 631 8000
2 2 632 7FFF
2 2 633 8000
2 2 634 7FFF
2 2 635 8000
2 2 636 7FFF
2 2 637 8000
2 2 638 7FFF
2 2 639 8000
2 2 640 7FFF
2 2 641 8000
2 2 642 7FFF
2 2 643 8000
2 2 644 7FFF
2 2 645 8000
2 2 646 7FFF
2 2 647 8000
2 2 648 7FFF
2 2 649 8000
2 2 650 7FFF
2 2 651 8000
2 2 652 7FFF
2 2 653 8000
2 2 654 7FFF
2 2 655 8000
2 2 656 7FFF
2 2 657 8000
2 2 658 7FFF
2 2 659 8000
2 2 660 7FFF
2 2 661 8000
2 2 662 7FFF
2 2 663 8000
2 2 664 7FFF
2 2 665 8000
2 2 666 7FFF
2 2 667 8000
2 2 668 7FFF
2 2 669 8000
2 2 670 7FFF
2 2 671 8000
2 2 672 7FFF
2 2 673 8000
2 2 674 7FFF
2 2 675 8000
2 2 676 7FFF
2 2 677 8000
2 2 678 7FFF
2 2 679 8000
2 2 680 7FFF
2 2 681 8000
2 2 682 7FFF
2 2 683 8000
2 2 684 7FFF
2 2 685 8000
2 2 686 7FFF
2 2 687 8000
2 2 688 7FFF
2 2 689 8000
2 2 690 7FFF
2 2 691 8000
2 2 692 7FFF
2 2 693 8000
2 2 694 7FFF
2 2 695 8000
2 2 696 7FFF
2 2 697 8000
2 2 698 7FFF
2 2 699 8000
2 2 700 7FFF
2 2 701 8000
2 2 702 7FFF
2 2 703 8000
2 2 704 7FFF
2 2 705 8000
2 2 706 7FFF
2 2 707 8000
2 2 708 7FFF
2 2 709 8000
2 2 710 7FFF
2 2 711 8000
2 2 712 7FFF
2 2 713 8000
2 2 714 7FFF
2 2 715 8000
2 2 716 7FFF
2 2 717 8000
2 2 718 7FFF
2 2 719 8000
2 2 720 7FFF
2 2 721 8000
2 2 722 7FFF
2 2 723 8000
2 2 724 7FFF
2 2 725 8000
2 2 726 7FFF
2 2 727 8000
2 2 728 7FFF
2 2 729 8000
2 2 730 7FFF
2 2 731 8000
2 2 732 7FFF
2 2 733 8000
2 2 734 7FFF
2 2 735 8000
2 2 736 7FFF
2 2 737 8000
2 2 738 7FFF
2 2 739 8000
2 2 740 7FFF
2 2 741 8000
2 2 742 7FFF
2 2 743 8000
2 2 744 7FFF
2 2 745 8000
2 2 746 7FFF
2 2 747 8000
2 2 748 7FFF
2 2 749 8000
2 2 750 7FFF
2 2 751 8000
2 2 752 7FFF
2 2 753 8000
2 2 754 7FFF
2 2 755 8000
2 2 756 7FFF
2 2 757 8000
2 2 758 7FFF
2 2 759 8000
2 2 760 7FFF
2 2 761 8000
2 2 762 7FFF
2 2 763 8000
2 2 764 7FFF
2 2 765 8000
2 2 766 7FFF
2 2 767 8000
2 2 768 7FFF
2 2 769 8000
2 2 770 7FFF
2 2 771 8000
2 2 772 7FFF
2 2 773 8000
2 2 774 7FFF
2 2 775 8000
2 2 776 7FFF
2 2 777 8000
2 2 778 7FFF
2 2 779 8000
2 2 780 7FFF
2 2 781 8000
2 2 782 7FFF
2 2 783 8000
2 2 784 7FFF
2 2 785 8000
2 2 786 7FFF
2 2 787 8000
2 2 788 7FFF
2 2 789 8000
2 2 790 7FFF
2 2 791 8000
2 2 792 7FFF
2 2 793 8000
2 2 794 7FFF
2 2 795 8000
2 2 796 7FFF
2 2 797 8000
2 2 798 7FFF
2 2 799 8000
2 2 800 7FFF
2 2 801 8000
2 2 802 7FFF
2 2 803 8000
2 2 804 7FFF
2 2 805 8000
2 2 806 7FFF
2 2 807 8000
2 2 808 7FFF
2 2 809 8000
2 2 810 7FFF
2 2 811 8000
2 2 812 7FFF
2 2 813 8000
2 2 814 7FFF
2 2 815 8000
2 2 816 7FFF
2 2 817 8000
2 2 818 7FFF
2 2 819 8000
2 2 820 7FFF
2 2 821 8000
2 2 822 7FFF
2 2 823 8000
2 2 824 7FFF
2 2 825 8000
2 2 826 7FFF
2 2 827 8000
2 2 828 7FFF
2 2 829 8000
2 2 830 7FFF
2 2 831 8000
2 2 832 7FFF
2 2 833 8000
2 2 834 7FFF
2 2 835 8000
2 2 836 7FFF
2 2 837 8000
2 2 838 7FFF
2 2 839 8000
2 2 840 7FFF
2 2 841 8000
2 2 842 7FFF
2 2 843 8000
2 2 844 7FFF
2 2 845 8000
2 2 846 7FFF
2 2 847 8000
2 2 848 7FFF
2 2 849 8000
2 2 850 7FFF
2 2 851 8000
2 2 852 7FFF
2 2 853 8000
2 2 854 7FFF
2 2 855 8000
2 2 856 7FFF
2 2 857 8000
2 2 858 7FFF
2 2 859 8000
2 2 860 7FFF
2 2 861 8000
2 2 862 7FFF
2 2 863 8000
2 2 864 7FFF
2 2 865 8000
2 2 866 7FFF
2 2 867 8000
2 2 868 7FFF
2 2 869 8000
2 2 870 7FFF
2 2 871 8000
2 2 872 7FFF
2 2 873 8000
2 2 874 7FFF
2 2 875 8000
2 2 876 7FFF
2 2 877 8000
2 2 878 7FFF
2 2 879 8000
2 2 880 7FFF
2 2 881 8000
2 2 882 7FFF
2 2 883 8000
2 2 884 7FFF
2 2 885 8000
2 2 886 7FFF
2 2 887 8000
2 2 888 7FFF
2 2 889 8000
2 2 890 7FFF
2 2 891 8000
2 2 892 7FFF
2 2 893 8000
2 2 894 7FFF
2 2 895 8000
2 2 896 7FFF
2 2 897 8000
2 2 898 7FFF
2 2 899 8000
2 2 900 7FFF
2 2 901 8000
2 2 902 7FFF
2 2 903 8000
2 2 904 7FFF
2 2 905 8000
2 2 906 7FFF
2 2 907 8000
2 2 908 7FFF
2 2 909 8000
2 2 910 7FFF
2 2 911 8000
2 2 912 7FFF
2 2 913 8000
2 2 914 7FFF
2 2 915 8000
2 2 916 7FFF
2 2 917 8000
2 2 918 7FFF
2 2 919 8000
2 2 920 7FFF
2 2 921 8000
2 2 922 7FFF
2 2 923 8000
2 2 924 7FFF
2 2 925 8000
2 2 926 7FFF
2 2 927 8000
2 2 928 7FFF
2 2 929 8000
2 2 930 7FFF
2 2 931 8000
2 2 932 7FFF
2 2 933 8000
2 2 934 7FFF
2 2 935 8000
2 2 936 7FFF
2 2 937 8000
2 2 938 7FFF
2 2 939 8000
2 2 940 7FFF
2 2 941 8000
2 2 942 7FFF
2 2 943 8000
2 2 944 7FFF
2 2 945 8000
2 2 946 7FFF
2 2 947 8000
2 2 948 7FFF
2 2 949 8000
2 2 950 7FFF
2 2 951 8000
2 2 952 7FFF
2 2 953 8000
2 2 954 7FFF
2 2 955 8000
2 2 956 7FFF
2 2 957 8000
2 2 958 7FFF
2 2 959 8000
2 2 960 7FFF
2 2 961 8000
2 2 962 7FFF
2 2 963 8000
2 2 964 7FFF
2 2 965 8000
2 2 966 7FFF
2 2 967 8000
2 2 968 7FFF
2 2 969 8000
2 2 970 7FFF
2 2 971 8000
2 2 972 7FFF
2 2 973 8000
2 2 974 7FFF
2 2 975 8000
2 2 976 7FFF
2 2 977 8000
2 2 978 7FFF
2 2 979 8000
2 2 980 7FFF
2 2 981 8000
2 2 982 7FFF
2 2 983 8000
2 2 984 7FFF
2 2 985 8000
2 2 986 7FFF
2 2 987 8000
2 2 988 7FFF
2 2 989 8000
2 2 990 7FFF
2 2 991 8000
2 2 992 7FFF
2 2 993 8000
2 2 994 7FFF
2 2 995 8000
2 2 996 7FFF
2 2 997 8000
2 2 998 7FFF
2 2 999 8000
2 2 1000 7FFF
2 2 1001 8000
2 2 1002 7FFF
2 2 1003 8000
2 2 1004 7FFF
2 2 1005 8000
2 2 1006 7FFF
2 2 1007 8000
2 2 1008 7FFF
2 2 1009 8000
2 2 1010 7FFF
2 2 1011 8000
2 2 1012 7FFF
2 2 1013 8000
2 2 1014 7FFF
2 2 1015 8000
2 2 1016 7FFF
2 2 1017 8000
2 2 1018 7FFF
2 2 1019 8000
2 2 1020 7FFF
2 2 1021 8000
2 2 1022 7FFF
2 2 1023 8000
2 2 1024 7FFF
2 2 1025 8000
2 2 1026 7FFF
2 2 1027 8000
2 2 1028 7FFF
2 2 1029 8000
2 2 1030 7FFF
2 2 1031 8000
2 2 1032 7FFF
2 2 1033 8000
2 2 1034 7FFF
2 2 1035 8000
2 2 1036 7FFF
2 2 1037 8000
2 2 1038 7FFF
2 2 1039 8000
2 2 1040 7FFF
2 2 1041 8000
2 2 1042 7FFF
2 2 1043 8000
2 2 1044 7FFF
2 2 1045 8000
2 2 1046 7FFF
2 2 1047 8000
2 2 1048 7FFF
2 2 1049 8000
2 2 1050 7FFF
2 2 1051 8000
2 2 1052 7FFF
2 2 1053 8000
2 2 1054 7FFF
2 2 1055 8000
2 2 1056 7FFF
2 2 1057 8000
2 2 1058 7FFF
2 2 1059 8000
2 2 1060 7FFF
2 2 1061 8000
2 2 1062 7FFF
2 2 1063 8000
2 2 1064 7FFF
2 2 1065 8000
2 2 1066 7FFF
2 2 1067 8000
2 2 1068 7FFF
2 2 1069 8000
2 2 1070 7FFF
2 2 1071 8000
2 2 1072 7FFF
2 2 1073 8000
2 2 1074 7FFF
2 2 1075 8000
2 2 1076 7FFF
2 2 1077 8000
2 2 1078 7FFF
2 2 1079 8000
2 2 1080 7FFF
2 2 1081 8000
2 2 1082 7FFF
2 2 1083 8000
2 2 1084 7FFF
2 2 1085 8000
2 2 1086 7FFF
2 2 1087 8000
2 2 1088 7FFF
2 2 1089 8000
2 2 1090 7FFF
2 2 1091 8000
2 2 1092 7FFF
2 2 1093 8000
2 2 1094 7FFF
2 2 1095 8000
2 2 1096 7FFF
2 2 1097 8000
2 2 1098 7FFF
2 2 1099 8000
2 2 1100 7FFF
2 2 1101 8000
2 2 1102 7FFF
2 2 1103 8000
2 2 1104 7FFF
2 2 1105 8000
2 2 1106 7FFF
2 2 1107 8000
2 2 1108 7FFF
2 2 1109 8000
2 2 1110 7FFF
2 2 1111 8000
2 2 1112 7FFF
2 2 1113 8000
2 2 1114 7FFF
2 2 1115 8000
2 2 1116 7FFF
2 2 1117 8000
2 2 1118 7FFF
2 2 1119 8000
2 2 1120 7FFF
2 2 1121 8000
2 2 1122 7FFF
2 2 1123 8000
2 2 1124 7FFF
2 2 1125 8000
2 2 1126 7FFF
2 2 1127 8000
2 2 1128 7FFF
2 2 1129 8000
2 2 1130 7FFF
2 2 1131 8000
2 2 1132 7FFF
2 2 1133 8000
2 2 1134 7FFF
2 2 1135 8000
2 2 1136 7FFF
2 2 1137 8000
2 2 1138 7FFF
2 2 1139 8000
2 2 1140 7FFF
2 2 1141 8000
2 2 1142 7FFF
2 2 1143 8000
2 2 1144 7FFF
2 2 1145 8000
2 2 1146 7FFF
2 2 1147 8000
2 2 1148 7FFF
2 2 1149 8000
2 2 1150 7FFF
2 2 1151 8000
2 2 1152 7FFF
2 2 1153 8000
2 2 1154 7FFF
2 2 1155 8000
2 2 1156 7FFF
2 2 1157 8000
2 2 1158 7FFF
2 2 1159 8000
2 2 1160 7FFF
2 2 1161 8000
2 2 1162 7FFF
2 2 1163 8000
2 2 1164 7FFF
2 2 1165 8000
2 2 1166 7FFF
2 2 1167 8000
2 2 1168 7FFF
2 2 1169 8000
2 2 1170 7FFF
2 2 1171 8000
2 2 1172 7FFF
2 2 1173 8000
2 2 1174 7FFF
2 2 1175 8000
2 2 1176 7FFF
2 2 1177 8000
2 2 1178 7FFF
2 2 1179 8000
2 2 1180 7FFF
2 2 1181 8000
2 2 1182 7FFF
2 2 1183 8000
2 2 1184 7FFF
2 2 1185 8000
2 2 1186 7FFF
2 2 1187 8000
2 2 1188 7FFF
2 2 1189 8000
2 2 1190 7FFF
2 2 1191 8000
2 2 1192 7FFF
2 2 1193 8000
2 2 1194 7FFF
2 2 1195 8000
2 2 1196 7FFF
2 2 1197 8000
2 2 1198 7FFF
2 2 1199 8000
2 2 1200 7FFF
2 2 1201 8000
2 2 1202 7FFF
2 2 1203 8000
2 2 1204 7FFF
2 2 1205 8000
2 2 1206 7FFF
2 2 1207 8000
2 2 1208 7FFF
2 2 1209 8000
2 2 1210 7FFF
2 2 1211 8000
2 2 1212 7FFF
2 2 1213 8000
2 2 1214 7FFF
2 2 1215 8000
2 2 1216 7FFF
2 2 1217 8000
2 2 1218 7FFF
2 2 1219 8000
2 2 1220 7FFF
2 2 1221 8000
2 2 1222 7FFF
2 2 1223 8000
2 2 1224 7FFF
2 2 1225 8000
2 2 1226 7FFF
2 2 1227 8000
2 2 1228 7FFF
2 2 1229 8000
2 2 1230 7FFF
2 2 1231 8000
2 2 1232 7FFF
2 2 1233 8000
2 2 1234 7FFF
2 2 1235 8000
2 2 1236 7FFF
2 2 1237 8000
2 2 1238 7FFF
2 2 1239 8000
2 2 1240 7FFF
2 2 1241 8000
2 2 1242 7FFF
2 2 1243 8000
2 2 1244 7FFF
2 2 1245 8000
2 2 1246 7FFF
2 2 1247 8000
2 2 1248 7FFF
2 2 1249 8000
2 2 1250 7FFF
2 2 1251 8000
2 2 1252 7FFF
2 2 1253 8000
2 2 1254 7FFF
2 2 1255 8000
2 2 1256 7FFF
2 2 1257 8000
2 2 1258 7FFF
2 2 1259 8000
2 2 1260 7FFF
2 2 1261 8000
2 2 1262 7FFF
2 2 1263 8000
2 2 1264 7FFF
2 2 1265 8000
2 2 1266 7FFF
2 2 1267 8000
2 2 1268 7FFF
2 2 1269 8000
2 2 1270 7FFF
2 2 1271 8000
2 2 1272 7FFF
2 2 1273 8000
2 2 1274 7FFF
2 2 1275 8000
2 2 1276 7FFF
2 2 1277 8000
2 2 1278 7FFF
2 2 1279 8000
2 2 1280 7FFF
2 2 1281 8000
2 2 1282 7FFF
2 2 1283 8000
2 2 1284 7FFF
2 2 1285 8000
2 2 1286 7FFF
2 2 1287 8000
2 2 1288 7FFF
2 2 1289 8000
2 2 1290 7FFF
2 2 1291 8000
2 2 1292 7FFF
2 2 1293 8000
2 2 1294 7FFF
2 2 1295 8000
2 2 1296 7FFF
2 2 1297 8000
2 2 1298 7FFF
2 2 1299 8000
2 2 1300 7FFF
2 2 1301 8000
2 2 1302 7FFF
2 2 1303 8000
2 2 1304 7FFF
2 2 1305 8000
2 2 1306 7FFF
2 2 1307 8000
2 2 1308 7FFF
2 2 1309 8000
2 2 1310 7FFF
2 2 1311 8000
2 2 1312 7FFF
2 2 1313 8000
2 2 1314 7FFF
2 2 1315 8000
2 2 1316 7FFF
2 2 1317 8000
2 2 1318 7FFF
2 2 1319 8000
2 2 1320 7FFF
2 2 1321 8000
2 2 1322 7FFF
2 2 1323 8000
2 2 1324 7FFF
2 2 1325 8000
2 2 1326 7FFF
2 2 1327 8000
2 2 1328 7FFF
2 2 1329 8000
2 2 1330 7FFF
2 2 1331 8000
2 2 1332 7FFF
2 2 1333 8000
2 2 1334 7FFF
2 2 1335 8000
2 2 1336 7FFF
2 2 1337 8000
2 2 1338 7FFF
2 2 1339 8000
2 2 1340 7FFF
2 2 1341 8000
2 2 1342 7FFF
2 2 1343 8000
2 2 1344 7FFF
2 2 1345 8000
2 2 1346 7FFF
2 2 1347 8000
2 2 1348 7FFF
2 2 1349 8000
2 2 1350 7FFF
2 2 1351 8000
2 2 1352 7FFF
2 2 1353 8000
2 2 1354 7FFF
2 2 1355 8000
2 2 1356 7FFF
2 2 1357 8000
2 2 1358 7FFF
2 2 1359 8000
2 2 1360 7FFF
2 2 1361 8000
2 2 1362 7FFF
2 2 1363 8000
2 2 1364 7FFF
2 2 1365 8000
2 2 1366 7FFF
2 2 1367 8000
2 2 1368 7FFF
2 2 1369 8000
2 2 1370 7FFF
2 2 1371 8000
2 2 1372 7FFF
2 2 1373 8000
2 2 1374 7FFF
2 2 1375 8000
2 2 1376 7FFF
2 2 1377 8000
2 2 1378 7FFF
2 2 1379 8000
2 2 1380 7FFF
2 2 1381 8000
2 2 1382 7FFF
2 2 1383 8000
2 2 1384 7FFF
2 2 1385 8000
2 2 1386 7FFF
2 2 1387 8000
2 2 1388 7FFF
2 2 1389 8000
2 2 1390 7FFF
2 2 1391 8000
2 2 1392 7FFF
2 2 1393 8000
2 2 1394 7FFF
2 2 1395 8000
2 2 1396 7FFF
2 2 1397 8000
2 2 1398 7FFF
2 2 1399 8000
2 2 1400 7FFF
2 2 1401 8000
2 2 1402 7FFF
2 2 1403 8000
2 2 1404 7FFF
2 2 1405 8000
2 2 1406 7FFF
2 2 1407 8000
2 2 1408 7FFF
2 2 1409 8000
2 2 1410 7FFF
2 2 1411 8000
2 2 1412 7FFF
2 2 1413 8000
2 2 1414 7FFF
2 2 1415 8000
2 2 1416 7FFF
2 2 1417 8000
2 2 1418 7FFF
2 2 1419 8000
2 2 1420 7FFF
2 2 1421 8000
2 2 1422 7FFF
2 2 1423 8000
2 2 1424 7FFF
2 2 1425 8000
2 2 1426 7FFF
2 2 1427 8000
2 2 1428 7FFF
2 2 1429 8000
2 2 1430 7FFF
2 2 1431 8000
2 2 1432 7FFF
2 2 1433 8000
2 2 1434 7FFF
2 2 1435 8000
2 2 1436 7FFF
2 2 1437 8000
2 2 1438 7FFF
2 2 1439 8000
2 2 1440 7FFF
2 2 1441 8000
2 2 1442 7FFF
2 2 1443 8000
2 2 1444 7FFF
2 2 1445 8000
2 2 1446 7FFF
2 2 1447 8000
2 2 1448 7FFF
2 2 1449 8000
2 2 1450 7FFF
2 2 1451 8000
2 2 1452 7FFF
2 2 1453 8000
2 2 1454 7FFF
2 2 1455 8000
2 2 1456 7FFF
2 2 1457 8000
2 2 1458 7FFF
2 2 1459 8000
2 2 1460 7FFF
2 2 1461 8000
2 2 1462 7FFF
2 2 1463 8000
2 2 1464 7FFF
2 2 1465 8000
2 2 1466 7FFF
2 2 1467 8000
2 2 1468 7FFF
2 2 1469 8000
2 2 1470 7FFF
2 2 1471 8000
2 2 1472 7FFF
2 2 1473 8000
2 2 1474 7FFF
2 2 1475 8000
2 2 1476 7FFF
2 2 1477 8000
2 2 1478 7FFF
2 2 1479 8000
2 2 1480 7FFF
2 2 1481 8000
2 2 1482 7FFF
2 2 1483 8000
2 2 1484 7FFF
2 2 1485 8000
2 2 1486 7FFF
2 2 1487 8000
2 2 1488 7FFF
2 2 1489 8000
2 2 1490 7FFF
2 2 1491 8000
2 2 1492 7FFF
2 2 1493 8000
2 2 1494 7FFF
2 2 1495 8000
2 2 1496 7FFF
2 2 1497 8000
2 2 1498 7FFF
2 2 1499 8000
2 2 1500 7FFF
2 2 1501 8000
2 2 1502 7FFF
2 2 1503 8000
2 2 1504 7FFF
2 2 1505 8000
2 2 1506 7FFF
2 2 1507 8000
2 2 1508 7FFF
2 2 1509 8000
2 2 1510 7FFF
2 2 1511 8000
2 2 1512 7FFF
2 2 1513 8000
2 2 1514 7FFF
2 2 1515 8000
2 2 1516 7FFF
2 2 1517 8000
2 2 1518 7FFF
2 2 1519 8000
2 2 1520 7FFF
2 2 1521 8000
2 2 1522 7FFF
2 2 1523 8000
2 2 1524 7FFF
2 2 1525 8000
2 2 1526 7FFF
2 2 1527 8000
2 2 1528 7FFF
2 2 1529 8000
2 2 1530 7FFF
2 2 1531 8000
2 2 1532 7FFF
2 2 1533 8000
2 2 1534 7FFF
2 2 1535 8000
2 2 1536 7FFF
2 2 1537 8000
2 2 1538 7FFF
2 2 1539 8000
2 2 1540 7FFF
2 2 1541 8000
2 2 1542 7FFF
2 2 1543 8000
2 2 1544 7FFF
2 2 1545 8000
2 2 1546 7FFF
2 2 1547 8000
2 2 1548 7FFF
2 2 1549 8000
2 2 1550 7FFF
2 2 1551 8000
2 2 1552 7FFF
2 2 1553 8000
2 2 1554 7FFF
2 2 1555 8000
2 2 1556 7FFF
2 2 1557 8000
2 2 1558 7FFF
2 2 1559 8000
2 2 1560 7FFF
2 2 1561 8000
2 2 1562 7FFF
2 2 1563 8000
2 2 1564 7FFF
2 2 1565 8000
2 2 1566 7FFF
2 2 1567 8000
2 2 1568 7FFF
2 2 1569 8000
2 2 1570 7FFF
2 2 1571 8000
2 2 1572 7FFF
2 2 1573 8000
2 2 1574 7FFF
2 2 1575 8000
2 2 1576 7FFF
2 2 1577 8000
2 2 1578 7FFF
2 2 1579 8000
2 2 1580 7FFF
2 2 1581 8000
2 2 1582 7FFF
2 2 1583 8000
2 2 1584 7FFF
2 2 1585 8000
2 2 1586 7FFF
2 2 1587 8000
2 2 1588 7FFF
2 2 1589 8000
2 2 1590 7FFF
2 2 1591 8000
2 2 1592 7FFF
2 2 1593 8000
2 2 1594 7FFF
2 2 1595 8000
2 2 1596 7FFF
2 2 1597 8000
2 2 1598 7FFF
2 2 1599 8000
2 2 1600 7FFF
2 2 1601 8000
2 2 1602 7FFF
2 2 1603 8000
2 2 1604 7FFF
2 2 1605 8000
2 2 1606 7FFF
2 2 1607 8000
2 2 1608 7FFF
2 2 1609 8000
2 2 1610 7FFF
2 2 1611 8000
2 2 1612 7FFF
2 2 1613 8000
2 2 1614 7FFF
2 2 1615 8000
2 2 1616 7FFF
2 2 1617 8000
2 2 1618 7FFF
2 2 1619 8000
2 2 1620 7FFF
2 2 1621 8000
2 2 1622 7FFF
2 2 1623 8000
2 2 1624 7FFF
2 2 1625 8000
2 2 1626 7FFF
2 2 1627 8000
2 2 1628 7FFF
2 2 1629 8000
2 2 1630 7FFF
2 2 1631 8000
2 2 1632 7FFF
2 2 1633 8000
2 2 1634 7FFF
2 2 1635 8000
2 2 1636 7FFF
2 2 1637 8000
2 2 1638 7FFF
2 2 1639 8000
2 2 1640 7FFF
2 2 1641 8000
2 2 1642 7FFF
2 2 1643 8000
2 2 1644 7FFF
2 2 1645 8000
2 2 1646 7FFF
2 2 1647 8000
2 2 1648 7FFF
2 2 1649 8000
2 2 1650 7FFF
2 2 1651 8000
2 2 1652 7FFF
2 2 1653 8000
2 2 1654 7FFF
2 2 1655 8000
2 2 1656 7FFF
2 2 1657 8000
2 2 1658 7FFF
2 2 1659 8000
2 2 1660 7FFF
2 2 1661 8000
2 2 1662 7FFF
2 2 1663 8000
2 2 1664 7FFF
2 2 1665 8000
2 2 1666 7FFF
2 2 1667 8000
2 2 1668 7FFF
2 2 1669 8000
2 2 1670 7FFF
2 2 1671 8000
2 2 1672 7FFF
2 2 1673 8000
2 2 1674 7FFF
2 2 1675 8000
2 2 1676 7FFF
2 2 1677 8000
2 2 1678 7FFF
2 2 1679 8000
2 2 1680 7FFF
2 2 1681 8000
2 2 1682 7FFF
2 2 1683 8000
2 2 1684 7FFF
2 2 1685 8000
2 2 1686 7FFF
2 2 1687 8000
2 2 1688 7FFF
2 2 1689 8000
2 2 1690 7FFF
2 2 1691 8000
2 2 1692 7FFF
2 2 1693 8000
2 2 1694 7FFF
2 2 1695 8000
2 2 1696 7FFF
2 2 1697 8000
2 2 1698 7FFF
2 2 1699 8000
2 2 1700 7FFF
2 2 1701 8000
2 2 1702 7FFF
2 2 1703 8000
2 2 1704 7FFF
2 2 1705 8000
2 2 1706 7FFF
2 2 1707 8000
2 2 1708 7FFF
2 2 1709 8000
2 2 1710 7FFF
2 2 1711 8000
2 2 1712 7FFF
2 2 1713 8000
2 2 1714 7FFF
2 2 1715 8000
2 2 1716 7FFF
2 2 1717 8000
2 2 1718 7FFF
2 2 1719 8000
2 2 1720 7FFF
2 2 1721 8000
2 2 1722 7FFF
2 2 1723 8000
2 2 1724 7FFF
2 2 1725 8000
2 2 1726 7FFF
2 2 1727 8000
2 2 1728 7FFF
2 2 1729 8000
2 2 1730 7FFF
2 2 1731 8000
2 2 1732 7FFF
2 2 1733 8000
2 2 1734 7FFF
2 2 1735 8000
2 2 1736 7FFF
2 2 1737 8000
2 2 1738 7FFF
2 2 1739 8000
2 2 1740 7FFF
2 2 1741 8000
2 2 1742 7FFF
2 2 1743 8000
2 2 1744 7FFF
2 2 1745 8000
2 2 1746 7FFF
2 2 1747 8000
2 2 1748 7FFF
2 2 1749 8000
2 2 1750 7FFF
2 2 1751 8000
2 2 1752 7FFF
2 2 1753 8000
2 2 1754 7FFF
2 2 1755 8000
2 2 1756 7FFF
2 2 1757 8000
2 2 1758 7FFF
2 2 1759 8000
2 2 1760 7FFF
2 2 1761 8000
2 2 1762 7FFF
2 2 1763 8000
2 2 1764 7FFF
2 2 1765 8000
2 2 1766 7FFF
2 2 1767 8000
2 2 1768 7FFF
2 2 1769 8000
2 2 1770 7FFF
2 2 1771 8000
2 2 1772 7FFF
2 2 1773 8000
2 2 1774 7FFF
2 2 1775 8000
2 2 1776 7FFF
2 2 1777 8000
2 2 1778 7FFF
2 2 1779 8000
2 2 1780 7FFF
2 2 1781 8000
2 2 1782 7FFF
2 2 1783 8000
2 2 1784 7FFF
2 2 1785 8000
2 2 1786 7FFF
2 2 1787 8000
2 2 1788 7FFF
2 2 1789 8000
2 2 1790 7FFF
2 2 1791 8000
2 2 1792 7FFF
2 2 1793 8000
2 2 1794 7FFF
2 2 1795 8000
2 2 1796 7FFF
2 2 1797 8000
2 2 1798 7FFF
2 2 1799 8000
2 2 1800 7FFF
2 2 1801 8000
2 2 1802 7FFF
2 2 1803 8000
2 2 1804 7FFF
2 2 1805 8000
2 2 1806 7FFF
2 2 1807 8000
2 2 1808 7FFF
2 2 1809 8000
2 2 1810 7FFF
2 2 1811 8000
2 2 1812 7FFF
2 2 1813 8000
2 2 1814 7FFF
2 2 1815 8000
2 2 1816 7FFF
2 2 1817 8000
2 2 1818 7FFF
2 2 1819 8000
2 2 1820 7FFF
2 2 1821 8000
2 2 1822 7FFF
2 2 1823 8000
2 2 1824 7FFF
2 2 1825 8000
2 2 1826 7FFF
2 2 1827 8000
2 2 1828 7FFF
2 2 1829 8000
2 2 1830 7FFF
2 2 1831 8000
2 2 1832 7FFF
2 2 1833 8000
2 2 1834 7FFF
2 2 1835 8000
2 2 1836 7FFF
2 2 1837 8000
2 2 1838 7FFF
2 2 1839 8000
2 2 1840 7FFF
2 2 1841 8000
2 2 1842 7FFF
2 2 1843 8000
2 2 1844 7FFF
2 2 1845 8000
2 2 1846 7FFF
2 2 1847 8000
2 2 1848 7FFF
2 2 1849 8000
2 2 1850 7FFF
2 2 1851 8000
2 2 1852 7FFF
2 2 1853 8000
2 2 1854 7FFF
2 2 1855 8000
2 2 1856 7FFF
2 2 1857 8000
2 2 1858 7FFF
2 2 1859 8000
2 2 1860 7FFF
2 2 1861 8000
2 2 1862 7FFF
2 2 1863 8000
2 2 1864 7FFF
2 2 1865 8000
2 2 1866 7FFF
2 2 1867 8000
2 2 1868 7FFF
2 2 1869 8000
2 2 1870 7FFF
2 2 1871 8000
2 2 1872 7FFF
2 2 1873 8000
2 2 1874 7FFF
2 2 1875 8000
2 2 1876 7FFF
2 2 1877 8000
2 2 1878 7FFF
2 2 1879 8000
2 2 1880 7FFF
2 2 1881 8000
2 2 1882 7FFF
2 2 1883 8000
2 2 1884 7FFF
2 2 1885 8000
2 2 1886 7FFF
2 2 1887 8000
2 2 1888 7FFF
2 2 1889 8000
2 2 1890 7FFF
2 2 1891 8000
2 2 1892 7FFF
2 2 1893 8000
2 2 1894 7FFF
2 2 1895 8000
2 2 1896 7FFF
2 2 1897 8000
2 2 1898 7FFF
2 2 1899 8000
2 2 1900 7FFF
2 2 1901 8000
2 2 1902 7FFF
2 2 1903 8000
2 2 1904 7FFF
2 2 1905 8000
2 2 1906 7FFF
2 2 1907 8000
2 2 1908 7FFF
2 2 1909 8000
2 2 1910 7FFF
2 2 1911 8000
2 2 1912 7FFF
2 2 1913 8000
2 2 1914 7FFF
2 2 1915 8000
2 2 1916 7FFF
2 2 1917 8000
2 2 1918 7FFF
2 2 1919 8000
2 2 1920 7FFF
2 2 1921 8000
2 2 1922 7FFF
2 2 1923 8000
2 2 1924 7FFF
2 2 1925 8000
2 2 1926 7FFF
2 2 1927 8000
2 2 1928 7FFF
2 2 1929 8000
2 2 1930 7FFF
2 2 1931 8000
2 2 1932 7FFF
2 2 1933 8000
2 2 1934 7FFF
2 2 1935 8000
2 2 1936 7FFF
2 2 1937 8000
2 2 1938 7FFF
2 2 1939 8000
2 2 1940 7FFF
2 2 1941 8000
2 2 1942 7FFF
2 2 1943 8000
2 2 1944 7FFF
2 2 1945 8000
2 2 1946 7FFF
2 2 1947 8000
2 2 1948 7FFF
2 2 1949 8000
2 2 1950 7FFF
2 2 1951 8000
2 2 1952 7FFF
2 2 1953 8000
2 2 1954 7FFF
2 2 1955 8000
2 2 1956 7FFF
2 2 1957 8000
2 2 1958 7FFF
2 2 1959 8000
2 2 1960 7FFF
2 2 1961 8000
2 2 1962 7FFF
2 2 1963 8000
2 2 1964 7FFF
2 2 1965 8000
2 2 1966 7FFF
2 2 1967 8000
2 2 1968 7FFF
2 2 1969 8000
2 2 1970 7FFF
2 2 1971 8000
2 2 1972 7FFF
2 2 1973 8000
2 2 1974 7FFF
2 2 1975 8000
2 2 1976 7FFF
2 2 1977 8000
2 2 1978 7FFF
2 2 1979 8000
2 2 1980 7FFF
2 2 1981 8000
2 2 1982 7FFF
2 2 1983 8000
2 2 1984 7FFF
2 2 1985 8000
2 2 1986 7FFF
2 2 1987 8000
2 2 1988 7FFF
2 2 1989 8000
2 2 1990 7FFF
2 2 1991 8000
2 2 1992 7FFF
2 2 1993 8000
2 2 1994 7FFF
2 2 1995 8000
2 2 1996 7FFF
2 2 1997 8000
2 2 1998 7FFF
2 2 1999 8000
2 2 2000 7FFF
2 2 2001 8000
2 2 2002 7FFF
2 2 2003 8000
2 2 2004 7FFF
2 2 2005 8000
2 2 2006 7FFF
2 2 2007 8000
2 2 2008 7FFF
2 2 2009 8000
2 2 2010 7FFF
2 2 2011 8000
2 2 2012 7FFF
2 2 2013 8000
2 2 2014 7FFF
2 2 2015 8000
2 2 2016 7FFF
2 2 2017 8000
2 2 2018 7FFF
2 2 2019 8000
2 2 2020 7FFF
2 2 2021 8000
2 2 2022 7FFF
2 2 2023 8000
2 2 2024 7FFF
2 2 2025 8000
2 2 2026 7FFF
2 2 2027 8000
2 2 2028 7FFF
2 2 2029 8000
2 2 2030 7FFF
2 2 2031 8000
2 2 2032 7FFF
2 2 2033 8000
2 2 2034 7FFF
2 2 2035 8000
2 2 2036 7FFF
2 2 2037 8000
2 2 2038 7FFF
2 2 2039 8000
2 2 2040 7FFF
2 2 2041 8000
2 2 2042 7FFF
2 2 2043 8000
2 2 2044 7FFF
2 2 2045 8000
2 2 2046 7FFF
2 2 2047 8000
2 3 0 23C4
2 3 1 397F
2 3 2 C16B
2 3 3 D5EB
2 3 4 CD39
2 3 5 4714
2 3 6 C0EF
2 3 7 8BCB
2 3 8 E775
2 3 9 4A86
2 3 10 0EE5
2 3 11 1F78
2 3 12 7064
2 3 13 1CAD
2 3 14 204A
2 3 15 1B71
2 3 16 CD26
2 3 17 E58B
2 3 18 529C
2 3 19 661C
2 3 20 3D35
2 3 21 4D1B
2 3 22 DE98
2 3 23 ADBF
2 3 24 8DC5
2 3 25 6F67
2 3 26 3544
2 3 27 B9B0
2 3 28 F16C
2 3 29 27DE
2 3 30 4B2E
2 3 31 54C9
2 3 32 2004
2 3 33 87E5
2 3 34 95F4
2 3 35 C51F
2 3 36 22CD
2 3 37 8CAC
2 3 38 C005
2 3 39 04F5
2 3 40 70D8
2 3 41 6844
2 3 42 56A7
2 3 43 30EC
2 3 44 3FA1
2 3 45 F1EF
2 3 46 F639
2 3 47 DF7D
2 3 48 2BFC
2 3 49 11B9
2 3 50 B8BB
2 3 51 55A9
2 3 52 9F33
2 3 53 3B45
2 3 54 EA8D
2 3 55 CCF0
2 3 56 946E
2 3 57 4BEA
2 3 58 4976
2 3 59 3E81
2 3 60 A254
2 3 61 5FFF
2 3 62 51E5
2 3 63 67B1
2 3 64 6CF1
2 3 65 7374
2 3 66 5E7C
2 3 67 FBAF
2 3 68 E3D8
2 3 69 E1A3
2 3 70 9DCB
2 3 71 3676
2 3 72 F08A
2 3 73 1866
2 3 74 225A
2 3 75 4504
2 3 76 7916
2 3 77 126B
2 3 78 90EB
2 3 79 36CA
2 3 80 DB03
2 3 81 6CC4
2 3 82 30FF
2 3 83 6C65
2 3 84 426C
2 3 85 2BC3
2 3 86 6397
2 3 87 B78C
2 3 88 816B
2 3 89 8305
2 3 90 C43D
2 3 91 A04A
2 3 92 4BB8
2 3 93 34CE
2 3 94 7844
2 3 95 836E
2 3 96 FA93
2 3 97 5C96
2 3 98 704C
2 3 99 7E40
2 3 100 3CE0
2 3 101 B8E1
2 3 102 A00A
2 3 103 5B77
2 3 104 5792
2 3 105 C854
2 3 106 7047
2 3 107 F568
2 3 108 DA4B
2 3 109 4E06
2 3 110 EF27
2 3 111 C181
2 3 112 EC42
2 3 113 1115
2 3 114 82AD
2 3 115 78F6
2 3 116 9566
2 3 117 EB7B
2 3 118 217D
2 3 119 12BB
2 3 120 A7C2
2 3 121 7C20
2 3 122 55E2
2 3 123 82B4
2 3 124 2D21
2 3 125 1031
2 3 126 8F10
2 3 127 F228
2 3 128 7CF2
2 3 129 97B1
2 3 130 84AB
2 3 131 657C
2 3 132 5E6F
2 3 133 B94E
2 3 134 B089
2 3 135 031F
2 3 136 DAFA
2 3 137 5976
2 3 138 22B6
2 3 139 6FC1
2 3 140 A4C9
2 3 141 28AB
2 3 142 33B6
2 3 143 F3C9
2 3 144 35C3
2 3 145 0D15
2 3 146 D910
2 3 147 5E07
2 3 148 0AAB
2 3 149 7B56
2 3 150 A008
2 3 151 D7A6
2 3 152 9E7C
2 3 153 12A3
2 3 154 92AC
2 3 155 1D65
2 3 156 0A15
2 3 157 1011
2 3 158 8B13
2 3 159 D208
2 3 160 6C17
2 3 161 6D2E
2 3 162 B8E3
2 3 163 DE0A
2 3 164 7D0B
2 3 165 BDD1
2 3 166 5D11
2 3 167 1096
2 3 168 F3C9
2 3 169 2134
2 3 170 FFEE
2 3 171 75B6
2 3 172 9E16
2 3 173 DA41
2 3 174 A560
2 3 175 15CB
2 3 176 518D
2 3 177 632A
2 3 178 C36D
2 3 179 123D
2 3 180 18C1
2 3 181 103C
2 3 182 FEFF
2 3 183 5374
2 3 184 40A1
2 3 185 95F6
2 3 186 F2E4
2 3 187 3C08
2 3 188 2A1D
2 3 189 0656
2 3 190 8515
2 3 191 1535
2 3 192 0408
2 3 193 1975
2 3 194 8E39
2 3 195 2893
2 3 196 D13E
2 3 197 D554
2 3 198 D76A
2 3 199 BB05
2 3 200 5F07
2 3 201 E8F6
2 3 202 B238
2 3 203 5CEF
2 3 204 0FBB
2 3 205 4EAF
2 3 206 AEEC
2 3 207 43AD
2 3 208 9DA8
2 3 209 09BC
2 3 210 350F
2 3 211 A042
2 3 212 3A32
2 3 213 1315
2 3 214 022B
2 3 215 274D
2 3 216 AD3A
2 3 217 C980
2 3 218 D2D2
2 3 219 3E42
2 3 220 58C2
2 3 221 78E8
2 3 222 B9DD
2 3 223 81D8
2 3 224 44CE
2 3 225 CCED
2 3 226 E9F7
2 3 227 99BE
2 3 228 978E
2 3 229 42BD
2 3 230 F55B
2 3 231 8D93
2 3 232 1DBC
2 3 233 EE23
2 3 234 C7DB
2 3 235 0F15
2 3 236 C741
2 3 237 25DE
2 3 238 DF22
2 3 239 6D99
2 3 240 3C1C
2 3 241 EB35
2 3 242 853C
2 3 243 26BD
2 3 244 ED85
2 3 245 20C9
2 3 246 1154
2 3 247 485A
2 3 248 474D
2 3 249 E4AB
2 3 250 72BD
2 3 251 17BD
2 3 252 E58A
2 3 253 A1AE
2 3 254 8A34
2 3 255 B217
2 3 256 F272
2 3 257 AC00
2 3 258 1565
2 3 259 9A33
2 3 260 1085
2 3 261 7CF5
2 3 262 30AD
2 3 263 6768
2 3 264 74F0
2 3 265 E224
2 3 266 B320
2 3 267 09CF
2 3 268 162E
2 3 269 B3B6
2 3 270 E8CB
2 3 271 57B7
2 3 272 12F1
2 3 273 E5FB
2 3 274 6F3C
2 3 275 D856
2 3 276 B541
2 3 277 0A3F
2 3 278 3841
2 3 279 FFC2
2 3 280 B5E4
2 3 281 92DD
2 3 282 F6ED
2 3 283 5020
2 3 284 A3FE
2 3 285 6E92
2 3 286 7AE1
2 3 287 141C
2 3 288 94FA
2 3 289 CF14
2 3 290 BDCA
2 3 291 A69A
2 3 292 80AA
2 3 293 2EE4
2 3 294 A727
2 3 295 7BAC
2 3 296 EDAB
2 3 297 EA61
2 3 298 CA4E
2 3 299 5EC5
2 3 300 D20C
2 3 301 001F
2 3 302 A2AF
2 3 303 9A2D
2 3 304 CC2F
2 3 305 CC77
2 3 306 1258
2 3 307 FBB6
2 3 308 17F0
2 3 309 D460
2 3 310 26BA
2 3 311 EAAD
2 3 312 E406
2 3 313 F37F
2 3 314 67AC
2 3 315 0314
2 3 316 EBA7
2 3 317 817A
2 3 318 34AD
2 3 319 EA0F
2 3 320 7870
2 3 321 4292
2 3 322 F46F
2 3 323 4F9C
2 3 324 3085
2 3 325 3771
2 3 326 1A92
2 3 327 5188
2 3 328 54F5
2 3 329 A042
2 3 330 47AE
2 3 331 B3A0
2 3 332 5461
2 3 333 C700
2 3 334 0795
2 3 335 A125
2 3 336 D5DE
2 3 337 6511
2 3 338 F1D8
2 3 339 EB83
2 3 340 A019
2 3 341 B814
2 3 342 3088
2 3 343 FA44
2 3 344 00BA
2 3 345 99F8
2 3 346 B13F
2 3 347 E03F
2 3 348 980C
2 3 349 304F
2 3 350 8460
2 3 351 4A16
2 3 352 ACDB
2 3 353 06E2
2 3 354 2E9C
2 3 355 39E0
2 3 356 6C9E
2 3 357 A986
2 3 358 F0B6
2 3 359 C424
2 3 360 BBD6
2 3 361 112E
2 3 362 4988
2 3 363 4207
2 3 364 7AB7
2 3 365 7843
2 3 366 3646
2 3 367 ACC6
2 3 368 6207
2 3 369 6A31
2 3 370 F503
2 3 371 1668
2 3 372 DC44
2 3 373 2243
2 3 374 4D73
2 3 375 73AD
2 3 376 7F0A
2 3 377 8DB2
2 3 378 A3F1
2 3 379 2B4B
2 3 380 08B4
2 3 381 84F9
2 3 382 5AC1
2 3 383 1E5B
2 3 384 0643
2 3 385 106C
2 3 386 4598
2 3 387 1E0F
2 3 388 857D
2 3 389 CC09
2 3 390 335A
2 3 391 02A6
2 3 392 7757
2 3 393 BE8F
2 3 394 D223
2 3 395 D7A2
2 3 396 A695
2 3 397 37CE
2 3 398 718A
2 3 399 D139
2 3 400 66B0
2 3 401 8A3F
2 3 402 6722
2 3 403 FF0A
2 3 404 5EF9
2 3 405 B3D5
2 3 406 1942
2 3 407 F013
2 3 408 15FD
2 3 409 4A13
2 3 410 F408
2 3 411 BBE0
2 3 412 2129
2 3 413 3D5F
2 3 414 CC99
2 3 415 2505
2 3 416 1CAF
2 3 417 4797
2 3 418 76AB
2 3 419 C8CF
2 3 420 CFAA
2 3 421 19E3
2 3 422 9046
2 3 423 9038
2 3 424 207E
2 3 425 9DCB
2 3 426 C7C8
2 3 427 D61A
2 3 428 BD83
2 3 429 DD8A
2 3 430 2028
2 3 431 F6A5
2 3 432 9DE2
2 3 433 67A2
2 3 434 F77C
2 3 435 3C13
2 3 436 BEC0
2 3 437 41B1
2 3 438 D3BE
2 3 439 5C9B
2 3 440 C09B
2 3 441 BE84
2 3 442 39CC
2 3 443 FDA5
2 3 444 48F2
2 3 445 CB6B
2 3 446 12AF
2 3 447 F03D
2 3 448 4C29
2 3 449 88CD
2 3 450 631E
2 3 451 1ACA
2 3 452 A3AD
2 3 453 41FC
2 3 454 5943
2 3 455 4401
2 3 456 9454
2 3 457 184B
2 3 458 F4BE
2 3 459 3315
2 3 460 2908
2 3 461 F55F
2 3 462 CCE8
2 3 463 D932
2 3 464 85A6
2 3 465 98C3
2 3 466 B95A
2 3 467 782A
2 3 468 9621
2 3 469 D4C1
2 3 470 60AE
2 3 471 FA6F
2 3 472 BDEC
2 3 473 4E6D
2 3 474 F186
2 3 475 F042
2 3 476 6B97
2 3 477 5503
2 3 478 89CC
2 3 479 E62A
2 3 480 B4B8
2 3 481 A474
2 3 482 1039
2 3 483 08A8
2 3 484 5E0E
2 3 485 273C
2 3 486 8419
2 3 487 4929
2 3 488 F3E2
2 3 489 0B77
2 3 490 074E
2 3 491 783E
2 3 492 D6AE
2 3 493 BF34
2 3 494 2693
2 3 495 0909
2 3 496 6002
2 3 497 A80A
2 3 498 2403
2 3 499 71F8
2 3 500 83A4
2 3 501 A9EB
2 3 502 47DB
2 3 503 5EB6
2 3 504 90F8
2 3 505 D136
2 3 506 7B7E
2 3 507 275F
2 3 508 F8A0
2 3 509 B410
2 3 510 B2B7
2 3 511 40F4
2 3 512 3A64
2 3 513 5EF5
2 3 514 E743
2 3 515 9B0F
2 3 516 5F55
2 3 517 E08A
2 3 518 AA8F
2 3 519 1ED9
2 3 520 A42E
2 3 521 C8B7
2 3 522 91BF
2 3 523 C33A
2 3 524 37FC
2 3 525 2EF3
2 3 526 FFF1
2 3 527 EA50
2 3 528 3300
2 3 529 13DF
2 3 530 12C0
2 3 531 FC24
2 3 532 29D1
2 3 533 3218
2 3 534 B50D
2 3 535 7298
2 3 536 00C7
2 3 537 9246
2 3 538 1BFB
2 3 539 CAA4
2 3 540 E395
2 3 541 767A
2 3 542 3239
2 3 543 0EC3
2 3 544 8535
2 3 545 70B7
2 3 546 B585
2 3 547 EEA9
2 3 548 0C0A
2 3 549 B8D0
2 3 550 0A6E
2 3 551 9838
2 3 552 4E42
2 3 553 1572
2 3 554 0A5A
2 3 555 C5B3
2 3 556 427A
2 3 557 EC82
2 3 558 4FC9
2 3 559 B532
2 3 560 C8A6
2 3 561 4EAA
2 3 562 C4D9
2 3 563 FD56
2 3 564 2F31
2 3 565 122F
2 3 566 780B
2 3 567 733E
2 3 568 1861
2 3 569 5107
2 3 570 FB45
2 3 571 95BA
2 3 572 A3FE
2 3 573 DE29
2 3 574 D119
2 3 575 31C0
2 3 576 0134
2 3 577 8624
2 3 578 AC46
2 3 579 341E
2 3 580 CCB6
2 3 581 2EF4
2 3 582 857D
2 3 583 DC6F
2 3 584 DF25
2 3 585 2B11
2 3 586 CB66
2 3 587 C550
2 3 588 6FB0
2 3 589 53CA
2 3 590 30E4
2 3 591 75D4
2 3 592 AEFE
2 3 593 BED3
2 3 594 DD95
2 3 595 7036
2 3 596 3E4A
2 3 597 231A
2 3 598 049E
2 3 599 F1CF
2 3 600 26CE
2 3 601 40DF
2 3 602 25A6
2 3 603 D849
2 3 604 3563
2 3 605 E104
2 3 606 7C20
2 3 607 6012
2 3 608 DE67
2 3 609 3FA2
2 3 610 60CF
2 3 611 B014
2 3 612 0DDF
2 3 613 F5DF
2 3 614 A185
2 3 615 66A4
2 3 616 87DE
2 3 617 B6FD
2 3 618 132C
2 3 619 9BB9
2 3 620 BD27
2 3 621 74B3
2 3 622 E209
2 3 623 0C60
2 3 624 380F
2 3 625 BEC1
2 3 626 643D
2 3 627 636D
2 3 628 05A6
2 3 629 71BF
2 3 630 728D
2 3 631 D373
2 3 632 BF16
2 3 633 0937
2 3 634 8B64
2 3 635 75F7
2 3 636 174C
2 3 637 28F4
2 3 638 4416
2 3 639 23E2
2 3 640 10D7
2 3 641 319B
2 3 642 CC68
2 3 643 BB35
2 3 644 400F
2 3 645 F478
2 3 646 884E
2 3 647 0601
2 3 648 BD77
2 3 649 DA9B
2 3 650 03F4
2 3 651 B697
2 3 652 AC65
2 3 653 1325
2 3 654 C601
2 3 655 2CFD
2 3 656 79E1
2 3 657 9CDD
2 3 658 C418
2 3 659 F9A2
2 3 660 37CB
2 3 661 3F07
2 3 662 7DA1
2 3 663 5153
2 3 664 B842
2 3 665 C577
2 3 666 00C7
2 3 667 E66E
2 3 668 4D41
2 3 669 13E2
2 3 670 5DC2
2 3 671 DB56
2 3 672 508C
2 3 673 E475
2 3 674 4C58
2 3 675 C228
2 3 676 D7CC
2 3 677 45A9
2 3 678 079F
2 3 679 DDAE
2 3 680 38F7
2 3 681 2B56
2 3 682 A405
2 3 683 1791
2 3 684 42F3
2 3 685 A707
2 3 686 6393
2 3 687 5FD3
2 3 688 4E7B
2 3 689 9B8F
2 3 690 CC6F
2 3 691 697D
2 3 692 8B43
2 3 693 FFDA
2 3 694 85A1
2 3 695 F896
2 3 696 2D58
2 3 697 0506
2 3 698 3E18
2 3 699 3555
2 3 700 5ECB
2 3 701 B3B3
2 3 702 21ED
2 3 703 B898
2 3 704 198F
2 3 705 D499
2 3 706 A1E7
2 3 707 4596
2 3 708 4DA0
2 3 709 3858
2 3 710 9140
2 3 711 64D1
2 3 712 F766
2 3 713 B295
2 3 714 DDA8
2 3 715 5450
2 3 716 0A59
2 3 717 5C43
2 3 718 6588
2 3 719 010B
2 3 720 53E7
2 3 721 F13F
2 3 722 B089
2 3 723 FDA7
2 3 724 BA94
2 3 725 5D20
2 3 726 8E56
2 3 727 AA64
2 3 728 7D61
2 3 729 CB4E
2 3 730 DF9E
2 3 731 0255
2 3 732 5770
2 3 733 CE52
2 3 734 0D5E
2 3 735 C1D0
2 3 736 ABE6
2 3 737 726E
2 3 738 F25E
2 3 739 DA26
2 3 740 1E11
2 3 741 4F6F
2 3 742 3AFA
2 3 743 6694
2 3 744 39CC
2 3 745 EDBF
2 3 746 7F24
2 3 747 967A
2 3 748 1020
2 3 749 12BF
2 3 750 9AA8
2 3 751 40CC
2 3 752 EC2C
2 3 753 C854
2 3 754 07AF
2 3 755 14C7
2 3 756 8448
2 3 757 33C1
2 3 758 3F87
2 3 759 9BE6
2 3 760 4B66
2 3 761 8FB5
2 3 762 65A3
2 3 763 8115
2 3 764 C6BA
2 3 765 DDA6
2 3 766 C0DE
2 3 767 D125
2 3 768 0B9B
2 3 769 225E
2 3 770 C705
2 3 771 2880
2 3 772 C9A9
2 3 773 41D4
2 3 774 BE95
2 3 775 021E
2 3 776 8531
2 3 777 CE3D
2 3 778 3AC2
2 3 779 9BB9
2 3 780 E5CE
2 3 781 5E64
2 3 782 F5BA
2 3 783 233E
2 3 784 3D52
2 3 785 3F38
2 3 786 CD29
2 3 787 2185
2 3 788 AAE6
2 3 789 94A4
2 3 790 E4FD
2 3 791 5643
2 3 792 7E6D
2 3 793 3DA4
2 3 794 346C
2 3 795 793D
2 3 796 C02F
2 3 797 0F96
2 3 798 0134
2 3 799 94BF
2 3 800 00B4
2 3 801 3CCF
2 3 802 0D23
2 3 803 ED4C
2 3 804 D4EF
2 3 805 FA6F
2 3 806 79D8
2 3 807 AA98
2 3 808 A29D
2 3 809 B977
2 3 810 A6CA
2 3 811 B5B5
2 3 812 A0ED
2 3 813 871A
2 3 814 8D87
2 3 815 808A
2 3 816 3161
2 3 817 6851
2 3 818 603E
2 3 819 AA8A
2 3 820 F4F5
2 3 821 C4B2
2 3 822 6E80
2 3 823 B6A3
2 3 824 4180
2 3 825 3483
2 3 826 9443
2 3 827 4675
2 3 828 DB59
2 3 829 460B
2 3 830 B729
2 3 831 8EC6
2 3 832 173B
2 3 833 0E2A
2 3 834 1601
2 3 835 F933
2 3 836 C86B
2 3 837 982A
2 3 838 6E8C
2 3 839 2729
2 3 840 9F18
2 3 841 88D5
2 3 842 3D83
2 3 843 CA14
2 3 844 DB03
2 3 845 88C8
2 3 846 9CD6
2 3 847 04D7
2 3 848 7662
2 3 849 4A08
2 3 850 8436
2 3 851 4A7D
2 3 852 2CFF
2 3 853 3CD3
2 3 854 6FD7
2 3 855 EE2F
2 3 856 03A6
2 3 857 47BA
2 3 858 B170
2 3 859 D866
2 3 860 33BE
2 3 861 16ED
2 3 862 EF85
2 3 863 1562
2 3 864 9F37
2 3 865 D6D7
2 3 866 96E7
2 3 867 30DC
2 3 868 30A5
2 3 869 6DEB
2 3 870 4279
2 3 871 92F9
2 3 872 CBAA
2 3 873 89BF
2 3 874 5D35
2 3 875 5280
2 3 876 B19A
2 3 877 1358
2 3 878 8270
2 3 879 304D
2 3 880 7E5B
2 3 881 DEC5
2 3 882 605B
2 3 883 B006
2 3 884 218B
2 3 885 A9EF
2 3 886 20CB
2 3 887 820D
2 3 888 77E7
2 3 889 BEB0
2 3 890 9C3A
2 3 891 B2B7
2 3 892 68E8
2 3 893 CC24
2 3 894 DB0F
2 3 895 52BC
2 3 896 ACAF
2 3 897 CB3E
2 3 898 A91C
2 3 899 8CF0
2 3 900 9E25
2 3 901 029C
2 3 902 3F66
2 3 903 5D31
2 3 904 BD5C
2 3 905 7D9C
2 3 906 4829
2 3 907 5CA0
2 3 908 C639
2 3 909 8AB0
2 3 910 C11C
2 3 911 5715
2 3 912 7F55
2 3 913 14EF
2 3 914 7FF2
2 3 915 9DCE
2 3 916 A521
2 3 917 ECEE
2 3 918 5D23
2 3 919 4B68
2 3 920 954A
2 3 921 54CF
2 3 922 48EA
2 3 923 ED10
2 3 924 9E5E
2 3 925 6398
2 3 926 CE90
2 3 927 44FC
2 3 928 17AD
2 3 929 13C6
2 3 930 C9E8
2 3 931 1A15
2 3 932 A573
2 3 933 1123
2 3 934 531B
2 3 935 48F7
2 3 936 4D34
2 3 937 99D5
2 3 938 24A7
2 3 939 8A1D
2 3 940 3E68
2 3 941 06B9
2 3 942 FFA3
2 3 943 A156
2 3 944 7359
2 3 945 CEF0
2 3 946 D246
2 3 947 EA7C
2 3 948 8E49
2 3 949 1AB7
2 3 950 A4A8
2 3 951 7765
2 3 952 96D9
2 3 953 397D
2 3 954 8FC8
2 3 955 331A
2 3 956 7BA8
2 3 957 8F30
2 3 958 42CF
2 3 959 BE48
2 3 960 7C38
2 3 961 CCD8
2 3 962 DA94
2 3 963 F8F5
2 3 964 DF17
2 3 965 8869
2 3 966 0F61
2 3 967 6D76
2 3 968 983B
2 3 969 87D2
2 3 970 FCF6
2 3 971 109E
2 3 972 C3AF
2 3 973 535B
2 3 974 08CC
2 3 975 0B38
2 3 976 186D
2 3 977 E32E
2 3 978 AA9D
2 3 979 80B8
2 3 980 B78B
2 3 981 7C34
2 3 982 1B21
2 3 983 872E
2 3 984 FB9B
2 3 985 1023
2 3 986 2D1B
2 3 987 C47C
2 3 988 2C4D
2 3 989 B4D5
2 3 990 D495
2 3 991 64CA
2 3 992 3A58
2 3 993 06DD
2 3 994 2068
2 3 995 5E38
2 3 996 E799
2 3 997 8B55
2 3 998 AA00
2 3 999 35D3
2 3 1000 FF7A
2 3 1001 64FB
2 3 1002 BF5F
2 3 1003 B9CB
2 3 1004 8395
2 3 1005 F07D
2 3 1006 CB61
2 3 1007 64E3
2 3 1008 F09A
2 3 1009 1C12
2 3 1010 C03F
2 3 1011 5F2A
2 3 1012 FF70
2 3 1013 8E4B
2 3 1014 8857
2 3 1015 4FEA
2 3 1016 8698
2 3 1017 F028
2 3 1018 C12B
2 3 1019 74DF
2 3 1020 5FD7
2 3 1021 EE6F
2 3 1022 44A9
2 3 1023 B2A9
2 3 1024 7615
2 3 1025 C63B
2 3 1026 44AB
2 3 1027 9284
2 3 1028 5F81
2 3 1029 70D1
2 3 1030 FCBF
2 3 1031 6138
2 3 1032 27F7
2 3 1033 C2B8
2 3 1034 3E29
2 3 1035 E34C
2 3 1036 2FA4
2 3 1037 1209
2 3 1038 5A27
2 3 1039 5280
2 3 1040 41E9
2 3 1041 3804
2 3 1042 2E75
2 3 1043 987B
2 3 1044 487E
2 3 1045 01E5
2 3 1046 5812
2 3 1047 FAC1
2 3 1048 3ED8
2 3 1049 64F6
2 3 1050 D042
2 3 1051 ABE9
2 3 1052 49CD
2 3 1053 09E6
2 3 1054 77D4
2 3 1055 F60E
2 3 1056 1777
2 3 1057 035A
2 3 1058 54A6
2 3 1059 F283
2 3 1060 EB57
2 3 1061 C3C3
2 3 1062 8567
2 3 1063 02CC
2 3 1064 FABC
2 3 1065 A670
2 3 1066 2F9D
2 3 1067 7ECA
2 3 1068 FD63
2 3 1069 9FE5
2 3 1070 EBE8
2 3 1071 4C36
2 3 1072 1661
2 3 1073 E96B
2 3 1074 7487
2 3 1075 5352
2 3 1076 793E
2 3 1077 BBE9
2 3 1078 9A19
2 3 1079 04DC
2 3 1080 6F63
2 3 1081 6DF3
2 3 1082 C2A5
2 3 1083 6544
2 3 1084 A1B7
2 3 1085 8922
2 3 1086 76DD
2 3 1087 511F
2 3 1088 CA86
2 3 1089 AAA4
2 3 1090 C1A0
2 3 1091 EEDD
2 3 1092 33A4
2 3 1093 4314
2 3 1094 65BF
2 3 1095 81B7
2 3 1096 A4D0
2 3 1097 898D
2 3 1098 2E03
2 3 1099 11EC
2 3 1100 A65B
2 3 1101 35FA
2 3 1102 DB6C
2 3 1103 9E2E
2 3 1104 3C09
2 3 1105 D6B1
2 3 1106 75BC
2 3 1107 CA58
2 3 1108 7C39
2 3 1109 D541
2 3 1110 0234
2 3 1111 3F62
2 3 1112 A742
2 3 1113 7E89
2 3 1114 E49F
2 3 1115 3097
2 3 1116 A31E
2 3 1117 A20A
2 3 1118 6E8D
2 3 1119 BA07
2 3 1120 FF4A
2 3 1121 9C7F
2 3 1122 60E2
2 3 1123 0C38
2 3 1124 E4EE
2 3 1125 E1AC
2 3 1126 6390
2 3 1127 9922
2 3 1128 973A
2 3 1129 5975
2 3 1130 B7A2
2 3 1131 B65B
2 3 1132 6812
2 3 1133 2430
2 3 1134 A77A
2 3 1135 688F
2 3 1136 44EB
2 3 1137 9A3C
2 3 1138 795C
2 3 1139 4C33
2 3 1140 3FF5
2 3 1141 9AD3
2 3 1142 E82D
2 3 1143 CF7B
2 3 1144 B97B
2 3 1145 7E1E
2 3 1146 6675
2 3 1147 318B
2 3 1148 0D88
2 3 1149 3E88
2 3 1150 AFAC
2 3 1151 FAEB
2 3 1152 E9CC
2 3 1153 AD55
2 3 1154 6BB4
2 3 1155 E33E
2 3 1156 AFBE
2 3 1157 C673
2 3 1158 E8A2
2 3 1159 5834
2 3 1160 8704
2 3 1161 7791
2 3 1162 2EC2
2 3 1163 19BD
2 3 1164 0411
2 3 1165 6E6F
2 3 1166 F2DB
2 3 1167 9F81
2 3 1168 870E
2 3 1169 C275
2 3 1170 2AB1
2 3 1171 3B8D
2 3 1172 B6FB
2 3 1173 8D88
2 3 1174 47C9
2 3 1175 2E50
2 3 1176 BD17
2 3 1177 C81A
2 3 1178 5C72
2 3 1179 1FC7
2 3 1180 247E
2 3 1181 FC82
2 3 1182 AF01
2 3 1183 B1F5
2 3 1184 8212
2 3 1185 A58C
2 3 1186 7F5D
2 3 1187 2096
2 3 1188 489D
2 3 1189 4C50
2 3 1190 02BC
2 3 1191 2215
2 3 1192 6D35
2 3 1193 B948
2 3 1194 D9AD
2 3 1195 7DBC
2 3 1196 BFE0
2 3 1197 CC9E
2 3 1198 8457
2 3 1199 0B2C
2 3 1200 1C7A
2 3 1201 D1C4
2 3 1202 9901
2 3 1203 0F0E
2 3 1204 D7D4
2 3 1205 6248
2 3 1206 C0D3
2 3 1207 2908
2 3 1208 0D1E
2 3 1209 2BE7
2 3 1210 BEDC
2 3 1211 46F3
2 3 1212 AF88
2 3 1213 2DE1
2 3 1214 0555
2 3 1215 514C
2 3 1216 8425
2 3 1217 418C
2 3 1218 9D25
2 3 1219 84E9
2 3 1220 6812
2 3 1221 022D
2 3 1222 63A6
2 3 1223 ADEE
2 3 1224 86D5
2 3 1225 6804
2 3 1226 E2A8
2 3 1227 B800
2 3 1228 6508
2 3 1229 AAA6
2 3 1230 46B5
2 3 1231 47B9
2 3 1232 E337
2 3 1233 3E91
2 3 1234 3794
2 3 1235 515C
2 3 1236 9D07
2 3 1237 01FB
2 3 1238 9711
2 3 1239 E0CB
2 3 1240 4899
2 3 1241 ECEC
2 3 1242 69FB
2 3 1243 86B8
2 3 1244 FA2F
2 3 1245 D88C
2 3 1246 6F6F
2 3 1247 1F18
2 3 1248 700E
2 3 1249 31BF
2 3 1250 2A55
2 3 1251 E4DE
2 3 1252 CAA4
2 3 1253 AAF0
2 3 1254 612A
2 3 1255 06E6
2 3 1256 54EC
2 3 1257 412B
2 3 1258 57FE
2 3 1259 322F
2 3 1260 410F
2 3 1261 2870
2 3 1262 48BD
2 3 1263 C54F
2 3 1264 7D4D
2 3 1265 7344
2 3 1266 DDB3
2 3 1267 A121
2 3 1268 051B
2 3 1269 8989
2 3 1270 B24B
2 3 1271 CAC2
2 3 1272 528E
2 3 1273 C290
2 3 1274 1E18
2 3 1275 52BC
2 3 1276 D3F9
2 3 1277 B66D
2 3 1278 CE18
2 3 1279 3582
2 3 1280 89D3
2 3 1281 1A8B
2 3 1282 F035
2 3 1283 291D
2 3 1284 30DD
2 3 1285 3D82
2 3 1286 F50D
2 3 1287 8C25
2 3 1288 9C82
2 3 1289 7626
2 3 1290 2BF4
2 3 1291 E9F3
2 3 1292 257E
2 3 1293 19E2
2 3 1294 BD38
2 3 1295 C816
2 3 1296 50C4
2 3 1297 CE44
2 3 1298 C6A5
2 3 1299 B105
2 3 1300 129A
2 3 1301 49D9
2 3 1302 9E4A
2 3 1303 B014
2 3 1304 5207
2 3 1305 D83C
2 3 1306 7F7B
2 3 1307 B2A9
2 3 1308 9070
2 3 1309 356A
2 3 1310 2617
2 3 1311 82B1
2 3 1312 D97E
2 3 1313 945A
2 3 1314 1C0C
2 3 1315 4E4E
2 3 1316 5F44
2 3 1317 E4CB
2 3 1318 BD1A
2 3 1319 F0D4
2 3 1320 669F
2 3 1321 AC5D
2 3 1322 34D5
2 3 1323 70F4
2 3 1324 67DE
2 3 1325 06E4
2 3 1326 FAEE
2 3 1327 6837
2 3 1328 87A4
2 3 1329 A1FA
2 3 1330 91B3
2 3 1331 47AE
2 3 1332 CC0B
2 3 1333 C7D4
2 3 1334 8AD6
2 3 1335 ADE9
2 3 1336 B20B
2 3 1337 CD58
2 3 1338 166B
2 3 1339 4227
2 3 1340 071A
2 3 1341 776C
2 3 1342 A035
2 3 1343 C8CD
2 3 1344 2B16
2 3 1345 2B92
2 3 1346 3F23
2 3 1347 651A
2 3 1348 1E61
2 3 1349 FFB2
2 3 1350 FB17
2 3 1351 3C19
2 3 1352 004B
2 3 1353 FD38
2 3 1354 2CE7
2 3 1355 ECD8
2 3 1356 E1B6
2 3 1357 2B60
2 3 1358 7CA6
2 3 1359 91D9
2 3 1360 0FF5
2 3 1361 34CE
2 3 1362 4225
2 3 1363 3FC6
2 3 1364 3BF6
2 3 1365 BC62
2 3 1366 4BB6
2 3 1367 356A
2 3 1368 21A1
2 3 1369 B54B
2 3 1370 4F31
2 3 1371 30DD
2 3 1372 9381
2 3 1373 525B
2 3 1374 893A
2 3 1375 9DFF
2 3 1376 0EA2
2 3 1377 609C
2 3 1378 4EC2
2 3 1379 9228
2 3 1380 3ABB
2 3 1381 2121
2 3 1382 94CC
2 3 1383 C91F
2 3 1384 FA8E
2 3 1385 F61F
2 3 1386 B272
2 3 1387 1749
2 3 1388 F08D
2 3 1389 773C
2 3 1390 E129
2 3 1391 0524
2 3 1392 9BBF
2 3 1393 C128
2 3 1394 3F42
2 3 1395 87F5
2 3 1396 70E3
2 3 1397 146B
2 3 1398 58B2
2 3 1399 0BBD
2 3 1400 93D3
2 3 1401 177F
2 3 1402 7A14
2 3 1403 4273
2 3 1404 152C
2 3 1405 501F
2 3 1406 51ED
2 3 1407 6C6E
2 3 1408 D82C
2 3 1409 A7DF
2 3 1410 A430
2 3 1411 0E21
2 3 1412 84DC
2 3 1413 0FFE
2 3 1414 1402
2 3 1415 470B
2 3 1416 2A71
2 3 1417 9879
2 3 1418 47C0
2 3 1419 3DEE
2 3 1420 75ED
2 3 1421 8E61
2 3 1422 EB3E
2 3 1423 5641
2 3 1424 A10A
2 3 1425 756F
2 3 1426 5453
2 3 1427 22E1
2 3 1428 7D5A
2 3 1429 F0D7
2 3 1430 CD94
2 3 1431 4A0D
2 3 1432 3FA8
2 3 1433 EF5A
2 3 1434 CB5D
2 3 1435 CE91
2 3 1436 EFA2
2 3 1437 AEA0
2 3 1438 8F17
2 3 1439 7242
2 3 1440 9FBB
2 3 1441 69C5
2 3 1442 FCB5
2 3 1443 25AB
2 3 1444 D14B
2 3 1445 C732
2 3 1446 A680
2 3 1447 B907
2 3 1448 A8FA
2 3 1449 59AF
2 3 1450 5316
2 3 1451 4270
2 3 1452 D75D
2 3 1453 C8B7
2 3 1454 81AE
2 3 1455 ED56
2 3 1456 59DF
2 3 1457 740D
2 3 1458 B09F
2 3 1459 2734
2 3 1460 77E3
2 3 1461 A68D
2 3 1462 6A21
2 3 1463 5D7F
2 3 1464 A028
2 3 1465 AC45
2 3 1466 5B54
2 3 1467 C0E0
2 3 1468 0A6D
2 3 1469 5FC5
2 3 1470 F97F
2 3 1471 C1A3
2 3 1472 4157
2 3 1473 02B4
2 3 1474 799A
2 3 1475 3970
2 3 1476 F890
2 3 1477 75A5
2 3 1478 1E10
2 3 1479 763A
2 3 1480 D332
2 3 1481 2329
2 3 1482 1EBE
2 3 1483 9A76
2 3 1484 FE65
2 3 1485 3226
2 3 1486 AF41
2 3 1487 068E
2 3 1488 C444
2 3 1489 D368
2 3 1490 E76F
2 3 1491 BF95
2 3 1492 7B06
2 3 1493 BE77
2 3 1494 9224
2 3 1495 073D
2 3 1496 745B
2 3 1497 31A8
2 3 1498 2640
2 3 1499 9907
2 3 1500 D114
2 3 1501 0977
2 3 1502 6DEE
2 3 1503 40BA
2 3 1504 5D08
2 3 1505 C315
2 3 1506 A027
2 3 1507 BE18
2 3 1508 D734
2 3 1509 7E3F
2 3 1510 F077
2 3 1511 29CD
2 3 1512 4A22
2 3 1513 524F
2 3 1514 D900
2 3 1515 4FA8
2 3 1516 588D
2 3 1517 8A96
2 3 1518 A2BE
2 3 1519 B20E
2 3 1520 A243
2 3 1521 9DE9
2 3 1522 F00B
2 3 1523 2AAD
2 3 1524 A54B
2 3 1525 F57B
2 3 1526 4D63
2 3 1527 5C6E
2 3 1528 BF49
2 3 1529 D6EB
2 3 1530 0C69
2 3 1531 6AAE
2 3 1532 331F
2 3 1533 059F
2 3 1534 ED2B
2 3 1535 A9AE
2 3 1536 56D6
2 3 1537 EF50
2 3 1538 59A3
2 3 1539 3C49
2 3 1540 4DBD
2 3 1541 77E7
2 3 1542 377F
2 3 1543 D2E6
2 3 1544 F2D0
2 3 1545 B889
2 3 1546 9424
2 3 1547 FFAE
2 3 1548 D75D
2 3 1549 45EE
2 3 1550 AEEE
2 3 1551 D400
2 3 1552 79E2
2 3 1553 D1F8
2 3 1554 25BA
2 3 1555 BB22
2 3 1556 193A
2 3 1557 3C82
2 3 1558 47A6
2 3 1559 C63A
2 3 1560 C7FA
2 3 1561 6776
2 3 1562 D218
2 3 1563 DD7E
2 3 1564 A416
2 3 1565 6222
2 3 1566 9BFF
2 3 1567 8AA8
2 3 1568 56C9
2 3 1569 BFCD
2 3 1570 F357
2 3 1571 50AD
2 3 1572 40B4
2 3 1573 2D87
2 3 1574 B0F0
2 3 1575 C4AF
2 3 1576 F646
2 3 1577 9B3E
2 3 1578 4671
2 3 1579 DC31
2 3 1580 F05D
2 3 1581 8C18
2 3 1582 4A98
2 3 1583 248B
2 3 1584 952B
2 3 1585 61FD
2 3 1586 47C4
2 3 1587 D79F
2 3 1588 FD5C
2 3 1589 B873
2 3 1590 D0B6
2 3 1591 01CA
2 3 1592 1976
2 3 1593 22B0
2 3 1594 1F95
2 3 1595 2D1E
2 3 1596 1B81
2 3 1597 E0EB
2 3 1598 C331
2 3 1599 45CF
2 3 1600 48E9
2 3 1601 60F4
2 3 1602 1E8A
2 3 1603 ABEB
2 3 1604 98A1
2 3 1605 9E05
2 3 1606 BE92
2 3 1607 A650
2 3 1608 C18B
2 3 1609 B3D8
2 3 1610 CA2F
2 3 1611 AAD8
2 3 1612 9D15
2 3 1613 38FA
2 3 1614 1085
2 3 1615 2FD8
2 3 1616 0225
2 3 1617 345F
2 3 1618 7972
2 3 1619 FAC9
2 3 1620 7C37
2 3 1621 C238
2 3 1622 DC5B
2 3 1623 2045
2 3 1624 82C5
2 3 1625 BC02
2 3 1626 8127
2 3 1627 2936
2 3 1628 14E8
2 3 1629 F7E1
2 3 1630 CF8A
2 3 1631 114B
2 3 1632 DD3E
2 3 1633 F32C
2 3 1634 F085
2 3 1635 12AC
2 3 1636 420D
2 3 1637 FC4A
2 3 1638 662C
2 3 1639 72EF
2 3 1640 05A6
2 3 1641 2FBD
2 3 1642 DDA7
2 3 1643 C54C
2 3 1644 5B0D
2 3 1645 DC7D
2 3 1646 BF7C
2 3 1647 560D
2 3 1648 92D7
2 3 1649 2388
2 3 1650 420C
2 3 1651 B34A
2 3 1652 C454
2 3 1653 E6B7
2 3 1654 025C
2 3 1655 86D3
2 3 1656 16EF
2 3 1657 5AD4
2 3 1658 6717
2 3 1659 356F
2 3 1660 8FD3
2 3 1661 D0EB
2 3 1662 51D2
2 3 1663 F744
2 3 1664 87D1
2 3 1665 8ADE
2 3 1666 E290
2 3 1667 5D97
2 3 1668 2D7E
2 3 1669 AF3D
2 3 1670 5186
2 3 1671 79B6
2 3 1672 B7A1
2 3 1673 B056
2 3 1674 2321
2 3 1675 1933
2 3 1676 2BCD
2 3 1677 BA88
2 3 1678 3A46
2 3 1679 CB54
2 3 1680 DD4B
2 3 1681 FDDE
2 3 1682 8CD9
2 3 1683 A3C9
2 3 1684 083C
2 3 1685 E6D9
2 3 1686 7E82
2 3 1687 EE9D
2 3 1688 2CFD
2 3 1689 9A8E
2 3 1690 25AD
2 3 1691 496F
2 3 1692 0FCB
2 3 1693 49F2
2 3 1694 FED0
2 3 1695 D5E3
2 3 1696 80A8
2 3 1697 3072
2 3 1698 D1F2
2 3 1699 7954
2 3 1700 4F7E
2 3 1701 51C8
2 3 1702 CE69
2 3 1703 5DCD
2 3 1704 1083
2 3 1705 4B0A
2 3 1706 20E4
2 3 1707 2838
2 3 1708 94DD
2 3 1709 CB05
2 3 1710 87AA
2 3 1711 97D5
2 3 1712 3B88
2 3 1713 85CA
2 3 1714 A922
2 3 1715 82EE
2 3 1716 7E75
2 3 1717 B786
2 3 1718 3094
2 3 1719 64CA
2 3 1720 5FF5
2 3 1721 8A98
2 3 1722 F530
2 3 1723 F0E1
2 3 1724 9C56
2 3 1725 F4DE
2 3 1726 AF4D
2 3 1727 5F4F
2 3 1728 C3CC
2 3 1729 E050
2 3 1730 FFF3
2 3 1731 668C
2 3 1732 A093
2 3 1733 B2D1
2 3 1734 CE9D
2 3 1735 165A
2 3 1736 8D54
2 3 1737 8943
2 3 1738 4139
2 3 1739 0800
2 3 1740 9FC6
2 3 1741 B9DA
2 3 1742 D271
2 3 1743 97B7
2 3 1744 CB96
2 3 1745 71B3
2 3 1746 4A2E
2 3 1747 1B62
2 3 1748 6189
2 3 1749 81A6
2 3 1750 9C5B
2 3 1751 4A82
2 3 1752 8EE0
2 3 1753 AE59
2 3 1754 F1E8
2 3 1755 4B6A
2 3 1756 C0FD
2 3 1757 1797
2 3 1758 6010
2 3 1759 19B0
2 3 1760 1146
2 3 1761 8AE0
2 3 1762 11DD
2 3 1763 39E6
2 3 1764 1D47
2 3 1765 D541
2 3 1766 E7E9
2 3 1767 EE87
2 3 1768 EF1C
2 3 1769 6867
2 3 1770 D267
2 3 1771 6235
2 3 1772 DA0E
2 3 1773 E6F0
2 3 1774 6963
2 3 1775 7B22
2 3 1776 6F7D
2 3 1777 6C03
2 3 1778 8746
2 3 1779 4BCC
2 3 1780 EFFF
2 3 1781 A221
2 3 1782 E99F
2 3 1783 54EE
2 3 1784 DCC7
2 3 1785 FD3A
2 3 1786 1C1E
2 3 1787 0CB4
2 3 1788 8D49
2 3 1789 AC04
2 3 1790 31E2
2 3 1791 5F2F
2 3 1792 ED1C
2 3 1793 1489
2 3 1794 10F5
2 3 1795 1C0A
2 3 1796 C621
2 3 1797 F000
2 3 1798 5416
2 3 1799 857C
2 3 1800 3AE3
2 3 1801 59DF
2 3 1802 06B7
2 3 1803 747E
2 3 1804 553F
2 3 1805 662F
2 3 1806 BF47
2 3 1807 C63E
2 3 1808 CD45
2 3 1809 1320
2 3 1810 DBB2
2 3 1811 06D4
2 3 1812 6C5E
2 3 1813 A9DE
2 3 1814 E427
2 3 1815 8D35
2 3 1816 B0B0
2 3 1817 E2A3
2 3 1818 581A
2 3 1819 7C66
2 3 1820 94C0
2 3 1821 600F
2 3 1822 698A
2 3 1823 5DF3
2 3 1824 9F58
2 3 1825 55B5
2 3 1826 6A86
2 3 1827 49A0
2 3 1828 9FA9
2 3 1829 6DF6
2 3 1830 F0EB
2 3 1831 CE5F
2 3 1832 B9B1
2 3 1833 4313
2 3 1834 F470
2 3 1835 1083
2 3 1836 A6DF
2 3 1837 FF7F
2 3 1838 6AE5
2 3 1839 D134
2 3 1840 4EF6
2 3 1841 F973
2 3 1842 26B9
2 3 1843 5323
2 3 1844 1D30
2 3 1845 5DC6
2 3 1846 FBBB
2 3 1847 507F
2 3 1848 B5A5
2 3 1849 3DFC
2 3 1850 6E23
2 3 1851 7629
2 3 1852 EEEC
2 3 1853 959E
2 3 1854 6FD1
2 3 1855 1824
2 3 1856 3400
2 3 1857 1ACA
2 3 1858 EFD5
2 3 1859 1351
2 3 1860 B266
2 3 1861 EE0B
2 3 1862 4031
2 3 1863 105A
2 3 1864 F88E
2 3 1865 7D6B
2 3 1866 95DB
2 3 1867 9BEC
2 3 1868 E878
2 3 1869 2EC8
2 3 1870 2707
2 3 1871 C82B
2 3 1872 2298
2 3 1873 A564
2 3 1874 ABA4
2 3 1875 4B60
2 3 1876 4CFC
2 3 1877 B6C1
2 3 1878 4424
2 3 1879 4FF5
2 3 1880 DAAD
2 3 1881 62AD
2 3 1882 0A82
2 3 1883 69A3
2 3 1884 3754
2 3 1885 629A
2 3 1886 D17F
2 3 1887 63EB
2 3 1888 7B1E
2 3 1889 2431
2 3 1890 D62D
2 3 1891 DDC4
2 3 1892 0AE2
2 3 1893 4326
2 3 1894 67AF
2 3 1895 E694
2 3 1896 C882
2 3 1897 D64F
2 3 1898 C940
2 3 1899 1062
2 3 1900 B790
2 3 1901 23F1
2 3 1902 D273
2 3 1903 AB4B
2 3 1904 3A33
2 3 1905 915B
2 3 1906 11BA
2 3 1907 1E33
2 3 1908 4A4A
2 3 1909 E1B7
2 3 1910 752A
2 3 1911 90BE
2 3 1912 52D0
2 3 1913 181E
2 3 1914 BD7E
2 3 1915 5A7E
2 3 1916 8D7F
2 3 1917 90EA
2 3 1918 3F5B
2 3 1919 EB6F
2 3 1920 08B9
2 3 1921 2651
2 3 1922 B6D4
2 3 1923 21A1
2 3 1924 B9A4
2 3 1925 7431
2 3 1926 312E
2 3 1927 4036
2 3 1928 3E96
2 3 1929 8F26
2 3 1930 50E6
2 3 1931 FB8D
2 3 1932 35B1
2 3 1933 C2E3
2 3 1934 6FF1
2 3 1935 4EBC
2 3 1936 4BD0
2 3 1937 2BC0
2 3 1938 6444
2 3 1939 0E44
2 3 1940 67A2
2 3 1941 3F90
2 3 1942 EA94
2 3 1943 6C02
2 3 1944 9515
2 3 1945 99B6
2 3 1946 FB60
2 3 1947 E062
2 3 1948 94F7
2 3 1949 9E78
2 3 1950 8E2E
2 3 1951 2CD8
2 3 1952 34D9
2 3 1953 C994
2 3 1954 8F12
2 3 1955 6B91
2 3 1956 D334
2 3 1957 BC12
2 3 1958 0A76
2 3 1959 6066
2 3 1960 B3D0
2 3 1961 5D59
2 3 1962 D316
2 3 1963 7F13
2 3 1964 0862
2 3 1965 A386
2 3 1966 264A
2 3 1967 5AA7
2 3 1968 D175
2 3 1969 D6FA
2 3 1970 1289
2 3 1971 723C
2 3 1972 FB8C
2 3 1973 6533
2 3 1974 A42B
2 3 1975 8EE9
2 3 1976 5C86
2 3 1977 96DE
2 3 1978 1C6F
2 3 1979 26F6
2 3 1980 7543
2 3 1981 BD2A
2 3 1982 B6BF
2 3 1983 7A4F
2 3 1984 1B86
2 3 1985 AA60
2 3 1986 C030
2 3 1987 5C3B
2 3 1988 701A
2 3 1989 89B2
2 3 1990 054E
2 3 1991 DE4F
2 3 1992 C539
2 3 1993 6A50
2 3 1994 DA17
2 3 1995 509E
2 3 1996 592B
2 3 1997 11C2
2 3 1998 4045
2 3 1999 4B33
2 3 2000 092B
2 3 2001 E973
2 3 2002 EFD2
2 3 2003 B4C3
2 3 2004 6090
2 3 2005 1B8A
2 3 2006 45B7
2 3 2007 FA9C
2 3 2008 A82A
2 3 2009 32FE
2 3 2010 5CF4
2 3 2011 EDE2
2 3 2012 D9EB
2 3 2013 D2EA
2 3 2014 D5D7
2 3 2015 F9FB
2 3 2016 9CC8
2 3 2017 591E
2 3 2018 0F76
2 3 2019 A848
2 3 2020 ACDF
2 3 2021 7FF8
2 3 2022 D77E
2 3 2023 A516
2 3 2024 53DA
2 3 2025 5373
2 3 2026 D432
2 3 2027 B9D5
2 3 2028 D594
2 3 2029 0D7F
2 3 2030 2CAB
2 3 2031 7089
2 3 2032 F4FB
2 3 2033 AD91
2 3 2034 3366
2 3 2035 547F
2 3 2036 F536
2 3 2037 5F7B
2 3 2038 16FF
2 3 2039 0442
2 3 2040 BB09
2 3 2041 057E
2 3 2042 DD37
2 3 2043 88CE
2 3 2044 F277
2 3 2045 799E
2 3 2046 2C3D
2 3 2047 A604
2 4 0 9234
2 4 1 9295
2 4 2 92F6
2 4 3 9357
2 4 4 93B8
2 4 5 9419
2 4 6 947A
2 4 7 94DB
2 4 8 953C
2 4 9 959D
2 4 10 95FE
2 4 11 965F
2 4 12 96C0
2 4 13 9721
2 4 14 9782
2 4 15 97E3
2 4 16 9844
2 4 17 98A5
2 4 18 9906
2 4 19 9967
2 4 20 99C8
2 4 21 9A29
2 4 22 9A8A
2 4 23 9AEB
2 4 24 9B4C
2 4 25 9BAD
2 4 26 9C0E
2 4 27 9C6F
2 4 28 9CD0
2 4 29 9D31
2 4 30 9D92
2 4 31 9DF3
2 4 32 9E54
2 4 33 9EB5
2 4 34 9F16
2 4 35 9F77
2 4 36 9FD8
2 4 37 A039
2 4 38 A09A
2 4 39 A0FB
2 4 40 A15C
2 4 41 A1BD
2 4 42 A21E
2 4 43 A27F
2 4 44 A2E0
2 4 45 A341
2 4 46 A3A2
2 4 47 A403
2 4 48 A464
2 4 49 A4C5
2 4 50 A526
2 4 51 A587
2 4 52 A5E8
2 4 53 A649
2 4 54 A6AA
2 4 55 A70B
2 4 56 A76C
2 4 57 A7CD
2 4 58 A82E
2 4 59 A88F
2 4 60 A8F0
2 4 61 A951
2 4 62 A9B2
2 4 63 AA13
2 4 64 AA74
2 4 65 AAD5
2 4 66 AB36
2 4 67 AB97
2 4 68 ABF8
2 4 69 AC59
2 4 70 ACBA
2 4 71 AD1B
2 4 72 AD7C
2 4 73 ADDD
2 4 74 AE3E
2 4 75 AE9F
2 4 76 AF00
2 4 77 AF61
2 4 78 AFC2
2 4 79 B023
2 4 80 B084
2 4 81 B0E5
2 4 82 B146
2 4 83 B1A7
2 4 84 B208
2 4 85 B269
2 4 86 B2CA
2 4 87 B32B
2 4 88 B38C
2 4 89 B3ED
2 4 90 B44E
2 4 91 B4AF
2 4 92 B510
2 4 93 B571
2 4 94 B5D2
2 4 95 B633
2 4 96 B694
2 4 97 B6F5
2 4 98 B756
2 4 99 B7B7
2 4 100 B818
2 4 101 B879
2 4 102 B8DA
2 4 103 B93B
2 4 104 B99C
2 4 105 B9FD
2 4 106 BA5E
2 4 107 BABF
2 4 108 BB20
2 4 109 BB81
2 4 110 BBE2
2 4 111 BC43
2 4 112 BCA4
2 4 113 BD05
2 4 114 BD66
2 4 115 BDC7
2 4 116 BE28
2 4 117 BE89
2 4 118 BEEA
2 4 119 BF4B
2 4 120 BFAC
2 4 121 C00D
2 4 122 C06E
2 4 123 C0CF
2 4 124 C130
2 4 125 C191
2 4 126 C1F2
2 4 127 C253
2 4 128 C2B4
2 4 129 C315
2 4 130 C376
2 4 131 C3D7
2 4 132 C438
2 4 133 C499
2 4 134 C4FA
2 4 135 C55B
2 4 136 C5BC
2 4 137 C61D
2 4 138 C67E
2 4 139 C6DF
2 4 140 C740
2 4 141 C7A1
2 4 142 C802
2 4 143 C863
2 4 144 C8C4
2 4 145 C925
2 4 146 C986
2 4 147 C9E7
2 4 148 CA48
2 4 149 CAA9
2 4 150 CB0A
2 4 151 CB6B
2 4 152 CBCC
2 4 153 CC2D
2 4 154 CC8E
2 4 155 CCEF
2 4 156 CD50
2 4 157 CDB1
2 4 158 CE12
2 4 159 CE73
2 4 160 CED4
2 4 161 CF35
2 4 162 CF96
2 4 163 CFF7
2 4 164 D058
2 4 165 D0B9
2 4 166 D11A
2 4 167 D17B
2 4 168 D1DC
2 4 169 D23D
2 4 170 D29E
2 4 171 D2FF
2 4 172 D360
2 4 173 D3C1
2 4 174 D422
2 4 175 D483
2 4 176 D4E4
2 4 177 D545
2 4 178 D5A6
2 4 179 D607
2 4 180 D668
2 4 181 D6C9
2 4 182 D72A
2 4 183 D78B
2 4 184 D7EC
2 4 185 D84D
2 4 186 D8AE
2 4 187 D90F
2 4 188 D970
2 4 189 D9D1
2 4 190 DA32
2 4 191 DA93
2 4 192 DAF4
2 4 193 DB55
2 4 194 DBB6
2 4 195 DC17
2 4 196 DC78
2 4 197 DCD9
2 4 198 DD3A
2 4 199 DD9B
2 4 200 DDFC
2 4 201 DE5D
2 4 202 DEBE
2 4 203 DF1F
2 4 204 DF80
2 4 205 DFE1
2 4 206 E042
2 4 207 E0A3
2 4 208 E104
2 4 209 E165
2 4 210 E1C6
2 4 211 E227
2 4 212 E288
2 4 213 E2E9
2 4 214 E34A
2 4 215 E3AB
2 4 216 E40C
2 4 217 E46D
2 4 218 E4CE
2 4 219 E52F
2 4 220 E590
2 4 221 E5F1
2 4 222 E652
2 4 223 E6B3
2 4 224 E714
2 4 225 E775
2 4 226 E7D6
2 4 227 E837
2 4 228 E898
2 4 229 E8F9
2 4 230 E95A
2 4 231 E9BB
2 4 232 EA1C
2 4 233 EA7D
2 4 234 EADE
2 4 235 EB3F
2 4 236 EBA0
2 4 237 EC01
2 4 238 EC62
2 4 239 ECC3
2 4 240 ED24
2 4 241 ED85
2 4 242 EDE6
2 4 243 EE47
2 4 244 EEA8
2 4 245 EF09
2 4 246 EF6A
2 4 247 EFCB
2 4 248 F02C
2 4 249 F08D
2 4 250 F0EE
2 4 251 F14F
2 4 252 F1B0
2 4 253 F211
2 4 254 F272
2 4 255 F2D3
2 4 256 F334
2 4 257 F395
2 4 258 F3F6
2 4 259 F457
2 4 260 F4B8
2 4 261 F519
2 4 262 F57A
2 4 263 F5DB
2 4 264 F63C
2 4 265 F69D
2 4 266 F6FE
2 4 267 F75F
2 4 268 F7C0
2 4 269 F821
2 4 270 F882
2 4 271 F8E3
2 4 272 F944
2 4 273 F9A5
2 4 274 FA06
2 4 275 FA67
2 4 276 FAC8
2 4 277 FB29
2 4 278 FB8A
2 4 279 FBEB
2 4 280 FC4C
2 4 281 FCAD
2 4 282 FD0E
2 4 283 FD6F
2 4 284 FDD0
2 4 285 FE31
2 4 286 FE92
2 4 287 FEF3
2 4 288 FF54
2 4 289 FFB5
2 4 290 0016
2 4 291 0077
2 4 292 00D8
2 4 293 0139
2 4 294 019A
2 4 295 01FB
2 4 296 025C
2 4 297 02BD
2 4 298 031E
2 4 299 037F
2 4 300 03E0
2 4 301 0441
2 4 302 04A2
2 4 303 0503
2 4 304 0564
2 4 305 05C5
2 4 306 0626
2 4 307 0687
2 4 308 06E8
2 4 309 0749
2 4 310 07AA
2 4 311 080B
2 4 312 086C
2 4 313 08CD
2 4 314 092E
2 4 315 098F
2 4 316 09F0
2 4 317 0A51
2 4 318 0AB2
2 4 319 0B13
2 4 320 0B74
2 4 321 0BD5
2 4 322 0C36
2 4 323 0C97
2 4 324 0CF8
2 4 325 0D59
2 4 326 0DBA
2 4 327 0E1B
2 4 328 0E7C
2 4 329 0EDD
2 4 330 0F3E
2 4 331 0F9F
2 4 332 1000
2 4 333 1061
2 4 334 10C2
2 4 335 1123
2 4 336 1184
2 4 337 11E5
2 4 338 1246
2 4 339 12A7
2 4 340 1308
2 4 341 1369
2 4 342 13CA
2 4 343 142B
2 4 344 148C
2 4 345 14ED
2 4 346 154E
2 4 347 15AF
2 4 348 1610
2 4 349 1671
2 4 350 16D2
2 4 351 1733
2 4 352 1794
2 4 353 17F5
2 4 354 1856
2 4 355 18B7
2 4 356 1918
2 4 357 1979
2 4 358 19DA
2 4 359 1A3B
2 4 360 1A9C
2 4 361 1AFD
2 4 362 1B5E
2 4 363 1BBF
2 4 364 1C20
2 4 365 1C81
2 4 366 1CE2
2 4 367 1D43
2 4 368 1DA4
2 4 369 1E05
2 4 370 1E66
2 4 371 1EC7
2 4 372 1F28
2 4 373 1F89
2 4 374 1FEA
2 4 375 204B
2 4 376 20AC
2 4 377 210D
2 4 378 216E
2 4 379 21CF
2 4 380 2230
2 4 381 2291
2 4 382 22F2
2 4 383 2353
2 4 384 23B4
2 4 385 2415
2 4 386 2476
2 4 387 24D7
2 4 388 2538
2 4 389 2599
2 4 390 25FA
2 4 391 265B
2 4 392 26BC
2 4 393 271D
2 4 394 277E
2 4 395 27DF
2 4 396 2840
2 4 397 28A1
2 4 398 2902
2 4 399 2963
2 4 400 29C4
2 4 401 2A25
2 4 402 2A86
2 4 403 2AE7
2 4 404 2B48
2 4 405 2BA9
2 4 406 2C0A
2 4 407 2C6B
2 4 408 2CCC
2 4 409 2D2D
2 4 410 2D8E
2 4 411 2DEF
2 4 412 2E50
2 4 413 2EB1
2 4 414 2F12
2 4 415 2F73
2 4 416 2FD4
2 4 417 3035
2 4 418 3096
2 4 419 30F7
2 4 420 3158
2 4 421 31B9
2 4 422 321A
2 4 423 327B
2 4 424 32DC
2 4 425 333D
2 4 426 339E
2 4 427 33FF
2 4 428 3460
2 4 429 34C1
2 4 430 3522
2 4 431 3583
2 4 432 35E4
2 4 433 3645
2 4 434 36A6
2 4 435 3707
2 4 436 3768
2 4 437 37C9
2 4 438 382A
2 4 439 388B
2 4 440 38EC
2 4 441 394D
2 4 442 39AE
2 4 443 3A0F
2 4 444 3A70
2 4 445 3AD1
2 4 446 3B32
2 4 447 3B93
2 4 448 3BF4
2 4 449 3C55
2 4 450 3CB6
2 4 451 3D17
2 4 452 3D78
2 4 453 3DD9
2 4 454 3E3A
2 4 455 3E9B
2 4 456 3EFC
2 4 457 3F5D
2 4 458 3FBE
2 4 459 401F
2 4 460 4080
2 4 461 40E1
2 4 462 4142
2 4 463 41A3
2 4 464 4204
2 4 465 4265
2 4 466 42C6
2 4 467 4327
2 4 468 4388
2 4 469 43E9
2 4 470 444A
2 4 471 44AB
2 4 472 450C
2 4 473 456D
2 4 474 45CE
2 4 475 462F
2 4 476 4690
2 4 477 46F1
2 4 478 4752
2 4 479 47B3
2 4 480 4814
2 4 481 4875
2 4 482 48D6
2 4 483 4937
2 4 484 4998
2 4 485 49F9
2 4 486 4A5A
2 4 487 4ABB
2 4 488 4B1C
2 4 489 4B7D
2 4 490 4BDE
2 4 491 4C3F
2 4 492 4CA0
2 4 493 4D01
2 4 494 4D62
2 4 495 4DC3
2 4 496 4E24
2 4 497 4E85
2 4 498 4EE6
2 4 499 4F47
2 4 500 4FA8
2 4 501 5009
2 4 502 506A
2 4 503 50CB
2 4 504 512C
2 4 505 518D
2 4 506 51EE
2 4 507 524F
2 4 508 52B0
2 4 509 5311
2 4 510 5372
2 4 511 53D3
2 4 512 5434
2 4 513 5495
2 4 514 54F6
2 4 515 5557
2 4 516 55B8
2 4 517 5619
2 4 518 567A
2 4 519 56DB
2 4 520 573C
2 4 521 579D
2 4 522 57FE
2 4 523 585F
2 4 524 58C0
2 4 525 5921
2 4 526 5982
2 4 527 59E3
2 4 528 5A44
2 4 529 5AA5
2 4 530 5B06
2 4 531 5B67
2 4 532 5BC8
2 4 533 5C29
2 4 534 5C8A
2 4 535 5CEB
2 4 536 5D4C
2 4 537 5DAD
2 4 538 5E0E
2 4 539 5E6F
2 4 540 5ED0
2 4 541 5F31
2 4 542 5F92
2 4 543 5FF3
2 4 544 6054
2 4 545 60B5
2 4 546 6116
2 4 547 6177
2 4 548 61D8
2 4 549 6239
2 4 550 629A
2 4 551 62FB
2 4 552 635C
2 4 553 63BD
2 4 554 641E
2 4 555 647F
2 4 556 64E0
2 4 557 6541
2 4 558 65A2
2 4 559 6603
2 4 560 6664
2 4 561 66C5
2 4 562 6726
2 4 563 6787
2 4 564 67E8
2 4 565 6849
2 4 566 68AA
2 4 567 690B
2 4 568 696C
2 4 569 69CD
2 4 570 6A2E
2 4 571 6A8F
2 4 572 6AF0
2 4 573 6B51
2 4 574 6BB2
2 4 575 6C13
2 4 576 6C74
2 4 577 6CD5
2 4 578 6D36
2 4 579 6D97
2 4 580 6DF8
2 4 581 6E59
2 4 582 6EBA
2 4 583 6F1B
2 4 584 6F7C
2 4 585 6FDD
2 4 586 703E
2 4 587 709F
2 4 588 7100
2 4 589 7161
2 4 590 71C2
2 4 591 7223
2 4 592 7284
2 4 593 72E5
2 4 594 7346
2 4 595 73A7
2 4 596 7408
2 4 597 7469
2 4 598 74CA
2 4 599 752B
2 4 600 758C
2 4 601 75ED
2 4 602 764E
2 4 603 76AF
2 4 604 7710
2 4 605 7771
2 4 606 77D2
2 4 607 7833
2 4 608 7894
2 4 609 78F5
2 4 610 7956
2 4 611 79B7
2 4 612 7A18
2 4 613 7A79
2 4 614 7ADA
2 4 615 7B3B
2 4 616 7B9C
2 4 617 7BFD
2 4 618 7C5E
2 4 619 7CBF
2 4 620 7D20
2 4 621 7D81
2 4 622 7DE2
2 4 623 7E43
2 4 624 7EA4
2 4 625 7F05
2 4 626 7F66
2 4 627 7FC7
2 4 628 8028
2 4 629 8089
2 4 630 80EA
2 4 631 814B
2 4 632 81AC
2 4 633 820D
2 4 634 826E
2 4 635 82CF
2 4 636 8330
2 4 637 8391
2 4 638 83F2
2 4 639 8453
2 4 640 84B4
2 4 641 8515
2 4 642 8576
2 4 643 85D7
2 4 644 8638
2 4 645 8699
2 4 646 86FA
2 4 647 875B
2 4 648 87BC
2 4 649 881D
2 4 650 887E
2 4 651 88DF
2 4 652 8940
2 4 653 89A1
2 4 654 8A02
2 4 655 8A63
2 4 656 8AC4
2 4 657 8B25
2 4 658 8B86
2 4 659 8BE7
2 4 660 8C48
2 4 661 8CA9
2 4 662 8D0A
2 4 663 8D6B
2 4 664 8DCC
2 4 665 8E2D
2 4 666 8E8E
2 4 667 8EEF
2 4 668 8F50
2 4 669 8FB1
2 4 670 9012
2 4 671 9073
2 4 672 90D4
2 4 673 9135
2 4 674 9196
2 4 675 91F7
2 4 676 9258
2 4 677 92B9
2 4 678 931A
2 4 679 937B
2 4 680 93DC
2 4 681 943D
2 4 682 949E
2 4 683 94FF
2 4 684 9560
2 4 685 95C1
2 4 686 9622
2 4 687 9683
2 4 688 96E4
2 4 689 9745
2 4 690 97A6
2 4 691 9807
2 4 692 9868
2 4 693 98C9
2 4 694 992A
2 4 695 998B
2 4 696 99EC
2 4 697 9A4D
2 4 698 9AAE
2 4 699 9B0F
2 4 700 9B70
2 4 701 9BD1
2 4 702 9C32
2 4 703 9C93
2 4 704 9CF4
2 4 705 9D55
2 4 706 9DB6
2 4 707 9E17
2 4 708 9E78
2 4 709 9ED9
2 4 710 9F3A
2 4 711 9F9B
2 4 712 9FFC
2 4 713 A05D
2 4 714 A0BE
2 4 715 A11F
2 4 716 A180
2 4 717 A1E1
2 4 718 A242
2 4 719 A2A3
2 4 720 A304
2 4 721 A365
2 4 722 A3C6
2 4 723 A427
2 4 724 A488
2 4 725 A4E9
2 4 726 A54A
2 4 727 A5AB
2 4 728 A60C
2 4 729 A66D
2 4 730 A6CE
2 4 731 A72F
2 4 732 A790
2 4 733 A7F1
2 4 734 A852
2 4 735 A8B3
2 4 736 A914
2 4 737 A975
2 4 738 A9D6
2 4 739 AA37
2 4 740 AA98
2 4 741 AAF9
2 4 742 AB5A
2 4 743 ABBB
2 4 744 AC1C
2 4 745 AC7D
2 4 746 ACDE
2 4 747 AD3F
2 4 748 ADA0
2 4 749 AE01
2 4 750 AE62
2 4 751 AEC3
2 4 752 AF24
2 4 753 AF85
2 4 754 AFE6
2 4 755 B047
2 4 756 B0A8
2 4 757 B109
2 4 758 B16A
2 4 759 B1CB
2 4 760 B22C
2 4 761 B28D
2 4 762 B2EE
2 4 763 B34F
2 4 764 B3B0
2 4 765 B411
2 4 766 B472
2 4 767 B4D3
2 4 768 B534
2 4 769 B595
2 4 770 B5F6
2 4 771 B657
2 4 772 B6B8
2 4 773 B719
2 4 774 B77A
2 4 775 B7DB
2 4 776 B83C
2 4 777 B89D
2 4 778 B8FE
2 4 779 B95F
2 4 780 B9C0
2 4 781 BA21
2 4 782 BA82
2 4 783 BAE3
2 4 784 BB44
2 4 785 BBA5
2 4 786 BC06
2 4 787 BC67
2 4 788 BCC8
2 4 789 BD29
2 4 790 BD8A
2 4 791 BDEB
2 4 792 BE4C
2 4 793 BEAD
2 4 794 BF0E
2 4 795 BF6F
2 4 796 BFD0
2 4 797 C031
2 4 798 C092
2 4 799 C0F3
2 4 800 C154
2 4 801 C1B5
2 4 802 C216
2 4 803 C277
2 4 804 C2D8
2 4 805 C339
2 4 806 C39A
2 4 807 C3FB
2 4 808 C45C
2 4 809 C4BD
2 4 810 C51E
2 4 811 C57F
2 4 812 C5E0
2 4 813 C641
2 4 814 C6A2
2 4 815 C703
2 4 816 C764
2 4 817 C7C5
2 4 818 C826
2 4 819 C887
2 4 820 C8E8
2 4 821 C949
2 4 822 C9AA
2 4 823 CA0B
2 4 824 CA6C
2 4 825 CACD
2 4 826 CB2E
2 4 827 CB8F
2 4 828 CBF0
2 4 829 CC51
2 4 830 CCB2
2 4 831 CD13
2 4 832 CD74
2 4 833 CDD5
2 4 834 CE36
2 4 835 CE97
2 4 836 CEF8
2 4 837 CF59
2 4 838 CFBA
2 4 839 D01B
2 4 840 D07C
2 4 841 D0DD
2 4 842 D13E
2 4 843 D19F
2 4 844 D200
2 4 845 D261
2 4 846 D2C2
2 4 847 D323
2 4 848 D384
2 4 849 D3E5
2 4 850 D446
2 4 851 D4A7
2 4 852 D508
2 4 853 D569
2 4 854 D5CA
2 4 855 D62B
2 4 856 D68C
2 4 857 D6ED
2 4 858 D74E
2 4 859 D7AF
2 4 860 D810
2 4 861 D871
2 4 862 D8D2
2 4 863 D933
2 4 864 D994
2 4 865 D9F5
2 4 866 DA56
2 4 867 DAB7
2 4 868 DB18
2 4 869 DB79
2 4 870 DBDA
2 4 871 DC3B
2 4 872 DC9C
2 4 873 DCFD
2 4 874 DD5E
2 4 875 DDBF
2 4 876 DE20
2 4 877 DE81
2 4 878 DEE2
2 4 879 DF43
2 4 880 DFA4
2 4 881 E005
2 4 882 E066
2 4 883 E0C7
2 4 884 E128
2 4 885 E189
2 4 886 E1EA
2 4 887 E24B
2 4 888 E2AC
2 4 889 E30D
2 4 890 E36E
2 4 891 E3CF
2 4 892 E430
2 4 893 E491
2 4 894 E4F2
2 4 895 E553
2 4 896 E5B4
2 4 897 E615
2 4 898 E676
2 4 899 E6D7
2 4 900 E738
2 4 901 E799
2 4 902 E7FA
2 4 903 E85B
2 4 904 E8BC
2 4 905 E91D
2 4 906 E97E
2 4 907 E9DF
2 4 908 EA40
2 4 909 EAA1
2 4 910 EB02
2 4 911 EB63
2 4 912 EBC4
2 4 913 EC25
2 4 914 EC86
2 4 915 ECE7
2 4 916 ED48
2 4 917 EDA9
2 4 918 EE0A
2 4 919 EE6B
2 4 920 EECC
2 4 921 EF2D
2 4 922 EF8E
2 4 923 EFEF
2 4 924 F050
2 4 925 F0B1
2 4 926 F112
2 4 927 F173
2 4 928 F1D4
2 4 929 F235
2 4 930 F296
2 4 931 F2F7
2 4 932 F358
2 4 933 F3B9
2 4 934 F41A
2 4 935 F47B
2 4 936 F4DC
2 4 937 F53D
2 4 938 F59E
2 4 939 F5FF
2 4 940 F660
2 4 941 F6C1
2 4 942 F722
2 4 943 F783
2 4 944 F7E4
2 4 945 F845
2 4 946 F8A6
2 4 947 F907
2 4 948 F968
2 4 949 F9C9
2 4 950 FA2A
2 4 951 FA8B
2 4 952 FAEC
2 4 953 FB4D
2 4 954 FBAE
2 4 955 FC0F
2 4 956 FC70
2 4 957 FCD1
2 4 958 FD32
2 4 959 FD93
2 4 960 FDF4
2 4 961 FE55
2 4 962 FEB6
2 4 963 FF17
2 4 964 FF78
2 4 965 FFD9
2 4 966 003A
2 4 967 009B
2 4 968 00FC
2 4 969 015D
2 4 970 01BE
2 4 971 021F
2 4 972 0280
2 4 973 02E1
2 4 974 0342
2 4 975 03A3
2 4 976 0404
2 4 977 0465
2 4 978 04C6
2 4 979 0527
2 4 980 0588
2 4 981 05E9
2 4 982 064A
2 4 983 06AB
2 4 984 070C
2 4 985 076D
2 4 986 07CE
2 4 987 082F
2 4 988 0890
2 4 989 08F1
2 4 990 0952
2 4 991 09B3
2 4 992 0A14
2 4 993 0A75
2 4 994 0AD6
2 4 995 0B37
2 4 996 0B98
2 4 997 0BF9
2 4 998 0C5A
2 4 999 0CBB
2 4 1000 0D1C
2 4 1001 0D7D
2 4 1002 0DDE
2 4 1003 0E3F
2 4 1004 0EA0
2 4 1005 0F01
2 4 1006 0F62
2 4 1007 0FC3
2 4 1008 1024
2 4 1009 1085
2 4 1010 10E6
2 4 1011 1147
2 4 1012 11A8
2 4 1013 1209
2 4 1014 126A
2 4 1015 12CB
2 4 1016 132C
2 4 1017 138D
2 4 1018 13EE
2 4 1019 144F
2 4 1020 14B0
2 4 1021 1511
2 4 1022 1572
2 4 1023 15D3
2 4 1024 1634
2 4 1025 1695
2 4 1026 16F6
2 4 1027 1757
2 4 1028 17B8
2 4 1029 1819
2 4 1030 187A
2 4 1031 18DB
2 4 1032 193C
2 4 1033 199D
2 4 1034 19FE
2 4 1035 1A5F
2 4 1036 1AC0
2 4 1037 1B21
2 4 1038 1B82
2 4 1039 1BE3
2 4 1040 1C44
2 4 1041 1CA5
2 4 1042 1D06
2 4 1043 1D67
2 4 1044 1DC8
2 4 1045 1E29
2 4 1046 1E8A
2 4 1047 1EEB
2 4 1048 1F4C
2 4 1049 1FAD
2 4 1050 200E
2 4 1051 206F
2 4 1052 20D0
2 4 1053 2131
2 4 1054 2192
2 4 1055 21F3
2 4 1056 2254
2 4 1057 22B5
2 4 1058 2316
2 4 1059 2377
2 4 1060 23D8
2 4 1061 2439
2 4 1062 249A
2 4 1063 24FB
2 4 1064 255C
2 4 1065 25BD
2 4 1066 261E
2 4 1067 267F
2 4 1068 26E0
2 4 1069 2741
2 4 1070 27A2
2 4 1071 2803
2 4 1072 2864
2 4 1073 28C5
2 4 1074 2926
2 4 1075 2987
2 4 1076 29E8
2 4 1077 2A49
2 4 1078 2AAA
2 4 1079 2B0B
2 4 1080 2B6C
2 4 1081 2BCD
2 4 1082 2C2E
2 4 1083 2C8F
2 4 1084 2CF0
2 4 1085 2D51
2 4 1086 2DB2
2 4 1087 2E13
2 4 1088 2E74
2 4 1089 2ED5
2 4 1090 2F36
2 4 1091 2F97
2 4 1092 2FF8
2 4 1093 3059
2 4 1094 30BA
2 4 1095 311B
2 4 1096 317C
2 4 1097 31DD
2 4 1098 323E
2 4 1099 329F
2 4 1100 3300
2 4 1101 3361
2 4 1102 33C2
2 4 1103 3423
2 4 1104 3484
2 4 1105 34E5
2 4 1106 3546
2 4 1107 35A7
2 4 1108 3608
2 4 1109 3669
2 4 1110 36CA
2 4 1111 372B
2 4 1112 378C
2 4 1113 37ED
2 4 1114 384E
2 4 1115 38AF
2 4 1116 3910
2 4 1117 3971
2 4 1118 39D2
2 4 1119 3A33
2 4 1120 3A94
2 4 1121 3AF5
2 4 1122 3B56
2 4 1123 3BB7
2 4 1124 3C18
2 4 1125 3C79
2 4 1126 3CDA
2 4 1127 3D3B
2 4 1128 3D9C
2 4 1129 3DFD
2 4 1130 3E5E
2 4 1131 3EBF
2 4 1132 3F20
2 4 1133 3F81
2 4 1134 3FE2
2 4 1135 4043
2 4 1136 40A4
2 4 1137 4105
2 4 1138 4166
2 4 1139 41C7
2 4 1140 4228
2 4 1141 4289
2 4 1142 42EA
2 4 1143 434B
2 4 1144 43AC
2 4 1145 440D
2 4 1146 446E
2 4 1147 44CF
2 4 1148 4530
2 4 1149 4591
2 4 1150 45F2
2 4 1151 4653
2 4 1152 46B4
2 4 1153 4715
2 4 1154 4776
2 4 1155 47D7
2 4 1156 4838
2 4 1157 4899
2 4 1158 48FA
2 4 1159 495B
2 4 1160 49BC
2 4 1161 4A1D
2 4 1162 4A7E
2 4 1163 4ADF
2 4 1164 4B40
2 4 1165 4BA1
2 4 1166 4C02
2 4 1167 4C63
2 4 1168 4CC4
2 4 1169 4D25
2 4 1170 4D86
2 4 1171 4DE7
2 4 1172 4E48
2 4 1173 4EA9
2 4 1174 4F0A
2 4 1175 4F6B
2 4 1176 4FCC
2 4 1177 502D
2 4 1178 508E
2 4 1179 50EF
2 4 1180 5150
2 4 1181 51B1
2 4 1182 5212
2 4 1183 5273
2 4 1184 52D4
2 4 1185 5335
2 4 1186 5396
2 4 1187 53F7
2 4 1188 5458
2 4 1189 54B9
2 4 1190 551A
2 4 1191 557B
2 4 1192 55DC
2 4 1193 563D
2 4 1194 569E
2 4 1195 56FF
2 4 1196 5760
2 4 1197 57C1
2 4 1198 5822
2 4 1199 5883
2 4 1200 58E4
2 4 1201 5945
2 4 1202 59A6
2 4 1203 5A07
2 4 1204 5A68
2 4 1205 5AC9
2 4 1206 5B2A
2 4 1207 5B8B
2 4 1208 5BEC
2 4 1209 5C4D
2 4 1210 5CAE
2 4 1211 5D0F
2 4 1212 5D70
2 4 1213 5DD1
2 4 1214 5E32
2 4 1215 5E93
2 4 1216 5EF4
2 4 1217 5F55
2 4 1218 5FB6
2 4 1219 6017
2 4 1220 6078
2 4 1221 60D9
2 4 1222 613A
2 4 1223 619B
2 4 1224 61FC
2 4 1225 625D
2 4 1226 62BE
2 4 1227 631F
2 4 1228 6380
2 4 1229 63E1
2 4 1230 6442
2 4 1231 64A3
2 4 1232 6504
2 4 1233 6565
2 4 1234 65C6
2 4 1235 6627
2 4 1236 6688
2 4 1237 66E9
2 4 1238 674A
2 4 1239 67AB
2 4 1240 680C
2 4 1241 686D
2 4 1242 68CE
2 4 1243 692F
2 4 1244 6990
2 4 1245 69F1
2 4 1246 6A52
2 4 1247 6AB3
2 4 1248 6B14
2 4 1249 6B75
2 4 1250 6BD6
2 4 1251 6C37
2 4 1252 6C98
2 4 1253 6CF9
2 4 1254 6D5A
2 4 1255 6DBB
2 4 1256 6E1C
2 4 1257 6E7D
2 4 1258 6EDE
2 4 1259 6F3F
2 4 1260 6FA0
2 4 1261 7001
2 4 1262 7062
2 4 1263 70C3
2 4 1264 7124
2 4 1265 7185
2 4 1266 71E6
2 4 1267 7247
2 4 1268 72A8
2 4 1269 7309
2 4 1270 736A
2 4 1271 73CB
2 4 1272 742C
2 4 1273 748D
2 4 1274 74EE
2 4 1275 754F
2 4 1276 75B0
2 4 1277 7611
2 4 1278 7672
2 4 1279 76D3
2 4 1280 7734
2 4 1281 7795
2 4 1282 77F6
2 4 1283 7857
2 4 1284 78B8
2 4 1285 7919
2 4 1286 797A
2 4 1287 79DB
2 4 1288 7A3C
2 4 1289 7A9D
2 4 1290 7AFE
2 4 1291 7B5F
2 4 1292 7BC0
2 4 1293 7C21
2 4 1294 7C82
2 4 1295 7CE3
2 4 1296 7D44
2 4 1297 7DA5
2 4 1298 7E06
2 4 1299 7E67
2 4 1300 7EC8
2 4 1301 7F29
2 4 1302 7F8A
2 4 1303 7FEB
2 4 1304 804C
2 4 1305 80AD
2 4 1306 810E
2 4 1307 816F
2 4 1308 81D0
2 4 1309 8231
2 4 1310 8292
2 4 1311 82F3
2 4 1312 8354
2 4 1313 83B5
2 4 1314 8416
2 4 1315 8477
2 4 1316 84D8
2 4 1317 8539
2 4 1318 859A
2 4 1319 85FB
2 4 1320 865C
2 4 1321 86BD
2 4 1322 871E
2 4 1323 877F
2 4 1324 87E0
2 4 1325 8841
2 4 1326 88A2
2 4 1327 8903
2 4 1328 8964
2 4 1329 89C5
2 4 1330 8A26
2 4 1331 8A87
2 4 1332 8AE8
2 4 1333 8B49
2 4 1334 8BAA
2 4 1335 8C0B
2 4 1336 8C6C
2 4 1337 8CCD
2 4 1338 8D2E
2 4 1339 8D8F
2 4 1340 8DF0
2 4 1341 8E51
2 4 1342 8EB2
2 4 1343 8F13
2 4 1344 8F74
2 4 1345 8FD5
2 4 1346 9036
2 4 1347 9097
2 4 1348 90F8
2 4 1349 9159
2 4 1350 91BA
2 4 1351 921B
2 4 1352 927C
2 4 1353 92DD
2 4 1354 933E
2 4 1355 939F
2 4 1356 9400
2 4 1357 9461
2 4 1358 94C2
2 4 1359 9523
2 4 1360 9584
2 4 1361 95E5
2 4 1362 9646
2 4 1363 96A7
2 4 1364 9708
2 4 1365 9769
2 4 1366 97CA
2 4 1367 982B
2 4 1368 988C
2 4 1369 98ED
2 4 1370 994E
2 4 1371 99AF
2 4 1372 9A10
2 4 1373 9A71
2 4 1374 9AD2
2 4 1375 9B33
2 4 1376 9B94
2 4 1377 9BF5
2 4 1378 9C56
2 4 1379 9CB7
2 4 1380 9D18
2 4 1381 9D79
2 4 1382 9DDA
2 4 1383 9E3B
2 4 1384 9E9C
2 4 1385 9EFD
2 4 1386 9F5E
2 4 1387 9FBF
2 4 1388 A020
2 4 1389 A081
2 4 1390 A0E2
2 4 1391 A143
2 4 1392 A1A4
2 4 1393 A205
2 4 1394 A266
2 4 1395 A2C7
2 4 1396 A328
2 4 1397 A389
2 4 1398 A3EA
2 4 1399 A44B
2 4 1400 A4AC
2 4 1401 A50D
2 4 1402 A56E
2 4 1403 A5CF
2 4 1404 A630
2 4 1405 A691
2 4 1406 A6F2
2 4 1407 A753
2 4 1408 A7B4
2 4 1409 A815
2 4 1410 A876
2 4 1411 A8D7
2 4 1412 A938
2 4 1413 A999
2 4 1414 A9FA
2 4 1415 AA5B
2 4 1416 AABC
2 4 1417 AB1D
2 4 1418 AB7E
2 4 1419 ABDF
2 4 1420 AC40
2 4 1421 ACA1
2 4 1422 AD02
2 4 1423 AD63
2 4 1424 ADC4
2 4 1425 AE25
2 4 1426 AE86
2 4 1427 AEE7
2 4 1428 AF48
2 4 1429 AFA9
2 4 1430 B00A
2 4 1431 B06B
2 4 1432 B0CC
2 4 1433 B12D
2 4 1434 B18E
2 4 1435 B1EF
2 4 1436 B250
2 4 1437 B2B1
2 4 1438 B312
2 4 1439 B373
2 4 1440 B3D4
2 4 1441 B435
2 4 1442 B496
2 4 1443 B4F7
2 4 1444 B558
2 4 1445 B5B9
2 4 1446 B61A
2 4 1447 B67B
2 4 1448 B6DC
2 4 1449 B73D
2 4 1450 B79E
2 4 1451 B7FF
2 4 1452 B860
2 4 1453 B8C1
2 4 1454 B922
2 4 1455 B983
2 4 1456 B9E4
2 4 1457 BA45
2 4 1458 BAA6
2 4 1459 BB07
2 4 1460 BB68
2 4 1461 BBC9
2 4 1462 BC2A
2 4 1463 BC8B
2 4 1464 BCEC
2 4 1465 BD4D
2 4 1466 BDAE
2 4 1467 BE0F
2 4 1468 BE70
2 4 1469 BED1
2 4 1470 BF32
2 4 1471 BF93
2 4 1472 BFF4
2 4 1473 C055
2 4 1474 C0B6
2 4 1475 C117
2 4 1476 C178
2 4 1477 C1D9
2 4 1478 C23A
2 4 1479 C29B
2 4 1480 C2FC
2 4 1481 C35D
2 4 1482 C3BE
2 4 1483 C41F
2 4 1484 C480
2 4 1485 C4E1
2 4 1486 C542
2 4 1487 C5A3
2 4 1488 C604
2 4 1489 C665
2 4 1490 C6C6
2 4 1491 C727
2 4 1492 C788
2 4 1493 C7E9
2 4 1494 C84A
2 4 1495 C8AB
2 4 1496 C90C
2 4 1497 C96D
2 4 1498 C9CE
2 4 1499 CA2F
2 4 1500 CA90
2 4 1501 CAF1
2 4 1502 CB52
2 4 1503 CBB3
2 4 1504 CC14
2 4 1505 CC75
2 4 1506 CCD6
2 4 1507 CD37
2 4 1508 CD98
2 4 1509 CDF9
2 4 1510 CE5A
2 4 1511 CEBB
2 4 1512 CF1C
2 4 1513 CF7D
2 4 1514 CFDE
2 4 1515 D03F
2 4 1516 D0A0
2 4 1517 D101
2 4 1518 D162
2 4 1519 D1C3
2 4 1520 D224
2 4 1521 D285
2 4 1522 D2E6
2 4 1523 D347
2 4 1524 D3A8
2 4 1525 D409
2 4 1526 D46A
2 4 1527 D4CB
2 4 1528 D52C
2 4 1529 D58D
2 4 1530 D5EE
2 4 1531 D64F
2 4 1532 D6B0
2 4 1533 D711
2 4 1534 D772
2 4 1535 D7D3
2 4 1536 D834
2 4 1537 D895
2 4 1538 D8F6
2 4 1539 D957
2 4 1540 D9B8
2 4 1541 DA19
2 4 1542 DA7A
2 4 1543 DADB
2 4 1544 DB3C
2 4 1545 DB9D
2 4 1546 DBFE
2 4 1547 DC5F
2 4 1548 DCC0
2 4 1549 DD21
2 4 1550 DD82
2 4 1551 DDE3
2 4 1552 DE44
2 4 1553 DEA5
2 4 1554 DF06
2 4 1555 DF67
2 4 1556 DFC8
2 4 1557 E029
2 4 1558 E08A
2 4 1559 E0EB
2 4 1560 E14C
2 4 1561 E1AD
2 4 1562 E20E
2 4 1563 E26F
2 4 1564 E2D0
2 4 1565 E331
2 4 1566 E392
2 4 1567 E3F3
2 4 1568 E454
2 4 1569 E4B5
2 4 1570 E516
2 4 1571 E577
2 4 1572 E5D8
2 4 1573 E639
2 4 1574 E69A
2 4 1575 E6FB
2 4 1576 E75C
2 4 1577 E7BD
2 4 1578 E81E
2 4 1579 E87F
2 4 1580 E8E0
2 4 1581 E941
2 4 1582 E9A2
2 4 1583 EA03
2 4 1584 EA64
2 4 1585 EAC5
2 4 1586 EB26
2 4 1587 EB87
2 4 1588 EBE8
2 4 1589 EC49
2 4 1590 ECAA
2 4 1591 ED0B
2 4 1592 ED6C
2 4 1593 EDCD
2 4 1594 EE2E
2 4 1595 EE8F
2 4 1596 EEF0
2 4 1597 EF51
2 4 1598 EFB2
2 4 1599 F013
2 4 1600 F074
2 4 1601 F0D5
2 4 1602 F136
2 4 1603 F197
2 4 1604 F1F8
2 4 1605 F259
2 4 1606 F2BA
2 4 1607 F31B
2 4 1608 F37C
2 4 1609 F3DD
2 4 1610 F43E
2 4 1611 F49F
2 4 1612 F500
2 4 1613 F561
2 4 1614 F5C2
2 4 1615 F623
2 4 1616 F684
2 4 1617 F6E5
2 4 1618 F746
2 4 1619 F7A7
2 4 1620 F808
2 4 1621 F869
2 4 1622 F8CA
2 4 1623 F92B
2 4 1624 F98C
2 4 1625 F9ED
2 4 1626 FA4E
2 4 1627 FAAF
2 4 1628 FB10
2 4 1629 FB71
2 4 1630 FBD2
2 4 1631 FC33
2 4 1632 FC94
2 4 1633 FCF5
2 4 1634 FD56
2 4 1635 FDB7
2 4 1636 FE18
2 4 1637 FE79
2 4 1638 FEDA
2 4 1639 FF3B
2 4 1640 FF9C
2 4 1641 FFFD
2 4 1642 005E
2 4 1643 00BF
2 4 1644 0120
2 4 1645 0181
2 4 1646 01E2
2 4 1647 0243
2 4 1648 02A4
2 4 1649 0305
2 4 1650 0366
2 4 1651 03C7
2 4 1652 0428
2 4 1653 0489
2 4 1654 04EA
2 4 1655 054B
2 4 1656 05AC
2 4 1657 060D
2 4 1658 066E
2 4 1659 06CF
2 4 1660 0730
2 4 1661 0791
2 4 1662 07F2
2 4 1663 0853
2 4 1664 08B4
2 4 1665 0915
2 4 1666 0976
2 4 1667 09D7
2 4 1668 0A38
2 4 1669 0A99
2 4 1670 0AFA
2 4 1671 0B5B
2 4 1672 0BBC
2 4 1673 0C1D
2 4 1674 0C7E
2 4 1675 0CDF
2 4 1676 0D40
2 4 1677 0DA1
2 4 1678 0E02
2 4 1679 0E63
2 4 1680 0EC4
2 4 1681 0F25
2 4 1682 0F86
2 4 1683 0FE7
2 4 1684 1048
2 4 1685 10A9
2 4 1686 110A
2 4 1687 116B
2 4 1688 11CC
2 4 1689 122D
2 4 1690 128E
2 4 1691 12EF
2 4 1692 1350
2 4 1693 13B1
2 4 1694 1412
2 4 1695 1473
2 4 1696 14D4
2 4 1697 1535
2 4 1698 1596
2 4 1699 15F7
2 4 1700 1658
2 4 1701 16B9
2 4 1702 171A
2 4 1703 177B
2 4 1704 17DC
2 4 1705 183D
2 4 1706 189E
2 4 1707 18FF
2 4 1708 1960
2 4 1709 19C1
2 4 1710 1A22
2 4 1711 1A83
2 4 1712 1AE4
2 4 1713 1B45
2 4 1714 1BA6
2 4 1715 1C07
2 4 1716 1C68
2 4 1717 1CC9
2 4 1718 1D2A
2 4 1719 1D8B
2 4 1720 1DEC
2 4 1721 1E4D
2 4 1722 1EAE
2 4 1723 1F0F
2 4 1724 1F70
2 4 1725 1FD1
2 4 1726 2032
2 4 1727 2093
2 4 1728 20F4
2 4 1729 2155
2 4 1730 21B6
2 4 1731 2217
2 4 1732 2278
2 4 1733 22D9
2 4 1734 233A
2 4 1735 239B
2 4 1736 23FC
2 4 1737 245D
2 4 1738 24BE
2 4 1739 251F
2 4 1740 2580
2 4 1741 25E1
2 4 1742 2642
2 4 1743 26A3
2 4 1744 2704
2 4 1745 2765
2 4 1746 27C6
2 4 1747 2827
2 4 1748 2888
2 4 1749 28E9
2 4 1750 294A
2 4 1751 29AB
2 4 1752 2A0C
2 4 1753 2A6D
2 4 1754 2ACE
2 4 1755 2B2F
2 4 1756 2B90
2 4 1757 2BF1
2 4 1758 2C52
2 4 1759 2CB3
2 4 1760 2D14
2 4 1761 2D75
2 4 1762 2DD6
2 4 1763 2E37
2 4 1764 2E98
2 4 1765 2EF9
2 4 1766 2F5A
2 4 1767 2FBB
2 4 1768 301C
2 4 1769 307D
2 4 1770 30DE
2 4 1771 313F
2 4 1772 31A0
2 4 1773 3201
2 4 1774 3262
2 4 1775 32C3
2 4 1776 3324
2 4 1777 3385
2 4 1778 33E6
2 4 1779 3447
2 4 1780 34A8
2 4 1781 3509
2 4 1782 356A
2 4 1783 35CB
2 4 1784 362C
2 4 1785 368D
2 4 1786 36EE
2 4 1787 374F
2 4 1788 37B0
2 4 1789 3811
2 4 1790 3872
2 4 1791 38D3
2 4 1792 3934
2 4 1793 3995
2 4 1794 39F6
2 4 1795 3A57
2 4 1796 3AB8
2 4 1797 3B19
2 4 1798 3B7A
2 4 1799 3BDB
2 4 1800 3C3C
2 4 1801 3C9D
2 4 1802 3CFE
2 4 1803 3D5F
2 4 1804 3DC0
2 4 1805 3E21
2 4 1806 3E82
2 4 1807 3EE3
2 4 1808 3F44
2 4 1809 3FA5
2 4 1810 4006
2 4 1811 4067
2 4 1812 40C8
2 4 1813 4129
2 4 1814 418A
2 4 1815 41EB
2 4 1816 424C
2 4 1817 42AD
2 4 1818 430E
2 4 1819 436F
2 4 1820 43D0
2 4 1821 4431
2 4 1822 4492
2 4 1823 44F3
2 4 1824 4554
2 4 1825 45B5
2 4 1826 4616
2 4 1827 4677
2 4 1828 46D8
2 4 1829 4739
2 4 1830 479A
2 4 1831 47FB
2 4 1832 485C
2 4 1833 48BD
2 4 1834 491E
2 4 1835 497F
2 4 1836 49E0
2 4 1837 4A41
2 4 1838 4AA2
2 4 1839 4B03
2 4 1840 4B64
2 4 1841 4BC5
2 4 1842 4C26
2 4 1843 4C87
2 4 1844 4CE8
2 4 1845 4D49
2 4 1846 4DAA
2 4 1847 4E0B
2 4 1848 4E6C
2 4 1849 4ECD
2 4 1850 4F2E
2 4 1851 4F8F
2 4 1852 4FF0
2 4 1853 5051
2 4 1854 50B2
2 4 1855 5113
2 4 1856 5174
2 4 1857 51D5
2 4 1858 5236
2 4 1859 5297
2 4 1860 52F8
2 4 1861 5359
2 4 1862 53BA
2 4 1863 541B
2 4 1864 547C
2 4 1865 54DD
2 4 1866 553E
2 4 1867 559F
2 4 1868 5600
2 4 1869 5661
2 4 1870 56C2
2 4 1871 5723
2 4 1872 5784
2 4 1873 57E5
2 4 1874 5846
2 4 1875 58A7
2 4 1876 5908
2 4 1877 5969
2 4 1878 59CA
2 4 1879 5A2B
2 4 1880 5A8C
2 4 1881 5AED
2 4 1882 5B4E
2 4 1883 5BAF
2 4 1884 5C10
2 4 1885 5C71
2 4 1886 5CD2
2 4 1887 5D33
2 4 1888 5D94
2 4 1889 5DF5
2 4 1890 5E56
2 4 1891 5EB7
2 4 1892 5F18
2 4 1893 5F79
2 4 1894 5FDA
2 4 1895 603B
2 4 1896 609C
2 4 1897 60FD
2 4 1898 615E
2 4 1899 61BF
2 4 1900 6220
2 4 1901 6281
2 4 1902 62E2
2 4 1903 6343
2 4 1904 63A4
2 4 1905 6405
2 4 1906 6466
2 4 1907 64C7
2 4 1908 6528
2 4 1909 6589
2 4 1910 65EA
2 4 1911 664B
2 4 1912 66AC
2 4 1913 670D
2 4 1914 676E
2 4 1915 67CF
2 4 1916 6830
2 4 1917 6891
2 4 1918 68F2
2 4 1919 6953
2 4 1920 69B4
2 4 1921 6A15
2 4 1922 6A76
2 4 1923 6AD7
2 4 1924 6B38
2 4 1925 6B99
2 4 1926 6BFA
2 4 1927 6C5B
2 4 1928 6CBC
2 4 1929 6D1D
2 4 1930 6D7E
2 4 1931 6DDF
2 4 1932 6E40
2 4 1933 6EA1
2 4 1934 6F02
2 4 1935 6F63
2 4 1936 6FC4
2 4 1937 7025
2 4 1938 7086
2 4 1939 70E7
2 4 1940 7148
2 4 1941 71A9
2 4 1942 720A
2 4 1943 726B
2 4 1944 72CC
2 4 1945 732D
2 4 1946 738E
2 4 1947 73EF
2 4 1948 7450
2 4 1949 74B1
2 4 1950 7512
2 4 1951 7573
2 4 1952 75D4
2 4 1953 7635
2 4 1954 7696
2 4 1955 76F7
2 4 1956 7758
2 4 1957 77B9
2 4 1958 781A
2 4 1959 787B
2 4 1960 78DC
2 4 1961 793D
2 4 1962 799E
2 4 1963 79FF
2 4 1964 7A60
2 4 1965 7AC1
2 4 1966 7B22
2 4 1967 7B83
2 4 1968 7BE4
2 4 1969 7C45
2 4 1970 7CA6
2 4 1971 7D07
2 4 1972 7D68
2 4 1973 7DC9
2 4 1974 7E2A
2 4 1975 7E8B
2 4 1976 7EEC
2 4 1977 7F4D
2 4 1978 7FAE
2 4 1979 800F
2 4 1980 8070
2 4 1981 80D1
2 4 1982 8132
2 4 1983 8193
2 4 1984 81F4
2 4 1985 8255
2 4 1986 82B6
2 4 1987 8317
2 4 1988 8378
2 4 1989 83D9
2 4 1990 843A
2 4 1991 849B
2 4 1992 84FC
2 4 1993 855D
2 4 1994 85BE
2 4 1995 861F
2 4 1996 8680
2 4 1997 86E1
2 4 1998 8742
2 4 1999 87A3
2 4 2000 8804
2 4 2001 8865
2 4 2002 88C6
2 4 2003 8927
2 4 2004 8988
2 4 2005 89E9
2 4 2006 8A4A
2 4 2007 8AAB
2 4 2008 8B0C
2 4 2009 8B6D
2 4 2010 8BCE
2 4 2011 8C2F
2 4 2012 8C90
2 4 2013 8CF1
2 4 2014 8D52
2 4 2015 8DB3
2 4 2016 8E14
2 4 2017 8E75
2 4 2018 8ED6
2 4 2019 8F37
2 4 2020 8F98
2 4 2021 8FF9
2 4 2022 905A
2 4 2023 90BB
2 4 2024 911C
2 4 2025 917D
2 4 2026 91DE
2 4 2027 923F
2 4 2028 92A0
2 4 2029 9301
2 4 2030 9362
2 4 2031 93C3
2 4 2032 9424
2 4 2033 9485
2 4 2034 94E6
2 4 2035 9547
2 4 2036 95A8
2 4 2037 9609
2 4 2038 966A
2 4 2039 96CB
2 4 2040 972C
2 4 2041 978D
2 4 2042 97EE
2 4 2043 984F
2 4 2044 98B0
2 4 2045 9911
2 4 2046 9972
2 4 2047 99D3
2 5 0 8000
2 5 1 7FFF
2 5 2 172F
2 5 3 3DB2
2 5 4 4D1D
2 5 5 BB63
2 5 6 EAA2
2 5 7 5228
2 5 8 8CE7
2 5 9 7868
2 5 10 5BF3
2 5 11 8EFA
2 5 12 F35A
2 5 13 FED8
2 5 14 4A00
2 5 15 A8DE
2 5 16 8AC1
2 5 17 9ECB
2 5 18 5AF1
2 5 19 AEDA
2 5 20 F916
2 5 21 D7A8
2 5 22 3D4E
2 5 23 504C
2 5 24 A635
2 5 25 00C6
2 5 26 9052
2 5 27 212D
2 5 28 4B4D
2 5 29 CA4E
2 5 30 477F
2 5 31 A093
2 5 32 DF98
2 5 33 FA65
2 5 34 9D73
2 5 35 0576
2 5 36 164D
2 5 37 0A89
2 5 38 E9FB
2 5 39 15B5
2 5 40 E1D4
2 5 41 8939
2 5 42 EF67
2 5 43 8B58
2 5 44 B039
2 5 45 63D9
2 5 46 731D
2 5 47 CC19
2 5 48 54E4
2 5 49 7CD6
2 5 50 3572
2 5 51 F71F
2 5 52 D387
2 5 53 3206
2 5 54 9CB6
2 5 55 8D0A
2 5 56 8059
2 5 57 B753
2 5 58 A78F
2 5 59 3636
2 5 60 2982
2 5 61 699A
2 5 62 FA88
2 5 63 6B39
2 5 64 3DD8
2 5 65 7DCE
2 5 66 1CEA
2 5 67 03AE
2 5 68 24C9
2 5 69 B062
2 5 70 38CC
2 5 71 EF37
2 5 72 3B99
2 5 73 D8E6
2 5 74 F267
2 5 75 9CBD
2 5 76 2BCE
2 5 77 85F0
2 5 78 2AAD
2 5 79 D3FB
2 5 80 8EE9
2 5 81 053F
2 5 82 C11A
2 5 83 053C
2 5 84 1358
2 5 85 7C1C
2 5 86 A8CA
2 5 87 5362
2 5 88 96A9
2 5 89 F401
2 5 90 E4CC
2 5 91 DC29
2 5 92 E901
2 5 93 7F7E
2 5 94 3FB7
2 5 95 02AA
2 5 96 2DCD
2 5 97 DB59
2 5 98 D27D
2 5 99 C023
2 5 100 0DB8
2 5 101 2FF6
2 5 102 AE7D
2 5 103 3EF6
2 5 104 2DDE
2 5 105 D6F7
2 5 106 3EDC
2 5 107 43F1
2 5 108 A040
2 5 109 4924
2 5 110 3516
2 5 111 29CE
2 5 112 4179
2 5 113 988E
2 5 114 14D0
2 5 115 72FB
2 5 116 37AF
2 5 117 1AF0
2 5 118 B2F1
2 5 119 359C
2 5 120 06CD
2 5 121 2857
2 5 122 3BF3
2 5 123 E5CE
2 5 124 EDF1
2 5 125 1204
2 5 126 9574
2 5 127 422F
2 5 128 8221
2 5 129 B58F
2 5 130 2F11
2 5 131 669C
2 5 132 BA43
2 5 133 504D
2 5 134 9675
2 5 135 493B
2 5 136 E04C
2 5 137 76F4
2 5 138 62AE
2 5 139 25BB
2 5 140 1BB8
2 5 141 557D
2 5 142 4AC0
2 5 143 9AD7
2 5 144 893B
2 5 145 9B4B
2 5 146 7B7D
2 5 147 7E21
2 5 148 13B7
2 5 149 B78C
2 5 150 8095
2 5 151 A9FE
2 5 152 826E
2 5 153 49DD
2 5 154 54EA
2 5 155 49EE
2 5 156 707A
2 5 157 EB32
2 5 158 6E27
2 5 159 6910
2 5 160 217B
2 5 161 B2F6
2 5 162 D791
2 5 163 C6E3
2 5 164 6790
2 5 165 1C6F
2 5 166 B01E
2 5 167 364E
2 5 168 0E8A
2 5 169 3065
2 5 170 9FC4
2 5 171 0AE3
2 5 172 805C
2 5 173 1704
2 5 174 1815
2 5 175 5861
2 5 176 96D7
2 5 177 75FF
2 5 178 740A
2 5 179 0879
2 5 180 CE95
2 5 181 3EF7
2 5 182 4B1C
2 5 183 0AD3
2 5 184 4F33
2 5 185 D21B
2 5 186 8B9A
2 5 187 2351
2 5 188 7CC4
2 5 189 9912
2 5 190 3037
2 5 191 1A94
2 5 192 0683
2 5 193 7E17
2 5 194 A4E4
2 5 195 54BD
2 5 196 A6C9
2 5 197 E364
2 5 198 2EDE
2 5 199 1276
2 5 200 0840
2 5 201 FED2
2 5 202 EC08
2 5 203 E032
2 5 204 8457
2 5 205 BDBF
2 5 206 3D7B
2 5 207 F7B2
2 5 208 AEF6
2 5 209 9530
2 5 210 B15C
2 5 211 97C9
2 5 212 E373
2 5 213 E238
2 5 214 BFEF
2 5 215 9661
2 5 216 46C5
2 5 217 BE9A
2 5 218 EFEB
2 5 219 B0BE
2 5 220 F2F8
2 5 221 6DAB
2 5 222 360E
2 5 223 5E03
2 5 224 3FE2
2 5 225 C57B
2 5 226 A3F1
2 5 227 27F4
2 5 228 5D16
2 5 229 3834
2 5 230 BA1E
2 5 231 CDFC
2 5 232 B117
2 5 233 61C3
2 5 234 F160
2 5 235 B670
2 5 236 B1CE
2 5 237 3DB7
2 5 238 4F5B
2 5 239 7212
2 5 240 2A3E
2 5 241 6968
2 5 242 1A5E
2 5 243 55D9
2 5 244 2178
2 5 245 1659
2 5 246 0076
2 5 247 6EF1
2 5 248 D6CA
2 5 249 90E0
2 5 250 45C5
2 5 251 54FE
2 5 252 873D
2 5 253 7F05
2 5 254 CE12
2 5 255 9EA7
2 5 256 F03F
2 5 257 3BA8
2 5 258 15A1
2 5 259 FC50
2 5 260 C39D
2 5 261 F1E8
2 5 262 6D46
2 5 263 3D28
2 5 264 80B5
2 5 265 5CC1
2 5 266 0DB5
2 5 267 C264
2 5 268 66EB
2 5 269 4EF4
2 5 270 D61E
2 5 271 24CA
2 5 272 755A
2 5 273 672D
2 5 274 C9F7
2 5 275 1072
2 5 276 ABCC
2 5 277 9461
2 5 278 A219
2 5 279 9ACA
2 5 280 00ED
2 5 281 4E76
2 5 282 050F
2 5 283 96D9
2 5 284 C1BC
2 5 285 A727
2 5 286 3AAC
2 5 287 ABC6
2 5 288 4E43
2 5 289 9728
2 5 290 6EDC
2 5 291 3198
2 5 292 6788
2 5 293 2B86
2 5 294 D7BD
2 5 295 1840
2 5 296 82C5
2 5 297 7752
2 5 298 52EF
2 5 299 5CD6
2 5 300 D5D5
2 5 301 6D7F
2 5 302 4E29
2 5 303 D122
2 5 304 10EF
2 5 305 0709
2 5 306 0F0E
2 5 307 395C
2 5 308 F998
2 5 309 5958
2 5 310 AE40
2 5 311 0435
2 5 312 5AD3
2 5 313 80E5
2 5 314 59B3
2 5 315 2116
2 5 316 FE9B
2 5 317 841B
2 5 318 B243
2 5 319 B8A8
2 5 320 A494
2 5 321 9281
2 5 322 588A
2 5 323 CB95
2 5 324 29FF
2 5 325 4417
2 5 326 FCED
2 5 327 FB8F
2 5 328 56EC
2 5 329 BCFF
2 5 330 86F6
2 5 331 0290
2 5 332 04B4
2 5 333 D95E
2 5 334 27E7
2 5 335 9C61
2 5 336 91A7
2 5 337 C582
2 5 338 6C8C
2 5 339 E65E
2 5 340 D603
2 5 341 A646
2 5 342 A252
2 5 343 7979
2 5 344 0E26
2 5 345 35B3
2 5 346 2397
2 5 347 C27D
2 5 348 6E04
2 5 349 77E8
2 5 350 5F41
2 5 351 5C96
2 5 352 51DC
2 5 353 EC3D
2 5 354 AF92
2 5 355 720F
2 5 356 4028
2 5 357 DEA4
2 5 358 543C
2 5 359 675B
2 5 360 30D4
2 5 361 BD51
2 5 362 23B2
2 5 363 5458
2 5 364 CDB1
2 5 365 969B
2 5 366 C7BE
2 5 367 0FD0
2 5 368 A029
2 5 369 2322
2 5 370 9959
2 5 371 D141
2 5 372 6035
2 5 373 0033
2 5 374 6FB8
2 5 375 ACDF
2 5 376 D88D
2 5 377 FE69
2 5 378 F6A4
2 5 379 6DD7
2 5 380 141F
2 5 381 A896
2 5 382 600C
2 5 383 92D7
2 5 384 C8C3
2 5 385 66E3
2 5 386 84DE
2 5 387 70CD
2 5 388 332D
2 5 389 E234
2 5 390 C913
2 5 391 BFED
2 5 392 D824
2 5 393 8BCE
2 5 394 570A
2 5 395 16F6
2 5 396 DEF3
2 5 397 6D3C
2 5 398 8618
2 5 399 18B6
2 5 400 F91E
2 5 401 A470
2 5 402 805D
2 5 403 57CC
2 5 404 0B56
2 5 405 3027
2 5 406 7BDA
2 5 407 34AE
2 5 408 0BB0
2 5 409 F090
2 5 410 1AC1
2 5 411 39EC
2 5 412 C912
2 5 413 002E
2 5 414 C70E
2 5 415 BAB4
2 5 416 8FEF
2 5 417 C8FB
2 5 418 1D54
2 5 419 B797
2 5 420 E035
2 5 421 79CE
2 5 422 BADA
2 5 423 4D8C
2 5 424 A885
2 5 425 C000
2 5 426 02E7
2 5 427 3333
2 5 428 BAA2
2 5 429 E94B
2 5 430 AF5B
2 5 431 085C
2 5 432 6D2C
2 5 433 D1F4
2 5 434 4080
2 5 435 7BC8
2 5 436 9E8F
2 5 437 432A
2 5 438 A020
2 5 439 8B2F
2 5 440 8D37
2 5 441 A5AF
2 5 442 8BD8
2 5 443 6183
2 5 444 3907
2 5 445 2CB6
2 5 446 9AAD
2 5 447 8000
2 5 448 7FFF
2 5 449 DD0C
2 5 450 F1DD
2 5 451 DA37
2 5 452 7869
2 5 453 147C
2 5 454 FCF9
2 5 455 3C81
2 5 456 919D
2 5 457 756D
2 5 458 BD31
2 5 459 B5D6
2 5 460 B6E7
2 5 461 5ACF
2 5 462 83F0
2 5 463 9409
2 5 464 E0FE
2 5 465 3836
2 5 466 2CA9
2 5 467 E2FC
2 5 468 3507
2 5 469 8A44
2 5 470 29F1
2 5 471 0EAA
2 5 472 D6CB
2 5 473 3B4D
2 5 474 F9CF
2 5 475 4365
2 5 476 E426
2 5 477 A037
2 5 478 D551
2 5 479 5061
2 5 480 8DBB
2 5 481 71A0
2 5 482 AF61
2 5 483 1072
2 5 484 80F0
2 5 485 6545
2 5 486 D6D7
2 5 487 9D13
2 5 488 1716
2 5 489 4B9F
2 5 490 CFD0
2 5 491 CFA9
2 5 492 FDE9
2 5 493 D5CF
2 5 494 383E
2 5 495 D506
2 5 496 4D39
2 5 497 67BE
2 5 498 CBC1
2 5 499 D731
2 5 500 3DE7
2 5 501 9A7E
2 5 502 DAB7
2 5 503 0166
2 5 504 F614
2 5 505 52F4
2 5 506 C890
2 5 507 625A
2 5 508 1E95
2 5 509 90B9
2 5 510 6564
2 5 511 70C1
2 5 512 35AB
2 5 513 593E
2 5 514 36C8
2 5 515 3613
2 5 516 D2F2
2 5 517 6330
2 5 518 03DD
2 5 519 638B
2 5 520 5098
2 5 521 661D
2 5 522 38AB
2 5 523 D571
2 5 524 8DD0
2 5 525 3255
2 5 526 F4AF
2 5 527 489B
2 5 528 BE87
2 5 529 F514
2 5 530 D8B1
2 5 531 462F
2 5 532 7C56
2 5 533 4CDE
2 5 534 E7D8
2 5 535 89AB
2 5 536 8CB8
2 5 537 122B
2 5 538 1001
2 5 539 6529
2 5 540 107E
2 5 541 F845
2 5 542 2D4C
2 5 543 E7DC
2 5 544 1081
2 5 545 6A6E
2 5 546 9CF9
2 5 547 CADF
2 5 548 9B97
2 5 549 4947
2 5 550 B374
2 5 551 6830
2 5 552 E9C9
2 5 553 6C6F
2 5 554 A9AC
2 5 555 3FF8
2 5 556 38C4
2 5 557 0C68
2 5 558 D5A9
2 5 559 D00F
2 5 560 558F
2 5 561 78C0
2 5 562 425E
2 5 563 C1BD
2 5 564 077C
2 5 565 BE6D
2 5 566 FABD
2 5 567 B1C3
2 5 568 D061
2 5 569 227A
2 5 570 9C0A
2 5 571 169A
2 5 572 B608
2 5 573 94E1
2 5 574 0373
2 5 575 08FB
2 5 576 08E5
2 5 577 7FB8
2 5 578 2ADD
2 5 579 F2A1
2 5 580 5C08
2 5 581 9691
2 5 582 8902
2 5 583 674B
2 5 584 2254
2 5 585 8A1D
2 5 586 88B9
2 5 587 AC06
2 5 588 A4EE
2 5 589 C410
2 5 590 EB95
2 5 591 B0AA
2 5 592 46F9
2 5 593 8F4A
2 5 594 2BB3
2 5 595 7FA4
2 5 596 4A81
2 5 597 5034
2 5 598 30CE
2 5 599 67F3
2 5 600 8AB6
2 5 601 B168
2 5 602 EC95
2 5 603 6576
2 5 604 DF5C
2 5 605 E896
2 5 606 B23F
2 5 607 8B66
2 5 608 1D80
2 5 609 77A5
2 5 610 5D5C
2 5 611 751F
2 5 612 E96C
2 5 613 0E16
2 5 614 9BEF
2 5 615 0124
2 5 616 CDDE
2 5 617 6EAE
2 5 618 EFBB
2 5 619 DA63
2 5 620 4C75
2 5 621 7D55
2 5 622 3ADB
2 5 623 93B6
2 5 624 DB6E
2 5 625 D93A
2 5 626 EB97
2 5 627 59AB
2 5 628 048E
2 5 629 A739
2 5 630 1B73
2 5 631 7E86
2 5 632 1960
2 5 633 707F
2 5 634 3588
2 5 635 6485
2 5 636 30A1
2 5 637 396D
2 5 638 F819
2 5 639 8A64
2 5 640 60F8
2 5 641 34BB
2 5 642 E55E
2 5 643 BE21
2 5 644 6CEC
2 5 645 B6DE
2 5 646 77A5
2 5 647 BA02
2 5 648 5410
2 5 649 4DAC
2 5 650 AC9A
2 5 651 AFD5
2 5 652 7D82
2 5 653 203F
2 5 654 BBE3
2 5 655 8678
2 5 656 6F95
2 5 657 FB18
2 5 658 0CF1
2 5 659 CD9B
2 5 660 48CA
2 5 661 AC86
2 5 662 C013
2 5 663 ABC2
2 5 664 6E05
2 5 665 9547
2 5 666 5ECD
2 5 667 4A8E
2 5 668 21FF
2 5 669 916D
2 5 670 8768
2 5 671 853D
2 5 672 F9F7
2 5 673 9D83
2 5 674 A7CB
2 5 675 DD70
2 5 676 63AE
2 5 677 DBF1
2 5 678 1B8A
2 5 679 FA2E
2 5 680 B093
2 5 681 DE9F
2 5 682 413E
2 5 683 3527
2 5 684 5A3C
2 5 685 58D6
2 5 686 5B15
2 5 687 FA3B
2 5 688 7416
2 5 689 9D6D
2 5 690 4EAA
2 5 691 FD3B
2 5 692 7E5D
2 5 693 8D22
2 5 694 9817
2 5 695 89EF
2 5 696 0E50
2 5 697 D946
2 5 698 044A
2 5 699 725A
2 5 700 FF9E
2 5 701 BE9D
2 5 702 0696
2 5 703 5F3A
2 5 704 2325
2 5 705 9C86
2 5 706 BD8B
2 5 707 86D4
2 5 708 9EDC
2 5 709 0C58
2 5 710 FB07
2 5 711 0DEF
2 5 712 730F
2 5 713 5D0D
2 5 714 E38E
2 5 715 971F
2 5 716 D8CB
2 5 717 9723
2 5 718 F8D8
2 5 719 C445
2 5 720 6D99
2 5 721 6CBF
2 5 722 A3AA
2 5 723 AE54
2 5 724 6070
2 5 725 BA14
2 5 726 90E7
2 5 727 9756
2 5 728 13E6
2 5 729 7A05
2 5 730 75E8
2 5 731 5AB0
2 5 732 E9A7
2 5 733 5307
2 5 734 1009
2 5 735 5FA3
2 5 736 2B29
2 5 737 204A
2 5 738 7385
2 5 739 1214
2 5 740 439E
2 5 741 1B19
2 5 742 FD84
2 5 743 258E
2 5 744 BF2A
2 5 745 887F
2 5 746 7D73
2 5 747 2686
2 5 748 C357
2 5 749 0F2C
2 5 750 6995
2 5 751 1DDE
2 5 752 F4C7
2 5 753 1998
2 5 754 32D9
2 5 755 4AAD
2 5 756 FE2A
2 5 757 E866
2 5 758 0BEB
2 5 759 363F
2 5 760 2C71
2 5 761 390C
2 5 762 B78E
2 5 763 A659
2 5 764 D441
2 5 765 A4B2
2 5 766 322A
2 5 767 31BF
2 5 768 74AB
2 5 769 1B59
2 5 770 4AA2
2 5 771 7AF9
2 5 772 CB1A
2 5 773 1F3D
2 5 774 7E69
2 5 775 5552
2 5 776 4C8E
2 5 777 A47D
2 5 778 ACD6
2 5 779 5823
2 5 780 B809
2 5 781 B8FA
2 5 782 75B4
2 5 783 A44F
2 5 784 B648
2 5 785 587E
2 5 786 571E
2 5 787 E00F
2 5 788 BAB3
2 5 789 111F
2 5 790 DE8B
2 5 791 ACF1
2 5 792 9998
2 5 793 5BE3
2 5 794 8126
2 5 795 1C1C
2 5 796 8794
2 5 797 CDA6
2 5 798 EF61
2 5 799 E4D7
2 5 800 7653
2 5 801 8439
2 5 802 F7CA
2 5 803 614A
2 5 804 027A
2 5 805 73CD
2 5 806 4D1E
2 5 807 9584
2 5 808 66E2
2 5 809 788F
2 5 810 C39C
2 5 811 C4BE
2 5 812 2908
2 5 813 5096
2 5 814 D99D
2 5 815 58E0
2 5 816 72C2
2 5 817 E1FB
2 5 818 9F63
2 5 819 2042
2 5 820 4D34
2 5 821 7147
2 5 822 522F
2 5 823 25B5
2 5 824 3103
2 5 825 AC13
2 5 826 3E96
2 5 827 A6C2
2 5 828 9FC9
2 5 829 ABEB
2 5 830 BE16
2 5 831 EC32
2 5 832 BACA
2 5 833 5574
2 5 834 63E5
2 5 835 08D0
2 5 836 0AE6
2 5 837 B7CF
2 5 838 AD0A
2 5 839 C26C
2 5 840 EDCF
2 5 841 503E
2 5 842 C7B0
2 5 843 2921
2 5 844 5C7C
2 5 845 5606
2 5 846 45B8
2 5 847 A0D8
2 5 848 FEDF
2 5 849 7295
2 5 850 CE8E
2 5 851 610D
2 5 852 C0D4
2 5 853 89E6
2 5 854 243E
2 5 855 AED2
2 5 856 5C5B
2 5 857 7722
2 5 858 0FC7
2 5 859 5513
2 5 860 8D07
2 5 861 E189
2 5 862 08B0
2 5 863 1F19
2 5 864 E0B7
2 5 865 8D90
2 5 866 ABDA
2 5 867 5953
2 5 868 5984
2 5 869 CE4C
2 5 870 5597
2 5 871 9C51
2 5 872 54FC
2 5 873 FB10
2 5 874 72F9
2 5 875 6612
2 5 876 6C8E
2 5 877 0D53
2 5 878 5E6C
2 5 879 4580
2 5 880 4346
2 5 881 CAD6
2 5 882 DB88
2 5 883 9C39
2 5 884 74BB
2 5 885 2004
2 5 886 8621
2 5 887 3A91
2 5 888 1947
2 5 889 8E9A
2 5 890 C8A1
2 5 891 59D6
2 5 892 9376
2 5 893 D488
2 5 894 2D99
2 5 895 B8D4
2 5 896 9AC2
2 5 897 2F17
2 5 898 2093
2 5 899 DE9A
2 5 900 B77E
2 5 901 DE4D
2 5 902 722B
2 5 903 C77C
2 5 904 A411
2 5 905 CC8F
2 5 906 335E
2 5 907 8059
2 5 908 4765
2 5 909 7E86
2 5 910 BC23
2 5 911 741F
2 5 912 3CA0
2 5 913 AF45
2 5 914 F139
2 5 915 6F8D
2 5 916 1C12
2 5 917 3CA9
2 5 918 1D40
2 5 919 9F39
2 5 920 F96F
2 5 921 4801
2 5 922 F10C
2 5 923 0BD4
2 5 924 CB3F
2 5 925 AEF0
2 5 926 7F37
2 5 927 58AA
2 5 928 AF94
2 5 929 4090
2 5 930 46F6
2 5 931 C86D
2 5 932 41FB
2 5 933 52D9
2 5 934 A22F
2 5 935 CC34
2 5 936 76B6
2 5 937 9C41
2 5 938 2AC8
2 5 939 A0BF
2 5 940 AF29
2 5 941 75A6
2 5 942 EB43
2 5 943 BDFE
2 5 944 FB93
2 5 945 E86A
2 5 946 6E88
2 5 947 1CD2
2 5 948 BE00
2 5 949 2CDD
2 5 950 0303
2 5 951 9713
2 5 952 227C
2 5 953 7CE1
2 5 954 C4F0
2 5 955 E5D4
2 5 956 2089
2 5 957 5EC9
2 5 958 43F3
2 5 959 01E4
2 5 960 F9D4
2 5 961 CC83
2 5 962 D7EC
2 5 963 EA95
2 5 964 6A24
2 5 965 DAF7
2 5 966 F90A
2 5 967 16C2
2 5 968 FC94
2 5 969 C5B0
2 5 970 2F1F
2 5 971 140B
2 5 972 3A03
2 5 973 82BA
2 5 974 6C35
2 5 975 1864
2 5 976 A4C9
2 5 977 42CC
2 5 978 E65F
2 5 979 89D0
2 5 980 B5AD
2 5 981 81A8
2 5 982 C4D1
2 5 983 C067
2 5 984 4E14
2 5 985 8AC0
2 5 986 3434
2 5 987 869F
2 5 988 537C
2 5 989 961B
2 5 990 B635
2 5 991 1BC9
2 5 992 682A
2 5 993 E178
2 5 994 C05D
2 5 995 BCDA
2 5 996 F520
2 5 997 69B1
2 5 998 FE26
2 5 999 F76D
2 5 1000 F952
2 5 1001 2863
2 5 1002 CA4B
2 5 1003 4B07
2 5 1004 521A
2 5 1005 F9CC
2 5 1006 B360
2 5 1007 DC9A
2 5 1008 70EA
2 5 1009 8EF5
2 5 1010 1FA4
2 5 1011 404E
2 5 1012 B241
2 5 1013 1013
2 5 1014 6414
2 5 1015 9D7C
2 5 1016 C9E2
2 5 1017 5328
2 5 1018 E2C1
2 5 1019 B0FC
2 5 1020 F841
2 5 1021 CAEE
2 5 1022 0464
2 5 1023 71A2
2 5 1024 FD3E
2 5 1025 91F7
2 5 1026 2131
2 5 1027 5B03
2 5 1028 FC17
2 5 1029 360E
2 5 1030 ACE9
2 5 1031 A27E
2 5 1032 C498
2 5 1033 27E1
2 5 1034 3A34
2 5 1035 DA78
2 5 1036 3596
2 5 1037 F2E3
2 5 1038 292E
2 5 1039 C7E8
2 5 1040 AC9D
2 5 1041 A16C
2 5 1042 1540
2 5 1043 6E14
2 5 1044 B6E5
2 5 1045 F124
2 5 1046 5632
2 5 1047 949B
2 5 1048 778B
2 5 1049 3BA0
2 5 1050 287F
2 5 1051 4BB4
2 5 1052 76FF
2 5 1053 374B
2 5 1054 50EA
2 5 1055 32B6
2 5 1056 CFB9
2 5 1057 F488
2 5 1058 4F4F
2 5 1059 84D9
2 5 1060 EC31
2 5 1061 BB16
2 5 1062 74BC
2 5 1063 303C
2 5 1064 4A0F
2 5 1065 ABB4
2 5 1066 70C1
2 5 1067 7B28
2 5 1068 F6A0
2 5 1069 4A07
2 5 1070 2A05
2 5 1071 FB95
2 5 1072 B88A
2 5 1073 52BA
2 5 1074 F61B
2 5 1075 E4EB
2 5 1076 1AC0
2 5 1077 81E4
2 5 1078 8494
2 5 1079 F00B
2 5 1080 CCB9
2 5 1081 2DB0
2 5 1082 1156
2 5 1083 618E
2 5 1084 0BDE
2 5 1085 D938
2 5 1086 B22D
2 5 1087 F24E
2 5 1088 0A42
2 5 1089 23B3
2 5 1090 D3A0
2 5 1091 9E23
2 5 1092 8697
2 5 1093 B7D1
2 5 1094 3907
2 5 1095 9CF0
2 5 1096 095E
2 5 1097 1F63
2 5 1098 13DB
2 5 1099 09DF
2 5 1100 7B5F
2 5 1101 9F40
2 5 1102 064E
2 5 1103 FCEA
2 5 1104 0959
2 5 1105 7F65
2 5 1106 251D
2 5 1107 1A9B
2 5 1108 88FB
2 5 1109 635C
2 5 1110 4CA2
2 5 1111 DE15
2 5 1112 D313
2 5 1113 96E0
2 5 1114 5D2E
2 5 1115 2154
2 5 1116 C707
2 5 1117 72BF
2 5 1118 3296
2 5 1119 A7B1
2 5 1120 EB82
2 5 1121 3E00
2 5 1122 6B0C
2 5 1123 AEAA
2 5 1124 E070
2 5 1125 2F47
2 5 1126 5132
2 5 1127 C8E2
2 5 1128 162D
2 5 1129 7276
2 5 1130 7D6A
2 5 1131 8765
2 5 1132 7DFB
2 5 1133 5696
2 5 1134 0271
2 5 1135 B52E
2 5 1136 27B3
2 5 1137 07F6
2 5 1138 392D
2 5 1139 28EB
2 5 1140 00BD
2 5 1141 7A92
2 5 1142 7FC4
2 5 1143 7100
2 5 1144 2842
2 5 1145 68B8
2 5 1146 7FEE
2 5 1147 DDCB
2 5 1148 8CA0
2 5 1149 89E6
2 5 1150 D08D
2 5 1151 AE28
2 5 1152 C620
2 5 1153 65F7
2 5 1154 067B
2 5 1155 6236
2 5 1156 62E5
2 5 1157 6880
2 5 1158 88A4
2 5 1159 7859
2 5 1160 1825
2 5 1161 1875
2 5 1162 BB56
2 5 1163 1880
2 5 1164 8C9C
2 5 1165 9811
2 5 1166 56D6
2 5 1167 71AA
2 5 1168 B03F
2 5 1169 D0F5
2 5 1170 FD34
2 5 1171 CDA4
2 5 1172 D52E
2 5 1173 F090
2 5 1174 6361
2 5 1175 9F15
2 5 1176 FDED
2 5 1177 18C0
2 5 1178 A17F
2 5 1179 0DBD
2 5 1180 14D3
2 5 1181 68B7
2 5 1182 7E7A
2 5 1183 C4FB
2 5 1184 00C4
2 5 1185 C221
2 5 1186 CAD5
2 5 1187 088E
2 5 1188 CB1C
2 5 1189 EE84
2 5 1190 1EC7
2 5 1191 539E
2 5 1192 4AED
2 5 1193 08E8
2 5 1194 8F87
2 5 1195 05FB
2 5 1196 096B
2 5 1197 4FB9
2 5 1198 2FE5
2 5 1199 E3A5
2 5 1200 53A5
2 5 1201 C2EB
2 5 1202 701A
2 5 1203 6A8D
2 5 1204 AD76
2 5 1205 325D
2 5 1206 B0E2
2 5 1207 429C
2 5 1208 19BC
2 5 1209 A080
2 5 1210 9DCA
2 5 1211 4BF2
2 5 1212 EBC8
2 5 1213 1D39
2 5 1214 22C4
2 5 1215 0F71
2 5 1216 1616
2 5 1217 7D04
2 5 1218 1102
2 5 1219 957B
2 5 1220 2A3F
2 5 1221 905B
2 5 1222 C701
2 5 1223 E6F8
2 5 1224 7E2D
2 5 1225 BF57
2 5 1226 6FE4
2 5 1227 BC9C
2 5 1228 2A8F
2 5 1229 2D96
2 5 1230 AE05
2 5 1231 2068
2 5 1232 D68D
2 5 1233 CA5E
2 5 1234 C4C7
2 5 1235 056F
2 5 1236 84BE
2 5 1237 F100
2 5 1238 95B0
2 5 1239 19DC
2 5 1240 D557
2 5 1241 7D80
2 5 1242 04B4
2 5 1243 5731
2 5 1244 71A6
2 5 1245 7973
2 5 1246 97D4
2 5 1247 14D3
2 5 1248 94BF
2 5 1249 C529
2 5 1250 65E9
2 5 1251 A0C4
2 5 1252 E576
2 5 1253 610D
2 5 1254 A8BB
2 5 1255 A2B0
2 5 1256 158E
2 5 1257 3B4B
2 5 1258 8657
2 5 1259 CD2B
2 5 1260 FA31
2 5 1261 A5B1
2 5 1262 E59F
2 5 1263 A13A
2 5 1264 11A0
2 5 1265 D7D7
2 5 1266 6223
2 5 1267 4812
2 5 1268 AA2D
2 5 1269 2183
2 5 1270 B330
2 5 1271 C71D
2 5 1272 1E67
2 5 1273 B148
2 5 1274 1A28
2 5 1275 1243
2 5 1276 DA95
2 5 1277 136F
2 5 1278 AC12
2 5 1279 C068
2 5 1280 1F66
2 5 1281 CD19
2 5 1282 8A73
2 5 1283 6632
2 5 1284 B5E7
2 5 1285 B7A3
2 5 1286 5F5D
2 5 1287 DB0D
2 5 1288 08B7
2 5 1289 004A
2 5 1290 B0C6
2 5 1291 EC72
2 5 1292 5677
2 5 1293 F010
2 5 1294 DF1B
2 5 1295 4364
2 5 1296 F185
2 5 1297 DFDF
2 5 1298 E316
2 5 1299 803D
2 5 1300 C0EB
2 5 1301 FCED
2 5 1302 1ECD
2 5 1303 D0A8
2 5 1304 7693
2 5 1305 C160
2 5 1306 D60D
2 5 1307 83F0
2 5 1308 2EBD
2 5 1309 4534
2 5 1310 21E6
2 5 1311 6179
2 5 1312 6CB3
2 5 1313 CB5A
2 5 1314 7388
2 5 1315 C58C
2 5 1316 A8BC
2 5 1317 2F23
2 5 1318 FA4E
2 5 1319 C858
2 5 1320 E350
2 5 1321 15DD
2 5 1322 811A
2 5 1323 F336
2 5 1324 F18B
2 5 1325 08BC
2 5 1326 96E1
2 5 1327 482E
2 5 1328 76E5
2 5 1329 DAFC
2 5 1330 1687
2 5 1331 9FB8
2 5 1332 C021
2 5 1333 0046
2 5 1334 61EE
2 5 1335 A0C5
2 5 1336 F383
2 5 1337 B751
2 5 1338 E44A
2 5 1339 D6FF
2 5 1340 4A47
2 5 1341 2CCA
2 5 1342 AFB8
2 5 1343 AB4D
2 5 1344 474F
2 5 1345 FA76
2 5 1346 4A10
2 5 1347 429B
2 5 1348 1F1D
2 5 1349 A696
2 5 1350 FCF8
2 5 1351 86D9
2 5 1352 C501
2 5 1353 078C
2 5 1354 3D3A
2 5 1355 DE42
2 5 1356 5195
2 5 1357 AFBE
2 5 1358 FD59
2 5 1359 54DF
2 5 1360 B667
2 5 1361 C5B8
2 5 1362 FF5F
2 5 1363 3C4C
2 5 1364 F2F6
2 5 1365 EC96
2 5 1366 79FA
2 5 1367 85BB
2 5 1368 3EE0
2 5 1369 20A1
2 5 1370 A4C8
2 5 1371 5A38
2 5 1372 DD5A
2 5 1373 AC39
2 5 1374 FFF0
2 5 1375 B52D
2 5 1376 8DE1
2 5 1377 98F4
2 5 1378 6AF2
2 5 1379 0526
2 5 1380 CE30
2 5 1381 4105
2 5 1382 5EC1
2 5 1383 16D7
2 5 1384 6173
2 5 1385 E4E0
2 5 1386 DF10
2 5 1387 CE5B
2 5 1388 D0BB
2 5 1389 691C
2 5 1390 F6EA
2 5 1391 72C0
2 5 1392 D8B3
2 5 1393 A09A
2 5 1394 D486
2 5 1395 8FC1
2 5 1396 F892
2 5 1397 C6E5
2 5 1398 D85A
2 5 1399 B1D3
2 5 1400 9651
2 5 1401 0EDA
2 5 1402 2B6F
2 5 1403 8064
2 5 1404 6C1E
2 5 1405 6989
2 5 1406 B0F5
2 5 1407 FA60
2 5 1408 3311
2 5 1409 E95B
2 5 1410 6718
2 5 1411 D8F6
2 5 1412 BF1F
2 5 1413 6577
2 5 1414 8B12
2 5 1415 5C9A
2 5 1416 004D
2 5 1417 415F
2 5 1418 1482
2 5 1419 084C
2 5 1420 9D27
2 5 1421 7CE0
2 5 1422 5BFD
2 5 1423 0F18
2 5 1424 1A71
2 5 1425 702A
2 5 1426 00E4
2 5 1427 77DE
2 5 1428 C41D
2 5 1429 D83B
2 5 1430 6276
2 5 1431 3B55
2 5 1432 CB7E
2 5 1433 1782
2 5 1434 4027
2 5 1435 E04B
2 5 1436 4EBC
2 5 1437 CEC2
2 5 1438 5530
2 5 1439 5A30
2 5 1440 3D88
2 5 1441 3235
2 5 1442 0368
2 5 1443 2DD3
2 5 1444 4F11
2 5 1445 BEF3
2 5 1446 6153
2 5 1447 206C
2 5 1448 7D38
2 5 1449 3493
2 5 1450 3F79
2 5 1451 F4DB
2 5 1452 B901
2 5 1453 F710
2 5 1454 F8FB
2 5 1455 FB30
2 5 1456 CC4A
2 5 1457 3CEF
2 5 1458 2361
2 5 1459 766C
2 5 1460 9CC0
2 5 1461 ADA0
2 5 1462 71B6
2 5 1463 1C88
2 5 1464 4410
2 5 1465 5423
2 5 1466 5ED7
2 5 1467 34B4
2 5 1468 B15B
2 5 1469 09EC
2 5 1470 7309
2 5 1471 17E2
2 5 1472 C7ED
2 5 1473 BE09
2 5 1474 38CB
2 5 1475 1784
2 5 1476 2F2F
2 5 1477 3C83
2 5 1478 34EC
2 5 1479 0E92
2 5 1480 47DB
2 5 1481 5A03
2 5 1482 75DD
2 5 1483 20D0
2 5 1484 FA6F
2 5 1485 A7B6
2 5 1486 8E49
2 5 1487 6C4F
2 5 1488 52E5
2 5 1489 1373
2 5 1490 0EE4
2 5 1491 B133
2 5 1492 1DA2
2 5 1493 181C
2 5 1494 D382
2 5 1495 33B4
2 5 1496 F9AE
2 5 1497 6243
2 5 1498 B769
2 5 1499 5C68
2 5 1500 9423
2 5 1501 0D0F
2 5 1502 84E8
2 5 1503 DAC0
2 5 1504 00E8
2 5 1505 DB5F
2 5 1506 3429
2 5 1507 4DD2
2 5 1508 64A0
2 5 1509 112E
2 5 1510 CD44
2 5 1511 B757
2 5 1512 63DE
2 5 1513 D136
2 5 1514 8196
2 5 1515 3CF4
2 5 1516 0B9B
2 5 1517 22D9
2 5 1518 D052
2 5 1519 FBBE
2 5 1520 26EB
2 5 1521 043D
2 5 1522 CA56
2 5 1523 F1FA
2 5 1524 35EC
2 5 1525 2CB8
2 5 1526 C941
2 5 1527 4322
2 5 1528 7A00
2 5 1529 636C
2 5 1530 2DC3
2 5 1531 5A2E
2 5 1532 CB3D
2 5 1533 8E34
2 5 1534 F935
2 5 1535 AE12
2 5 1536 2B22
2 5 1537 DCBF
2 5 1538 566A
2 5 1539 2C84
2 5 1540 488C
2 5 1541 B3FB
2 5 1542 65C5
2 5 1543 8F01
2 5 1544 68E9
2 5 1545 3DB6
2 5 1546 E08C
2 5 1547 1E0F
2 5 1548 6AAC
2 5 1549 C081
2 5 1550 677D
2 5 1551 A6C5
2 5 1552 D502
2 5 1553 23D5
2 5 1554 909F
2 5 1555 A689
2 5 1556 28C5
2 5 1557 447A
2 5 1558 085C
2 5 1559 F11A
2 5 1560 E6AE
2 5 1561 FD25
2 5 1562 59CE
2 5 1563 54CF
2 5 1564 FED0
2 5 1565 0761
2 5 1566 3257
2 5 1567 011F
2 5 1568 9D42
2 5 1569 18B1
2 5 1570 3475
2 5 1571 B363
2 5 1572 881B
2 5 1573 DFF4
2 5 1574 ADD5
2 5 1575 EDD8
2 5 1576 82A5
2 5 1577 C70A
2 5 1578 C4A6
2 5 1579 BCE8
2 5 1580 69CB
2 5 1581 9CB6
2 5 1582 F031
2 5 1583 CEAB
2 5 1584 FDD4
2 5 1585 8AC3
2 5 1586 D0A7
2 5 1587 E0A9
2 5 1588 8D55
2 5 1589 FC6B
2 5 1590 BA3B
2 5 1591 C7E3
2 5 1592 F561
2 5 1593 58F6
2 5 1594 8772
2 5 1595 9713
2 5 1596 AB04
2 5 1597 B6A0
2 5 1598 86B7
2 5 1599 8000
2 5 1600 7FFF
2 5 1601 E9BD
2 5 1602 9733
2 5 1603 8636
2 5 1604 2476
2 5 1605 9420
2 5 1606 C8DD
2 5 1607 1025
2 5 1608 70B9
2 5 1609 18BA
2 5 1610 13CE
2 5 1611 3648
2 5 1612 2F1F
2 5 1613 9780
2 5 1614 FAD7
2 5 1615 38B9
2 5 1616 5609
2 5 1617 5590
2 5 1618 2D56
2 5 1619 5622
2 5 1620 4EC4
2 5 1621 3594
2 5 1622 7C46
2 5 1623 35C6
2 5 1624 EFC0
2 5 1625 2467
2 5 1626 B696
2 5 1627 8FC1
2 5 1628 2001
2 5 1629 9DF7
2 5 1630 40BD
2 5 1631 D78D
2 5 1632 17D4
2 5 1633 AE6B
2 5 1634 7B8C
2 5 1635 ECC6
2 5 1636 72C4
2 5 1637 1387
2 5 1638 4E44
2 5 1639 1630
2 5 1640 86CD
2 5 1641 624E
2 5 1642 67EA
2 5 1643 CAF6
2 5 1644 B4D0
2 5 1645 54E7
2 5 1646 0BD7
2 5 1647 0E36
2 5 1648 A647
2 5 1649 A4C2
2 5 1650 7D94
2 5 1651 60BB
2 5 1652 AC3B
2 5 1653 14FB
2 5 1654 5FE5
2 5 1655 8D0A
2 5 1656 B374
2 5 1657 9100
2 5 1658 9B24
2 5 1659 D1A2
2 5 1660 81F0
2 5 1661 8370
2 5 1662 9ED1
2 5 1663 2D7D
2 5 1664 3197
2 5 1665 C944
2 5 1666 1268
2 5 1667 D2DB
2 5 1668 1C2E
2 5 1669 E531
2 5 1670 4974
2 5 1671 0440
2 5 1672 AC8A
2 5 1673 574E
2 5 1674 0EE2
2 5 1675 DFBB
2 5 1676 C907
2 5 1677 3CF3
2 5 1678 9B99
2 5 1679 DC6B
2 5 1680 CB38
2 5 1681 9CE2
2 5 1682 CC48
2 5 1683 FE3D
2 5 1684 38E1
2 5 1685 03AA
2 5 1686 EA7F
2 5 1687 03F8
2 5 1688 B224
2 5 1689 5449
2 5 1690 9D02
2 5 1691 137D
2 5 1692 C8F8
2 5 1693 F111
2 5 1694 D35B
2 5 1695 A848
2 5 1696 B5E0
2 5 1697 A0CE
2 5 1698 C0AF
2 5 1699 C83C
2 5 1700 1DDA
2 5 1701 D426
2 5 1702 39D3
2 5 1703 C29D
2 5 1704 5D97
2 5 1705 2F42
2 5 1706 0AA0
2 5 1707 FD5F
2 5 1708 0DEA
2 5 1709 7BAC
2 5 1710 1684
2 5 1711 949F
2 5 1712 B584
2 5 1713 6678
2 5 1714 585B
2 5 1715 D06F
2 5 1716 DBDF
2 5 1717 AEA8
2 5 1718 157E
2 5 1719 B4D8
2 5 1720 F178
2 5 1721 A7CA
2 5 1722 D819
2 5 1723 301B
2 5 1724 C142
2 5 1725 34E4
2 5 1726 04C2
2 5 1727 AB37
2 5 1728 5F58
2 5 1729 9F92
2 5 1730 1F49
2 5 1731 00B1
2 5 1732 C8F2
2 5 1733 EF6F
2 5 1734 12CB
2 5 1735 1D91
2 5 1736 A99C
2 5 1737 A5B2
2 5 1738 110B
2 5 1739 D0A9
2 5 1740 F9A3
2 5 1741 011A
2 5 1742 DD02
2 5 1743 8C1B
2 5 1744 69D1
2 5 1745 2E0D
2 5 1746 94B5
2 5 1747 1D1A
2 5 1748 D05B
2 5 1749 06FC
2 5 1750 4E48
2 5 1751 9DF1
2 5 1752 0B18
2 5 1753 490B
2 5 1754 1C51
2 5 1755 2643
2 5 1756 0AF4
2 5 1757 60F0
2 5 1758 4D70
2 5 1759 FD92
2 5 1760 FCA5
2 5 1761 3419
2 5 1762 FB1D
2 5 1763 5403
2 5 1764 C29E
2 5 1765 8A12
2 5 1766 3BC2
2 5 1767 C562
2 5 1768 3442
2 5 1769 FA26
2 5 1770 8C0A
2 5 1771 2A61
2 5 1772 D65A
2 5 1773 8145
2 5 1774 4379
2 5 1775 7C26
2 5 1776 00C9
2 5 1777 2427
2 5 1778 283E
2 5 1779 CE06
2 5 1780 A57F
2 5 1781 41B0
2 5 1782 7646
2 5 1783 A18C
2 5 1784 2CAD
2 5 1785 7994
2 5 1786 ED92
2 5 1787 18BE
2 5 1788 1A39
2 5 1789 4B3C
2 5 1790 BBCB
2 5 1791 CAA0
2 5 1792 7072
2 5 1793 D0E9
2 5 1794 5514
2 5 1795 3DFA
2 5 1796 0404
2 5 1797 3B18
2 5 1798 9020
2 5 1799 4E58
2 5 1800 352F
2 5 1801 F026
2 5 1802 9986
2 5 1803 FF51
2 5 1804 C236
2 5 1805 7436
2 5 1806 9252
2 5 1807 8209
2 5 1808 A713
2 5 1809 7D50
2 5 1810 EDDD
2 5 1811 70FA
2 5 1812 3E73
2 5 1813 D7CB
2 5 1814 E2DF
2 5 1815 85F0
2 5 1816 17DE
2 5 1817 FEEE
2 5 1818 83C3
2 5 1819 4E53
2 5 1820 3736
2 5 1821 8DD2
2 5 1822 523C
2 5 1823 A1AA
2 5 1824 B164
2 5 1825 EC8C
2 5 1826 6216
2 5 1827 DE5E
2 5 1828 DA4E
2 5 1829 DD8A
2 5 1830 5F4F
2 5 1831 30BC
2 5 1832 780E
2 5 1833 CF3B
2 5 1834 0B67
2 5 1835 683E
2 5 1836 AF5F
2 5 1837 15F3
2 5 1838 05F5
2 5 1839 1F0C
2 5 1840 9D58
2 5 1841 720E
2 5 1842 F47C
2 5 1843 37BE
2 5 1844 D25D
2 5 1845 8655
2 5 1846 5D7D
2 5 1847 F565
2 5 1848 2253
2 5 1849 229F
2 5 1850 CACE
2 5 1851 31CB
2 5 1852 7E15
2 5 1853 86B9
2 5 1854 072A
2 5 1855 75F8
2 5 1856 CA25
2 5 1857 0188
2 5 1858 8B0B
2 5 1859 F8F5
2 5 1860 E6A4
2 5 1861 906E
2 5 1862 6CB6
2 5 1863 C8D5
2 5 1864 5C84
2 5 1865 62EB
2 5 1866 6795
2 5 1867 A1F3
2 5 1868 63FD
2 5 1869 6685
2 5 1870 CECA
2 5 1871 3876
2 5 1872 383F
2 5 1873 3EEB
2 5 1874 7F01
2 5 1875 F81C
2 5 1876 EC67
2 5 1877 4E56
2 5 1878 2386
2 5 1879 7E35
2 5 1880 35B5
2 5 1881 B230
2 5 1882 6299
2 5 1883 51EE
2 5 1884 DEFD
2 5 1885 57F9
2 5 1886 C4FF
2 5 1887 9ED1
2 5 1888 D95C
2 5 1889 8E67
2 5 1890 6CDA
2 5 1891 F58A
2 5 1892 1E2C
2 5 1893 B6CD
2 5 1894 EFBC
2 5 1895 56ED
2 5 1896 D63B
2 5 1897 FAC0
2 5 1898 E7F7
2 5 1899 0D35
2 5 1900 7A39
2 5 1901 29F5
2 5 1902 1138
2 5 1903 1790
2 5 1904 E070
2 5 1905 246E
2 5 1906 0455
2 5 1907 2BD9
2 5 1908 6BB8
2 5 1909 74D6
2 5 1910 E663
2 5 1911 92A6
2 5 1912 CFAB
2 5 1913 FF2A
2 5 1914 9F0D
2 5 1915 6183
2 5 1916 1E16
2 5 1917 E79A
2 5 1918 6A21
2 5 1919 D77D
2 5 1920 11B1
2 5 1921 15B0
2 5 1922 D86D
2 5 1923 DFE3
2 5 1924 CA10
2 5 1925 F7B0
2 5 1926 93CA
2 5 1927 FF49
2 5 1928 6CDA
2 5 1929 6A40
2 5 1930 7A77
2 5 1931 2ECF
2 5 1932 603A
2 5 1933 E84A
2 5 1934 E5A8
2 5 1935 69A1
2 5 1936 1293
2 5 1937 671F
2 5 1938 2F60
2 5 1939 F0C0
2 5 1940 8379
2 5 1941 82DD
2 5 1942 CB7C
2 5 1943 8900
2 5 1944 01DD
2 5 1945 DF13
2 5 1946 8812
2 5 1947 3752
2 5 1948 D389
2 5 1949 DFA4
2 5 1950 C8FA
2 5 1951 3F45
2 5 1952 B9CC
2 5 1953 1DEB
2 5 1954 D2AA
2 5 1955 67C8
2 5 1956 8777
2 5 1957 3E1E
2 5 1958 7848
2 5 1959 CA33
2 5 1960 3C0A
2 5 1961 08F5
2 5 1962 C0FB
2 5 1963 AF87
2 5 1964 5828
2 5 1965 ED8B
2 5 1966 5882
2 5 1967 3FF2
2 5 1968 5F51
2 5 1969 4F85
2 5 1970 DF09
2 5 1971 0896
2 5 1972 BAD1
2 5 1973 4573
2 5 1974 6C39
2 5 1975 9B8C
2 5 1976 71F4
2 5 1977 AB75
2 5 1978 D98F
2 5 1979 CE25
2 5 1980 6B7D
2 5 1981 AE1F
2 5 1982 A7F0
2 5 1983 5971
2 5 1984 2C56
2 5 1985 31A0
2 5 1986 947A
2 5 1987 E103
2 5 1988 478A
2 5 1989 B91E
2 5 1990 309D
2 5 1991 A3F3
2 5 1992 F371
2 5 1993 B265
2 5 1994 116C
2 5 1995 5C25
2 5 1996 782C
2 5 1997 49C2
2 5 1998 6A2E
2 5 1999 0FCA
2 5 2000 6B51
2 5 2001 2A2A
2 5 2002 263A
2 5 2003 D926
2 5 2004 ECE8
2 5 2005 CDA0
2 5 2006 D602
2 5 2007 E892
2 5 2008 5997
2 5 2009 41D7
2 5 2010 036E
2 5 2011 44C2
2 5 2012 261A
2 5 2013 8514
2 5 2014 C16B
2 5 2015 0D48
2 5 2016 D7F7
2 5 2017 DF56
2 5 2018 8AC5
2 5 2019 4359
2 5 2020 4F70
2 5 2021 DBBA
2 5 2022 C433
2 5 2023 5CD0
2 5 2024 D6B9
2 5 2025 C61A
2 5 2026 75B2
2 5 2027 2572
2 5 2028 AA6D
2 5 2029 D0F6
2 5 2030 0F14
2 5 2031 B272
2 5 2032 EF3C
2 5 2033 4795
2 5 2034 4BD9
2 5 2035 6C36
2 5 2036 48E7
2 5 2037 706D
2 5 2038 8A3E
2 5 2039 7259
2 5 2040 866E
2 5 2041 03C0
2 5 2042 2995
2 5 2043 DDF1
2 5 2044 1788
2 5 2045 5A89
2 5 2046 C3D5
2 5 2047 A613
