0 0 0 0 00000000 00000000 4
0 0 0 1 00000000 00000000 4
0 0 0 2 00000000 00000000 4
0 0 0 3 00000000 00000000 4
0 0 0 4 00000000 00000000 4
0 0 0 5 00000000 00000000 4
0 0 0 6 00000000 00000000 4
0 0 0 7 00000000 00000000 4
0 0 0 8 00000000 00000000 4
0 0 0 9 00000000 00000000 4
0 0 0 10 00000000 00000000 4
0 0 0 11 00000000 00000000 4
0 0 0 12 00000000 00000000 4
0 0 0 13 00000000 00000000 4
0 0 0 14 00000000 00000000 4
0 0 0 15 00000000 00000000 4
0 0 0 16 00000000 00000000 4
0 0 0 17 00000000 00000000 4
0 0 0 18 00000000 00000000 4
0 0 0 19 00000000 00000000 4
0 0 0 20 00000000 00000000 4
0 0 0 21 00000000 00000000 4
0 0 0 22 00000000 00000000 4
0 0 0 23 00000000 00000000 4
0 0 0 24 00000000 00000000 4
0 0 0 25 00000000 00000000 4
0 0 0 26 00000000 00000000 4
0 0 0 27 00000000 00000000 4
0 0 0 28 00000000 00000000 4
0 0 0 29 00000000 00000000 4
0 0 0 30 00000000 00000000 4
0 0 0 31 00000000 00000000 4
0 0 0 32 00000000 00000000 4
0 0 0 33 00000000 00000000 4
0 0 0 34 00000000 00000000 4
0 0 0 35 00000000 00000000 4
0 0 0 36 00000000 00000000 4
0 0 0 37 00000000 00000000 4
0 0 0 38 00000000 00000000 4
0 0 0 39 00000000 00000000 4
0 0 0 40 00000000 00000000 4
0 0 0 41 00000000 00000000 4
0 0 0 42 00000000 00000000 4
0 0 0 43 00000000 00000000 4
0 0 0 44 00000000 00000000 4
0 0 0 45 00000000 00000000 4
0 0 0 46 00000000 00000000 4
0 0 0 47 00000000 00000000 4
0 0 0 48 00000000 00000000 4
0 0 0 49 00000000 00000000 4
0 0 0 50 00000000 00000000 4
0 0 0 51 00000000 00000000 4
0 0 0 52 00000000 00000000 4
0 0 0 53 00000000 00000000 4
0 0 0 54 00000000 00000000 4
0 0 0 55 00000000 00000000 4
0 0 0 56 00000000 00000000 4
0 0 0 57 00000000 00000000 4
0 0 0 58 00000000 00000000 4
0 0 0 59 00000000 00000000 4
0 0 0 60 00000000 00000000 4
0 0 0 61 00000000 00000000 4
0 0 0 62 00000000 00000000 4
0 0 0 63 00000000 00000000 4
0 0 0 64 00000000 00000000 4
0 0 0 65 00000000 00000000 4
0 0 0 66 00000000 00000000 4
0 0 0 67 00000000 00000000 4
0 0 0 68 00000000 00000000 4
0 0 0 69 00000000 00000000 4
0 0 0 70 00000000 00000000 4
0 0 0 71 00000000 00000000 4
0 0 0 72 00000000 00000000 4
0 0 0 73 00000000 00000000 4
0 0 0 74 00000000 00000000 4
0 0 0 75 00000000 00000000 4
0 0 0 76 00000000 00000000 4
0 0 0 77 00000000 00000000 4
0 0 0 78 00000000 00000000 4
0 0 0 79 00000000 00000000 4
0 0 0 80 00000000 00000000 4
0 0 0 81 00000000 00000000 4
0 0 0 82 00000000 00000000 4
0 0 0 83 00000000 00000000 4
0 0 0 84 00000000 00000000 4
0 0 0 85 00000000 00000000 4
0 0 0 86 00000000 00000000 4
0 0 0 87 00000000 00000000 4
0 0 0 88 00000000 00000000 4
0 0 0 89 00000000 00000000 4
0 0 0 90 00000000 00000000 4
0 0 0 91 00000000 00000000 4
0 0 0 92 00000000 00000000 4
0 0 0 93 00000000 00000000 4
0 0 0 94 00000000 00000000 4
0 0 0 95 00000000 00000000 4
0 0 0 96 00000000 00000000 4
0 0 0 97 00000000 00000000 4
0 0 0 98 00000000 00000000 4
0 0 0 99 00000000 00000000 4
0 0 0 100 00000000 00000000 4
0 0 0 101 00000000 00000000 4
0 0 0 102 00000000 00000000 4
0 0 0 103 00000000 00000000 4
0 0 0 104 00000000 00000000 4
0 0 0 105 00000000 00000000 4
0 0 0 106 00000000 00000000 4
0 0 0 107 00000000 00000000 4
0 0 0 108 00000000 00000000 4
0 0 0 109 00000000 00000000 4
0 0 0 110 00000000 00000000 4
0 0 0 111 00000000 00000000 4
0 0 0 112 00000000 00000000 4
0 0 0 113 00000000 00000000 4
0 0 0 114 00000000 00000000 4
0 0 0 115 00000000 00000000 4
0 0 0 116 00000000 00000000 4
0 0 0 117 00000000 00000000 4
0 0 0 118 00000000 00000000 4
0 0 0 119 00000000 00000000 4
0 0 0 120 00000000 00000000 4
0 0 0 121 00000000 00000000 4
0 0 0 122 00000000 00000000 4
0 0 0 123 00000000 00000000 4
0 0 0 124 00000000 00000000 4
0 0 0 125 00000000 00000000 4
0 0 0 126 00000000 00000000 4
0 0 0 127 00000000 00000000 4
0 0 0 128 00000000 00000000 4
0 0 0 129 00000000 00000000 4
0 0 0 130 00000000 00000000 4
0 0 0 131 00000000 00000000 4
0 0 0 132 00000000 00000000 4
0 0 0 133 00000000 00000000 4
0 0 0 134 00000000 00000000 4
0 0 0 135 00000000 00000000 4
0 0 0 136 00000000 00000000 4
0 0 0 137 00000000 00000000 4
0 0 0 138 00000000 00000000 4
0 0 0 139 00000000 00000000 4
0 0 0 140 00000000 00000000 4
0 0 0 141 00000000 00000000 4
0 0 0 142 00000000 00000000 4
0 0 0 143 00000000 00000000 4
0 0 0 144 00000000 00000000 4
0 0 0 145 00000000 00000000 4
0 0 0 146 00000000 00000000 4
0 0 0 147 00000000 00000000 4
0 0 0 148 00000000 00000000 4
0 0 0 149 00000000 00000000 4
0 0 0 150 00000000 00000000 4
0 0 0 151 00000000 00000000 4
0 0 0 152 00000000 00000000 4
0 0 0 153 00000000 00000000 4
0 0 0 154 00000000 00000000 4
0 0 0 155 00000000 00000000 4
0 0 0 156 00000000 00000000 4
0 0 0 157 00000000 00000000 4
0 0 0 158 00000000 00000000 4
0 0 0 159 00000000 00000000 4
0 0 0 160 00000000 00000000 4
0 0 0 161 00000000 00000000 4
0 0 0 162 00000000 00000000 4
0 0 0 163 00000000 00000000 4
0 0 0 164 00000000 00000000 4
0 0 0 165 00000000 00000000 4
0 0 0 166 00000000 00000000 4
0 0 0 167 00000000 00000000 4
0 0 0 168 00000000 00000000 4
0 0 0 169 00000000 00000000 4
0 0 0 170 00000000 00000000 4
0 0 0 171 00000000 00000000 4
0 0 0 172 00000000 00000000 4
0 0 0 173 00000000 00000000 4
0 0 0 174 00000000 00000000 4
0 0 0 175 00000000 00000000 4
0 0 0 176 00000000 00000000 4
0 0 0 177 00000000 00000000 4
0 0 0 178 00000000 00000000 4
0 0 0 179 00000000 00000000 4
0 0 0 180 00000000 00000000 4
0 0 0 181 00000000 00000000 4
0 0 0 182 00000000 00000000 4
0 0 0 183 00000000 00000000 4
0 0 0 184 00000000 00000000 4
0 0 0 185 00000000 00000000 4
0 0 0 186 00000000 00000000 4
0 0 0 187 00000000 00000000 4
0 0 0 188 00000000 00000000 4
0 0 0 189 00000000 00000000 4
0 0 0 190 00000000 00000000 4
0 0 0 191 00000000 00000000 4
0 0 0 192 00000000 00000000 4
0 0 0 193 00000000 00000000 4
0 0 0 194 00000000 00000000 4
0 0 0 195 00000000 00000000 4
0 0 0 196 00000000 00000000 4
0 0 0 197 00000000 00000000 4
0 0 0 198 00000000 00000000 4
0 0 0 199 00000000 00000000 4
0 0 0 200 00000000 00000000 4
0 0 0 201 00000000 00000000 4
0 0 0 202 00000000 00000000 4
0 0 0 203 00000000 00000000 4
0 0 0 204 00000000 00000000 4
0 0 0 205 00000000 00000000 4
0 0 0 206 00000000 00000000 4
0 0 0 207 00000000 00000000 4
0 0 0 208 00000000 00000000 4
0 0 0 209 00000000 00000000 4
0 0 0 210 00000000 00000000 4
0 0 0 211 00000000 00000000 4
0 0 0 212 00000000 00000000 4
0 0 0 213 00000000 00000000 4
0 0 0 214 00000000 00000000 4
0 0 0 215 00000000 00000000 4
0 0 0 216 00000000 00000000 4
0 0 0 217 00000000 00000000 4
0 0 0 218 00000000 00000000 4
0 0 0 219 00000000 00000000 4
0 0 0 220 00000000 00000000 4
0 0 0 221 00000000 00000000 4
0 0 0 222 00000000 00000000 4
0 0 0 223 00000000 00000000 4
0 0 0 224 00000000 00000000 4
0 0 0 225 00000000 00000000 4
0 0 0 226 00000000 00000000 4
0 0 0 227 00000000 00000000 4
0 0 0 228 00000000 00000000 4
0 0 0 229 00000000 00000000 4
0 0 0 230 00000000 00000000 4
0 0 0 231 00000000 00000000 4
0 0 0 232 00000000 00000000 4
0 0 0 233 00000000 00000000 4
0 0 0 234 00000000 00000000 4
0 0 0 235 00000000 00000000 4
0 0 0 236 00000000 00000000 4
0 0 0 237 00000000 00000000 4
0 0 0 238 00000000 00000000 4
0 0 0 239 00000000 00000000 4
0 0 0 240 00000000 00000000 4
0 0 0 241 00000000 00000000 4
0 0 0 242 00000000 00000000 4
0 0 0 243 00000000 00000000 4
0 0 0 244 00000000 00000000 4
0 0 0 245 00000000 00000000 4
0 0 0 246 00000000 00000000 4
0 0 0 247 00000000 00000000 4
0 0 0 248 00000000 00000000 4
0 0 0 249 00000000 00000000 4
0 0 0 250 00000000 00000000 4
0 0 0 251 00000000 00000000 4
0 0 0 252 00000000 00000000 4
0 0 0 253 00000000 00000000 4
0 0 0 254 00000000 00000000 4
0 0 0 255 00000000 00000000 4
0 0 0 256 00000000 00000000 4
0 0 0 257 00000000 00000000 4
0 0 0 258 00000000 00000000 4
0 0 0 259 00000000 00000000 4
0 0 0 260 00000000 00000000 4
0 0 0 261 00000000 00000000 4
0 0 0 262 00000000 00000000 4
0 0 0 263 00000000 00000000 4
0 0 0 264 00000000 00000000 4
0 0 0 265 00000000 00000000 4
0 0 0 266 00000000 00000000 4
0 0 0 267 00000000 00000000 4
0 0 0 268 00000000 00000000 4
0 0 0 269 00000000 00000000 4
0 0 0 270 00000000 00000000 4
0 0 0 271 00000000 00000000 4
0 0 0 272 00000000 00000000 4
0 0 0 273 00000000 00000000 4
0 0 0 274 00000000 00000000 4
0 0 0 275 00000000 00000000 4
0 0 0 276 00000000 00000000 4
0 0 0 277 00000000 00000000 4
0 0 0 278 00000000 00000000 4
0 0 0 279 00000000 00000000 4
0 0 0 280 00000000 00000000 4
0 0 0 281 00000000 00000000 4
0 0 0 282 00000000 00000000 4
0 0 0 283 00000000 00000000 4
0 0 0 284 00000000 00000000 4
0 0 0 285 00000000 00000000 4
0 0 0 286 00000000 00000000 4
0 0 0 287 00000000 00000000 4
0 0 0 288 00000000 00000000 4
0 0 0 289 00000000 00000000 4
0 0 0 290 00000000 00000000 4
0 0 0 291 00000000 00000000 4
0 0 0 292 00000000 00000000 4
0 0 0 293 00000000 00000000 4
0 0 0 294 00000000 00000000 4
0 0 0 295 00000000 00000000 4
0 0 0 296 00000000 00000000 4
0 0 0 297 00000000 00000000 4
0 0 0 298 00000000 00000000 4
0 0 0 299 00000000 00000000 4
0 0 0 300 00000000 00000000 4
0 0 0 301 00000000 00000000 4
0 0 0 302 00000000 00000000 4
0 0 0 303 00000000 00000000 4
0 0 0 304 00000000 00000000 4
0 0 0 305 00000000 00000000 4
0 0 0 306 00000000 00000000 4
0 0 0 307 00000000 00000000 4
0 0 0 308 00000000 00000000 4
0 0 0 309 00000000 00000000 4
0 0 0 310 00000000 00000000 4
0 0 0 311 00000000 00000000 4
0 0 0 312 00000000 00000000 4
0 0 0 313 00000000 00000000 4
0 0 0 314 00000000 00000000 4
0 0 0 315 00000000 00000000 4
0 0 0 316 00000000 00000000 4
0 0 0 317 00000000 00000000 4
0 0 0 318 00000000 00000000 4
0 0 0 319 00000000 00000000 4
0 0 0 320 00000000 00000000 4
0 0 0 321 00000000 00000000 4
0 0 0 322 00000000 00000000 4
0 0 0 323 00000000 00000000 4
0 0 0 324 00000000 00000000 4
0 0 0 325 00000000 00000000 4
0 0 0 326 00000000 00000000 4
0 0 0 327 00000000 00000000 4
0 0 0 328 00000000 00000000 4
0 0 0 329 00000000 00000000 4
0 0 0 330 00000000 00000000 4
0 0 0 331 00000000 00000000 4
0 0 0 332 00000000 00000000 4
0 0 0 333 00000000 00000000 4
0 0 0 334 00000000 00000000 4
0 0 0 335 00000000 00000000 4
0 0 0 336 00000000 00000000 4
0 0 0 337 00000000 00000000 4
0 0 0 338 00000000 00000000 4
0 0 0 339 00000000 00000000 4
0 0 0 340 00000000 00000000 4
0 0 0 341 00000000 00000000 4
0 0 0 342 00000000 00000000 4
0 0 0 343 00000000 00000000 4
0 0 0 344 00000000 00000000 4
0 0 0 345 00000000 00000000 4
0 0 0 346 00000000 00000000 4
0 0 0 347 00000000 00000000 4
0 0 0 348 00000000 00000000 4
0 0 0 349 00000000 00000000 4
0 0 0 350 00000000 00000000 4
0 0 0 351 00000000 00000000 4
0 0 0 352 00000000 00000000 4
0 0 0 353 00000000 00000000 4
0 0 0 354 00000000 00000000 4
0 0 0 355 00000000 00000000 4
0 0 0 356 00000000 00000000 4
0 0 0 357 00000000 00000000 4
0 0 0 358 00000000 00000000 4
0 0 0 359 00000000 00000000 4
0 0 0 360 00000000 00000000 4
0 0 0 361 00000000 00000000 4
0 0 0 362 00000000 00000000 4
0 0 0 363 00000000 00000000 4
0 0 0 364 00000000 00000000 4
0 0 0 365 00000000 00000000 4
0 0 0 366 00000000 00000000 4
0 0 0 367 00000000 00000000 4
0 0 0 368 00000000 00000000 4
0 0 0 369 00000000 00000000 4
0 0 0 370 00000000 00000000 4
0 0 0 371 00000000 00000000 4
0 0 0 372 00000000 00000000 4
0 0 0 373 00000000 00000000 4
0 0 0 374 00000000 00000000 4
0 0 0 375 00000000 00000000 4
0 0 0 376 00000000 00000000 4
0 0 0 377 00000000 00000000 4
0 0 0 378 00000000 00000000 4
0 0 0 379 00000000 00000000 4
0 0 0 380 00000000 00000000 4
0 0 0 381 00000000 00000000 4
0 0 0 382 00000000 00000000 4
0 0 0 383 00000000 00000000 4
0 0 0 384 00000000 00000000 4
0 0 0 385 00000000 00000000 4
0 0 0 386 00000000 00000000 4
0 0 0 387 00000000 00000000 4
0 0 0 388 00000000 00000000 4
0 0 0 389 00000000 00000000 4
0 0 0 390 00000000 00000000 4
0 0 0 391 00000000 00000000 4
0 0 0 392 00000000 00000000 4
0 0 0 393 00000000 00000000 4
0 0 0 394 00000000 00000000 4
0 0 0 395 00000000 00000000 4
0 0 0 396 00000000 00000000 4
0 0 0 397 00000000 00000000 4
0 0 0 398 00000000 00000000 4
0 0 0 399 00000000 00000000 4
0 0 0 400 00000000 00000000 4
0 0 0 401 00000000 00000000 4
0 0 0 402 00000000 00000000 4
0 0 0 403 00000000 00000000 4
0 0 0 404 00000000 00000000 4
0 0 0 405 00000000 00000000 4
0 0 0 406 00000000 00000000 4
0 0 0 407 00000000 00000000 4
0 0 0 408 00000000 00000000 4
0 0 0 409 00000000 00000000 4
0 0 0 410 00000000 00000000 4
0 0 0 411 00000000 00000000 4
0 0 0 412 00000000 00000000 4
0 0 0 413 00000000 00000000 4
0 0 0 414 00000000 00000000 4
0 0 0 415 00000000 00000000 4
0 0 0 416 00000000 00000000 4
0 0 0 417 00000000 00000000 4
0 0 0 418 00000000 00000000 4
0 0 0 419 00000000 00000000 4
0 0 0 420 00000000 00000000 4
0 0 0 421 00000000 00000000 4
0 0 0 422 00000000 00000000 4
0 0 0 423 00000000 00000000 4
0 0 0 424 00000000 00000000 4
0 0 0 425 00000000 00000000 4
0 0 0 426 00000000 00000000 4
0 0 0 427 00000000 00000000 4
0 0 0 428 00000000 00000000 4
0 0 0 429 00000000 00000000 4
0 0 0 430 00000000 00000000 4
0 0 0 431 00000000 00000000 4
0 0 0 432 00000000 00000000 4
0 0 0 433 00000000 00000000 4
0 0 0 434 00000000 00000000 4
0 0 0 435 00000000 00000000 4
0 0 0 436 00000000 00000000 4
0 0 0 437 00000000 00000000 4
0 0 0 438 00000000 00000000 4
0 0 0 439 00000000 00000000 4
0 0 0 440 00000000 00000000 4
0 0 0 441 00000000 00000000 4
0 0 0 442 00000000 00000000 4
0 0 0 443 00000000 00000000 4
0 0 0 444 00000000 00000000 4
0 0 0 445 00000000 00000000 4
0 0 0 446 00000000 00000000 4
0 0 0 447 00000000 00000000 4
0 0 0 448 00000000 00000000 4
0 0 0 449 00000000 00000000 4
0 0 0 450 00000000 00000000 4
0 0 0 451 00000000 00000000 4
0 0 0 452 00000000 00000000 4
0 0 0 453 00000000 00000000 4
0 0 0 454 00000000 00000000 4
0 0 0 455 00000000 00000000 4
0 0 0 456 00000000 00000000 4
0 0 0 457 00000000 00000000 4
0 0 0 458 00000000 00000000 4
0 0 0 459 00000000 00000000 4
0 0 0 460 00000000 00000000 4
0 0 0 461 00000000 00000000 4
0 0 0 462 00000000 00000000 4
0 0 0 463 00000000 00000000 4
0 0 0 464 00000000 00000000 4
0 0 0 465 00000000 00000000 4
0 0 0 466 00000000 00000000 4
0 0 0 467 00000000 00000000 4
0 0 0 468 00000000 00000000 4
0 0 0 469 00000000 00000000 4
0 0 0 470 00000000 00000000 4
0 0 0 471 00000000 00000000 4
0 0 0 472 00000000 00000000 4
0 0 0 473 00000000 00000000 4
0 0 0 474 00000000 00000000 4
0 0 0 475 00000000 00000000 4
0 0 0 476 00000000 00000000 4
0 0 0 477 00000000 00000000 4
0 0 0 478 00000000 00000000 4
0 0 0 479 00000000 00000000 4
0 0 0 480 00000000 00000000 4
0 0 0 481 00000000 00000000 4
0 0 0 482 00000000 00000000 4
0 0 0 483 00000000 00000000 4
0 0 0 484 00000000 00000000 4
0 0 0 485 00000000 00000000 4
0 0 0 486 00000000 00000000 4
0 0 0 487 00000000 00000000 4
0 0 0 488 00000000 00000000 4
0 0 0 489 00000000 00000000 4
0 0 0 490 00000000 00000000 4
0 0 0 491 00000000 00000000 4
0 0 0 492 00000000 00000000 4
0 0 0 493 00000000 00000000 4
0 0 0 494 00000000 00000000 4
0 0 0 495 00000000 00000000 4
0 0 0 496 00000000 00000000 4
0 0 0 497 00000000 00000000 4
0 0 0 498 00000000 00000000 4
0 0 0 499 00000000 00000000 4
0 0 0 500 00000000 00000000 4
0 0 0 501 00000000 00000000 4
0 0 0 502 00000000 00000000 4
0 0 0 503 00000000 00000000 4
0 0 0 504 00000000 00000000 4
0 0 0 505 00000000 00000000 4
0 0 0 506 00000000 00000000 4
0 0 0 507 00000000 00000000 4
0 0 0 508 00000000 00000000 4
0 0 0 509 00000000 00000000 4
0 0 0 510 00000000 00000000 4
0 0 0 511 00000000 00000000 4
0 1 0 0 00000000 00000000 4
0 1 0 1 00000000 00000000 4
0 1 0 2 00000000 00000000 4
0 1 0 3 00000000 00000000 4
0 1 0 4 00000000 00000000 4
0 1 0 5 00000000 00000000 4
0 1 0 6 00000000 00000000 4
0 1 0 7 00000000 00000000 4
0 1 0 8 00000000 00000000 4
0 1 0 9 00000000 00000000 4
0 1 0 10 00000000 00000000 4
0 1 0 11 00000000 00000000 4
0 1 0 12 00000000 00000000 4
0 1 0 13 00000000 00000000 4
0 1 0 14 00000000 00000000 4
0 1 0 15 00000000 00000000 4
0 1 0 16 00000000 00000000 4
0 1 0 17 00000000 00000000 4
0 1 0 18 00000000 00000000 4
0 1 0 19 00000000 00000000 4
0 1 0 20 00000000 00000000 4
0 1 0 21 00000000 00000000 4
0 1 0 22 00000000 00000000 4
0 1 0 23 00000000 00000000 4
0 1 0 24 00000000 00000000 4
0 1 0 25 00000000 00000000 4
0 1 0 26 00000000 00000000 4
0 1 0 27 00000000 00000000 4
0 1 0 28 00000000 00000000 4
0 1 0 29 00000000 00000000 4
0 1 0 30 00000000 00000000 4
0 1 0 31 00000000 00000000 4
0 1 0 32 00000000 00000000 4
0 1 0 33 00000000 00000000 4
0 1 0 34 00000000 00000000 4
0 1 0 35 00000000 00000000 4
0 1 0 36 00000000 00000000 4
0 1 0 37 00000000 00000000 4
0 1 0 38 00000000 00000000 4
0 1 0 39 00000000 00000000 4
0 1 0 40 00000000 00000000 4
0 1 0 41 00000000 00000000 4
0 1 0 42 00000000 00000000 4
0 1 0 43 00000000 00000000 4
0 1 0 44 00000000 00000000 4
0 1 0 45 00000000 00000000 4
0 1 0 46 00000000 00000000 4
0 1 0 47 00000000 00000000 4
0 1 0 48 00000000 00000000 4
0 1 0 49 00000000 00000000 4
0 1 0 50 00000000 00000000 4
0 1 0 51 00000000 00000000 4
0 1 0 52 00000000 00000000 4
0 1 0 53 00000000 00000000 4
0 1 0 54 00000000 00000000 4
0 1 0 55 00000000 00000000 4
0 1 0 56 00000000 00000000 4
0 1 0 57 00000000 00000000 4
0 1 0 58 00000000 00000000 4
0 1 0 59 00000000 00000000 4
0 1 0 60 00000000 00000000 4
0 1 0 61 00000000 00000000 4
0 1 0 62 00000000 00000000 4
0 1 0 63 00000000 00000000 4
0 1 0 64 00000000 00000000 4
0 1 0 65 00000000 00000000 4
0 1 0 66 00000000 00000000 4
0 1 0 67 00000000 00000000 4
0 1 0 68 00000000 00000000 4
0 1 0 69 00000000 00000000 4
0 1 0 70 00000000 00000000 4
0 1 0 71 00000000 00000000 4
0 1 0 72 00000000 00000000 4
0 1 0 73 00000000 00000000 4
0 1 0 74 00000000 00000000 4
0 1 0 75 00000000 00000000 4
0 1 0 76 00000000 00000000 4
0 1 0 77 00000000 00000000 4
0 1 0 78 00000000 00000000 4
0 1 0 79 00000000 00000000 4
0 1 0 80 00000000 00000000 4
0 1 0 81 00000000 00000000 4
0 1 0 82 00000000 00000000 4
0 1 0 83 00000000 00000000 4
0 1 0 84 00000000 00000000 4
0 1 0 85 00000000 00000000 4
0 1 0 86 00000000 00000000 4
0 1 0 87 00000000 00000000 4
0 1 0 88 00000000 00000000 4
0 1 0 89 00000000 00000000 4
0 1 0 90 00000000 00000000 4
0 1 0 91 00000000 00000000 4
0 1 0 92 00000000 00000000 4
0 1 0 93 00000000 00000000 4
0 1 0 94 00000000 00000000 4
0 1 0 95 00000000 00000000 4
0 1 0 96 00000000 00000000 4
0 1 0 97 00000000 00000000 4
0 1 0 98 00000000 00000000 4
0 1 0 99 00000000 00000000 4
0 1 0 100 00000000 00000000 4
0 1 0 101 00000000 00000000 4
0 1 0 102 00000000 00000000 4
0 1 0 103 00000000 00000000 4
0 1 0 104 00000000 00000000 4
0 1 0 105 00000000 00000000 4
0 1 0 106 00000000 00000000 4
0 1 0 107 00000000 00000000 4
0 1 0 108 00000000 00000000 4
0 1 0 109 00000000 00000000 4
0 1 0 110 00000000 00000000 4
0 1 0 111 00000000 00000000 4
0 1 0 112 00000000 00000000 4
0 1 0 113 00000000 00000000 4
0 1 0 114 00000000 00000000 4
0 1 0 115 00000000 00000000 4
0 1 0 116 00000000 00000000 4
0 1 0 117 00000000 00000000 4
0 1 0 118 00000000 00000000 4
0 1 0 119 00000000 00000000 4
0 1 0 120 00000000 00000000 4
0 1 0 121 00000000 00000000 4
0 1 0 122 00000000 00000000 4
0 1 0 123 00000000 00000000 4
0 1 0 124 00000000 00000000 4
0 1 0 125 00000000 00000000 4
0 1 0 126 00000000 00000000 4
0 1 0 127 00000000 00000000 4
0 1 0 128 00000000 00000000 4
0 1 0 129 00000000 00000000 4
0 1 0 130 00000000 00000000 4
0 1 0 131 00000000 00000000 4
0 1 0 132 00000000 00000000 4
0 1 0 133 00000000 00000000 4
0 1 0 134 00000000 00000000 4
0 1 0 135 00000000 00000000 4
0 1 0 136 00000000 00000000 4
0 1 0 137 00000000 00000000 4
0 1 0 138 00000000 00000000 4
0 1 0 139 00000000 00000000 4
0 1 0 140 00000000 00000000 4
0 1 0 141 00000000 00000000 4
0 1 0 142 00000000 00000000 4
0 1 0 143 00000000 00000000 4
0 1 0 144 00000000 00000000 4
0 1 0 145 00000000 00000000 4
0 1 0 146 00000000 00000000 4
0 1 0 147 00000000 00000000 4
0 1 0 148 00000000 00000000 4
0 1 0 149 00000000 00000000 4
0 1 0 150 00000000 00000000 4
0 1 0 151 00000000 00000000 4
0 1 0 152 00000000 00000000 4
0 1 0 153 00000000 00000000 4
0 1 0 154 00000000 00000000 4
0 1 0 155 00000000 00000000 4
0 1 0 156 00000000 00000000 4
0 1 0 157 00000000 00000000 4
0 1 0 158 00000000 00000000 4
0 1 0 159 00000000 00000000 4
0 1 0 160 00000000 00000000 4
0 1 0 161 00000000 00000000 4
0 1 0 162 00000000 00000000 4
0 1 0 163 00000000 00000000 4
0 1 0 164 00000000 00000000 4
0 1 0 165 00000000 00000000 4
0 1 0 166 00000000 00000000 4
0 1 0 167 00000000 00000000 4
0 1 0 168 00000000 00000000 4
0 1 0 169 00000000 00000000 4
0 1 0 170 00000000 00000000 4
0 1 0 171 00000000 00000000 4
0 1 0 172 00000000 00000000 4
0 1 0 173 00000000 00000000 4
0 1 0 174 00000000 00000000 4
0 1 0 175 00000000 00000000 4
0 1 0 176 00000000 00000000 4
0 1 0 177 00000000 00000000 4
0 1 0 178 00000000 00000000 4
0 1 0 179 00000000 00000000 4
0 1 0 180 00000000 00000000 4
0 1 0 181 00000000 00000000 4
0 1 0 182 00000000 00000000 4
0 1 0 183 00000000 00000000 4
0 1 0 184 00000000 00000000 4
0 1 0 185 00000000 00000000 4
0 1 0 186 00000000 00000000 4
0 1 0 187 00000000 00000000 4
0 1 0 188 00000000 00000000 4
0 1 0 189 00000000 00000000 4
0 1 0 190 00000000 00000000 4
0 1 0 191 00000000 00000000 4
0 1 0 192 00000000 00000000 4
0 1 0 193 00000000 00000000 4
0 1 0 194 00000000 00000000 4
0 1 0 195 00000000 00000000 4
0 1 0 196 00000000 00000000 4
0 1 0 197 00000000 00000000 4
0 1 0 198 00000000 00000000 4
0 1 0 199 00000000 00000000 4
0 1 0 200 00000000 00000000 4
0 1 0 201 00000000 00000000 4
0 1 0 202 00000000 00000000 4
0 1 0 203 00000000 00000000 4
0 1 0 204 00000000 00000000 4
0 1 0 205 00000000 00000000 4
0 1 0 206 00000000 00000000 4
0 1 0 207 00000000 00000000 4
0 1 0 208 00000000 00000000 4
0 1 0 209 00000000 00000000 4
0 1 0 210 00000000 00000000 4
0 1 0 211 00000000 00000000 4
0 1 0 212 00000000 00000000 4
0 1 0 213 00000000 00000000 4
0 1 0 214 00000000 00000000 4
0 1 0 215 00000000 00000000 4
0 1 0 216 00000000 00000000 4
0 1 0 217 00000000 00000000 4
0 1 0 218 00000000 00000000 4
0 1 0 219 00000000 00000000 4
0 1 0 220 00000000 00000000 4
0 1 0 221 00000000 00000000 4
0 1 0 222 00000000 00000000 4
0 1 0 223 00000000 00000000 4
0 1 0 224 00000000 00000000 4
0 1 0 225 00000000 00000000 4
0 1 0 226 00000000 00000000 4
0 1 0 227 00000000 00000000 4
0 1 0 228 00000000 00000000 4
0 1 0 229 00000000 00000000 4
0 1 0 230 00000000 00000000 4
0 1 0 231 00000000 00000000 4
0 1 0 232 00000000 00000000 4
0 1 0 233 00000000 00000000 4
0 1 0 234 00000000 00000000 4
0 1 0 235 00000000 00000000 4
0 1 0 236 00000000 00000000 4
0 1 0 237 00000000 00000000 4
0 1 0 238 00000000 00000000 4
0 1 0 239 00000000 00000000 4
0 1 0 240 00000000 00000000 4
0 1 0 241 00000000 00000000 4
0 1 0 242 00000000 00000000 4
0 1 0 243 00000000 00000000 4
0 1 0 244 00000000 00000000 4
0 1 0 245 00000000 00000000 4
0 1 0 246 00000000 00000000 4
0 1 0 247 00000000 00000000 4
0 1 0 248 00000000 00000000 4
0 1 0 249 00000000 00000000 4
0 1 0 250 00000000 00000000 4
0 1 0 251 00000000 00000000 4
0 1 0 252 00000000 00000000 4
0 1 0 253 00000000 00000000 4
0 1 0 254 00000000 00000000 4
0 1 0 255 00000000 00000000 4
0 1 0 256 00000000 00000000 4
0 1 0 257 00000000 00000000 4
0 1 0 258 00000000 00000000 4
0 1 0 259 00000000 00000000 4
0 1 0 260 00000000 00000000 4
0 1 0 261 00000000 00000000 4
0 1 0 262 00000000 00000000 4
0 1 0 263 00000000 00000000 4
0 1 0 264 00000000 00000000 4
0 1 0 265 00000000 00000000 4
0 1 0 266 00000000 00000000 4
0 1 0 267 00000000 00000000 4
0 1 0 268 00000000 00000000 4
0 1 0 269 00000000 00000000 4
0 1 0 270 00000000 00000000 4
0 1 0 271 00000000 00000000 4
0 1 0 272 00000000 00000000 4
0 1 0 273 00000000 00000000 4
0 1 0 274 00000000 00000000 4
0 1 0 275 00000000 00000000 4
0 1 0 276 00000000 00000000 4
0 1 0 277 00000000 00000000 4
0 1 0 278 00000000 00000000 4
0 1 0 279 00000000 00000000 4
0 1 0 280 00000000 00000000 4
0 1 0 281 00000000 00000000 4
0 1 0 282 00000000 00000000 4
0 1 0 283 00000000 00000000 4
0 1 0 284 00000000 00000000 4
0 1 0 285 00000000 00000000 4
0 1 0 286 00000000 00000000 4
0 1 0 287 00000000 00000000 4
0 1 0 288 00000000 00000000 4
0 1 0 289 00000000 00000000 4
0 1 0 290 00000000 00000000 4
0 1 0 291 00000000 00000000 4
0 1 0 292 00000000 00000000 4
0 1 0 293 00000000 00000000 4
0 1 0 294 00000000 00000000 4
0 1 0 295 00000000 00000000 4
0 1 0 296 00000000 00000000 4
0 1 0 297 00000000 00000000 4
0 1 0 298 00000000 00000000 4
0 1 0 299 00000000 00000000 4
0 1 0 300 00000000 00000000 4
0 1 0 301 00000000 00000000 4
0 1 0 302 00000000 00000000 4
0 1 0 303 00000000 00000000 4
0 1 0 304 00000000 00000000 4
0 1 0 305 00000000 00000000 4
0 1 0 306 00000000 00000000 4
0 1 0 307 00000000 00000000 4
0 1 0 308 00000000 00000000 4
0 1 0 309 00000000 00000000 4
0 1 0 310 00000000 00000000 4
0 1 0 311 00000000 00000000 4
0 1 0 312 00000000 00000000 4
0 1 0 313 00000000 00000000 4
0 1 0 314 00000000 00000000 4
0 1 0 315 00000000 00000000 4
0 1 0 316 00000000 00000000 4
0 1 0 317 00000000 00000000 4
0 1 0 318 00000000 00000000 4
0 1 0 319 00000000 00000000 4
0 1 0 320 00000000 00000000 4
0 1 0 321 00000000 00000000 4
0 1 0 322 00000000 00000000 4
0 1 0 323 00000000 00000000 4
0 1 0 324 00000000 00000000 4
0 1 0 325 00000000 00000000 4
0 1 0 326 00000000 00000000 4
0 1 0 327 00000000 00000000 4
0 1 0 328 00000000 00000000 4
0 1 0 329 00000000 00000000 4
0 1 0 330 00000000 00000000 4
0 1 0 331 00000000 00000000 4
0 1 0 332 00000000 00000000 4
0 1 0 333 00000000 00000000 4
0 1 0 334 00000000 00000000 4
0 1 0 335 00000000 00000000 4
0 1 0 336 00000000 00000000 4
0 1 0 337 00000000 00000000 4
0 1 0 338 00000000 00000000 4
0 1 0 339 00000000 00000000 4
0 1 0 340 00000000 00000000 4
0 1 0 341 00000000 00000000 4
0 1 0 342 00000000 00000000 4
0 1 0 343 00000000 00000000 4
0 1 0 344 00000000 00000000 4
0 1 0 345 00000000 00000000 4
0 1 0 346 00000000 00000000 4
0 1 0 347 00000000 00000000 4
0 1 0 348 00000000 00000000 4
0 1 0 349 00000000 00000000 4
0 1 0 350 00000000 00000000 4
0 1 0 351 00000000 00000000 4
0 1 0 352 00000000 00000000 4
0 1 0 353 00000000 00000000 4
0 1 0 354 00000000 00000000 4
0 1 0 355 00000000 00000000 4
0 1 0 356 00000000 00000000 4
0 1 0 357 00000000 00000000 4
0 1 0 358 00000000 00000000 4
0 1 0 359 00000000 00000000 4
0 1 0 360 00000000 00000000 4
0 1 0 361 00000000 00000000 4
0 1 0 362 00000000 00000000 4
0 1 0 363 00000000 00000000 4
0 1 0 364 00000000 00000000 4
0 1 0 365 00000000 00000000 4
0 1 0 366 00000000 00000000 4
0 1 0 367 00000000 00000000 4
0 1 0 368 00000000 00000000 4
0 1 0 369 00000000 00000000 4
0 1 0 370 00000000 00000000 4
0 1 0 371 00000000 00000000 4
0 1 0 372 00000000 00000000 4
0 1 0 373 00000000 00000000 4
0 1 0 374 00000000 00000000 4
0 1 0 375 00000000 00000000 4
0 1 0 376 00000000 00000000 4
0 1 0 377 00000000 00000000 4
0 1 0 378 00000000 00000000 4
0 1 0 379 00000000 00000000 4
0 1 0 380 00000000 00000000 4
0 1 0 381 00000000 00000000 4
0 1 0 382 00000000 00000000 4
0 1 0 383 00000000 00000000 4
0 1 0 384 00000000 00000000 4
0 1 0 385 00000000 00000000 4
0 1 0 386 00000000 00000000 4
0 1 0 387 00000000 00000000 4
0 1 0 388 00000000 00000000 4
0 1 0 389 00000000 00000000 4
0 1 0 390 00000000 00000000 4
0 1 0 391 00000000 00000000 4
0 1 0 392 00000000 00000000 4
0 1 0 393 00000000 00000000 4
0 1 0 394 00000000 00000000 4
0 1 0 395 00000000 00000000 4
0 1 0 396 00000000 00000000 4
0 1 0 397 00000000 00000000 4
0 1 0 398 00000000 00000000 4
0 1 0 399 00000000 00000000 4
0 1 0 400 00000000 00000000 4
0 1 0 401 00000000 00000000 4
0 1 0 402 00000000 00000000 4
0 1 0 403 00000000 00000000 4
0 1 0 404 00000000 00000000 4
0 1 0 405 00000000 00000000 4
0 1 0 406 00000000 00000000 4
0 1 0 407 00000000 00000000 4
0 1 0 408 00000000 00000000 4
0 1 0 409 00000000 00000000 4
0 1 0 410 00000000 00000000 4
0 1 0 411 00000000 00000000 4
0 1 0 412 00000000 00000000 4
0 1 0 413 00000000 00000000 4
0 1 0 414 00000000 00000000 4
0 1 0 415 00000000 00000000 4
0 1 0 416 00000000 00000000 4
0 1 0 417 00000000 00000000 4
0 1 0 418 00000000 00000000 4
0 1 0 419 00000000 00000000 4
0 1 0 420 00000000 00000000 4
0 1 0 421 00000000 00000000 4
0 1 0 422 00000000 00000000 4
0 1 0 423 00000000 00000000 4
0 1 0 424 00000000 00000000 4
0 1 0 425 00000000 00000000 4
0 1 0 426 00000000 00000000 4
0 1 0 427 00000000 00000000 4
0 1 0 428 00000000 00000000 4
0 1 0 429 00000000 00000000 4
0 1 0 430 00000000 00000000 4
0 1 0 431 00000000 00000000 4
0 1 0 432 00000000 00000000 4
0 1 0 433 00000000 00000000 4
0 1 0 434 00000000 00000000 4
0 1 0 435 00000000 00000000 4
0 1 0 436 00000000 00000000 4
0 1 0 437 00000000 00000000 4
0 1 0 438 00000000 00000000 4
0 1 0 439 00000000 00000000 4
0 1 0 440 00000000 00000000 4
0 1 0 441 00000000 00000000 4
0 1 0 442 00000000 00000000 4
0 1 0 443 00000000 00000000 4
0 1 0 444 00000000 00000000 4
0 1 0 445 00000000 00000000 4
0 1 0 446 00000000 00000000 4
0 1 0 447 00000000 00000000 4
0 1 0 448 00000000 00000000 4
0 1 0 449 00000000 00000000 4
0 1 0 450 00000000 00000000 4
0 1 0 451 00000000 00000000 4
0 1 0 452 00000000 00000000 4
0 1 0 453 00000000 00000000 4
0 1 0 454 00000000 00000000 4
0 1 0 455 00000000 00000000 4
0 1 0 456 00000000 00000000 4
0 1 0 457 00000000 00000000 4
0 1 0 458 00000000 00000000 4
0 1 0 459 00000000 00000000 4
0 1 0 460 00000000 00000000 4
0 1 0 461 00000000 00000000 4
0 1 0 462 00000000 00000000 4
0 1 0 463 00000000 00000000 4
0 1 0 464 00000000 00000000 4
0 1 0 465 00000000 00000000 4
0 1 0 466 00000000 00000000 4
0 1 0 467 00000000 00000000 4
0 1 0 468 00000000 00000000 4
0 1 0 469 00000000 00000000 4
0 1 0 470 00000000 00000000 4
0 1 0 471 00000000 00000000 4
0 1 0 472 00000000 00000000 4
0 1 0 473 00000000 00000000 4
0 1 0 474 00000000 00000000 4
0 1 0 475 00000000 00000000 4
0 1 0 476 00000000 00000000 4
0 1 0 477 00000000 00000000 4
0 1 0 478 00000000 00000000 4
0 1 0 479 00000000 00000000 4
0 1 0 480 00000000 00000000 4
0 1 0 481 00000000 00000000 4
0 1 0 482 00000000 00000000 4
0 1 0 483 00000000 00000000 4
0 1 0 484 00000000 00000000 4
0 1 0 485 00000000 00000000 4
0 1 0 486 00000000 00000000 4
0 1 0 487 00000000 00000000 4
0 1 0 488 00000000 00000000 4
0 1 0 489 00000000 00000000 4
0 1 0 490 00000000 00000000 4
0 1 0 491 00000000 00000000 4
0 1 0 492 00000000 00000000 4
0 1 0 493 00000000 00000000 4
0 1 0 494 00000000 00000000 4
0 1 0 495 00000000 00000000 4
0 1 0 496 00000000 00000000 4
0 1 0 497 00000000 00000000 4
0 1 0 498 00000000 00000000 4
0 1 0 499 00000000 00000000 4
0 1 0 500 00000000 00000000 4
0 1 0 501 00000000 00000000 4
0 1 0 502 00000000 00000000 4
0 1 0 503 00000000 00000000 4
0 1 0 504 00000000 00000000 4
0 1 0 505 00000000 00000000 4
0 1 0 506 00000000 00000000 4
0 1 0 507 00000000 00000000 4
0 1 0 508 00000000 00000000 4
0 1 0 509 00000000 00000000 4
0 1 0 510 00000000 00000000 4
0 1 0 511 00000000 00000000 4
0 2 0 0 00000000 00000000 4
0 2 0 1 00000000 00000000 4
0 2 0 2 00000000 00000000 4
0 2 0 3 00000000 00000000 4
0 2 0 4 00000000 00000000 4
0 2 0 5 00000000 00000000 4
0 2 0 6 00000000 00000000 4
0 2 0 7 00000000 00000000 4
0 2 0 8 00000000 00000000 4
0 2 0 9 00000000 00000000 4
0 2 0 10 00000000 00000000 4
0 2 0 11 00000000 00000000 4
0 2 0 12 00000000 00000000 4
0 2 0 13 00000000 00000000 4
0 2 0 14 00000000 00000000 4
0 2 0 15 00000000 00000000 4
0 2 0 16 00000000 00000000 4
0 2 0 17 00000000 00000000 4
0 2 0 18 00000000 00000000 4
0 2 0 19 00000000 00000000 4
0 2 0 20 00000000 00000000 4
0 2 0 21 00000000 00000000 4
0 2 0 22 00000000 00000000 4
0 2 0 23 00000000 00000000 4
0 2 0 24 00000000 00000000 4
0 2 0 25 00000000 00000000 4
0 2 0 26 00000000 00000000 4
0 2 0 27 00000000 00000000 4
0 2 0 28 00000000 00000000 4
0 2 0 29 00000000 00000000 4
0 2 0 30 00000000 00000000 4
0 2 0 31 00000000 00000000 4
0 2 0 32 00000000 00000000 4
0 2 0 33 00000000 00000000 4
0 2 0 34 00000000 00000000 4
0 2 0 35 00000000 00000000 4
0 2 0 36 00000000 00000000 4
0 2 0 37 00000000 00000000 4
0 2 0 38 00000000 00000000 4
0 2 0 39 00000000 00000000 4
0 2 0 40 00000000 00000000 4
0 2 0 41 00000000 00000000 4
0 2 0 42 00000000 00000000 4
0 2 0 43 00000000 00000000 4
0 2 0 44 00000000 00000000 4
0 2 0 45 00000000 00000000 4
0 2 0 46 00000000 00000000 4
0 2 0 47 00000000 00000000 4
0 2 0 48 00000000 00000000 4
0 2 0 49 00000000 00000000 4
0 2 0 50 00000000 00000000 4
0 2 0 51 00000000 00000000 4
0 2 0 52 00000000 00000000 4
0 2 0 53 00000000 00000000 4
0 2 0 54 00000000 00000000 4
0 2 0 55 00000000 00000000 4
0 2 0 56 00000000 00000000 4
0 2 0 57 00000000 00000000 4
0 2 0 58 00000000 00000000 4
0 2 0 59 00000000 00000000 4
0 2 0 60 00000000 00000000 4
0 2 0 61 00000000 00000000 4
0 2 0 62 00000000 00000000 4
0 2 0 63 00000000 00000000 4
0 2 0 64 00000000 00000000 4
0 2 0 65 00000000 00000000 4
0 2 0 66 00000000 00000000 4
0 2 0 67 00000000 00000000 4
0 2 0 68 00000000 00000000 4
0 2 0 69 00000000 00000000 4
0 2 0 70 00000000 00000000 4
0 2 0 71 00000000 00000000 4
0 2 0 72 00000000 00000000 4
0 2 0 73 00000000 00000000 4
0 2 0 74 00000000 00000000 4
0 2 0 75 00000000 00000000 4
0 2 0 76 00000000 00000000 4
0 2 0 77 00000000 00000000 4
0 2 0 78 00000000 00000000 4
0 2 0 79 00000000 00000000 4
0 2 0 80 00000000 00000000 4
0 2 0 81 00000000 00000000 4
0 2 0 82 00000000 00000000 4
0 2 0 83 00000000 00000000 4
0 2 0 84 00000000 00000000 4
0 2 0 85 00000000 00000000 4
0 2 0 86 00000000 00000000 4
0 2 0 87 00000000 00000000 4
0 2 0 88 00000000 00000000 4
0 2 0 89 00000000 00000000 4
0 2 0 90 00000000 00000000 4
0 2 0 91 00000000 00000000 4
0 2 0 92 00000000 00000000 4
0 2 0 93 00000000 00000000 4
0 2 0 94 00000000 00000000 4
0 2 0 95 00000000 00000000 4
0 2 0 96 00000000 00000000 4
0 2 0 97 00000000 00000000 4
0 2 0 98 00000000 00000000 4
0 2 0 99 00000000 00000000 4
0 2 0 100 00000000 00000000 4
0 2 0 101 00000000 00000000 4
0 2 0 102 00000000 00000000 4
0 2 0 103 00000000 00000000 4
0 2 0 104 00000000 00000000 4
0 2 0 105 00000000 00000000 4
0 2 0 106 00000000 00000000 4
0 2 0 107 00000000 00000000 4
0 2 0 108 00000000 00000000 4
0 2 0 109 00000000 00000000 4
0 2 0 110 00000000 00000000 4
0 2 0 111 00000000 00000000 4
0 2 0 112 00000000 00000000 4
0 2 0 113 00000000 00000000 4
0 2 0 114 00000000 00000000 4
0 2 0 115 00000000 00000000 4
0 2 0 116 00000000 00000000 4
0 2 0 117 00000000 00000000 4
0 2 0 118 00000000 00000000 4
0 2 0 119 00000000 00000000 4
0 2 0 120 00000000 00000000 4
0 2 0 121 00000000 00000000 4
0 2 0 122 00000000 00000000 4
0 2 0 123 00000000 00000000 4
0 2 0 124 00000000 00000000 4
0 2 0 125 00000000 00000000 4
0 2 0 126 00000000 00000000 4
0 2 0 127 00000000 00000000 4
0 2 0 128 00000000 00000000 4
0 2 0 129 00000000 00000000 4
0 2 0 130 00000000 00000000 4
0 2 0 131 00000000 00000000 4
0 2 0 132 00000000 00000000 4
0 2 0 133 00000000 00000000 4
0 2 0 134 00000000 00000000 4
0 2 0 135 00000000 00000000 4
0 2 0 136 00000000 00000000 4
0 2 0 137 00000000 00000000 4
0 2 0 138 00000000 00000000 4
0 2 0 139 00000000 00000000 4
0 2 0 140 00000000 00000000 4
0 2 0 141 00000000 00000000 4
0 2 0 142 00000000 00000000 4
0 2 0 143 00000000 00000000 4
0 2 0 144 00000000 00000000 4
0 2 0 145 00000000 00000000 4
0 2 0 146 00000000 00000000 4
0 2 0 147 00000000 00000000 4
0 2 0 148 00000000 00000000 4
0 2 0 149 00000000 00000000 4
0 2 0 150 00000000 00000000 4
0 2 0 151 00000000 00000000 4
0 2 0 152 00000000 00000000 4
0 2 0 153 00000000 00000000 4
0 2 0 154 00000000 00000000 4
0 2 0 155 00000000 00000000 4
0 2 0 156 00000000 00000000 4
0 2 0 157 00000000 00000000 4
0 2 0 158 00000000 00000000 4
0 2 0 159 00000000 00000000 4
0 2 0 160 00000000 00000000 4
0 2 0 161 00000000 00000000 4
0 2 0 162 00000000 00000000 4
0 2 0 163 00000000 00000000 4
0 2 0 164 00000000 00000000 4
0 2 0 165 00000000 00000000 4
0 2 0 166 00000000 00000000 4
0 2 0 167 00000000 00000000 4
0 2 0 168 00000000 00000000 4
0 2 0 169 00000000 00000000 4
0 2 0 170 00000000 00000000 4
0 2 0 171 00000000 00000000 4
0 2 0 172 00000000 00000000 4
0 2 0 173 00000000 00000000 4
0 2 0 174 00000000 00000000 4
0 2 0 175 00000000 00000000 4
0 2 0 176 00000000 00000000 4
0 2 0 177 00000000 00000000 4
0 2 0 178 00000000 00000000 4
0 2 0 179 00000000 00000000 4
0 2 0 180 00000000 00000000 4
0 2 0 181 00000000 00000000 4
0 2 0 182 00000000 00000000 4
0 2 0 183 00000000 00000000 4
0 2 0 184 00000000 00000000 4
0 2 0 185 00000000 00000000 4
0 2 0 186 00000000 00000000 4
0 2 0 187 00000000 00000000 4
0 2 0 188 00000000 00000000 4
0 2 0 189 00000000 00000000 4
0 2 0 190 00000000 00000000 4
0 2 0 191 00000000 00000000 4
0 2 0 192 00000000 00000000 4
0 2 0 193 00000000 00000000 4
0 2 0 194 00000000 00000000 4
0 2 0 195 00000000 00000000 4
0 2 0 196 00000000 00000000 4
0 2 0 197 00000000 00000000 4
0 2 0 198 00000000 00000000 4
0 2 0 199 00000000 00000000 4
0 2 0 200 00000000 00000000 4
0 2 0 201 00000000 00000000 4
0 2 0 202 00000000 00000000 4
0 2 0 203 00000000 00000000 4
0 2 0 204 00000000 00000000 4
0 2 0 205 00000000 00000000 4
0 2 0 206 00000000 00000000 4
0 2 0 207 00000000 00000000 4
0 2 0 208 00000000 00000000 4
0 2 0 209 00000000 00000000 4
0 2 0 210 00000000 00000000 4
0 2 0 211 00000000 00000000 4
0 2 0 212 00000000 00000000 4
0 2 0 213 00000000 00000000 4
0 2 0 214 00000000 00000000 4
0 2 0 215 00000000 00000000 4
0 2 0 216 00000000 00000000 4
0 2 0 217 00000000 00000000 4
0 2 0 218 00000000 00000000 4
0 2 0 219 00000000 00000000 4
0 2 0 220 00000000 00000000 4
0 2 0 221 00000000 00000000 4
0 2 0 222 00000000 00000000 4
0 2 0 223 00000000 00000000 4
0 2 0 224 00000000 00000000 4
0 2 0 225 00000000 00000000 4
0 2 0 226 00000000 00000000 4
0 2 0 227 00000000 00000000 4
0 2 0 228 00000000 00000000 4
0 2 0 229 00000000 00000000 4
0 2 0 230 00000000 00000000 4
0 2 0 231 00000000 00000000 4
0 2 0 232 00000000 00000000 4
0 2 0 233 00000000 00000000 4
0 2 0 234 00000000 00000000 4
0 2 0 235 00000000 00000000 4
0 2 0 236 00000000 00000000 4
0 2 0 237 00000000 00000000 4
0 2 0 238 00000000 00000000 4
0 2 0 239 00000000 00000000 4
0 2 0 240 00000000 00000000 4
0 2 0 241 00000000 00000000 4
0 2 0 242 00000000 00000000 4
0 2 0 243 00000000 00000000 4
0 2 0 244 00000000 00000000 4
0 2 0 245 00000000 00000000 4
0 2 0 246 00000000 00000000 4
0 2 0 247 00000000 00000000 4
0 2 0 248 00000000 00000000 4
0 2 0 249 00000000 00000000 4
0 2 0 250 00000000 00000000 4
0 2 0 251 00000000 00000000 4
0 2 0 252 00000000 00000000 4
0 2 0 253 00000000 00000000 4
0 2 0 254 00000000 00000000 4
0 2 0 255 00000000 00000000 4
0 2 0 256 00000000 00000000 4
0 2 0 257 00000000 00000000 4
0 2 0 258 00000000 00000000 4
0 2 0 259 00000000 00000000 4
0 2 0 260 00000000 00000000 4
0 2 0 261 00000000 00000000 4
0 2 0 262 00000000 00000000 4
0 2 0 263 00000000 00000000 4
0 2 0 264 00000000 00000000 4
0 2 0 265 00000000 00000000 4
0 2 0 266 00000000 00000000 4
0 2 0 267 00000000 00000000 4
0 2 0 268 00000000 00000000 4
0 2 0 269 00000000 00000000 4
0 2 0 270 00000000 00000000 4
0 2 0 271 00000000 00000000 4
0 2 0 272 00000000 00000000 4
0 2 0 273 00000000 00000000 4
0 2 0 274 00000000 00000000 4
0 2 0 275 00000000 00000000 4
0 2 0 276 00000000 00000000 4
0 2 0 277 00000000 00000000 4
0 2 0 278 00000000 00000000 4
0 2 0 279 00000000 00000000 4
0 2 0 280 00000000 00000000 4
0 2 0 281 00000000 00000000 4
0 2 0 282 00000000 00000000 4
0 2 0 283 00000000 00000000 4
0 2 0 284 00000000 00000000 4
0 2 0 285 00000000 00000000 4
0 2 0 286 00000000 00000000 4
0 2 0 287 00000000 00000000 4
0 2 0 288 00000000 00000000 4
0 2 0 289 00000000 00000000 4
0 2 0 290 00000000 00000000 4
0 2 0 291 00000000 00000000 4
0 2 0 292 00000000 00000000 4
0 2 0 293 00000000 00000000 4
0 2 0 294 00000000 00000000 4
0 2 0 295 00000000 00000000 4
0 2 0 296 00000000 00000000 4
0 2 0 297 00000000 00000000 4
0 2 0 298 00000000 00000000 4
0 2 0 299 00000000 00000000 4
0 2 0 300 00000000 00000000 4
0 2 0 301 00000000 00000000 4
0 2 0 302 00000000 00000000 4
0 2 0 303 00000000 00000000 4
0 2 0 304 00000000 00000000 4
0 2 0 305 00000000 00000000 4
0 2 0 306 00000000 00000000 4
0 2 0 307 00000000 00000000 4
0 2 0 308 00000000 00000000 4
0 2 0 309 00000000 00000000 4
0 2 0 310 00000000 00000000 4
0 2 0 311 00000000 00000000 4
0 2 0 312 00000000 00000000 4
0 2 0 313 00000000 00000000 4
0 2 0 314 00000000 00000000 4
0 2 0 315 00000000 00000000 4
0 2 0 316 00000000 00000000 4
0 2 0 317 00000000 00000000 4
0 2 0 318 00000000 00000000 4
0 2 0 319 00000000 00000000 4
0 2 0 320 00000000 00000000 4
0 2 0 321 00000000 00000000 4
0 2 0 322 00000000 00000000 4
0 2 0 323 00000000 00000000 4
0 2 0 324 00000000 00000000 4
0 2 0 325 00000000 00000000 4
0 2 0 326 00000000 00000000 4
0 2 0 327 00000000 00000000 4
0 2 0 328 00000000 00000000 4
0 2 0 329 00000000 00000000 4
0 2 0 330 00000000 00000000 4
0 2 0 331 00000000 00000000 4
0 2 0 332 00000000 00000000 4
0 2 0 333 00000000 00000000 4
0 2 0 334 00000000 00000000 4
0 2 0 335 00000000 00000000 4
0 2 0 336 00000000 00000000 4
0 2 0 337 00000000 00000000 4
0 2 0 338 00000000 00000000 4
0 2 0 339 00000000 00000000 4
0 2 0 340 00000000 00000000 4
0 2 0 341 00000000 00000000 4
0 2 0 342 00000000 00000000 4
0 2 0 343 00000000 00000000 4
0 2 0 344 00000000 00000000 4
0 2 0 345 00000000 00000000 4
0 2 0 346 00000000 00000000 4
0 2 0 347 00000000 00000000 4
0 2 0 348 00000000 00000000 4
0 2 0 349 00000000 00000000 4
0 2 0 350 00000000 00000000 4
0 2 0 351 00000000 00000000 4
0 2 0 352 00000000 00000000 4
0 2 0 353 00000000 00000000 4
0 2 0 354 00000000 00000000 4
0 2 0 355 00000000 00000000 4
0 2 0 356 00000000 00000000 4
0 2 0 357 00000000 00000000 4
0 2 0 358 00000000 00000000 4
0 2 0 359 00000000 00000000 4
0 2 0 360 00000000 00000000 4
0 2 0 361 00000000 00000000 4
0 2 0 362 00000000 00000000 4
0 2 0 363 00000000 00000000 4
0 2 0 364 00000000 00000000 4
0 2 0 365 00000000 00000000 4
0 2 0 366 00000000 00000000 4
0 2 0 367 00000000 00000000 4
0 2 0 368 00000000 00000000 4
0 2 0 369 00000000 00000000 4
0 2 0 370 00000000 00000000 4
0 2 0 371 00000000 00000000 4
0 2 0 372 00000000 00000000 4
0 2 0 373 00000000 00000000 4
0 2 0 374 00000000 00000000 4
0 2 0 375 00000000 00000000 4
0 2 0 376 00000000 00000000 4
0 2 0 377 00000000 00000000 4
0 2 0 378 00000000 00000000 4
0 2 0 379 00000000 00000000 4
0 2 0 380 00000000 00000000 4
0 2 0 381 00000000 00000000 4
0 2 0 382 00000000 00000000 4
0 2 0 383 00000000 00000000 4
0 2 0 384 00000000 00000000 4
0 2 0 385 00000000 00000000 4
0 2 0 386 00000000 00000000 4
0 2 0 387 00000000 00000000 4
0 2 0 388 00000000 00000000 4
0 2 0 389 00000000 00000000 4
0 2 0 390 00000000 00000000 4
0 2 0 391 00000000 00000000 4
0 2 0 392 00000000 00000000 4
0 2 0 393 00000000 00000000 4
0 2 0 394 00000000 00000000 4
0 2 0 395 00000000 00000000 4
0 2 0 396 00000000 00000000 4
0 2 0 397 00000000 00000000 4
0 2 0 398 00000000 00000000 4
0 2 0 399 00000000 00000000 4
0 2 0 400 00000000 00000000 4
0 2 0 401 00000000 00000000 4
0 2 0 402 00000000 00000000 4
0 2 0 403 00000000 00000000 4
0 2 0 404 00000000 00000000 4
0 2 0 405 00000000 00000000 4
0 2 0 406 00000000 00000000 4
0 2 0 407 00000000 00000000 4
0 2 0 408 00000000 00000000 4
0 2 0 409 00000000 00000000 4
0 2 0 410 00000000 00000000 4
0 2 0 411 00000000 00000000 4
0 2 0 412 00000000 00000000 4
0 2 0 413 00000000 00000000 4
0 2 0 414 00000000 00000000 4
0 2 0 415 00000000 00000000 4
0 2 0 416 00000000 00000000 4
0 2 0 417 00000000 00000000 4
0 2 0 418 00000000 00000000 4
0 2 0 419 00000000 00000000 4
0 2 0 420 00000000 00000000 4
0 2 0 421 00000000 00000000 4
0 2 0 422 00000000 00000000 4
0 2 0 423 00000000 00000000 4
0 2 0 424 00000000 00000000 4
0 2 0 425 00000000 00000000 4
0 2 0 426 00000000 00000000 4
0 2 0 427 00000000 00000000 4
0 2 0 428 00000000 00000000 4
0 2 0 429 00000000 00000000 4
0 2 0 430 00000000 00000000 4
0 2 0 431 00000000 00000000 4
0 2 0 432 00000000 00000000 4
0 2 0 433 00000000 00000000 4
0 2 0 434 00000000 00000000 4
0 2 0 435 00000000 00000000 4
0 2 0 436 00000000 00000000 4
0 2 0 437 00000000 00000000 4
0 2 0 438 00000000 00000000 4
0 2 0 439 00000000 00000000 4
0 2 0 440 00000000 00000000 4
0 2 0 441 00000000 00000000 4
0 2 0 442 00000000 00000000 4
0 2 0 443 00000000 00000000 4
0 2 0 444 00000000 00000000 4
0 2 0 445 00000000 00000000 4
0 2 0 446 00000000 00000000 4
0 2 0 447 00000000 00000000 4
0 2 0 448 00000000 00000000 4
0 2 0 449 00000000 00000000 4
0 2 0 450 00000000 00000000 4
0 2 0 451 00000000 00000000 4
0 2 0 452 00000000 00000000 4
0 2 0 453 00000000 00000000 4
0 2 0 454 00000000 00000000 4
0 2 0 455 00000000 00000000 4
0 2 0 456 00000000 00000000 4
0 2 0 457 00000000 00000000 4
0 2 0 458 00000000 00000000 4
0 2 0 459 00000000 00000000 4
0 2 0 460 00000000 00000000 4
0 2 0 461 00000000 00000000 4
0 2 0 462 00000000 00000000 4
0 2 0 463 00000000 00000000 4
0 2 0 464 00000000 00000000 4
0 2 0 465 00000000 00000000 4
0 2 0 466 00000000 00000000 4
0 2 0 467 00000000 00000000 4
0 2 0 468 00000000 00000000 4
0 2 0 469 00000000 00000000 4
0 2 0 470 00000000 00000000 4
0 2 0 471 00000000 00000000 4
0 2 0 472 00000000 00000000 4
0 2 0 473 00000000 00000000 4
0 2 0 474 00000000 00000000 4
0 2 0 475 00000000 00000000 4
0 2 0 476 00000000 00000000 4
0 2 0 477 00000000 00000000 4
0 2 0 478 00000000 00000000 4
0 2 0 479 00000000 00000000 4
0 2 0 480 00000000 00000000 4
0 2 0 481 00000000 00000000 4
0 2 0 482 00000000 00000000 4
0 2 0 483 00000000 00000000 4
0 2 0 484 00000000 00000000 4
0 2 0 485 00000000 00000000 4
0 2 0 486 00000000 00000000 4
0 2 0 487 00000000 00000000 4
0 2 0 488 00000000 00000000 4
0 2 0 489 00000000 00000000 4
0 2 0 490 00000000 00000000 4
0 2 0 491 00000000 00000000 4
0 2 0 492 00000000 00000000 4
0 2 0 493 00000000 00000000 4
0 2 0 494 00000000 00000000 4
0 2 0 495 00000000 00000000 4
0 2 0 496 00000000 00000000 4
0 2 0 497 00000000 00000000 4
0 2 0 498 00000000 00000000 4
0 2 0 499 00000000 00000000 4
0 2 0 500 00000000 00000000 4
0 2 0 501 00000000 00000000 4
0 2 0 502 00000000 00000000 4
0 2 0 503 00000000 00000000 4
0 2 0 504 00000000 00000000 4
0 2 0 505 00000000 00000000 4
0 2 0 506 00000000 00000000 4
0 2 0 507 00000000 00000000 4
0 2 0 508 00000000 00000000 4
0 2 0 509 00000000 00000000 4
0 2 0 510 00000000 00000000 4
0 2 0 511 00000000 00000000 4
0 3 0 0 00000000 00000000 4
0 3 0 1 00000000 00000000 4
0 3 0 2 00000000 00000000 4
0 3 0 3 00000000 00000000 4
0 3 0 4 00000000 00000000 4
0 3 0 5 00000000 00000000 4
0 3 0 6 00000000 00000000 4
0 3 0 7 00000000 00000000 4
0 3 0 8 00000000 00000000 4
0 3 0 9 00000000 00000000 4
0 3 0 10 00000000 00000000 4
0 3 0 11 00000000 00000000 4
0 3 0 12 00000000 00000000 4
0 3 0 13 00000000 00000000 4
0 3 0 14 00000000 00000000 4
0 3 0 15 00000000 00000000 4
0 3 0 16 00000000 00000000 4
0 3 0 17 00000000 00000000 4
0 3 0 18 00000000 00000000 4
0 3 0 19 00000000 00000000 4
0 3 0 20 00000000 00000000 4
0 3 0 21 00000000 00000000 4
0 3 0 22 00000000 00000000 4
0 3 0 23 00000000 00000000 4
0 3 0 24 00000000 00000000 4
0 3 0 25 00000000 00000000 4
0 3 0 26 00000000 00000000 4
0 3 0 27 00000000 00000000 4
0 3 0 28 00000000 00000000 4
0 3 0 29 00000000 00000000 4
0 3 0 30 00000000 00000000 4
0 3 0 31 00000000 00000000 4
0 3 0 32 00000000 00000000 4
0 3 0 33 00000000 00000000 4
0 3 0 34 00000000 00000000 4
0 3 0 35 00000000 00000000 4
0 3 0 36 00000000 00000000 4
0 3 0 37 00000000 00000000 4
0 3 0 38 00000000 00000000 4
0 3 0 39 00000000 00000000 4
0 3 0 40 00000000 00000000 4
0 3 0 41 00000000 00000000 4
0 3 0 42 00000000 00000000 4
0 3 0 43 00000000 00000000 4
0 3 0 44 00000000 00000000 4
0 3 0 45 00000000 00000000 4
0 3 0 46 00000000 00000000 4
0 3 0 47 00000000 00000000 4
0 3 0 48 00000000 00000000 4
0 3 0 49 00000000 00000000 4
0 3 0 50 00000000 00000000 4
0 3 0 51 00000000 00000000 4
0 3 0 52 00000000 00000000 4
0 3 0 53 00000000 00000000 4
0 3 0 54 00000000 00000000 4
0 3 0 55 00000000 00000000 4
0 3 0 56 00000000 00000000 4
0 3 0 57 00000000 00000000 4
0 3 0 58 00000000 00000000 4
0 3 0 59 00000000 00000000 4
0 3 0 60 00000000 00000000 4
0 3 0 61 00000000 00000000 4
0 3 0 62 00000000 00000000 4
0 3 0 63 00000000 00000000 4
0 3 1 0 00000000 00000000 4
0 3 1 1 00000000 00000000 4
0 3 1 2 00000000 00000000 4
0 3 1 3 00000000 00000000 4
0 3 1 4 00000000 00000000 4
0 3 1 5 00000000 00000000 4
0 3 1 6 00000000 00000000 4
0 3 1 7 00000000 00000000 4
0 3 1 8 00000000 00000000 4
0 3 1 9 00000000 00000000 4
0 3 1 10 00000000 00000000 4
0 3 1 11 00000000 00000000 4
0 3 1 12 00000000 00000000 4
0 3 1 13 00000000 00000000 4
0 3 1 14 00000000 00000000 4
0 3 1 15 00000000 00000000 4
0 3 1 16 00000000 00000000 4
0 3 1 17 00000000 00000000 4
0 3 1 18 00000000 00000000 4
0 3 1 19 00000000 00000000 4
0 3 1 20 00000000 00000000 4
0 3 1 21 00000000 00000000 4
0 3 1 22 00000000 00000000 4
0 3 1 23 00000000 00000000 4
0 3 1 24 00000000 00000000 4
0 3 1 25 00000000 00000000 4
0 3 1 26 00000000 00000000 4
0 3 1 27 00000000 00000000 4
0 3 1 28 00000000 00000000 4
0 3 1 29 00000000 00000000 4
0 3 1 30 00000000 00000000 4
0 3 1 31 00000000 00000000 4
0 3 1 32 00000000 00000000 4
0 3 1 33 00000000 00000000 4
0 3 1 34 00000000 00000000 4
0 3 1 35 00000000 00000000 4
0 3 1 36 00000000 00000000 4
0 3 1 37 00000000 00000000 4
0 3 1 38 00000000 00000000 4
0 3 1 39 00000000 00000000 4
0 3 1 40 00000000 00000000 4
0 3 1 41 00000000 00000000 4
0 3 1 42 00000000 00000000 4
0 3 1 43 00000000 00000000 4
0 3 1 44 00000000 00000000 4
0 3 1 45 00000000 00000000 4
0 3 1 46 00000000 00000000 4
0 3 1 47 00000000 00000000 4
0 3 1 48 00000000 00000000 4
0 3 1 49 00000000 00000000 4
0 3 1 50 00000000 00000000 4
0 3 1 51 00000000 00000000 4
0 3 1 52 00000000 00000000 4
0 3 1 53 00000000 00000000 4
0 3 1 54 00000000 00000000 4
0 3 1 55 00000000 00000000 4
0 3 1 56 00000000 00000000 4
0 3 1 57 00000000 00000000 4
0 3 1 58 00000000 00000000 4
0 3 1 59 00000000 00000000 4
0 3 1 60 00000000 00000000 4
0 3 1 61 00000000 00000000 4
0 3 1 62 00000000 00000000 4
0 3 1 63 00000000 00000000 4
0 3 2 0 00000000 00000000 4
0 3 2 1 00000000 00000000 4
0 3 2 2 00000000 00000000 4
0 3 2 3 00000000 00000000 4
0 3 2 4 00000000 00000000 4
0 3 2 5 00000000 00000000 4
0 3 2 6 00000000 00000000 4
0 3 2 7 00000000 00000000 4
0 3 2 8 00000000 00000000 4
0 3 2 9 00000000 00000000 4
0 3 2 10 00000000 00000000 4
0 3 2 11 00000000 00000000 4
0 3 2 12 00000000 00000000 4
0 3 2 13 00000000 00000000 4
0 3 2 14 00000000 00000000 4
0 3 2 15 00000000 00000000 4
0 3 2 16 00000000 00000000 4
0 3 2 17 00000000 00000000 4
0 3 2 18 00000000 00000000 4
0 3 2 19 00000000 00000000 4
0 3 2 20 00000000 00000000 4
0 3 2 21 00000000 00000000 4
0 3 2 22 00000000 00000000 4
0 3 2 23 00000000 00000000 4
0 3 2 24 00000000 00000000 4
0 3 2 25 00000000 00000000 4
0 3 2 26 00000000 00000000 4
0 3 2 27 00000000 00000000 4
0 3 2 28 00000000 00000000 4
0 3 2 29 00000000 00000000 4
0 3 2 30 00000000 00000000 4
0 3 2 31 00000000 00000000 4
0 3 2 32 00000000 00000000 4
0 3 2 33 00000000 00000000 4
0 3 2 34 00000000 00000000 4
0 3 2 35 00000000 00000000 4
0 3 2 36 00000000 00000000 4
0 3 2 37 00000000 00000000 4
0 3 2 38 00000000 00000000 4
0 3 2 39 00000000 00000000 4
0 3 2 40 00000000 00000000 4
0 3 2 41 00000000 00000000 4
0 3 2 42 00000000 00000000 4
0 3 2 43 00000000 00000000 4
0 3 2 44 00000000 00000000 4
0 3 2 45 00000000 00000000 4
0 3 2 46 00000000 00000000 4
0 3 2 47 00000000 00000000 4
0 3 2 48 00000000 00000000 4
0 3 2 49 00000000 00000000 4
0 3 2 50 00000000 00000000 4
0 3 2 51 00000000 00000000 4
0 3 2 52 00000000 00000000 4
0 3 2 53 00000000 00000000 4
0 3 2 54 00000000 00000000 4
0 3 2 55 00000000 00000000 4
0 3 2 56 00000000 00000000 4
0 3 2 57 00000000 00000000 4
0 3 2 58 00000000 00000000 4
0 3 2 59 00000000 00000000 4
0 3 2 60 00000000 00000000 4
0 3 2 61 00000000 00000000 4
0 3 2 62 00000000 00000000 4
0 3 2 63 00000000 00000000 4
0 3 3 0 00000000 00000000 4
0 3 3 1 00000000 00000000 4
0 3 3 2 00000000 00000000 4
0 3 3 3 00000000 00000000 4
0 3 3 4 00000000 00000000 4
0 3 3 5 00000000 00000000 4
0 3 3 6 00000000 00000000 4
0 3 3 7 00000000 00000000 4
0 3 3 8 00000000 00000000 4
0 3 3 9 00000000 00000000 4
0 3 3 10 00000000 00000000 4
0 3 3 11 00000000 00000000 4
0 3 3 12 00000000 00000000 4
0 3 3 13 00000000 00000000 4
0 3 3 14 00000000 00000000 4
0 3 3 15 00000000 00000000 4
0 3 3 16 00000000 00000000 4
0 3 3 17 00000000 00000000 4
0 3 3 18 00000000 00000000 4
0 3 3 19 00000000 00000000 4
0 3 3 20 00000000 00000000 4
0 3 3 21 00000000 00000000 4
0 3 3 22 00000000 00000000 4
0 3 3 23 00000000 00000000 4
0 3 3 24 00000000 00000000 4
0 3 3 25 00000000 00000000 4
0 3 3 26 00000000 00000000 4
0 3 3 27 00000000 00000000 4
0 3 3 28 00000000 00000000 4
0 3 3 29 00000000 00000000 4
0 3 3 30 00000000 00000000 4
0 3 3 31 00000000 00000000 4
0 3 3 32 00000000 00000000 4
0 3 3 33 00000000 00000000 4
0 3 3 34 00000000 00000000 4
0 3 3 35 00000000 00000000 4
0 3 3 36 00000000 00000000 4
0 3 3 37 00000000 00000000 4
0 3 3 38 00000000 00000000 4
0 3 3 39 00000000 00000000 4
0 3 3 40 00000000 00000000 4
0 3 3 41 00000000 00000000 4
0 3 3 42 00000000 00000000 4
0 3 3 43 00000000 00000000 4
0 3 3 44 00000000 00000000 4
0 3 3 45 00000000 00000000 4
0 3 3 46 00000000 00000000 4
0 3 3 47 00000000 00000000 4
0 3 3 48 00000000 00000000 4
0 3 3 49 00000000 00000000 4
0 3 3 50 00000000 00000000 4
0 3 3 51 00000000 00000000 4
0 3 3 52 00000000 00000000 4
0 3 3 53 00000000 00000000 4
0 3 3 54 00000000 00000000 4
0 3 3 55 00000000 00000000 4
0 3 3 56 00000000 00000000 4
0 3 3 57 00000000 00000000 4
0 3 3 58 00000000 00000000 4
0 3 3 59 00000000 00000000 4
0 3 3 60 00000000 00000000 4
0 3 3 61 00000000 00000000 4
0 3 3 62 00000000 00000000 4
0 3 3 63 00000000 00000000 4
0 3 4 0 00000000 00000000 4
0 3 4 1 00000000 00000000 4
0 3 4 2 00000000 00000000 4
0 3 4 3 00000000 00000000 4
0 3 4 4 00000000 00000000 4
0 3 4 5 00000000 00000000 4
0 3 4 6 00000000 00000000 4
0 3 4 7 00000000 00000000 4
0 3 4 8 00000000 00000000 4
0 3 4 9 00000000 00000000 4
0 3 4 10 00000000 00000000 4
0 3 4 11 00000000 00000000 4
0 3 4 12 00000000 00000000 4
0 3 4 13 00000000 00000000 4
0 3 4 14 00000000 00000000 4
0 3 4 15 00000000 00000000 4
0 3 4 16 00000000 00000000 4
0 3 4 17 00000000 00000000 4
0 3 4 18 00000000 00000000 4
0 3 4 19 00000000 00000000 4
0 3 4 20 00000000 00000000 4
0 3 4 21 00000000 00000000 4
0 3 4 22 00000000 00000000 4
0 3 4 23 00000000 00000000 4
0 3 4 24 00000000 00000000 4
0 3 4 25 00000000 00000000 4
0 3 4 26 00000000 00000000 4
0 3 4 27 00000000 00000000 4
0 3 4 28 00000000 00000000 4
0 3 4 29 00000000 00000000 4
0 3 4 30 00000000 00000000 4
0 3 4 31 00000000 00000000 4
0 3 4 32 00000000 00000000 4
0 3 4 33 00000000 00000000 4
0 3 4 34 00000000 00000000 4
0 3 4 35 00000000 00000000 4
0 3 4 36 00000000 00000000 4
0 3 4 37 00000000 00000000 4
0 3 4 38 00000000 00000000 4
0 3 4 39 00000000 00000000 4
0 3 4 40 00000000 00000000 4
0 3 4 41 00000000 00000000 4
0 3 4 42 00000000 00000000 4
0 3 4 43 00000000 00000000 4
0 3 4 44 00000000 00000000 4
0 3 4 45 00000000 00000000 4
0 3 4 46 00000000 00000000 4
0 3 4 47 00000000 00000000 4
0 3 4 48 00000000 00000000 4
0 3 4 49 00000000 00000000 4
0 3 4 50 00000000 00000000 4
0 3 4 51 00000000 00000000 4
0 3 4 52 00000000 00000000 4
0 3 4 53 00000000 00000000 4
0 3 4 54 00000000 00000000 4
0 3 4 55 00000000 00000000 4
0 3 4 56 00000000 00000000 4
0 3 4 57 00000000 00000000 4
0 3 4 58 00000000 00000000 4
0 3 4 59 00000000 00000000 4
0 3 4 60 00000000 00000000 4
0 3 4 61 00000000 00000000 4
0 3 4 62 00000000 00000000 4
0 3 4 63 00000000 00000000 4
0 3 5 0 00000000 00000000 4
0 3 5 1 00000000 00000000 4
0 3 5 2 00000000 00000000 4
0 3 5 3 00000000 00000000 4
0 3 5 4 00000000 00000000 4
0 3 5 5 00000000 00000000 4
0 3 5 6 00000000 00000000 4
0 3 5 7 00000000 00000000 4
0 3 5 8 00000000 00000000 4
0 3 5 9 00000000 00000000 4
0 3 5 10 00000000 00000000 4
0 3 5 11 00000000 00000000 4
0 3 5 12 00000000 00000000 4
0 3 5 13 00000000 00000000 4
0 3 5 14 00000000 00000000 4
0 3 5 15 00000000 00000000 4
0 3 5 16 00000000 00000000 4
0 3 5 17 00000000 00000000 4
0 3 5 18 00000000 00000000 4
0 3 5 19 00000000 00000000 4
0 3 5 20 00000000 00000000 4
0 3 5 21 00000000 00000000 4
0 3 5 22 00000000 00000000 4
0 3 5 23 00000000 00000000 4
0 3 5 24 00000000 00000000 4
0 3 5 25 00000000 00000000 4
0 3 5 26 00000000 00000000 4
0 3 5 27 00000000 00000000 4
0 3 5 28 00000000 00000000 4
0 3 5 29 00000000 00000000 4
0 3 5 30 00000000 00000000 4
0 3 5 31 00000000 00000000 4
0 3 5 32 00000000 00000000 4
0 3 5 33 00000000 00000000 4
0 3 5 34 00000000 00000000 4
0 3 5 35 00000000 00000000 4
0 3 5 36 00000000 00000000 4
0 3 5 37 00000000 00000000 4
0 3 5 38 00000000 00000000 4
0 3 5 39 00000000 00000000 4
0 3 5 40 00000000 00000000 4
0 3 5 41 00000000 00000000 4
0 3 5 42 00000000 00000000 4
0 3 5 43 00000000 00000000 4
0 3 5 44 00000000 00000000 4
0 3 5 45 00000000 00000000 4
0 3 5 46 00000000 00000000 4
0 3 5 47 00000000 00000000 4
0 3 5 48 00000000 00000000 4
0 3 5 49 00000000 00000000 4
0 3 5 50 00000000 00000000 4
0 3 5 51 00000000 00000000 4
0 3 5 52 00000000 00000000 4
0 3 5 53 00000000 00000000 4
0 3 5 54 00000000 00000000 4
0 3 5 55 00000000 00000000 4
0 3 5 56 00000000 00000000 4
0 3 5 57 00000000 00000000 4
0 3 5 58 00000000 00000000 4
0 3 5 59 00000000 00000000 4
0 3 5 60 00000000 00000000 4
0 3 5 61 00000000 00000000 4
0 3 5 62 00000000 00000000 4
0 3 5 63 00000000 00000000 4
0 3 6 0 00000000 00000000 4
0 3 6 1 00000000 00000000 4
0 3 6 2 00000000 00000000 4
0 3 6 3 00000000 00000000 4
0 3 6 4 00000000 00000000 4
0 3 6 5 00000000 00000000 4
0 3 6 6 00000000 00000000 4
0 3 6 7 00000000 00000000 4
0 3 6 8 00000000 00000000 4
0 3 6 9 00000000 00000000 4
0 3 6 10 00000000 00000000 4
0 3 6 11 00000000 00000000 4
0 3 6 12 00000000 00000000 4
0 3 6 13 00000000 00000000 4
0 3 6 14 00000000 00000000 4
0 3 6 15 00000000 00000000 4
0 3 6 16 00000000 00000000 4
0 3 6 17 00000000 00000000 4
0 3 6 18 00000000 00000000 4
0 3 6 19 00000000 00000000 4
0 3 6 20 00000000 00000000 4
0 3 6 21 00000000 00000000 4
0 3 6 22 00000000 00000000 4
0 3 6 23 00000000 00000000 4
0 3 6 24 00000000 00000000 4
0 3 6 25 00000000 00000000 4
0 3 6 26 00000000 00000000 4
0 3 6 27 00000000 00000000 4
0 3 6 28 00000000 00000000 4
0 3 6 29 00000000 00000000 4
0 3 6 30 00000000 00000000 4
0 3 6 31 00000000 00000000 4
0 3 6 32 00000000 00000000 4
0 3 6 33 00000000 00000000 4
0 3 6 34 00000000 00000000 4
0 3 6 35 00000000 00000000 4
0 3 6 36 00000000 00000000 4
0 3 6 37 00000000 00000000 4
0 3 6 38 00000000 00000000 4
0 3 6 39 00000000 00000000 4
0 3 6 40 00000000 00000000 4
0 3 6 41 00000000 00000000 4
0 3 6 42 00000000 00000000 4
0 3 6 43 00000000 00000000 4
0 3 6 44 00000000 00000000 4
0 3 6 45 00000000 00000000 4
0 3 6 46 00000000 00000000 4
0 3 6 47 00000000 00000000 4
0 3 6 48 00000000 00000000 4
0 3 6 49 00000000 00000000 4
0 3 6 50 00000000 00000000 4
0 3 6 51 00000000 00000000 4
0 3 6 52 00000000 00000000 4
0 3 6 53 00000000 00000000 4
0 3 6 54 00000000 00000000 4
0 3 6 55 00000000 00000000 4
0 3 6 56 00000000 00000000 4
0 3 6 57 00000000 00000000 4
0 3 6 58 00000000 00000000 4
0 3 6 59 00000000 00000000 4
0 3 6 60 00000000 00000000 4
0 3 6 61 00000000 00000000 4
0 3 6 62 00000000 00000000 4
0 3 6 63 00000000 00000000 4
0 3 7 0 00000000 00000000 4
0 3 7 1 00000000 00000000 4
0 3 7 2 00000000 00000000 4
0 3 7 3 00000000 00000000 4
0 3 7 4 00000000 00000000 4
0 3 7 5 00000000 00000000 4
0 3 7 6 00000000 00000000 4
0 3 7 7 00000000 00000000 4
0 3 7 8 00000000 00000000 4
0 3 7 9 00000000 00000000 4
0 3 7 10 00000000 00000000 4
0 3 7 11 00000000 00000000 4
0 3 7 12 00000000 00000000 4
0 3 7 13 00000000 00000000 4
0 3 7 14 00000000 00000000 4
0 3 7 15 00000000 00000000 4
0 3 7 16 00000000 00000000 4
0 3 7 17 00000000 00000000 4
0 3 7 18 00000000 00000000 4
0 3 7 19 00000000 00000000 4
0 3 7 20 00000000 00000000 4
0 3 7 21 00000000 00000000 4
0 3 7 22 00000000 00000000 4
0 3 7 23 00000000 00000000 4
0 3 7 24 00000000 00000000 4
0 3 7 25 00000000 00000000 4
0 3 7 26 00000000 00000000 4
0 3 7 27 00000000 00000000 4
0 3 7 28 00000000 00000000 4
0 3 7 29 00000000 00000000 4
0 3 7 30 00000000 00000000 4
0 3 7 31 00000000 00000000 4
0 3 7 32 00000000 00000000 4
0 3 7 33 00000000 00000000 4
0 3 7 34 00000000 00000000 4
0 3 7 35 00000000 00000000 4
0 3 7 36 00000000 00000000 4
0 3 7 37 00000000 00000000 4
0 3 7 38 00000000 00000000 4
0 3 7 39 00000000 00000000 4
0 3 7 40 00000000 00000000 4
0 3 7 41 00000000 00000000 4
0 3 7 42 00000000 00000000 4
0 3 7 43 00000000 00000000 4
0 3 7 44 00000000 00000000 4
0 3 7 45 00000000 00000000 4
0 3 7 46 00000000 00000000 4
0 3 7 47 00000000 00000000 4
0 3 7 48 00000000 00000000 4
0 3 7 49 00000000 00000000 4
0 3 7 50 00000000 00000000 4
0 3 7 51 00000000 00000000 4
0 3 7 52 00000000 00000000 4
0 3 7 53 00000000 00000000 4
0 3 7 54 00000000 00000000 4
0 3 7 55 00000000 00000000 4
0 3 7 56 00000000 00000000 4
0 3 7 57 00000000 00000000 4
0 3 7 58 00000000 00000000 4
0 3 7 59 00000000 00000000 4
0 3 7 60 00000000 00000000 4
0 3 7 61 00000000 00000000 4
0 3 7 62 00000000 00000000 4
0 3 7 63 00000000 00000000 4
0 4 0 0 00000000 00000000 4
0 4 0 1 00000000 00000000 4
0 4 0 2 00000000 00000000 4
0 4 0 3 00000000 00000000 4
0 4 0 4 00000000 00000000 4
0 4 0 5 00000000 00000000 4
0 4 0 6 00000000 00000000 4
0 4 0 7 00000000 00000000 4
0 4 0 8 00000000 00000000 4
0 4 0 9 00000000 00000000 4
0 4 0 10 00000000 00000000 4
0 4 0 11 00000000 00000000 4
0 4 0 12 00000000 00000000 4
0 4 0 13 00000000 00000000 4
0 4 0 14 00000000 00000000 4
0 4 0 15 00000000 00000000 4
0 4 0 16 00000000 00000000 4
0 4 0 17 00000000 00000000 4
0 4 0 18 00000000 00000000 4
0 4 0 19 00000000 00000000 4
0 4 0 20 00000000 00000000 4
0 4 0 21 00000000 00000000 4
0 4 0 22 00000000 00000000 4
0 4 0 23 00000000 00000000 4
0 4 0 24 00000000 00000000 4
0 4 0 25 00000000 00000000 4
0 4 0 26 00000000 00000000 4
0 4 0 27 00000000 00000000 4
0 4 0 28 00000000 00000000 4
0 4 0 29 00000000 00000000 4
0 4 0 30 00000000 00000000 4
0 4 0 31 00000000 00000000 4
0 4 0 32 00000000 00000000 4
0 4 0 33 00000000 00000000 4
0 4 0 34 00000000 00000000 4
0 4 0 35 00000000 00000000 4
0 4 0 36 00000000 00000000 4
0 4 0 37 00000000 00000000 4
0 4 0 38 00000000 00000000 4
0 4 0 39 00000000 00000000 4
0 4 0 40 00000000 00000000 4
0 4 0 41 00000000 00000000 4
0 4 0 42 00000000 00000000 4
0 4 0 43 00000000 00000000 4
0 4 0 44 00000000 00000000 4
0 4 0 45 00000000 00000000 4
0 4 0 46 00000000 00000000 4
0 4 0 47 00000000 00000000 4
0 4 0 48 00000000 00000000 4
0 4 0 49 00000000 00000000 4
0 4 0 50 00000000 00000000 4
0 4 0 51 00000000 00000000 4
0 4 0 52 00000000 00000000 4
0 4 0 53 00000000 00000000 4
0 4 0 54 00000000 00000000 4
0 4 0 55 00000000 00000000 4
0 4 0 56 00000000 00000000 4
0 4 0 57 00000000 00000000 4
0 4 0 58 00000000 00000000 4
0 4 0 59 00000000 00000000 4
0 4 0 60 00000000 00000000 4
0 4 0 61 00000000 00000000 4
0 4 0 62 00000000 00000000 4
0 4 0 63 00000000 00000000 4
0 4 0 64 00000000 00000000 4
0 4 0 65 00000000 00000000 4
0 4 0 66 00000000 00000000 4
0 4 0 67 00000000 00000000 4
0 4 0 68 00000000 00000000 4
0 4 0 69 00000000 00000000 4
0 4 0 70 00000000 00000000 4
0 4 0 71 00000000 00000000 4
0 4 0 72 00000000 00000000 4
0 4 0 73 00000000 00000000 4
0 4 0 74 00000000 00000000 4
0 4 0 75 00000000 00000000 4
0 4 0 76 00000000 00000000 4
0 4 0 77 00000000 00000000 4
0 4 0 78 00000000 00000000 4
0 4 0 79 00000000 00000000 4
0 4 0 80 00000000 00000000 4
0 4 0 81 00000000 00000000 4
0 4 0 82 00000000 00000000 4
0 4 0 83 00000000 00000000 4
0 4 0 84 00000000 00000000 4
0 4 0 85 00000000 00000000 4
0 4 0 86 00000000 00000000 4
0 4 0 87 00000000 00000000 4
0 4 0 88 00000000 00000000 4
0 4 0 89 00000000 00000000 4
0 4 0 90 00000000 00000000 4
0 4 0 91 00000000 00000000 4
0 4 0 92 00000000 00000000 4
0 4 0 93 00000000 00000000 4
0 4 0 94 00000000 00000000 4
0 4 0 95 00000000 00000000 4
0 4 0 96 00000000 00000000 4
0 4 0 97 00000000 00000000 4
0 4 0 98 00000000 00000000 4
0 4 0 99 00000000 00000000 4
0 4 0 100 00000000 00000000 4
0 4 0 101 00000000 00000000 4
0 4 0 102 00000000 00000000 4
0 4 0 103 00000000 00000000 4
0 4 0 104 00000000 00000000 4
0 4 0 105 00000000 00000000 4
0 4 0 106 00000000 00000000 4
0 4 0 107 00000000 00000000 4
0 4 0 108 00000000 00000000 4
0 4 0 109 00000000 00000000 4
0 4 0 110 00000000 00000000 4
0 4 0 111 00000000 00000000 4
0 4 0 112 00000000 00000000 4
0 4 0 113 00000000 00000000 4
0 4 0 114 00000000 00000000 4
0 4 0 115 00000000 00000000 4
0 4 0 116 00000000 00000000 4
0 4 0 117 00000000 00000000 4
0 4 0 118 00000000 00000000 4
0 4 0 119 00000000 00000000 4
0 4 0 120 00000000 00000000 4
0 4 0 121 00000000 00000000 4
0 4 0 122 00000000 00000000 4
0 4 0 123 00000000 00000000 4
0 4 0 124 00000000 00000000 4
0 4 0 125 00000000 00000000 4
0 4 0 126 00000000 00000000 4
0 4 0 127 00000000 00000000 4
0 4 0 128 00000000 00000000 4
0 4 0 129 00000000 00000000 4
0 4 0 130 00000000 00000000 4
0 4 0 131 00000000 00000000 4
0 4 0 132 00000000 00000000 4
0 4 0 133 00000000 00000000 4
0 4 0 134 00000000 00000000 4
0 4 0 135 00000000 00000000 4
0 4 0 136 00000000 00000000 4
0 4 0 137 00000000 00000000 4
0 4 0 138 00000000 00000000 4
0 4 0 139 00000000 00000000 4
0 4 0 140 00000000 00000000 4
0 4 0 141 00000000 00000000 4
0 4 0 142 00000000 00000000 4
0 4 0 143 00000000 00000000 4
0 4 0 144 00000000 00000000 4
0 4 0 145 00000000 00000000 4
0 4 0 146 00000000 00000000 4
0 4 0 147 00000000 00000000 4
0 4 0 148 00000000 00000000 4
0 4 0 149 00000000 00000000 4
0 4 0 150 00000000 00000000 4
0 4 0 151 00000000 00000000 4
0 4 0 152 00000000 00000000 4
0 4 0 153 00000000 00000000 4
0 4 0 154 00000000 00000000 4
0 4 0 155 00000000 00000000 4
0 4 0 156 00000000 00000000 4
0 4 0 157 00000000 00000000 4
0 4 0 158 00000000 00000000 4
0 4 0 159 00000000 00000000 4
0 4 0 160 00000000 00000000 4
0 4 0 161 00000000 00000000 4
0 4 0 162 00000000 00000000 4
0 4 0 163 00000000 00000000 4
0 4 0 164 00000000 00000000 4
0 4 0 165 00000000 00000000 4
0 4 0 166 00000000 00000000 4
0 4 0 167 00000000 00000000 4
0 4 0 168 00000000 00000000 4
0 4 0 169 00000000 00000000 4
0 4 0 170 00000000 00000000 4
0 4 0 171 00000000 00000000 4
0 4 0 172 00000000 00000000 4
0 4 0 173 00000000 00000000 4
0 4 0 174 00000000 00000000 4
0 4 0 175 00000000 00000000 4
0 4 0 176 00000000 00000000 4
0 4 0 177 00000000 00000000 4
0 4 0 178 00000000 00000000 4
0 4 0 179 00000000 00000000 4
0 4 0 180 00000000 00000000 4
0 4 0 181 00000000 00000000 4
0 4 0 182 00000000 00000000 4
0 4 0 183 00000000 00000000 4
0 4 0 184 00000000 00000000 4
0 4 0 185 00000000 00000000 4
0 4 0 186 00000000 00000000 4
0 4 0 187 00000000 00000000 4
0 4 0 188 00000000 00000000 4
0 4 0 189 00000000 00000000 4
0 4 0 190 00000000 00000000 4
0 4 0 191 00000000 00000000 4
0 4 0 192 00000000 00000000 4
0 4 0 193 00000000 00000000 4
0 4 0 194 00000000 00000000 4
0 4 0 195 00000000 00000000 4
0 4 0 196 00000000 00000000 4
0 4 0 197 00000000 00000000 4
0 4 0 198 00000000 00000000 4
0 4 0 199 00000000 00000000 4
0 4 0 200 00000000 00000000 4
0 4 0 201 00000000 00000000 4
0 4 0 202 00000000 00000000 4
0 4 0 203 00000000 00000000 4
0 4 0 204 00000000 00000000 4
0 4 0 205 00000000 00000000 4
0 4 0 206 00000000 00000000 4
0 4 0 207 00000000 00000000 4
0 4 0 208 00000000 00000000 4
0 4 0 209 00000000 00000000 4
0 4 0 210 00000000 00000000 4
0 4 0 211 00000000 00000000 4
0 4 0 212 00000000 00000000 4
0 4 0 213 00000000 00000000 4
0 4 0 214 00000000 00000000 4
0 4 0 215 00000000 00000000 4
0 4 0 216 00000000 00000000 4
0 4 0 217 00000000 00000000 4
0 4 0 218 00000000 00000000 4
0 4 0 219 00000000 00000000 4
0 4 0 220 00000000 00000000 4
0 4 0 221 00000000 00000000 4
0 4 0 222 00000000 00000000 4
0 4 0 223 00000000 00000000 4
0 4 0 224 00000000 00000000 4
0 4 0 225 00000000 00000000 4
0 4 0 226 00000000 00000000 4
0 4 0 227 00000000 00000000 4
0 4 0 228 00000000 00000000 4
0 4 0 229 00000000 00000000 4
0 4 0 230 00000000 00000000 4
0 4 0 231 00000000 00000000 4
0 4 0 232 00000000 00000000 4
0 4 0 233 00000000 00000000 4
0 4 0 234 00000000 00000000 4
0 4 0 235 00000000 00000000 4
0 4 0 236 00000000 00000000 4
0 4 0 237 00000000 00000000 4
0 4 0 238 00000000 00000000 4
0 4 0 239 00000000 00000000 4
0 4 0 240 00000000 00000000 4
0 4 0 241 00000000 00000000 4
0 4 0 242 00000000 00000000 4
0 4 0 243 00000000 00000000 4
0 4 0 244 00000000 00000000 4
0 4 0 245 00000000 00000000 4
0 4 0 246 00000000 00000000 4
0 4 0 247 00000000 00000000 4
0 4 0 248 00000000 00000000 4
0 4 0 249 00000000 00000000 4
0 4 0 250 00000000 00000000 4
0 4 0 251 00000000 00000000 4
0 4 0 252 00000000 00000000 4
0 4 0 253 00000000 00000000 4
0 4 0 254 00000000 00000000 4
0 4 0 255 00000000 00000000 4
0 4 0 256 00000000 00000000 4
0 4 0 257 00000000 00000000 4
0 4 0 258 00000000 00000000 4
0 4 0 259 00000000 00000000 4
0 4 0 260 00000000 00000000 4
0 4 0 261 00000000 00000000 4
0 4 0 262 00000000 00000000 4
0 4 0 263 00000000 00000000 4
0 4 0 264 00000000 00000000 4
0 4 0 265 00000000 00000000 4
0 4 0 266 00000000 00000000 4
0 4 0 267 00000000 00000000 4
0 4 0 268 00000000 00000000 4
0 4 0 269 00000000 00000000 4
0 4 0 270 00000000 00000000 4
0 4 0 271 00000000 00000000 4
0 4 0 272 00000000 00000000 4
0 4 0 273 00000000 00000000 4
0 4 0 274 00000000 00000000 4
0 4 0 275 00000000 00000000 4
0 4 0 276 00000000 00000000 4
0 4 0 277 00000000 00000000 4
0 4 0 278 00000000 00000000 4
0 4 0 279 00000000 00000000 4
0 4 0 280 00000000 00000000 4
0 4 0 281 00000000 00000000 4
0 4 0 282 00000000 00000000 4
0 4 0 283 00000000 00000000 4
0 4 0 284 00000000 00000000 4
0 4 0 285 00000000 00000000 4
0 4 0 286 00000000 00000000 4
0 4 0 287 00000000 00000000 4
0 4 0 288 00000000 00000000 4
0 4 0 289 00000000 00000000 4
0 4 0 290 00000000 00000000 4
0 4 0 291 00000000 00000000 4
0 4 0 292 00000000 00000000 4
0 4 0 293 00000000 00000000 4
0 4 0 294 00000000 00000000 4
0 4 0 295 00000000 00000000 4
0 4 0 296 00000000 00000000 4
0 4 0 297 00000000 00000000 4
0 4 0 298 00000000 00000000 4
0 4 0 299 00000000 00000000 4
0 4 0 300 00000000 00000000 4
0 4 0 301 00000000 00000000 4
0 4 0 302 00000000 00000000 4
0 4 0 303 00000000 00000000 4
0 4 0 304 00000000 00000000 4
0 4 0 305 00000000 00000000 4
0 4 0 306 00000000 00000000 4
0 4 0 307 00000000 00000000 4
0 4 0 308 00000000 00000000 4
0 4 0 309 00000000 00000000 4
0 4 0 310 00000000 00000000 4
0 4 0 311 00000000 00000000 4
0 4 0 312 00000000 00000000 4
0 4 0 313 00000000 00000000 4
0 4 0 314 00000000 00000000 4
0 4 0 315 00000000 00000000 4
0 4 0 316 00000000 00000000 4
0 4 0 317 00000000 00000000 4
0 4 0 318 00000000 00000000 4
0 4 0 319 00000000 00000000 4
0 4 0 320 00000000 00000000 4
0 4 0 321 00000000 00000000 4
0 4 0 322 00000000 00000000 4
0 4 0 323 00000000 00000000 4
0 4 0 324 00000000 00000000 4
0 4 0 325 00000000 00000000 4
0 4 0 326 00000000 00000000 4
0 4 0 327 00000000 00000000 4
0 4 0 328 00000000 00000000 4
0 4 0 329 00000000 00000000 4
0 4 0 330 00000000 00000000 4
0 4 0 331 00000000 00000000 4
0 4 0 332 00000000 00000000 4
0 4 0 333 00000000 00000000 4
0 4 0 334 00000000 00000000 4
0 4 0 335 00000000 00000000 4
0 4 0 336 00000000 00000000 4
0 4 0 337 00000000 00000000 4
0 4 0 338 00000000 00000000 4
0 4 0 339 00000000 00000000 4
0 4 0 340 00000000 00000000 4
0 4 0 341 00000000 00000000 4
0 4 0 342 00000000 00000000 4
0 4 0 343 00000000 00000000 4
0 4 0 344 00000000 00000000 4
0 4 0 345 00000000 00000000 4
0 4 0 346 00000000 00000000 4
0 4 0 347 00000000 00000000 4
0 4 0 348 00000000 00000000 4
0 4 0 349 00000000 00000000 4
0 4 0 350 00000000 00000000 4
0 4 0 351 00000000 00000000 4
0 4 0 352 00000000 00000000 4
0 4 0 353 00000000 00000000 4
0 4 0 354 00000000 00000000 4
0 4 0 355 00000000 00000000 4
0 4 0 356 00000000 00000000 4
0 4 0 357 00000000 00000000 4
0 4 0 358 00000000 00000000 4
0 4 0 359 00000000 00000000 4
0 4 0 360 00000000 00000000 4
0 4 0 361 00000000 00000000 4
0 4 0 362 00000000 00000000 4
0 4 0 363 00000000 00000000 4
0 4 0 364 00000000 00000000 4
0 4 0 365 00000000 00000000 4
0 4 0 366 00000000 00000000 4
0 4 0 367 00000000 00000000 4
0 4 0 368 00000000 00000000 4
0 4 0 369 00000000 00000000 4
0 4 0 370 00000000 00000000 4
0 4 0 371 00000000 00000000 4
0 4 0 372 00000000 00000000 4
0 4 0 373 00000000 00000000 4
0 4 0 374 00000000 00000000 4
0 4 0 375 00000000 00000000 4
0 4 0 376 00000000 00000000 4
0 4 0 377 00000000 00000000 4
0 4 0 378 00000000 00000000 4
0 4 0 379 00000000 00000000 4
0 4 0 380 00000000 00000000 4
0 4 0 381 00000000 00000000 4
0 4 0 382 00000000 00000000 4
0 4 0 383 00000000 00000000 4
0 4 0 384 00000000 00000000 4
0 4 0 385 00000000 00000000 4
0 4 0 386 00000000 00000000 4
0 4 0 387 00000000 00000000 4
0 4 0 388 00000000 00000000 4
0 4 0 389 00000000 00000000 4
0 4 0 390 00000000 00000000 4
0 4 0 391 00000000 00000000 4
0 4 0 392 00000000 00000000 4
0 4 0 393 00000000 00000000 4
0 4 0 394 00000000 00000000 4
0 4 0 395 00000000 00000000 4
0 4 0 396 00000000 00000000 4
0 4 0 397 00000000 00000000 4
0 4 0 398 00000000 00000000 4
0 4 0 399 00000000 00000000 4
0 4 0 400 00000000 00000000 4
0 4 0 401 00000000 00000000 4
0 4 0 402 00000000 00000000 4
0 4 0 403 00000000 00000000 4
0 4 0 404 00000000 00000000 4
0 4 0 405 00000000 00000000 4
0 4 0 406 00000000 00000000 4
0 4 0 407 00000000 00000000 4
0 4 0 408 00000000 00000000 4
0 4 0 409 00000000 00000000 4
0 4 0 410 00000000 00000000 4
0 4 0 411 00000000 00000000 4
0 4 0 412 00000000 00000000 4
0 4 0 413 00000000 00000000 4
0 4 0 414 00000000 00000000 4
0 4 0 415 00000000 00000000 4
0 4 0 416 00000000 00000000 4
0 4 0 417 00000000 00000000 4
0 4 0 418 00000000 00000000 4
0 4 0 419 00000000 00000000 4
0 4 0 420 00000000 00000000 4
0 4 0 421 00000000 00000000 4
0 4 0 422 00000000 00000000 4
0 4 0 423 00000000 00000000 4
0 4 0 424 00000000 00000000 4
0 4 0 425 00000000 00000000 4
0 4 0 426 00000000 00000000 4
0 4 0 427 00000000 00000000 4
0 4 0 428 00000000 00000000 4
0 4 0 429 00000000 00000000 4
0 4 0 430 00000000 00000000 4
0 4 0 431 00000000 00000000 4
0 4 0 432 00000000 00000000 4
0 4 0 433 00000000 00000000 4
0 4 0 434 00000000 00000000 4
0 4 0 435 00000000 00000000 4
0 4 0 436 00000000 00000000 4
0 4 0 437 00000000 00000000 4
0 4 0 438 00000000 00000000 4
0 4 0 439 00000000 00000000 4
0 4 0 440 00000000 00000000 4
0 4 0 441 00000000 00000000 4
0 4 0 442 00000000 00000000 4
0 4 0 443 00000000 00000000 4
0 4 0 444 00000000 00000000 4
0 4 0 445 00000000 00000000 4
0 4 0 446 00000000 00000000 4
0 4 0 447 00000000 00000000 4
0 4 0 448 00000000 00000000 4
0 4 0 449 00000000 00000000 4
0 4 0 450 00000000 00000000 4
0 4 0 451 00000000 00000000 4
0 4 0 452 00000000 00000000 4
0 4 0 453 00000000 00000000 4
0 4 0 454 00000000 00000000 4
0 4 0 455 00000000 00000000 4
0 4 0 456 00000000 00000000 4
0 4 0 457 00000000 00000000 4
0 4 0 458 00000000 00000000 4
0 4 0 459 00000000 00000000 4
0 4 0 460 00000000 00000000 4
0 4 0 461 00000000 00000000 4
0 4 0 462 00000000 00000000 4
0 4 0 463 00000000 00000000 4
0 4 0 464 00000000 00000000 4
0 4 0 465 00000000 00000000 4
0 4 0 466 00000000 00000000 4
0 4 0 467 00000000 00000000 4
0 4 0 468 00000000 00000000 4
0 4 0 469 00000000 00000000 4
0 4 0 470 00000000 00000000 4
0 4 0 471 00000000 00000000 4
0 4 0 472 00000000 00000000 4
0 4 0 473 00000000 00000000 4
0 4 0 474 00000000 00000000 4
0 4 0 475 00000000 00000000 4
0 4 0 476 00000000 00000000 4
0 4 0 477 00000000 00000000 4
0 4 0 478 00000000 00000000 4
0 4 0 479 00000000 00000000 4
0 4 0 480 00000000 00000000 4
0 4 0 481 00000000 00000000 4
0 4 0 482 00000000 00000000 4
0 4 0 483 00000000 00000000 4
0 4 0 484 00000000 00000000 4
0 4 0 485 00000000 00000000 4
0 4 0 486 00000000 00000000 4
0 4 0 487 00000000 00000000 4
0 4 0 488 00000000 00000000 4
0 4 0 489 00000000 00000000 4
0 4 0 490 00000000 00000000 4
0 4 0 491 00000000 00000000 4
0 4 0 492 00000000 00000000 4
0 4 0 493 00000000 00000000 4
0 4 0 494 00000000 00000000 4
0 4 0 495 00000000 00000000 4
0 4 0 496 00000000 00000000 4
0 4 0 497 00000000 00000000 4
0 4 0 498 00000000 00000000 4
0 4 0 499 00000000 00000000 4
0 4 0 500 00000000 00000000 4
0 4 0 501 00000000 00000000 4
0 4 0 502 00000000 00000000 4
0 4 0 503 00000000 00000000 4
0 4 0 504 00000000 00000000 4
0 4 0 505 00000000 00000000 4
0 4 0 506 00000000 00000000 4
0 4 0 507 00000000 00000000 4
0 4 0 508 00000000 00000000 4
0 4 0 509 00000000 00000000 4
0 4 0 510 00000000 00000000 4
0 4 0 511 00000000 00000000 4
0 5 0 0 00000000 00000000 4
0 5 0 1 00000000 00000000 4
0 5 0 2 00000000 00000000 4
0 5 0 3 00000000 00000000 4
0 5 0 4 00000000 00000000 4
0 5 0 5 00000000 00000000 4
0 5 0 6 00000000 00000000 4
0 5 0 7 00000000 00000000 4
0 5 0 8 00000000 00000000 4
0 5 0 9 00000000 00000000 4
0 5 0 10 00000000 00000000 4
0 5 0 11 00000000 00000000 4
0 5 0 12 00000000 00000000 4
0 5 0 13 00000000 00000000 4
0 5 0 14 00000000 00000000 4
0 5 0 15 00000000 00000000 4
0 5 0 16 00000000 00000000 4
0 5 0 17 00000000 00000000 4
0 5 0 18 00000000 00000000 4
0 5 0 19 00000000 00000000 4
0 5 0 20 00000000 00000000 4
0 5 0 21 00000000 00000000 4
0 5 0 22 00000000 00000000 4
0 5 0 23 00000000 00000000 4
0 5 0 24 00000000 00000000 4
0 5 0 25 00000000 00000000 4
0 5 0 26 00000000 00000000 4
0 5 0 27 00000000 00000000 4
0 5 0 28 00000000 00000000 4
0 5 0 29 00000000 00000000 4
0 5 0 30 00000000 00000000 4
0 5 0 31 00000000 00000000 4
0 5 0 32 00000000 00000000 4
0 5 0 33 00000000 00000000 4
0 5 0 34 00000000 00000000 4
0 5 0 35 00000000 00000000 4
0 5 0 36 00000000 00000000 4
0 5 0 37 00000000 00000000 4
0 5 0 38 00000000 00000000 4
0 5 0 39 00000000 00000000 4
0 5 0 40 00000000 00000000 4
0 5 0 41 00000000 00000000 4
0 5 0 42 00000000 00000000 4
0 5 0 43 00000000 00000000 4
0 5 0 44 00000000 00000000 4
0 5 0 45 00000000 00000000 4
0 5 0 46 00000000 00000000 4
0 5 0 47 00000000 00000000 4
0 5 0 48 00000000 00000000 4
0 5 0 49 00000000 00000000 4
0 5 0 50 00000000 00000000 4
0 5 0 51 00000000 00000000 4
0 5 0 52 00000000 00000000 4
0 5 0 53 00000000 00000000 4
0 5 0 54 00000000 00000000 4
0 5 0 55 00000000 00000000 4
0 5 0 56 00000000 00000000 4
0 5 0 57 00000000 00000000 4
0 5 0 58 00000000 00000000 4
0 5 0 59 00000000 00000000 4
0 5 0 60 00000000 00000000 4
0 5 0 61 00000000 00000000 4
0 5 0 62 00000000 00000000 4
0 5 0 63 00000000 00000000 4
0 5 0 64 00000000 00000000 4
0 5 0 65 00000000 00000000 4
0 5 0 66 00000000 00000000 4
0 5 0 67 00000000 00000000 4
0 5 0 68 00000000 00000000 4
0 5 0 69 00000000 00000000 4
0 5 0 70 00000000 00000000 4
0 5 0 71 00000000 00000000 4
0 5 0 72 00000000 00000000 4
0 5 0 73 00000000 00000000 4
0 5 0 74 00000000 00000000 4
0 5 0 75 00000000 00000000 4
0 5 0 76 00000000 00000000 4
0 5 0 77 00000000 00000000 4
0 5 0 78 00000000 00000000 4
0 5 0 79 00000000 00000000 4
0 5 0 80 00000000 00000000 4
0 5 0 81 00000000 00000000 4
0 5 0 82 00000000 00000000 4
0 5 0 83 00000000 00000000 4
0 5 0 84 00000000 00000000 4
0 5 0 85 00000000 00000000 4
0 5 0 86 00000000 00000000 4
0 5 0 87 00000000 00000000 4
0 5 0 88 00000000 00000000 4
0 5 0 89 00000000 00000000 4
0 5 0 90 00000000 00000000 4
0 5 0 91 00000000 00000000 4
0 5 0 92 00000000 00000000 4
0 5 0 93 00000000 00000000 4
0 5 0 94 00000000 00000000 4
0 5 0 95 00000000 00000000 4
0 5 0 96 00000000 00000000 4
0 5 0 97 00000000 00000000 4
0 5 0 98 00000000 00000000 4
0 5 0 99 00000000 00000000 4
0 5 0 100 00000000 00000000 4
0 5 0 101 00000000 00000000 4
0 5 0 102 00000000 00000000 4
0 5 0 103 00000000 00000000 4
0 5 0 104 00000000 00000000 4
0 5 0 105 00000000 00000000 4
0 5 0 106 00000000 00000000 4
0 5 0 107 00000000 00000000 4
0 5 0 108 00000000 00000000 4
0 5 0 109 00000000 00000000 4
0 5 0 110 00000000 00000000 4
0 5 0 111 00000000 00000000 4
0 5 0 112 00000000 00000000 4
0 5 0 113 00000000 00000000 4
0 5 0 114 00000000 00000000 4
0 5 0 115 00000000 00000000 4
0 5 0 116 00000000 00000000 4
0 5 0 117 00000000 00000000 4
0 5 0 118 00000000 00000000 4
0 5 0 119 00000000 00000000 4
0 5 0 120 00000000 00000000 4
0 5 0 121 00000000 00000000 4
0 5 0 122 00000000 00000000 4
0 5 0 123 00000000 00000000 4
0 5 0 124 00000000 00000000 4
0 5 0 125 00000000 00000000 4
0 5 0 126 00000000 00000000 4
0 5 0 127 00000000 00000000 4
0 5 0 128 00000000 00000000 4
0 5 0 129 00000000 00000000 4
0 5 0 130 00000000 00000000 4
0 5 0 131 00000000 00000000 4
0 5 0 132 00000000 00000000 4
0 5 0 133 00000000 00000000 4
0 5 0 134 00000000 00000000 4
0 5 0 135 00000000 00000000 4
0 5 0 136 00000000 00000000 4
0 5 0 137 00000000 00000000 4
0 5 0 138 00000000 00000000 4
0 5 0 139 00000000 00000000 4
0 5 0 140 00000000 00000000 4
0 5 0 141 00000000 00000000 4
0 5 0 142 00000000 00000000 4
0 5 0 143 00000000 00000000 4
0 5 0 144 00000000 00000000 4
0 5 0 145 00000000 00000000 4
0 5 0 146 00000000 00000000 4
0 5 0 147 00000000 00000000 4
0 5 0 148 00000000 00000000 4
0 5 0 149 00000000 00000000 4
0 5 0 150 00000000 00000000 4
0 5 0 151 00000000 00000000 4
0 5 0 152 00000000 00000000 4
0 5 0 153 00000000 00000000 4
0 5 0 154 00000000 00000000 4
0 5 0 155 00000000 00000000 4
0 5 0 156 00000000 00000000 4
0 5 0 157 00000000 00000000 4
0 5 0 158 00000000 00000000 4
0 5 0 159 00000000 00000000 4
0 5 0 160 00000000 00000000 4
0 5 0 161 00000000 00000000 4
0 5 0 162 00000000 00000000 4
0 5 0 163 00000000 00000000 4
0 5 0 164 00000000 00000000 4
0 5 0 165 00000000 00000000 4
0 5 0 166 00000000 00000000 4
0 5 0 167 00000000 00000000 4
0 5 0 168 00000000 00000000 4
0 5 0 169 00000000 00000000 4
0 5 0 170 00000000 00000000 4
0 5 0 171 00000000 00000000 4
0 5 0 172 00000000 00000000 4
0 5 0 173 00000000 00000000 4
0 5 0 174 00000000 00000000 4
0 5 0 175 00000000 00000000 4
0 5 0 176 00000000 00000000 4
0 5 0 177 00000000 00000000 4
0 5 0 178 00000000 00000000 4
0 5 0 179 00000000 00000000 4
0 5 0 180 00000000 00000000 4
0 5 0 181 00000000 00000000 4
0 5 0 182 00000000 00000000 4
0 5 0 183 00000000 00000000 4
0 5 0 184 00000000 00000000 4
0 5 0 185 00000000 00000000 4
0 5 0 186 00000000 00000000 4
0 5 0 187 00000000 00000000 4
0 5 0 188 00000000 00000000 4
0 5 0 189 00000000 00000000 4
0 5 0 190 00000000 00000000 4
0 5 0 191 00000000 00000000 4
0 5 0 192 00000000 00000000 4
0 5 0 193 00000000 00000000 4
0 5 0 194 00000000 00000000 4
0 5 0 195 00000000 00000000 4
0 5 0 196 00000000 00000000 4
0 5 0 197 00000000 00000000 4
0 5 0 198 00000000 00000000 4
0 5 0 199 00000000 00000000 4
0 5 0 200 00000000 00000000 4
0 5 0 201 00000000 00000000 4
0 5 0 202 00000000 00000000 4
0 5 0 203 00000000 00000000 4
0 5 0 204 00000000 00000000 4
0 5 0 205 00000000 00000000 4
0 5 0 206 00000000 00000000 4
0 5 0 207 00000000 00000000 4
0 5 0 208 00000000 00000000 4
0 5 0 209 00000000 00000000 4
0 5 0 210 00000000 00000000 4
0 5 0 211 00000000 00000000 4
0 5 0 212 00000000 00000000 4
0 5 0 213 00000000 00000000 4
0 5 0 214 00000000 00000000 4
0 5 0 215 00000000 00000000 4
0 5 0 216 00000000 00000000 4
0 5 0 217 00000000 00000000 4
0 5 0 218 00000000 00000000 4
0 5 0 219 00000000 00000000 4
0 5 0 220 00000000 00000000 4
0 5 0 221 00000000 00000000 4
0 5 0 222 00000000 00000000 4
0 5 0 223 00000000 00000000 4
0 5 0 224 00000000 00000000 4
0 5 0 225 00000000 00000000 4
0 5 0 226 00000000 00000000 4
0 5 0 227 00000000 00000000 4
0 5 0 228 00000000 00000000 4
0 5 0 229 00000000 00000000 4
0 5 0 230 00000000 00000000 4
0 5 0 231 00000000 00000000 4
0 5 0 232 00000000 00000000 4
0 5 0 233 00000000 00000000 4
0 5 0 234 00000000 00000000 4
0 5 0 235 00000000 00000000 4
0 5 0 236 00000000 00000000 4
0 5 0 237 00000000 00000000 4
0 5 0 238 00000000 00000000 4
0 5 0 239 00000000 00000000 4
0 5 0 240 00000000 00000000 4
0 5 0 241 00000000 00000000 4
0 5 0 242 00000000 00000000 4
0 5 0 243 00000000 00000000 4
0 5 0 244 00000000 00000000 4
0 5 0 245 00000000 00000000 4
0 5 0 246 00000000 00000000 4
0 5 0 247 00000000 00000000 4
0 5 0 248 00000000 00000000 4
0 5 0 249 00000000 00000000 4
0 5 0 250 00000000 00000000 4
0 5 0 251 00000000 00000000 4
0 5 0 252 00000000 00000000 4
0 5 0 253 00000000 00000000 4
0 5 0 254 00000000 00000000 4
0 5 0 255 00000000 00000000 4
0 5 0 256 00000000 00000000 4
0 5 0 257 00000000 00000000 4
0 5 0 258 00000000 00000000 4
0 5 0 259 00000000 00000000 4
0 5 0 260 00000000 00000000 4
0 5 0 261 00000000 00000000 4
0 5 0 262 00000000 00000000 4
0 5 0 263 00000000 00000000 4
0 5 0 264 00000000 00000000 4
0 5 0 265 00000000 00000000 4
0 5 0 266 00000000 00000000 4
0 5 0 267 00000000 00000000 4
0 5 0 268 00000000 00000000 4
0 5 0 269 00000000 00000000 4
0 5 0 270 00000000 00000000 4
0 5 0 271 00000000 00000000 4
0 5 0 272 00000000 00000000 4
0 5 0 273 00000000 00000000 4
0 5 0 274 00000000 00000000 4
0 5 0 275 00000000 00000000 4
0 5 0 276 00000000 00000000 4
0 5 0 277 00000000 00000000 4
0 5 0 278 00000000 00000000 4
0 5 0 279 00000000 00000000 4
0 5 0 280 00000000 00000000 4
0 5 0 281 00000000 00000000 4
0 5 0 282 00000000 00000000 4
0 5 0 283 00000000 00000000 4
0 5 0 284 00000000 00000000 4
0 5 0 285 00000000 00000000 4
0 5 0 286 00000000 00000000 4
0 5 0 287 00000000 00000000 4
0 5 0 288 00000000 00000000 4
0 5 0 289 00000000 00000000 4
0 5 0 290 00000000 00000000 4
0 5 0 291 00000000 00000000 4
0 5 0 292 00000000 00000000 4
0 5 0 293 00000000 00000000 4
0 5 0 294 00000000 00000000 4
0 5 0 295 00000000 00000000 4
0 5 0 296 00000000 00000000 4
0 5 0 297 00000000 00000000 4
0 5 0 298 00000000 00000000 4
0 5 0 299 00000000 00000000 4
0 5 0 300 00000000 00000000 4
0 5 0 301 00000000 00000000 4
0 5 0 302 00000000 00000000 4
0 5 0 303 00000000 00000000 4
0 5 0 304 00000000 00000000 4
0 5 0 305 00000000 00000000 4
0 5 0 306 00000000 00000000 4
0 5 0 307 00000000 00000000 4
0 5 0 308 00000000 00000000 4
0 5 0 309 00000000 00000000 4
0 5 0 310 00000000 00000000 4
0 5 0 311 00000000 00000000 4
0 5 0 312 00000000 00000000 4
0 5 0 313 00000000 00000000 4
0 5 0 314 00000000 00000000 4
0 5 0 315 00000000 00000000 4
0 5 0 316 00000000 00000000 4
0 5 0 317 00000000 00000000 4
0 5 0 318 00000000 00000000 4
0 5 0 319 00000000 00000000 4
0 5 0 320 00000000 00000000 4
0 5 0 321 00000000 00000000 4
0 5 0 322 00000000 00000000 4
0 5 0 323 00000000 00000000 4
0 5 0 324 00000000 00000000 4
0 5 0 325 00000000 00000000 4
0 5 0 326 00000000 00000000 4
0 5 0 327 00000000 00000000 4
0 5 0 328 00000000 00000000 4
0 5 0 329 00000000 00000000 4
0 5 0 330 00000000 00000000 4
0 5 0 331 00000000 00000000 4
0 5 0 332 00000000 00000000 4
0 5 0 333 00000000 00000000 4
0 5 0 334 00000000 00000000 4
0 5 0 335 00000000 00000000 4
0 5 0 336 00000000 00000000 4
0 5 0 337 00000000 00000000 4
0 5 0 338 00000000 00000000 4
0 5 0 339 00000000 00000000 4
0 5 0 340 00000000 00000000 4
0 5 0 341 00000000 00000000 4
0 5 0 342 00000000 00000000 4
0 5 0 343 00000000 00000000 4
0 5 0 344 00000000 00000000 4
0 5 0 345 00000000 00000000 4
0 5 0 346 00000000 00000000 4
0 5 0 347 00000000 00000000 4
0 5 0 348 00000000 00000000 4
0 5 0 349 00000000 00000000 4
0 5 0 350 00000000 00000000 4
0 5 0 351 00000000 00000000 4
0 5 0 352 00000000 00000000 4
0 5 0 353 00000000 00000000 4
0 5 0 354 00000000 00000000 4
0 5 0 355 00000000 00000000 4
0 5 0 356 00000000 00000000 4
0 5 0 357 00000000 00000000 4
0 5 0 358 00000000 00000000 4
0 5 0 359 00000000 00000000 4
0 5 0 360 00000000 00000000 4
0 5 0 361 00000000 00000000 4
0 5 0 362 00000000 00000000 4
0 5 0 363 00000000 00000000 4
0 5 0 364 00000000 00000000 4
0 5 0 365 00000000 00000000 4
0 5 0 366 00000000 00000000 4
0 5 0 367 00000000 00000000 4
0 5 0 368 00000000 00000000 4
0 5 0 369 00000000 00000000 4
0 5 0 370 00000000 00000000 4
0 5 0 371 00000000 00000000 4
0 5 0 372 00000000 00000000 4
0 5 0 373 00000000 00000000 4
0 5 0 374 00000000 00000000 4
0 5 0 375 00000000 00000000 4
0 5 0 376 00000000 00000000 4
0 5 0 377 00000000 00000000 4
0 5 0 378 00000000 00000000 4
0 5 0 379 00000000 00000000 4
0 5 0 380 00000000 00000000 4
0 5 0 381 00000000 00000000 4
0 5 0 382 00000000 00000000 4
0 5 0 383 00000000 00000000 4
0 5 0 384 00000000 00000000 4
0 5 0 385 00000000 00000000 4
0 5 0 386 00000000 00000000 4
0 5 0 387 00000000 00000000 4
0 5 0 388 00000000 00000000 4
0 5 0 389 00000000 00000000 4
0 5 0 390 00000000 00000000 4
0 5 0 391 00000000 00000000 4
0 5 0 392 00000000 00000000 4
0 5 0 393 00000000 00000000 4
0 5 0 394 00000000 00000000 4
0 5 0 395 00000000 00000000 4
0 5 0 396 00000000 00000000 4
0 5 0 397 00000000 00000000 4
0 5 0 398 00000000 00000000 4
0 5 0 399 00000000 00000000 4
0 5 0 400 00000000 00000000 4
0 5 0 401 00000000 00000000 4
0 5 0 402 00000000 00000000 4
0 5 0 403 00000000 00000000 4
0 5 0 404 00000000 00000000 4
0 5 0 405 00000000 00000000 4
0 5 0 406 00000000 00000000 4
0 5 0 407 00000000 00000000 4
0 5 0 408 00000000 00000000 4
0 5 0 409 00000000 00000000 4
0 5 0 410 00000000 00000000 4
0 5 0 411 00000000 00000000 4
0 5 0 412 00000000 00000000 4
0 5 0 413 00000000 00000000 4
0 5 0 414 00000000 00000000 4
0 5 0 415 00000000 00000000 4
0 5 0 416 00000000 00000000 4
0 5 0 417 00000000 00000000 4
0 5 0 418 00000000 00000000 4
0 5 0 419 00000000 00000000 4
0 5 0 420 00000000 00000000 4
0 5 0 421 00000000 00000000 4
0 5 0 422 00000000 00000000 4
0 5 0 423 00000000 00000000 4
0 5 0 424 00000000 00000000 4
0 5 0 425 00000000 00000000 4
0 5 0 426 00000000 00000000 4
0 5 0 427 00000000 00000000 4
0 5 0 428 00000000 00000000 4
0 5 0 429 00000000 00000000 4
0 5 0 430 00000000 00000000 4
0 5 0 431 00000000 00000000 4
0 5 0 432 00000000 00000000 4
0 5 0 433 00000000 00000000 4
0 5 0 434 00000000 00000000 4
0 5 0 435 00000000 00000000 4
0 5 0 436 00000000 00000000 4
0 5 0 437 00000000 00000000 4
0 5 0 438 00000000 00000000 4
0 5 0 439 00000000 00000000 4
0 5 0 440 00000000 00000000 4
0 5 0 441 00000000 00000000 4
0 5 0 442 00000000 00000000 4
0 5 0 443 00000000 00000000 4
0 5 0 444 00000000 00000000 4
0 5 0 445 00000000 00000000 4
0 5 0 446 00000000 00000000 4
0 5 0 447 00000000 00000000 4
0 5 0 448 00000000 00000000 4
0 5 0 449 00000000 00000000 4
0 5 0 450 00000000 00000000 4
0 5 0 451 00000000 00000000 4
0 5 0 452 00000000 00000000 4
0 5 0 453 00000000 00000000 4
0 5 0 454 00000000 00000000 4
0 5 0 455 00000000 00000000 4
0 5 0 456 00000000 00000000 4
0 5 0 457 00000000 00000000 4
0 5 0 458 00000000 00000000 4
0 5 0 459 00000000 00000000 4
0 5 0 460 00000000 00000000 4
0 5 0 461 00000000 00000000 4
0 5 0 462 00000000 00000000 4
0 5 0 463 00000000 00000000 4
0 5 0 464 00000000 00000000 4
0 5 0 465 00000000 00000000 4
0 5 0 466 00000000 00000000 4
0 5 0 467 00000000 00000000 4
0 5 0 468 00000000 00000000 4
0 5 0 469 00000000 00000000 4
0 5 0 470 00000000 00000000 4
0 5 0 471 00000000 00000000 4
0 5 0 472 00000000 00000000 4
0 5 0 473 00000000 00000000 4
0 5 0 474 00000000 00000000 4
0 5 0 475 00000000 00000000 4
0 5 0 476 00000000 00000000 4
0 5 0 477 00000000 00000000 4
0 5 0 478 00000000 00000000 4
0 5 0 479 00000000 00000000 4
0 5 0 480 00000000 00000000 4
0 5 0 481 00000000 00000000 4
0 5 0 482 00000000 00000000 4
0 5 0 483 00000000 00000000 4
0 5 0 484 00000000 00000000 4
0 5 0 485 00000000 00000000 4
0 5 0 486 00000000 00000000 4
0 5 0 487 00000000 00000000 4
0 5 0 488 00000000 00000000 4
0 5 0 489 00000000 00000000 4
0 5 0 490 00000000 00000000 4
0 5 0 491 00000000 00000000 4
0 5 0 492 00000000 00000000 4
0 5 0 493 00000000 00000000 4
0 5 0 494 00000000 00000000 4
0 5 0 495 00000000 00000000 4
0 5 0 496 00000000 00000000 4
0 5 0 497 00000000 00000000 4
0 5 0 498 00000000 00000000 4
0 5 0 499 00000000 00000000 4
0 5 0 500 00000000 00000000 4
0 5 0 501 00000000 00000000 4
0 5 0 502 00000000 00000000 4
0 5 0 503 00000000 00000000 4
0 5 0 504 00000000 00000000 4
0 5 0 505 00000000 00000000 4
0 5 0 506 00000000 00000000 4
0 5 0 507 00000000 00000000 4
0 5 0 508 00000000 00000000 4
0 5 0 509 00000000 00000000 4
0 5 0 510 00000000 00000000 4
0 5 0 511 00000000 00000000 4
1 0 0 0 00000000 00000000 4
1 0 0 1 00000000 00000000 4
1 0 0 2 00000000 00000000 4
1 0 0 3 00000000 00000000 4
1 0 0 4 00000000 00000000 4
1 0 0 5 00000000 00000000 4
1 0 0 6 00000000 00000000 4
1 0 0 7 00000000 00000000 4
1 0 0 8 00000000 00000000 4
1 0 0 9 00000000 00000000 4
1 0 0 10 00000000 00000000 4
1 0 0 11 00000000 00000000 4
1 0 0 12 00000000 00000000 4
1 0 0 13 00000000 00000000 4
1 0 0 14 00000000 00000000 4
1 0 0 15 00000000 00000000 4
1 0 0 16 00000000 00000000 4
1 0 0 17 00000000 00000000 4
1 0 0 18 00000000 00000000 4
1 0 0 19 00000000 00000000 4
1 0 0 20 00000000 00000000 4
1 0 0 21 00000000 00000000 4
1 0 0 22 00000000 00000000 4
1 0 0 23 00000000 00000000 4
1 0 0 24 00000000 00000000 4
1 0 0 25 00000000 00000000 4
1 0 0 26 00000000 00000000 4
1 0 0 27 00000000 00000000 4
1 0 0 28 00000000 00000000 4
1 0 0 29 00000000 00000000 4
1 0 0 30 00000000 00000000 4
1 0 0 31 00000000 00000000 4
1 0 0 32 00000000 00000000 4
1 0 0 33 00000000 00000000 4
1 0 0 34 00000000 00000000 4
1 0 0 35 00000000 00000000 4
1 0 0 36 00000000 00000000 4
1 0 0 37 00000000 00000000 4
1 0 0 38 00000000 00000000 4
1 0 0 39 00000000 00000000 4
1 0 0 40 00000000 00000000 4
1 0 0 41 00000000 00000000 4
1 0 0 42 00000000 00000000 4
1 0 0 43 00000000 00000000 4
1 0 0 44 00000000 00000000 4
1 0 0 45 00000000 00000000 4
1 0 0 46 00000000 00000000 4
1 0 0 47 00000000 00000000 4
1 0 0 48 00000000 00000000 4
1 0 0 49 00000000 00000000 4
1 0 0 50 00000000 00000000 4
1 0 0 51 00000000 00000000 4
1 0 0 52 00000000 00000000 4
1 0 0 53 00000000 00000000 4
1 0 0 54 00000000 00000000 4
1 0 0 55 00000000 00000000 4
1 0 0 56 00000000 00000000 4
1 0 0 57 00000000 00000000 4
1 0 0 58 00000000 00000000 4
1 0 0 59 00000000 00000000 4
1 0 0 60 00000000 00000000 4
1 0 0 61 00000000 00000000 4
1 0 0 62 00000000 00000000 4
1 0 0 63 00000000 00000000 4
1 0 0 64 00000000 00000000 4
1 0 0 65 00000000 00000000 4
1 0 0 66 00000000 00000000 4
1 0 0 67 00000000 00000000 4
1 0 0 68 00000000 00000000 4
1 0 0 69 00000000 00000000 4
1 0 0 70 00000000 00000000 4
1 0 0 71 00000000 00000000 4
1 0 0 72 00000000 00000000 4
1 0 0 73 00000000 00000000 4
1 0 0 74 00000000 00000000 4
1 0 0 75 00000000 00000000 4
1 0 0 76 00000000 00000000 4
1 0 0 77 00000000 00000000 4
1 0 0 78 00000000 00000000 4
1 0 0 79 00000000 00000000 4
1 0 0 80 00000000 00000000 4
1 0 0 81 00000000 00000000 4
1 0 0 82 00000000 00000000 4
1 0 0 83 00000000 00000000 4
1 0 0 84 00000000 00000000 4
1 0 0 85 00000000 00000000 4
1 0 0 86 00000000 00000000 4
1 0 0 87 00000000 00000000 4
1 0 0 88 00000000 00000000 4
1 0 0 89 00000000 00000000 4
1 0 0 90 00000000 00000000 4
1 0 0 91 00000000 00000000 4
1 0 0 92 00000000 00000000 4
1 0 0 93 00000000 00000000 4
1 0 0 94 00000000 00000000 4
1 0 0 95 00000000 00000000 4
1 0 0 96 00000000 00000000 4
1 0 0 97 00000000 00000000 4
1 0 0 98 00000000 00000000 4
1 0 0 99 00000000 00000000 4
1 0 0 100 00000000 00000000 4
1 0 0 101 00000000 00000000 4
1 0 0 102 00000000 00000000 4
1 0 0 103 00000000 00000000 4
1 0 0 104 00000000 00000000 4
1 0 0 105 00000000 00000000 4
1 0 0 106 00000000 00000000 4
1 0 0 107 00000000 00000000 4
1 0 0 108 00000000 00000000 4
1 0 0 109 00000000 00000000 4
1 0 0 110 00000000 00000000 4
1 0 0 111 00000000 00000000 4
1 0 0 112 00000000 00000000 4
1 0 0 113 00000000 00000000 4
1 0 0 114 00000000 00000000 4
1 0 0 115 00000000 00000000 4
1 0 0 116 00000000 00000000 4
1 0 0 117 00000000 00000000 4
1 0 0 118 00000000 00000000 4
1 0 0 119 00000000 00000000 4
1 0 0 120 00000000 00000000 4
1 0 0 121 00000000 00000000 4
1 0 0 122 00000000 00000000 4
1 0 0 123 00000000 00000000 4
1 0 0 124 00000000 00000000 4
1 0 0 125 00000000 00000000 4
1 0 0 126 00000000 00000000 4
1 0 0 127 00000000 00000000 4
1 0 0 128 00000000 00000000 4
1 0 0 129 00000000 00000000 4
1 0 0 130 00000000 00000000 4
1 0 0 131 00000000 00000000 4
1 0 0 132 00000000 00000000 4
1 0 0 133 00000000 00000000 4
1 0 0 134 00000000 00000000 4
1 0 0 135 00000000 00000000 4
1 0 0 136 00000000 00000000 4
1 0 0 137 00000000 00000000 4
1 0 0 138 00000000 00000000 4
1 0 0 139 00000000 00000000 4
1 0 0 140 00000000 00000000 4
1 0 0 141 00000000 00000000 4
1 0 0 142 00000000 00000000 4
1 0 0 143 00000000 00000000 4
1 0 0 144 00000000 00000000 4
1 0 0 145 00000000 00000000 4
1 0 0 146 00000000 00000000 4
1 0 0 147 00000000 00000000 4
1 0 0 148 00000000 00000000 4
1 0 0 149 00000000 00000000 4
1 0 0 150 00000000 00000000 4
1 0 0 151 00000000 00000000 4
1 0 0 152 00000000 00000000 4
1 0 0 153 00000000 00000000 4
1 0 0 154 00000000 00000000 4
1 0 0 155 00000000 00000000 4
1 0 0 156 00000000 00000000 4
1 0 0 157 00000000 00000000 4
1 0 0 158 00000000 00000000 4
1 0 0 159 00000000 00000000 4
1 0 0 160 00000000 00000000 4
1 0 0 161 00000000 00000000 4
1 0 0 162 00000000 00000000 4
1 0 0 163 00000000 00000000 4
1 0 0 164 00000000 00000000 4
1 0 0 165 00000000 00000000 4
1 0 0 166 00000000 00000000 4
1 0 0 167 00000000 00000000 4
1 0 0 168 00000000 00000000 4
1 0 0 169 00000000 00000000 4
1 0 0 170 00000000 00000000 4
1 0 0 171 00000000 00000000 4
1 0 0 172 00000000 00000000 4
1 0 0 173 00000000 00000000 4
1 0 0 174 00000000 00000000 4
1 0 0 175 00000000 00000000 4
1 0 0 176 00000000 00000000 4
1 0 0 177 00000000 00000000 4
1 0 0 178 00000000 00000000 4
1 0 0 179 00000000 00000000 4
1 0 0 180 00000000 00000000 4
1 0 0 181 00000000 00000000 4
1 0 0 182 00000000 00000000 4
1 0 0 183 00000000 00000000 4
1 0 0 184 00000000 00000000 4
1 0 0 185 00000000 00000000 4
1 0 0 186 00000000 00000000 4
1 0 0 187 00000000 00000000 4
1 0 0 188 00000000 00000000 4
1 0 0 189 00000000 00000000 4
1 0 0 190 00000000 00000000 4
1 0 0 191 00000000 00000000 4
1 0 0 192 00000000 00000000 4
1 0 0 193 00000000 00000000 4
1 0 0 194 00000000 00000000 4
1 0 0 195 00000000 00000000 4
1 0 0 196 00000000 00000000 4
1 0 0 197 00000000 00000000 4
1 0 0 198 00000000 00000000 4
1 0 0 199 00000000 00000000 4
1 0 0 200 00000000 00000000 4
1 0 0 201 00000000 00000000 4
1 0 0 202 00000000 00000000 4
1 0 0 203 00000000 00000000 4
1 0 0 204 00000000 00000000 4
1 0 0 205 00000000 00000000 4
1 0 0 206 00000000 00000000 4
1 0 0 207 00000000 00000000 4
1 0 0 208 00000000 00000000 4
1 0 0 209 00000000 00000000 4
1 0 0 210 00000000 00000000 4
1 0 0 211 00000000 00000000 4
1 0 0 212 00000000 00000000 4
1 0 0 213 00000000 00000000 4
1 0 0 214 00000000 00000000 4
1 0 0 215 00000000 00000000 4
1 0 0 216 00000000 00000000 4
1 0 0 217 00000000 00000000 4
1 0 0 218 00000000 00000000 4
1 0 0 219 00000000 00000000 4
1 0 0 220 00000000 00000000 4
1 0 0 221 00000000 00000000 4
1 0 0 222 00000000 00000000 4
1 0 0 223 00000000 00000000 4
1 0 0 224 00000000 00000000 4
1 0 0 225 00000000 00000000 4
1 0 0 226 00000000 00000000 4
1 0 0 227 00000000 00000000 4
1 0 0 228 00000000 00000000 4
1 0 0 229 00000000 00000000 4
1 0 0 230 00000000 00000000 4
1 0 0 231 00000000 00000000 4
1 0 0 232 00000000 00000000 4
1 0 0 233 00000000 00000000 4
1 0 0 234 00000000 00000000 4
1 0 0 235 00000000 00000000 4
1 0 0 236 00000000 00000000 4
1 0 0 237 00000000 00000000 4
1 0 0 238 00000000 00000000 4
1 0 0 239 00000000 00000000 4
1 0 0 240 00000000 00000000 4
1 0 0 241 00000000 00000000 4
1 0 0 242 00000000 00000000 4
1 0 0 243 00000000 00000000 4
1 0 0 244 00000000 00000000 4
1 0 0 245 00000000 00000000 4
1 0 0 246 00000000 00000000 4
1 0 0 247 00000000 00000000 4
1 0 0 248 00000000 00000000 4
1 0 0 249 00000000 00000000 4
1 0 0 250 00000000 00000000 4
1 0 0 251 00000000 00000000 4
1 0 0 252 00000000 00000000 4
1 0 0 253 00000000 00000000 4
1 0 0 254 00000000 00000000 4
1 0 0 255 00000000 00000000 4
1 0 0 256 0002353D FFFDC9E8 4
1 0 0 257 00000000 00000000 4
1 0 0 258 00000000 00000000 4
1 0 0 259 00000000 00000000 4
1 0 0 260 00000000 00000000 4
1 0 0 261 00000000 00000000 4
1 0 0 262 00000000 00000000 4
1 0 0 263 00000000 00000000 4
1 0 0 264 00000000 00000000 4
1 0 0 265 00000000 00000000 4
1 0 0 266 00000000 00000000 4
1 0 0 267 00000000 00000000 4
1 0 0 268 00000000 00000000 4
1 0 0 269 00000000 00000000 4
1 0 0 270 00000000 00000000 4
1 0 0 271 00000000 00000000 4
1 0 0 272 00000000 00000000 4
1 0 0 273 00000000 00000000 4
1 0 0 274 00000000 00000000 4
1 0 0 275 00000000 00000000 4
1 0 0 276 00000000 00000000 4
1 0 0 277 00000000 00000000 4
1 0 0 278 00000000 00000000 4
1 0 0 279 00000000 00000000 4
1 0 0 280 00000000 00000000 4
1 0 0 281 00000000 00000000 4
1 0 0 282 00000000 00000000 4
1 0 0 283 00000000 00000000 4
1 0 0 284 00000000 00000000 4
1 0 0 285 00000000 00000000 4
1 0 0 286 00000000 00000000 4
1 0 0 287 00000000 00000000 4
1 0 0 288 00000000 00000000 4
1 0 0 289 00000000 00000000 4
1 0 0 290 00000000 00000000 4
1 0 0 291 00000000 00000000 4
1 0 0 292 00000000 00000000 4
1 0 0 293 00000000 00000000 4
1 0 0 294 00000000 00000000 4
1 0 0 295 00000000 00000000 4
1 0 0 296 00000000 00000000 4
1 0 0 297 00000000 00000000 4
1 0 0 298 00000000 00000000 4
1 0 0 299 00000000 00000000 4
1 0 0 300 00000000 00000000 4
1 0 0 301 00000000 00000000 4
1 0 0 302 00000000 00000000 4
1 0 0 303 00000000 00000000 4
1 0 0 304 00000000 00000000 4
1 0 0 305 00000000 00000000 4
1 0 0 306 00000000 00000000 4
1 0 0 307 00000000 00000000 4
1 0 0 308 00000000 00000000 4
1 0 0 309 00000000 00000000 4
1 0 0 310 00000000 00000000 4
1 0 0 311 00000000 00000000 4
1 0 0 312 00000000 00000000 4
1 0 0 313 00000000 00000000 4
1 0 0 314 00000000 00000000 4
1 0 0 315 00000000 00000000 4
1 0 0 316 00000000 00000000 4
1 0 0 317 00000000 00000000 4
1 0 0 318 00000000 00000000 4
1 0 0 319 00000000 00000000 4
1 0 0 320 00000000 00000000 4
1 0 0 321 00000000 00000000 4
1 0 0 322 00000000 00000000 4
1 0 0 323 00000000 00000000 4
1 0 0 324 00000000 00000000 4
1 0 0 325 00000000 00000000 4
1 0 0 326 00000000 00000000 4
1 0 0 327 00000000 00000000 4
1 0 0 328 00000000 00000000 4
1 0 0 329 00000000 00000000 4
1 0 0 330 00000000 00000000 4
1 0 0 331 00000000 00000000 4
1 0 0 332 00000000 00000000 4
1 0 0 333 00000000 00000000 4
1 0 0 334 00000000 00000000 4
1 0 0 335 00000000 00000000 4
1 0 0 336 00000000 00000000 4
1 0 0 337 00000000 00000000 4
1 0 0 338 00000000 00000000 4
1 0 0 339 00000000 00000000 4
1 0 0 340 00000000 00000000 4
1 0 0 341 00000000 00000000 4
1 0 0 342 00000000 00000000 4
1 0 0 343 00000000 00000000 4
1 0 0 344 00000000 00000000 4
1 0 0 345 00000000 00000000 4
1 0 0 346 00000000 00000000 4
1 0 0 347 00000000 00000000 4
1 0 0 348 00000000 00000000 4
1 0 0 349 00000000 00000000 4
1 0 0 350 00000000 00000000 4
1 0 0 351 00000000 00000000 4
1 0 0 352 00000000 00000000 4
1 0 0 353 00000000 00000000 4
1 0 0 354 00000000 00000000 4
1 0 0 355 00000000 00000000 4
1 0 0 356 00000000 00000000 4
1 0 0 357 00000000 00000000 4
1 0 0 358 00000000 00000000 4
1 0 0 359 00000000 00000000 4
1 0 0 360 00000000 00000000 4
1 0 0 361 00000000 00000000 4
1 0 0 362 00000000 00000000 4
1 0 0 363 00000000 00000000 4
1 0 0 364 00000000 00000000 4
1 0 0 365 00000000 00000000 4
1 0 0 366 00000000 00000000 4
1 0 0 367 00000000 00000000 4
1 0 0 368 00000000 00000000 4
1 0 0 369 00000000 00000000 4
1 0 0 370 00000000 00000000 4
1 0 0 371 00000000 00000000 4
1 0 0 372 00000000 00000000 4
1 0 0 373 00000000 00000000 4
1 0 0 374 00000000 00000000 4
1 0 0 375 00000000 00000000 4
1 0 0 376 00000000 00000000 4
1 0 0 377 00000000 00000000 4
1 0 0 378 00000000 00000000 4
1 0 0 379 00000000 00000000 4
1 0 0 380 00000000 00000000 4
1 0 0 381 00000000 00000000 4
1 0 0 382 00000000 00000000 4
1 0 0 383 00000000 00000000 4
1 0 0 384 00000000 00000000 4
1 0 0 385 00000000 00000000 4
1 0 0 386 00000000 00000000 4
1 0 0 387 00000000 00000000 4
1 0 0 388 00000000 00000000 4
1 0 0 389 00000000 00000000 4
1 0 0 390 00000000 00000000 4
1 0 0 391 00000000 00000000 4
1 0 0 392 00000000 00000000 4
1 0 0 393 00000000 00000000 4
1 0 0 394 00000000 00000000 4
1 0 0 395 00000000 00000000 4
1 0 0 396 00000000 00000000 4
1 0 0 397 00000000 00000000 4
1 0 0 398 00000000 00000000 4
1 0 0 399 00000000 00000000 4
1 0 0 400 00000000 00000000 4
1 0 0 401 00000000 00000000 4
1 0 0 402 00000000 00000000 4
1 0 0 403 00000000 00000000 4
1 0 0 404 00000000 00000000 4
1 0 0 405 00000000 00000000 4
1 0 0 406 00000000 00000000 4
1 0 0 407 00000000 00000000 4
1 0 0 408 00000000 00000000 4
1 0 0 409 00000000 00000000 4
1 0 0 410 00000000 00000000 4
1 0 0 411 00000000 00000000 4
1 0 0 412 00000000 00000000 4
1 0 0 413 00000000 00000000 4
1 0 0 414 00000000 00000000 4
1 0 0 415 00000000 00000000 4
1 0 0 416 00000000 00000000 4
1 0 0 417 00000000 00000000 4
1 0 0 418 00000000 00000000 4
1 0 0 419 00000000 00000000 4
1 0 0 420 00000000 00000000 4
1 0 0 421 00000000 00000000 4
1 0 0 422 00000000 00000000 4
1 0 0 423 00000000 00000000 4
1 0 0 424 00000000 00000000 4
1 0 0 425 00000000 00000000 4
1 0 0 426 00000000 00000000 4
1 0 0 427 00000000 00000000 4
1 0 0 428 00000000 00000000 4
1 0 0 429 00000000 00000000 4
1 0 0 430 00000000 00000000 4
1 0 0 431 00000000 00000000 4
1 0 0 432 00000000 00000000 4
1 0 0 433 00000000 00000000 4
1 0 0 434 00000000 00000000 4
1 0 0 435 00000000 00000000 4
1 0 0 436 00000000 00000000 4
1 0 0 437 00000000 00000000 4
1 0 0 438 00000000 00000000 4
1 0 0 439 00000000 00000000 4
1 0 0 440 00000000 00000000 4
1 0 0 441 00000000 00000000 4
1 0 0 442 00000000 00000000 4
1 0 0 443 00000000 00000000 4
1 0 0 444 00000000 00000000 4
1 0 0 445 00000000 00000000 4
1 0 0 446 00000000 00000000 4
1 0 0 447 00000000 00000000 4
1 0 0 448 00000000 00000000 4
1 0 0 449 00000000 00000000 4
1 0 0 450 00000000 00000000 4
1 0 0 451 00000000 00000000 4
1 0 0 452 00000000 00000000 4
1 0 0 453 00000000 00000000 4
1 0 0 454 00000000 00000000 4
1 0 0 455 00000000 00000000 4
1 0 0 456 00000000 00000000 4
1 0 0 457 00000000 00000000 4
1 0 0 458 00000000 00000000 4
1 0 0 459 00000000 00000000 4
1 0 0 460 00000000 00000000 4
1 0 0 461 00000000 00000000 4
1 0 0 462 00000000 00000000 4
1 0 0 463 00000000 00000000 4
1 0 0 464 00000000 00000000 4
1 0 0 465 00000000 00000000 4
1 0 0 466 00000000 00000000 4
1 0 0 467 00000000 00000000 4
1 0 0 468 00000000 00000000 4
1 0 0 469 00000000 00000000 4
1 0 0 470 00000000 00000000 4
1 0 0 471 00000000 00000000 4
1 0 0 472 00000000 00000000 4
1 0 0 473 00000000 00000000 4
1 0 0 474 00000000 00000000 4
1 0 0 475 00000000 00000000 4
1 0 0 476 00000000 00000000 4
1 0 0 477 00000000 00000000 4
1 0 0 478 00000000 00000000 4
1 0 0 479 00000000 00000000 4
1 0 0 480 00000000 00000000 4
1 0 0 481 00000000 00000000 4
1 0 0 482 00000000 00000000 4
1 0 0 483 00000000 00000000 4
1 0 0 484 00000000 00000000 4
1 0 0 485 00000000 00000000 4
1 0 0 486 00000000 00000000 4
1 0 0 487 00000000 00000000 4
1 0 0 488 00000000 00000000 4
1 0 0 489 00000000 00000000 4
1 0 0 490 00000000 00000000 4
1 0 0 491 00000000 00000000 4
1 0 0 492 00000000 00000000 4
1 0 0 493 00000000 00000000 4
1 0 0 494 00000000 00000000 4
1 0 0 495 00000000 00000000 4
1 0 0 496 00000000 00000000 4
1 0 0 497 00000000 00000000 4
1 0 0 498 00000000 00000000 4
1 0 0 499 00000000 00000000 4
1 0 0 500 00000000 00000000 4
1 0 0 501 00000000 00000000 4
1 0 0 502 00000000 00000000 4
1 0 0 503 00000000 00000000 4
1 0 0 504 00000000 00000000 4
1 0 0 505 00000000 00000000 4
1 0 0 506 00000000 00000000 4
1 0 0 507 00000000 00000000 4
1 0 0 508 00000000 00000000 4
1 0 0 509 00000000 00000000 4
1 0 0 510 00000000 00000000 4
1 0 0 511 00000000 00000000 4
1 1 0 0 00000000 00000000 4
1 1 0 1 00000000 00000000 4
1 1 0 2 00000000 00000000 4
1 1 0 3 00000000 00000000 4
1 1 0 4 00000000 00000000 4
1 1 0 5 00000000 00000000 4
1 1 0 6 00000000 00000000 4
1 1 0 7 00000000 00000000 4
1 1 0 8 00000000 00000000 4
1 1 0 9 00000000 00000000 4
1 1 0 10 00000000 00000000 4
1 1 0 11 00000000 00000000 4
1 1 0 12 00000000 00000000 4
1 1 0 13 00000000 00000000 4
1 1 0 14 00000000 00000000 4
1 1 0 15 00000000 00000000 4
1 1 0 16 00000000 00000000 4
1 1 0 17 00000000 00000000 4
1 1 0 18 00000000 00000000 4
1 1 0 19 00000000 00000000 4
1 1 0 20 00000000 00000000 4
1 1 0 21 00000000 00000000 4
1 1 0 22 00000000 00000000 4
1 1 0 23 00000000 00000000 4
1 1 0 24 00000000 00000000 4
1 1 0 25 00000000 00000000 4
1 1 0 26 00000000 00000000 4
1 1 0 27 00000000 00000000 4
1 1 0 28 00000000 00000000 4
1 1 0 29 00000000 00000000 4
1 1 0 30 00000000 00000000 4
1 1 0 31 00000000 00000000 4
1 1 0 32 FEFF8D98 F5E8AD00 4
1 1 0 33 00000000 00000000 4
1 1 0 34 00000000 00000000 4
1 1 0 35 00000000 00000000 4
1 1 0 36 00000000 00000000 4
1 1 0 37 00000000 00000000 4
1 1 0 38 00000000 00000000 4
1 1 0 39 00000000 00000000 4
1 1 0 40 00000000 00000000 4
1 1 0 41 00000000 00000000 4
1 1 0 42 00000000 00000000 4
1 1 0 43 00000000 00000000 4
1 1 0 44 00000000 00000000 4
1 1 0 45 00000000 00000000 4
1 1 0 46 00000000 00000000 4
1 1 0 47 00000000 00000000 4
1 1 0 48 00000000 00000000 4
1 1 0 49 00000000 00000000 4
1 1 0 50 00000000 00000000 4
1 1 0 51 00000000 00000000 4
1 1 0 52 00000000 00000000 4
1 1 0 53 00000000 00000000 4
1 1 0 54 00000000 00000000 4
1 1 0 55 00000000 00000000 4
1 1 0 56 00000000 00000000 4
1 1 0 57 00000000 00000000 4
1 1 0 58 00000000 00000000 4
1 1 0 59 00000000 00000000 4
1 1 0 60 00000000 00000000 4
1 1 0 61 00000000 00000000 4
1 1 0 62 00000000 00000000 4
1 1 0 63 00000000 00000000 4
1 1 0 64 00000000 00000000 4
1 1 0 65 00000000 00000000 4
1 1 0 66 00000000 00000000 4
1 1 0 67 00000000 00000000 4
1 1 0 68 00000000 00000000 4
1 1 0 69 00000000 00000000 4
1 1 0 70 00000000 00000000 4
1 1 0 71 00000000 00000000 4
1 1 0 72 00000000 00000000 4
1 1 0 73 00000000 00000000 4
1 1 0 74 00000000 00000000 4
1 1 0 75 00000000 00000000 4
1 1 0 76 00000000 00000000 4
1 1 0 77 00000000 00000000 4
1 1 0 78 00000000 00000000 4
1 1 0 79 00000000 00000000 4
1 1 0 80 00000000 00000000 4
1 1 0 81 00000000 00000000 4
1 1 0 82 00000000 00000000 4
1 1 0 83 00000000 00000000 4
1 1 0 84 00000000 00000000 4
1 1 0 85 00000000 00000000 4
1 1 0 86 00000000 00000000 4
1 1 0 87 00000000 00000000 4
1 1 0 88 00000000 00000000 4
1 1 0 89 00000000 00000000 4
1 1 0 90 00000000 00000000 4
1 1 0 91 00000000 00000000 4
1 1 0 92 00000000 00000000 4
1 1 0 93 00000000 00000000 4
1 1 0 94 00000000 00000000 4
1 1 0 95 00000000 00000000 4
1 1 0 96 00000000 00000000 4
1 1 0 97 00000000 00000000 4
1 1 0 98 00000000 00000000 4
1 1 0 99 00000000 00000000 4
1 1 0 100 00000000 00000000 4
1 1 0 101 00000000 00000000 4
1 1 0 102 00000000 00000000 4
1 1 0 103 00000000 00000000 4
1 1 0 104 00000000 00000000 4
1 1 0 105 00000000 00000000 4
1 1 0 106 00000000 00000000 4
1 1 0 107 00000000 00000000 4
1 1 0 108 00000000 00000000 4
1 1 0 109 00000000 00000000 4
1 1 0 110 00000000 00000000 4
1 1 0 111 00000000 00000000 4
1 1 0 112 00000000 00000000 4
1 1 0 113 00000000 00000000 4
1 1 0 114 00000000 00000000 4
1 1 0 115 00000000 00000000 4
1 1 0 116 00000000 00000000 4
1 1 0 117 00000000 00000000 4
1 1 0 118 00000000 00000000 4
1 1 0 119 00000000 00000000 4
1 1 0 120 00000000 00000000 4
1 1 0 121 00000000 00000000 4
1 1 0 122 00000000 00000000 4
1 1 0 123 00000000 00000000 4
1 1 0 124 00000000 00000000 4
1 1 0 125 00000000 00000000 4
1 1 0 126 00000000 00000000 4
1 1 0 127 00000000 00000000 4
1 1 0 128 00000000 00000000 4
1 1 0 129 00000000 00000000 4
1 1 0 130 00000000 00000000 4
1 1 0 131 00000000 00000000 4
1 1 0 132 00000000 00000000 4
1 1 0 133 00000000 00000000 4
1 1 0 134 00000000 00000000 4
1 1 0 135 00000000 00000000 4
1 1 0 136 00000000 00000000 4
1 1 0 137 00000000 00000000 4
1 1 0 138 00000000 00000000 4
1 1 0 139 00000000 00000000 4
1 1 0 140 00000000 00000000 4
1 1 0 141 00000000 00000000 4
1 1 0 142 00000000 00000000 4
1 1 0 143 00000000 00000000 4
1 1 0 144 00000000 00000000 4
1 1 0 145 00000000 00000000 4
1 1 0 146 00000000 00000000 4
1 1 0 147 00000000 00000000 4
1 1 0 148 00000000 00000000 4
1 1 0 149 00000000 00000000 4
1 1 0 150 00000000 00000000 4
1 1 0 151 00000000 00000000 4
1 1 0 152 00000000 00000000 4
1 1 0 153 00000000 00000000 4
1 1 0 154 00000000 00000000 4
1 1 0 155 00000000 00000000 4
1 1 0 156 00000000 00000000 4
1 1 0 157 00000000 00000000 4
1 1 0 158 00000000 00000000 4
1 1 0 159 00000000 00000000 4
1 1 0 160 00000000 00000000 4
1 1 0 161 00000000 00000000 4
1 1 0 162 00000000 00000000 4
1 1 0 163 00000000 00000000 4
1 1 0 164 00000000 00000000 4
1 1 0 165 00000000 00000000 4
1 1 0 166 00000000 00000000 4
1 1 0 167 00000000 00000000 4
1 1 0 168 00000000 00000000 4
1 1 0 169 00000000 00000000 4
1 1 0 170 00000000 00000000 4
1 1 0 171 00000000 00000000 4
1 1 0 172 00000000 00000000 4
1 1 0 173 00000000 00000000 4
1 1 0 174 00000000 00000000 4
1 1 0 175 00000000 00000000 4
1 1 0 176 00000000 00000000 4
1 1 0 177 00000000 00000000 4
1 1 0 178 00000000 00000000 4
1 1 0 179 00000000 00000000 4
1 1 0 180 00000000 00000000 4
1 1 0 181 00000000 00000000 4
1 1 0 182 00000000 00000000 4
1 1 0 183 00000000 00000000 4
1 1 0 184 00000000 00000000 4
1 1 0 185 00000000 00000000 4
1 1 0 186 00000000 00000000 4
1 1 0 187 00000000 00000000 4
1 1 0 188 00000000 00000000 4
1 1 0 189 00000000 00000000 4
1 1 0 190 00000000 00000000 4
1 1 0 191 00000000 00000000 4
1 1 0 192 00000000 00000000 4
1 1 0 193 00000000 00000000 4
1 1 0 194 00000000 00000000 4
1 1 0 195 00000000 00000000 4
1 1 0 196 00000000 00000000 4
1 1 0 197 00000000 00000000 4
1 1 0 198 00000000 00000000 4
1 1 0 199 00000000 00000000 4
1 1 0 200 00000000 00000000 4
1 1 0 201 00000000 00000000 4
1 1 0 202 00000000 00000000 4
1 1 0 203 00000000 00000000 4
1 1 0 204 00000000 00000000 4
1 1 0 205 00000000 00000000 4
1 1 0 206 00000000 00000000 4
1 1 0 207 00000000 00000000 4
1 1 0 208 00000000 00000000 4
1 1 0 209 00000000 00000000 4
1 1 0 210 00000000 00000000 4
1 1 0 211 00000000 00000000 4
1 1 0 212 00000000 00000000 4
1 1 0 213 00000000 00000000 4
1 1 0 214 00000000 00000000 4
1 1 0 215 00000000 00000000 4
1 1 0 216 00000000 00000000 4
1 1 0 217 00000000 00000000 4
1 1 0 218 00000000 00000000 4
1 1 0 219 00000000 00000000 4
1 1 0 220 00000000 00000000 4
1 1 0 221 00000000 00000000 4
1 1 0 222 00000000 00000000 4
1 1 0 223 00000000 00000000 4
1 1 0 224 00000000 00000000 4
1 1 0 225 00000000 00000000 4
1 1 0 226 00000000 00000000 4
1 1 0 227 00000000 00000000 4
1 1 0 228 00000000 00000000 4
1 1 0 229 00000000 00000000 4
1 1 0 230 00000000 00000000 4
1 1 0 231 00000000 00000000 4
1 1 0 232 00000000 00000000 4
1 1 0 233 00000000 00000000 4
1 1 0 234 00000000 00000000 4
1 1 0 235 00000000 00000000 4
1 1 0 236 00000000 00000000 4
1 1 0 237 00000000 00000000 4
1 1 0 238 00000000 00000000 4
1 1 0 239 00000000 00000000 4
1 1 0 240 00000000 00000000 4
1 1 0 241 00000000 00000000 4
1 1 0 242 00000000 00000000 4
1 1 0 243 00000000 00000000 4
1 1 0 244 00000000 00000000 4
1 1 0 245 00000000 00000000 4
1 1 0 246 00000000 00000000 4
1 1 0 247 00000000 00000000 4
1 1 0 248 00000000 00000000 4
1 1 0 249 00000000 00000000 4
1 1 0 250 00000000 00000000 4
1 1 0 251 00000000 00000000 4
1 1 0 252 00000000 00000000 4
1 1 0 253 00000000 00000000 4
1 1 0 254 00000000 00000000 4
1 1 0 255 00000000 00000000 4
1 1 0 256 00000000 00000000 4
1 1 0 257 00000000 00000000 4
1 1 0 258 00000000 00000000 4
1 1 0 259 00000000 00000000 4
1 1 0 260 00000000 00000000 4
1 1 0 261 00000000 00000000 4
1 1 0 262 00000000 00000000 4
1 1 0 263 00000000 00000000 4
1 1 0 264 00000000 00000000 4
1 1 0 265 00000000 00000000 4
1 1 0 266 00000000 00000000 4
1 1 0 267 00000000 00000000 4
1 1 0 268 00000000 00000000 4
1 1 0 269 00000000 00000000 4
1 1 0 270 00000000 00000000 4
1 1 0 271 00000000 00000000 4
1 1 0 272 00000000 00000000 4
1 1 0 273 00000000 00000000 4
1 1 0 274 00000000 00000000 4
1 1 0 275 00000000 00000000 4
1 1 0 276 00000000 00000000 4
1 1 0 277 00000000 00000000 4
1 1 0 278 00000000 00000000 4
1 1 0 279 00000000 00000000 4
1 1 0 280 00000000 00000000 4
1 1 0 281 00000000 00000000 4
1 1 0 282 00000000 00000000 4
1 1 0 283 00000000 00000000 4
1 1 0 284 00000000 00000000 4
1 1 0 285 00000000 00000000 4
1 1 0 286 00000000 00000000 4
1 1 0 287 00000000 00000000 4
1 1 0 288 00000000 00000000 4
1 1 0 289 00000000 00000000 4
1 1 0 290 00000000 00000000 4
1 1 0 291 00000000 00000000 4
1 1 0 292 00000000 00000000 4
1 1 0 293 00000000 00000000 4
1 1 0 294 00000000 00000000 4
1 1 0 295 00000000 00000000 4
1 1 0 296 00000000 00000000 4
1 1 0 297 00000000 00000000 4
1 1 0 298 00000000 00000000 4
1 1 0 299 00000000 00000000 4
1 1 0 300 00000000 00000000 4
1 1 0 301 00000000 00000000 4
1 1 0 302 00000000 00000000 4
1 1 0 303 00000000 00000000 4
1 1 0 304 00000000 00000000 4
1 1 0 305 00000000 00000000 4
1 1 0 306 00000000 00000000 4
1 1 0 307 00000000 00000000 4
1 1 0 308 00000000 00000000 4
1 1 0 309 00000000 00000000 4
1 1 0 310 00000000 00000000 4
1 1 0 311 00000000 00000000 4
1 1 0 312 00000000 00000000 4
1 1 0 313 00000000 00000000 4
1 1 0 314 00000000 00000000 4
1 1 0 315 00000000 00000000 4
1 1 0 316 00000000 00000000 4
1 1 0 317 00000000 00000000 4
1 1 0 318 00000000 00000000 4
1 1 0 319 00000000 00000000 4
1 1 0 320 00000000 00000000 4
1 1 0 321 00000000 00000000 4
1 1 0 322 00000000 00000000 4
1 1 0 323 00000000 00000000 4
1 1 0 324 00000000 00000000 4
1 1 0 325 00000000 00000000 4
1 1 0 326 00000000 00000000 4
1 1 0 327 00000000 00000000 4
1 1 0 328 00000000 00000000 4
1 1 0 329 00000000 00000000 4
1 1 0 330 00000000 00000000 4
1 1 0 331 00000000 00000000 4
1 1 0 332 00000000 00000000 4
1 1 0 333 00000000 00000000 4
1 1 0 334 00000000 00000000 4
1 1 0 335 00000000 00000000 4
1 1 0 336 00000000 00000000 4
1 1 0 337 00000000 00000000 4
1 1 0 338 00000000 00000000 4
1 1 0 339 00000000 00000000 4
1 1 0 340 00000000 00000000 4
1 1 0 341 00000000 00000000 4
1 1 0 342 00000000 00000000 4
1 1 0 343 00000000 00000000 4
1 1 0 344 00000000 00000000 4
1 1 0 345 00000000 00000000 4
1 1 0 346 00000000 00000000 4
1 1 0 347 00000000 00000000 4
1 1 0 348 00000000 00000000 4
1 1 0 349 00000000 00000000 4
1 1 0 350 00000000 00000000 4
1 1 0 351 00000000 00000000 4
1 1 0 352 00000000 00000000 4
1 1 0 353 00000000 00000000 4
1 1 0 354 00000000 00000000 4
1 1 0 355 00000000 00000000 4
1 1 0 356 00000000 00000000 4
1 1 0 357 00000000 00000000 4
1 1 0 358 00000000 00000000 4
1 1 0 359 00000000 00000000 4
1 1 0 360 00000000 00000000 4
1 1 0 361 00000000 00000000 4
1 1 0 362 00000000 00000000 4
1 1 0 363 00000000 00000000 4
1 1 0 364 00000000 00000000 4
1 1 0 365 00000000 00000000 4
1 1 0 366 00000000 00000000 4
1 1 0 367 00000000 00000000 4
1 1 0 368 00000000 00000000 4
1 1 0 369 00000000 00000000 4
1 1 0 370 00000000 00000000 4
1 1 0 371 00000000 00000000 4
1 1 0 372 00000000 00000000 4
1 1 0 373 00000000 00000000 4
1 1 0 374 00000000 00000000 4
1 1 0 375 00000000 00000000 4
1 1 0 376 00000000 00000000 4
1 1 0 377 00000000 00000000 4
1 1 0 378 00000000 00000000 4
1 1 0 379 00000000 00000000 4
1 1 0 380 00000000 00000000 4
1 1 0 381 00000000 00000000 4
1 1 0 382 00000000 00000000 4
1 1 0 383 00000000 00000000 4
1 1 0 384 00000000 00000000 4
1 1 0 385 00000000 00000000 4
1 1 0 386 00000000 00000000 4
1 1 0 387 00000000 00000000 4
1 1 0 388 00000000 00000000 4
1 1 0 389 00000000 00000000 4
1 1 0 390 00000000 00000000 4
1 1 0 391 00000000 00000000 4
1 1 0 392 00000000 00000000 4
1 1 0 393 00000000 00000000 4
1 1 0 394 00000000 00000000 4
1 1 0 395 00000000 00000000 4
1 1 0 396 00000000 00000000 4
1 1 0 397 00000000 00000000 4
1 1 0 398 00000000 00000000 4
1 1 0 399 00000000 00000000 4
1 1 0 400 00000000 00000000 4
1 1 0 401 00000000 00000000 4
1 1 0 402 00000000 00000000 4
1 1 0 403 00000000 00000000 4
1 1 0 404 00000000 00000000 4
1 1 0 405 00000000 00000000 4
1 1 0 406 00000000 00000000 4
1 1 0 407 00000000 00000000 4
1 1 0 408 00000000 00000000 4
1 1 0 409 00000000 00000000 4
1 1 0 410 00000000 00000000 4
1 1 0 411 00000000 00000000 4
1 1 0 412 00000000 00000000 4
1 1 0 413 00000000 00000000 4
1 1 0 414 00000000 00000000 4
1 1 0 415 00000000 00000000 4
1 1 0 416 00000000 00000000 4
1 1 0 417 00000000 00000000 4
1 1 0 418 00000000 00000000 4
1 1 0 419 00000000 00000000 4
1 1 0 420 00000000 00000000 4
1 1 0 421 00000000 00000000 4
1 1 0 422 00000000 00000000 4
1 1 0 423 00000000 00000000 4
1 1 0 424 00000000 00000000 4
1 1 0 425 00000000 00000000 4
1 1 0 426 00000000 00000000 4
1 1 0 427 00000000 00000000 4
1 1 0 428 00000000 00000000 4
1 1 0 429 00000000 00000000 4
1 1 0 430 00000000 00000000 4
1 1 0 431 00000000 00000000 4
1 1 0 432 00000000 00000000 4
1 1 0 433 00000000 00000000 4
1 1 0 434 00000000 00000000 4
1 1 0 435 00000000 00000000 4
1 1 0 436 00000000 00000000 4
1 1 0 437 00000000 00000000 4
1 1 0 438 00000000 00000000 4
1 1 0 439 00000000 00000000 4
1 1 0 440 00000000 00000000 4
1 1 0 441 00000000 00000000 4
1 1 0 442 00000000 00000000 4
1 1 0 443 00000000 00000000 4
1 1 0 444 00000000 00000000 4
1 1 0 445 00000000 00000000 4
1 1 0 446 00000000 00000000 4
1 1 0 447 00000000 00000000 4
1 1 0 448 00000000 00000000 4
1 1 0 449 00000000 00000000 4
1 1 0 450 00000000 00000000 4
1 1 0 451 00000000 00000000 4
1 1 0 452 00000000 00000000 4
1 1 0 453 00000000 00000000 4
1 1 0 454 00000000 00000000 4
1 1 0 455 00000000 00000000 4
1 1 0 456 00000000 00000000 4
1 1 0 457 00000000 00000000 4
1 1 0 458 00000000 00000000 4
1 1 0 459 00000000 00000000 4
1 1 0 460 00000000 00000000 4
1 1 0 461 00000000 00000000 4
1 1 0 462 00000000 00000000 4
1 1 0 463 00000000 00000000 4
1 1 0 464 00000000 00000000 4
1 1 0 465 00000000 00000000 4
1 1 0 466 00000000 00000000 4
1 1 0 467 00000000 00000000 4
1 1 0 468 00000000 00000000 4
1 1 0 469 00000000 00000000 4
1 1 0 470 00000000 00000000 4
1 1 0 471 00000000 00000000 4
1 1 0 472 00000000 00000000 4
1 1 0 473 00000000 00000000 4
1 1 0 474 00000000 00000000 4
1 1 0 475 00000000 00000000 4
1 1 0 476 00000000 00000000 4
1 1 0 477 00000000 00000000 4
1 1 0 478 00000000 00000000 4
1 1 0 479 00000000 00000000 4
1 1 0 480 00000000 00000000 4
1 1 0 481 00000000 00000000 4
1 1 0 482 00000000 00000000 4
1 1 0 483 00000000 00000000 4
1 1 0 484 00000000 00000000 4
1 1 0 485 00000000 00000000 4
1 1 0 486 00000000 00000000 4
1 1 0 487 00000000 00000000 4
1 1 0 488 00000000 00000000 4
1 1 0 489 00000000 00000000 4
1 1 0 490 00000000 00000000 4
1 1 0 491 00000000 00000000 4
1 1 0 492 00000000 00000000 4
1 1 0 493 00000000 00000000 4
1 1 0 494 00000000 00000000 4
1 1 0 495 00000000 00000000 4
1 1 0 496 00000000 00000000 4
1 1 0 497 00000000 00000000 4
1 1 0 498 00000000 00000000 4
1 1 0 499 00000000 00000000 4
1 1 0 500 00000000 00000000 4
1 1 0 501 00000000 00000000 4
1 1 0 502 00000000 00000000 4
1 1 0 503 00000000 00000000 4
1 1 0 504 00000000 00000000 4
1 1 0 505 00000000 00000000 4
1 1 0 506 00000000 00000000 4
1 1 0 507 00000000 00000000 4
1 1 0 508 00000000 00000000 4
1 1 0 509 00000000 00000000 4
1 1 0 510 00000000 00000000 4
1 1 0 511 00000000 00000000 4
1 2 0 0 00000000 00000000 4
1 2 0 1 00000000 00000000 4
1 2 0 2 00000000 00000000 4
1 2 0 3 00000000 00000000 4
1 2 0 4 00000000 00000000 4
1 2 0 5 00000000 00000000 4
1 2 0 6 00000000 00000000 4
1 2 0 7 00000000 00000000 4
1 2 0 8 00000000 00000000 4
1 2 0 9 00000000 00000000 4
1 2 0 10 00000000 00000000 4
1 2 0 11 00000000 00000000 4
1 2 0 12 00000000 00000000 4
1 2 0 13 00000000 00000000 4
1 2 0 14 00000000 00000000 4
1 2 0 15 00000000 00000000 4
1 2 0 16 00000000 00000000 4
1 2 0 17 00000000 00000000 4
1 2 0 18 00000000 00000000 4
1 2 0 19 00000000 00000000 4
1 2 0 20 00000000 00000000 4
1 2 0 21 00000000 00000000 4
1 2 0 22 00000000 00000000 4
1 2 0 23 00000000 00000000 4
1 2 0 24 00000000 00000000 4
1 2 0 25 00000000 00000000 4
1 2 0 26 00000000 00000000 4
1 2 0 27 00000000 00000000 4
1 2 0 28 00000000 00000000 4
1 2 0 29 00000000 00000000 4
1 2 0 30 00000000 00000000 4
1 2 0 31 00000000 00000000 4
1 2 0 32 00000000 00000000 4
1 2 0 33 00000000 00000000 4
1 2 0 34 00000000 00000000 4
1 2 0 35 00000000 00000000 4
1 2 0 36 00000000 00000000 4
1 2 0 37 00000000 00000000 4
1 2 0 38 00000000 00000000 4
1 2 0 39 00000000 00000000 4
1 2 0 40 00000000 00000000 4
1 2 0 41 00000000 00000000 4
1 2 0 42 00000000 00000000 4
1 2 0 43 00000000 00000000 4
1 2 0 44 00000000 00000000 4
1 2 0 45 00000000 00000000 4
1 2 0 46 00000000 00000000 4
1 2 0 47 00000000 00000000 4
1 2 0 48 00000000 00000000 4
1 2 0 49 00000000 00000000 4
1 2 0 50 00000000 00000000 4
1 2 0 51 00000000 00000000 4
1 2 0 52 00000000 00000000 4
1 2 0 53 00000000 00000000 4
1 2 0 54 00000000 00000000 4
1 2 0 55 00000000 00000000 4
1 2 0 56 00000000 00000000 4
1 2 0 57 00000000 00000000 4
1 2 0 58 00000000 00000000 4
1 2 0 59 00000000 00000000 4
1 2 0 60 00000000 00000000 4
1 2 0 61 00000000 00000000 4
1 2 0 62 00000000 00000000 4
1 2 0 63 00000000 00000000 4
1 2 0 64 00000000 00000000 4
1 2 0 65 00000000 00000000 4
1 2 0 66 00000000 00000000 4
1 2 0 67 00000000 00000000 4
1 2 0 68 00000000 00000000 4
1 2 0 69 00000000 00000000 4
1 2 0 70 00000000 00000000 4
1 2 0 71 00000000 00000000 4
1 2 0 72 00000000 00000000 4
1 2 0 73 00000000 00000000 4
1 2 0 74 00000000 00000000 4
1 2 0 75 00000000 00000000 4
1 2 0 76 00000000 00000000 4
1 2 0 77 00000000 00000000 4
1 2 0 78 00000000 00000000 4
1 2 0 79 00000000 00000000 4
1 2 0 80 00000000 00000000 4
1 2 0 81 00000000 00000000 4
1 2 0 82 00000000 00000000 4
1 2 0 83 00000000 00000000 4
1 2 0 84 00000000 00000000 4
1 2 0 85 00000000 00000000 4
1 2 0 86 00000000 00000000 4
1 2 0 87 00000000 00000000 4
1 2 0 88 00000000 00000000 4
1 2 0 89 00000000 00000000 4
1 2 0 90 00000000 00000000 4
1 2 0 91 00000000 00000000 4
1 2 0 92 00000000 00000000 4
1 2 0 93 00000000 00000000 4
1 2 0 94 00000000 00000000 4
1 2 0 95 00000000 00000000 4
1 2 0 96 00000000 00000000 4
1 2 0 97 00000000 00000000 4
1 2 0 98 00000000 00000000 4
1 2 0 99 00000000 00000000 4
1 2 0 100 00000000 00000000 4
1 2 0 101 00000000 00000000 4
1 2 0 102 00000000 00000000 4
1 2 0 103 00000000 00000000 4
1 2 0 104 00000000 00000000 4
1 2 0 105 00000000 00000000 4
1 2 0 106 00000000 00000000 4
1 2 0 107 00000000 00000000 4
1 2 0 108 00000000 00000000 4
1 2 0 109 00000000 00000000 4
1 2 0 110 00000000 00000000 4
1 2 0 111 00000000 00000000 4
1 2 0 112 00000000 00000000 4
1 2 0 113 00000000 00000000 4
1 2 0 114 00000000 00000000 4
1 2 0 115 00000000 00000000 4
1 2 0 116 00000000 00000000 4
1 2 0 117 00000000 00000000 4
1 2 0 118 00000000 00000000 4
1 2 0 119 00000000 00000000 4
1 2 0 120 00000000 00000000 4
1 2 0 121 00000000 00000000 4
1 2 0 122 00000000 00000000 4
1 2 0 123 00000000 00000000 4
1 2 0 124 00000000 00000000 4
1 2 0 125 00000000 00000000 4
1 2 0 126 00000000 00000000 4
1 2 0 127 00000000 00000000 4
1 2 0 128 00000000 00000000 4
1 2 0 129 00000000 00000000 4
1 2 0 130 00000000 00000000 4
1 2 0 131 00000000 00000000 4
1 2 0 132 00000000 00000000 4
1 2 0 133 00000000 00000000 4
1 2 0 134 00000000 00000000 4
1 2 0 135 00000000 00000000 4
1 2 0 136 00000000 00000000 4
1 2 0 137 00000000 00000000 4
1 2 0 138 00000000 00000000 4
1 2 0 139 00000000 00000000 4
1 2 0 140 00000000 00000000 4
1 2 0 141 00000000 00000000 4
1 2 0 142 00000000 00000000 4
1 2 0 143 00000000 00000000 4
1 2 0 144 00000000 00000000 4
1 2 0 145 00000000 00000000 4
1 2 0 146 00000000 00000000 4
1 2 0 147 00000000 00000000 4
1 2 0 148 00000000 00000000 4
1 2 0 149 00000000 00000000 4
1 2 0 150 00000000 00000000 4
1 2 0 151 00000000 00000000 4
1 2 0 152 00000000 00000000 4
1 2 0 153 00000000 00000000 4
1 2 0 154 00000000 00000000 4
1 2 0 155 00000000 00000000 4
1 2 0 156 00000000 00000000 4
1 2 0 157 00000000 00000000 4
1 2 0 158 00000000 00000000 4
1 2 0 159 00000000 00000000 4
1 2 0 160 00000000 00000000 4
1 2 0 161 00000000 00000000 4
1 2 0 162 00000000 00000000 4
1 2 0 163 00000000 00000000 4
1 2 0 164 00000000 00000000 4
1 2 0 165 00000000 00000000 4
1 2 0 166 00000000 00000000 4
1 2 0 167 00000000 00000000 4
1 2 0 168 00000000 00000000 4
1 2 0 169 00000000 00000000 4
1 2 0 170 00000000 00000000 4
1 2 0 171 00000000 00000000 4
1 2 0 172 00000000 00000000 4
1 2 0 173 00000000 00000000 4
1 2 0 174 00000000 00000000 4
1 2 0 175 00000000 00000000 4
1 2 0 176 00000000 00000000 4
1 2 0 177 00000000 00000000 4
1 2 0 178 00000000 00000000 4
1 2 0 179 00000000 00000000 4
1 2 0 180 00000000 00000000 4
1 2 0 181 00000000 00000000 4
1 2 0 182 00000000 00000000 4
1 2 0 183 00000000 00000000 4
1 2 0 184 00000000 00000000 4
1 2 0 185 00000000 00000000 4
1 2 0 186 00000000 00000000 4
1 2 0 187 00000000 00000000 4
1 2 0 188 00000000 00000000 4
1 2 0 189 00000000 00000000 4
1 2 0 190 00000000 00000000 4
1 2 0 191 00000000 00000000 4
1 2 0 192 00000000 00000000 4
1 2 0 193 00000000 00000000 4
1 2 0 194 00000000 00000000 4
1 2 0 195 00000000 00000000 4
1 2 0 196 00000000 00000000 4
1 2 0 197 00000000 00000000 4
1 2 0 198 00000000 00000000 4
1 2 0 199 00000000 00000000 4
1 2 0 200 00000000 00000000 4
1 2 0 201 00000000 00000000 4
1 2 0 202 00000000 00000000 4
1 2 0 203 00000000 00000000 4
1 2 0 204 00000000 00000000 4
1 2 0 205 00000000 00000000 4
1 2 0 206 00000000 00000000 4
1 2 0 207 00000000 00000000 4
1 2 0 208 00000000 00000000 4
1 2 0 209 00000000 00000000 4
1 2 0 210 00000000 00000000 4
1 2 0 211 00000000 00000000 4
1 2 0 212 00000000 00000000 4
1 2 0 213 00000000 00000000 4
1 2 0 214 00000000 00000000 4
1 2 0 215 00000000 00000000 4
1 2 0 216 00000000 00000000 4
1 2 0 217 00000000 00000000 4
1 2 0 218 00000000 00000000 4
1 2 0 219 00000000 00000000 4
1 2 0 220 00000000 00000000 4
1 2 0 221 00000000 00000000 4
1 2 0 222 00000000 00000000 4
1 2 0 223 00000000 00000000 4
1 2 0 224 00000000 00000000 4
1 2 0 225 00000000 00000000 4
1 2 0 226 00000000 00000000 4
1 2 0 227 00000000 00000000 4
1 2 0 228 00000000 00000000 4
1 2 0 229 00000000 00000000 4
1 2 0 230 00000000 00000000 4
1 2 0 231 00000000 00000000 4
1 2 0 232 00000000 00000000 4
1 2 0 233 00000000 00000000 4
1 2 0 234 00000000 00000000 4
1 2 0 235 00000000 00000000 4
1 2 0 236 00000000 00000000 4
1 2 0 237 00000000 00000000 4
1 2 0 238 00000000 00000000 4
1 2 0 239 00000000 00000000 4
1 2 0 240 00000000 00000000 4
1 2 0 241 00000000 00000000 4
1 2 0 242 00000000 00000000 4
1 2 0 243 00000000 00000000 4
1 2 0 244 00000000 00000000 4
1 2 0 245 00000000 00000000 4
1 2 0 246 00000000 00000000 4
1 2 0 247 00000000 00000000 4
1 2 0 248 00000000 00000000 4
1 2 0 249 00000000 00000000 4
1 2 0 250 00000000 00000000 4
1 2 0 251 00000000 00000000 4
1 2 0 252 00000000 00000000 4
1 2 0 253 00000000 00000000 4
1 2 0 254 00000000 00000000 4
1 2 0 255 00000000 00000000 4
1 2 0 256 00000000 00000000 4
1 2 0 257 00000000 00000000 4
1 2 0 258 00000000 00000000 4
1 2 0 259 00000000 00000000 4
1 2 0 260 00000000 00000000 4
1 2 0 261 00000000 00000000 4
1 2 0 262 00000000 00000000 4
1 2 0 263 00000000 00000000 4
1 2 0 264 00000000 00000000 4
1 2 0 265 00000000 00000000 4
1 2 0 266 00000000 00000000 4
1 2 0 267 00000000 00000000 4
1 2 0 268 00000000 00000000 4
1 2 0 269 00000000 00000000 4
1 2 0 270 00000000 00000000 4
1 2 0 271 00000000 00000000 4
1 2 0 272 00000000 00000000 4
1 2 0 273 00000000 00000000 4
1 2 0 274 00000000 00000000 4
1 2 0 275 00000000 00000000 4
1 2 0 276 00000000 00000000 4
1 2 0 277 00000000 00000000 4
1 2 0 278 00000000 00000000 4
1 2 0 279 00000000 00000000 4
1 2 0 280 00000000 00000000 4
1 2 0 281 00000000 00000000 4
1 2 0 282 00000000 00000000 4
1 2 0 283 00000000 00000000 4
1 2 0 284 00000000 00000000 4
1 2 0 285 00000000 00000000 4
1 2 0 286 00000000 00000000 4
1 2 0 287 00000000 00000000 4
1 2 0 288 00000000 00000000 4
1 2 0 289 00000000 00000000 4
1 2 0 290 00000000 00000000 4
1 2 0 291 00000000 00000000 4
1 2 0 292 00000000 00000000 4
1 2 0 293 00000000 00000000 4
1 2 0 294 00000000 00000000 4
1 2 0 295 00000000 00000000 4
1 2 0 296 00000000 00000000 4
1 2 0 297 00000000 00000000 4
1 2 0 298 00000000 00000000 4
1 2 0 299 00000000 00000000 4
1 2 0 300 00000000 00000000 4
1 2 0 301 00000000 00000000 4
1 2 0 302 00000000 00000000 4
1 2 0 303 00000000 00000000 4
1 2 0 304 00000000 00000000 4
1 2 0 305 00000000 00000000 4
1 2 0 306 00000000 00000000 4
1 2 0 307 00000000 00000000 4
1 2 0 308 00000000 00000000 4
1 2 0 309 00000000 00000000 4
1 2 0 310 00000000 00000000 4
1 2 0 311 00000000 00000000 4
1 2 0 312 00000000 00000000 4
1 2 0 313 00000000 00000000 4
1 2 0 314 00000000 00000000 4
1 2 0 315 00000000 00000000 4
1 2 0 316 00000000 00000000 4
1 2 0 317 00000000 00000000 4
1 2 0 318 00000000 00000000 4
1 2 0 319 00000000 00000000 4
1 2 0 320 00000000 00000000 4
1 2 0 321 00000000 00000000 4
1 2 0 322 00000000 00000000 4
1 2 0 323 00000000 00000000 4
1 2 0 324 00000000 00000000 4
1 2 0 325 00000000 00000000 4
1 2 0 326 00000000 00000000 4
1 2 0 327 00000000 00000000 4
1 2 0 328 00000000 00000000 4
1 2 0 329 00000000 00000000 4
1 2 0 330 00000000 00000000 4
1 2 0 331 00000000 00000000 4
1 2 0 332 00000000 00000000 4
1 2 0 333 00000000 00000000 4
1 2 0 334 00000000 00000000 4
1 2 0 335 00000000 00000000 4
1 2 0 336 00000000 00000000 4
1 2 0 337 00000000 00000000 4
1 2 0 338 00000000 00000000 4
1 2 0 339 00000000 00000000 4
1 2 0 340 00000000 00000000 4
1 2 0 341 00000000 00000000 4
1 2 0 342 00000000 00000000 4
1 2 0 343 00000000 00000000 4
1 2 0 344 00000000 00000000 4
1 2 0 345 00000000 00000000 4
1 2 0 346 00000000 00000000 4
1 2 0 347 00000000 00000000 4
1 2 0 348 00000000 00000000 4
1 2 0 349 00000000 00000000 4
1 2 0 350 00000000 00000000 4
1 2 0 351 00000000 00000000 4
1 2 0 352 00000000 00000000 4
1 2 0 353 00000000 00000000 4
1 2 0 354 00000000 00000000 4
1 2 0 355 00000000 00000000 4
1 2 0 356 00000000 00000000 4
1 2 0 357 00000000 00000000 4
1 2 0 358 00000000 00000000 4
1 2 0 359 00000000 00000000 4
1 2 0 360 00000000 00000000 4
1 2 0 361 00000000 00000000 4
1 2 0 362 00000000 00000000 4
1 2 0 363 00000000 00000000 4
1 2 0 364 00000000 00000000 4
1 2 0 365 00000000 00000000 4
1 2 0 366 00000000 00000000 4
1 2 0 367 00000000 00000000 4
1 2 0 368 00000000 00000000 4
1 2 0 369 00000000 00000000 4
1 2 0 370 00000000 00000000 4
1 2 0 371 00000000 00000000 4
1 2 0 372 00000000 00000000 4
1 2 0 373 00000000 00000000 4
1 2 0 374 00000000 00000000 4
1 2 0 375 00000000 00000000 4
1 2 0 376 00000000 00000000 4
1 2 0 377 00000000 00000000 4
1 2 0 378 00000000 00000000 4
1 2 0 379 00000000 00000000 4
1 2 0 380 00000000 00000000 4
1 2 0 381 00000000 00000000 4
1 2 0 382 00000000 00000000 4
1 2 0 383 00000000 00000000 4
1 2 0 384 00000000 00000000 4
1 2 0 385 00000000 00000000 4
1 2 0 386 00000000 00000000 4
1 2 0 387 00000000 00000000 4
1 2 0 388 00000000 00000000 4
1 2 0 389 00000000 00000000 4
1 2 0 390 00000000 00000000 4
1 2 0 391 00000000 00000000 4
1 2 0 392 00000000 00000000 4
1 2 0 393 00000000 00000000 4
1 2 0 394 00000000 00000000 4
1 2 0 395 00000000 00000000 4
1 2 0 396 00000000 00000000 4
1 2 0 397 00000000 00000000 4
1 2 0 398 00000000 00000000 4
1 2 0 399 00000000 00000000 4
1 2 0 400 00000000 00000000 4
1 2 0 401 00000000 00000000 4
1 2 0 402 00000000 00000000 4
1 2 0 403 00000000 00000000 4
1 2 0 404 00000000 00000000 4
1 2 0 405 00000000 00000000 4
1 2 0 406 00000000 00000000 4
1 2 0 407 00000000 00000000 4
1 2 0 408 00000000 00000000 4
1 2 0 409 00000000 00000000 4
1 2 0 410 00000000 00000000 4
1 2 0 411 00000000 00000000 4
1 2 0 412 00000000 00000000 4
1 2 0 413 00000000 00000000 4
1 2 0 414 00000000 00000000 4
1 2 0 415 00000000 00000000 4
1 2 0 416 00000000 00000000 4
1 2 0 417 00000000 00000000 4
1 2 0 418 00000000 00000000 4
1 2 0 419 00000000 00000000 4
1 2 0 420 00000000 00000000 4
1 2 0 421 00000000 00000000 4
1 2 0 422 00000000 00000000 4
1 2 0 423 00000000 00000000 4
1 2 0 424 00000000 00000000 4
1 2 0 425 00000000 00000000 4
1 2 0 426 00000000 00000000 4
1 2 0 427 00000000 00000000 4
1 2 0 428 00000000 00000000 4
1 2 0 429 00000000 00000000 4
1 2 0 430 00000000 00000000 4
1 2 0 431 00000000 00000000 4
1 2 0 432 00000000 00000000 4
1 2 0 433 00000000 00000000 4
1 2 0 434 00000000 00000000 4
1 2 0 435 00000000 00000000 4
1 2 0 436 00000000 00000000 4
1 2 0 437 00000000 00000000 4
1 2 0 438 00000000 00000000 4
1 2 0 439 00000000 00000000 4
1 2 0 440 00000000 00000000 4
1 2 0 441 00000000 00000000 4
1 2 0 442 00000000 00000000 4
1 2 0 443 00000000 00000000 4
1 2 0 444 00000000 00000000 4
1 2 0 445 00000000 00000000 4
1 2 0 446 00000000 00000000 4
1 2 0 447 00000000 00000000 4
1 2 0 448 00000000 00000000 4
1 2 0 449 00000000 00000000 4
1 2 0 450 00000000 00000000 4
1 2 0 451 00000000 00000000 4
1 2 0 452 00000000 00000000 4
1 2 0 453 00000000 00000000 4
1 2 0 454 00000000 00000000 4
1 2 0 455 00000000 00000000 4
1 2 0 456 00000000 00000000 4
1 2 0 457 00000000 00000000 4
1 2 0 458 00000000 00000000 4
1 2 0 459 00000000 00000000 4
1 2 0 460 00000000 00000000 4
1 2 0 461 00000000 00000000 4
1 2 0 462 00000000 00000000 4
1 2 0 463 00000000 00000000 4
1 2 0 464 00000000 00000000 4
1 2 0 465 00000000 00000000 4
1 2 0 466 00000000 00000000 4
1 2 0 467 00000000 00000000 4
1 2 0 468 00000000 00000000 4
1 2 0 469 00000000 00000000 4
1 2 0 470 00000000 00000000 4
1 2 0 471 00000000 00000000 4
1 2 0 472 00000000 00000000 4
1 2 0 473 00000000 00000000 4
1 2 0 474 00000000 00000000 4
1 2 0 475 00000000 00000000 4
1 2 0 476 00000000 00000000 4
1 2 0 477 00000000 00000000 4
1 2 0 478 00000000 00000000 4
1 2 0 479 00000000 00000000 4
1 2 0 480 00E4302D F6E0EB68 4
1 2 0 481 00000000 00000000 4
1 2 0 482 00000000 00000000 4
1 2 0 483 00000000 00000000 4
1 2 0 484 00000000 00000000 4
1 2 0 485 00000000 00000000 4
1 2 0 486 00000000 00000000 4
1 2 0 487 00000000 00000000 4
1 2 0 488 00000000 00000000 4
1 2 0 489 00000000 00000000 4
1 2 0 490 00000000 00000000 4
1 2 0 491 00000000 00000000 4
1 2 0 492 00000000 00000000 4
1 2 0 493 00000000 00000000 4
1 2 0 494 00000000 00000000 4
1 2 0 495 00000000 00000000 4
1 2 0 496 00000000 00000000 4
1 2 0 497 00000000 00000000 4
1 2 0 498 00000000 00000000 4
1 2 0 499 00000000 00000000 4
1 2 0 500 00000000 00000000 4
1 2 0 501 00000000 00000000 4
1 2 0 502 00000000 00000000 4
1 2 0 503 00000000 00000000 4
1 2 0 504 00000000 00000000 4
1 2 0 505 00000000 00000000 4
1 2 0 506 00000000 00000000 4
1 2 0 507 00000000 00000000 4
1 2 0 508 00000000 00000000 4
1 2 0 509 00000000 00000000 4
1 2 0 510 00000000 00000000 4
1 2 0 511 00000000 00000000 4
1 3 0 0 00000000 00000000 4
1 3 0 1 00000000 00000000 4
1 3 0 2 00000000 00000000 4
1 3 0 3 00000000 00000000 4
1 3 0 4 00000000 00000000 4
1 3 0 5 00000000 00000000 4
1 3 0 6 00000000 00000000 4
1 3 0 7 00000000 00000000 4
1 3 0 8 00000000 00000000 4
1 3 0 9 00000000 00000000 4
1 3 0 10 00000000 00000000 4
1 3 0 11 00000000 00000000 4
1 3 0 12 00000000 00000000 4
1 3 0 13 00000000 00000000 4
1 3 0 14 00000000 00000000 4
1 3 0 15 00000000 00000000 4
1 3 0 16 00000000 00000000 4
1 3 0 17 00000000 00000000 4
1 3 0 18 00000000 00000000 4
1 3 0 19 00000000 00000000 4
1 3 0 20 00000000 00000000 4
1 3 0 21 00000000 00000000 4
1 3 0 22 00000000 00000000 4
1 3 0 23 00000000 00000000 4
1 3 0 24 00000000 00000000 4
1 3 0 25 00000000 00000000 4
1 3 0 26 00000000 00000000 4
1 3 0 27 00000000 00000000 4
1 3 0 28 00000000 00000000 4
1 3 0 29 00000000 00000000 4
1 3 0 30 00000000 00000000 4
1 3 0 31 00000000 00000000 4
1 3 0 32 00000000 00000000 4
1 3 0 33 00000000 00000000 4
1 3 0 34 00000000 00000000 4
1 3 0 35 00000000 00000000 4
1 3 0 36 00000000 00000000 4
1 3 0 37 00000000 00000000 4
1 3 0 38 00000000 00000000 4
1 3 0 39 00000000 00000000 4
1 3 0 40 00000000 00000000 4
1 3 0 41 00000000 00000000 4
1 3 0 42 00000000 00000000 4
1 3 0 43 00000000 00000000 4
1 3 0 44 00000000 00000000 4
1 3 0 45 00000000 00000000 4
1 3 0 46 00000000 00000000 4
1 3 0 47 00000000 00000000 4
1 3 0 48 00000000 00000000 4
1 3 0 49 00000000 00000000 4
1 3 0 50 00000000 00000000 4
1 3 0 51 00000000 00000000 4
1 3 0 52 00000000 00000000 4
1 3 0 53 00000000 00000000 4
1 3 0 54 00000000 00000000 4
1 3 0 55 00000000 00000000 4
1 3 0 56 00000000 00000000 4
1 3 0 57 00000000 00000000 4
1 3 0 58 00000000 00000000 4
1 3 0 59 00000000 00000000 4
1 3 0 60 00000000 00000000 4
1 3 0 61 00000000 00000000 4
1 3 0 62 00000000 00000000 4
1 3 0 63 00000000 00000000 4
1 3 1 0 00000000 00000000 4
1 3 1 1 00000000 00000000 4
1 3 1 2 00000000 00000000 4
1 3 1 3 00000000 00000000 4
1 3 1 4 00000000 00000000 4
1 3 1 5 00000000 00000000 4
1 3 1 6 00000000 00000000 4
1 3 1 7 00000000 00000000 4
1 3 1 8 00000000 00000000 4
1 3 1 9 00000000 00000000 4
1 3 1 10 00000000 00000000 4
1 3 1 11 00000000 00000000 4
1 3 1 12 00000000 00000000 4
1 3 1 13 00000000 00000000 4
1 3 1 14 00000000 00000000 4
1 3 1 15 00000000 00000000 4
1 3 1 16 00000000 00000000 4
1 3 1 17 00000000 00000000 4
1 3 1 18 00000000 00000000 4
1 3 1 19 00000000 00000000 4
1 3 1 20 00000000 00000000 4
1 3 1 21 00000000 00000000 4
1 3 1 22 00000000 00000000 4
1 3 1 23 00000000 00000000 4
1 3 1 24 00000000 00000000 4
1 3 1 25 00000000 00000000 4
1 3 1 26 00000000 00000000 4
1 3 1 27 00000000 00000000 4
1 3 1 28 00000000 00000000 4
1 3 1 29 00000000 00000000 4
1 3 1 30 00000000 00000000 4
1 3 1 31 00000000 00000000 4
1 3 1 32 00000000 00000000 4
1 3 1 33 00000000 00000000 4
1 3 1 34 00000000 00000000 4
1 3 1 35 00000000 00000000 4
1 3 1 36 00000000 00000000 4
1 3 1 37 00000000 00000000 4
1 3 1 38 00000000 00000000 4
1 3 1 39 00000000 00000000 4
1 3 1 40 00000000 00000000 4
1 3 1 41 00000000 00000000 4
1 3 1 42 00000000 00000000 4
1 3 1 43 00000000 00000000 4
1 3 1 44 00000000 00000000 4
1 3 1 45 00000000 00000000 4
1 3 1 46 00000000 00000000 4
1 3 1 47 00000000 00000000 4
1 3 1 48 00000000 00000000 4
1 3 1 49 00000000 00000000 4
1 3 1 50 00000000 00000000 4
1 3 1 51 00000000 00000000 4
1 3 1 52 00000000 00000000 4
1 3 1 53 00000000 00000000 4
1 3 1 54 00000000 00000000 4
1 3 1 55 00000000 00000000 4
1 3 1 56 00000000 00000000 4
1 3 1 57 00000000 00000000 4
1 3 1 58 00000000 00000000 4
1 3 1 59 00000000 00000000 4
1 3 1 60 00000000 00000000 4
1 3 1 61 00000000 00000000 4
1 3 1 62 00000000 00000000 4
1 3 1 63 00000000 00000000 4
1 3 2 0 00000000 00000000 4
1 3 2 1 00000000 00000000 4
1 3 2 2 00000000 00000000 4
1 3 2 3 00000000 00000000 4
1 3 2 4 00000000 00000000 4
1 3 2 5 00000000 00000000 4
1 3 2 6 00000000 00000000 4
1 3 2 7 00000000 00000000 4
1 3 2 8 00000000 00000000 4
1 3 2 9 00000000 00000000 4
1 3 2 10 00000000 00000000 4
1 3 2 11 00000000 00000000 4
1 3 2 12 00000000 00000000 4
1 3 2 13 00000000 00000000 4
1 3 2 14 00000000 00000000 4
1 3 2 15 00000000 00000000 4
1 3 2 16 00000000 00000000 4
1 3 2 17 00000000 00000000 4
1 3 2 18 00000000 00000000 4
1 3 2 19 00000000 00000000 4
1 3 2 20 00000000 00000000 4
1 3 2 21 00000000 00000000 4
1 3 2 22 00000000 00000000 4
1 3 2 23 00000000 00000000 4
1 3 2 24 00000000 00000000 4
1 3 2 25 00000000 00000000 4
1 3 2 26 00000000 00000000 4
1 3 2 27 00000000 00000000 4
1 3 2 28 00000000 00000000 4
1 3 2 29 00000000 00000000 4
1 3 2 30 00000000 00000000 4
1 3 2 31 00000000 00000000 4
1 3 2 32 00000000 00000000 4
1 3 2 33 00000000 00000000 4
1 3 2 34 00000000 00000000 4
1 3 2 35 00000000 00000000 4
1 3 2 36 00000000 00000000 4
1 3 2 37 00000000 00000000 4
1 3 2 38 00000000 00000000 4
1 3 2 39 00000000 00000000 4
1 3 2 40 00000000 00000000 4
1 3 2 41 00000000 00000000 4
1 3 2 42 00000000 00000000 4
1 3 2 43 00000000 00000000 4
1 3 2 44 00000000 00000000 4
1 3 2 45 00000000 00000000 4
1 3 2 46 00000000 00000000 4
1 3 2 47 00000000 00000000 4
1 3 2 48 00000000 00000000 4
1 3 2 49 00000000 00000000 4
1 3 2 50 00000000 00000000 4
1 3 2 51 00000000 00000000 4
1 3 2 52 00000000 00000000 4
1 3 2 53 00000000 00000000 4
1 3 2 54 00000000 00000000 4
1 3 2 55 00000000 00000000 4
1 3 2 56 00000000 00000000 4
1 3 2 57 00000000 00000000 4
1 3 2 58 00000000 00000000 4
1 3 2 59 00000000 00000000 4
1 3 2 60 00000000 00000000 4
1 3 2 61 00000000 00000000 4
1 3 2 62 00000000 00000000 4
1 3 2 63 00000000 00000000 4
1 3 3 0 00000000 00000000 4
1 3 3 1 00000000 00000000 4
1 3 3 2 00000000 00000000 4
1 3 3 3 00000000 00000000 4
1 3 3 4 00000000 00000000 4
1 3 3 5 00000000 00000000 4
1 3 3 6 00000000 00000000 4
1 3 3 7 00000000 00000000 4
1 3 3 8 00000000 00000000 4
1 3 3 9 00000000 00000000 4
1 3 3 10 00000000 00000000 4
1 3 3 11 00000000 00000000 4
1 3 3 12 00000000 00000000 4
1 3 3 13 00000000 00000000 4
1 3 3 14 00000000 00000000 4
1 3 3 15 00000000 00000000 4
1 3 3 16 00000000 00000000 4
1 3 3 17 00000000 00000000 4
1 3 3 18 00000000 00000000 4
1 3 3 19 00000000 00000000 4
1 3 3 20 00000000 00000000 4
1 3 3 21 00000000 00000000 4
1 3 3 22 00000000 00000000 4
1 3 3 23 00000000 00000000 4
1 3 3 24 00000000 00000000 4
1 3 3 25 00000000 00000000 4
1 3 3 26 00000000 00000000 4
1 3 3 27 00000000 00000000 4
1 3 3 28 00000000 00000000 4
1 3 3 29 00000000 00000000 4
1 3 3 30 00000000 00000000 4
1 3 3 31 00000000 00000000 4
1 3 3 32 00000000 00000000 4
1 3 3 33 00000000 00000000 4
1 3 3 34 00000000 00000000 4
1 3 3 35 00000000 00000000 4
1 3 3 36 00000000 00000000 4
1 3 3 37 00000000 00000000 4
1 3 3 38 00000000 00000000 4
1 3 3 39 00000000 00000000 4
1 3 3 40 00000000 00000000 4
1 3 3 41 00000000 00000000 4
1 3 3 42 00000000 00000000 4
1 3 3 43 00000000 00000000 4
1 3 3 44 00000000 00000000 4
1 3 3 45 00000000 00000000 4
1 3 3 46 00000000 00000000 4
1 3 3 47 00000000 00000000 4
1 3 3 48 00000000 00000000 4
1 3 3 49 00000000 00000000 4
1 3 3 50 00000000 00000000 4
1 3 3 51 00000000 00000000 4
1 3 3 52 00000000 00000000 4
1 3 3 53 00000000 00000000 4
1 3 3 54 00000000 00000000 4
1 3 3 55 00000000 00000000 4
1 3 3 56 00000000 00000000 4
1 3 3 57 00000000 00000000 4
1 3 3 58 00000000 00000000 4
1 3 3 59 00000000 00000000 4
1 3 3 60 00000000 00000000 4
1 3 3 61 00000000 00000000 4
1 3 3 62 00000000 00000000 4
1 3 3 63 00000000 00000000 4
1 3 4 0 00000000 00000000 4
1 3 4 1 00000000 00000000 4
1 3 4 2 00000000 00000000 4
1 3 4 3 00000000 00000000 4
1 3 4 4 00000000 00000000 4
1 3 4 5 00000000 00000000 4
1 3 4 6 00000000 00000000 4
1 3 4 7 00000000 00000000 4
1 3 4 8 00000000 00000000 4
1 3 4 9 00000000 00000000 4
1 3 4 10 00000000 00000000 4
1 3 4 11 00000000 00000000 4
1 3 4 12 00000000 00000000 4
1 3 4 13 00000000 00000000 4
1 3 4 14 00000000 00000000 4
1 3 4 15 00000000 00000000 4
1 3 4 16 00000000 00000000 4
1 3 4 17 00000000 00000000 4
1 3 4 18 00000000 00000000 4
1 3 4 19 00000000 00000000 4
1 3 4 20 00000000 00000000 4
1 3 4 21 00000000 00000000 4
1 3 4 22 00000000 00000000 4
1 3 4 23 00000000 00000000 4
1 3 4 24 00000000 00000000 4
1 3 4 25 00000000 00000000 4
1 3 4 26 00000000 00000000 4
1 3 4 27 00000000 00000000 4
1 3 4 28 00000000 00000000 4
1 3 4 29 00000000 00000000 4
1 3 4 30 00000000 00000000 4
1 3 4 31 00000000 00000000 4
1 3 4 32 00000000 00000000 4
1 3 4 33 00000000 00000000 4
1 3 4 34 00000000 00000000 4
1 3 4 35 00000000 00000000 4
1 3 4 36 00000000 00000000 4
1 3 4 37 00000000 00000000 4
1 3 4 38 00000000 00000000 4
1 3 4 39 00000000 00000000 4
1 3 4 40 00000000 00000000 4
1 3 4 41 00000000 00000000 4
1 3 4 42 00000000 00000000 4
1 3 4 43 00000000 00000000 4
1 3 4 44 00000000 00000000 4
1 3 4 45 00000000 00000000 4
1 3 4 46 00000000 00000000 4
1 3 4 47 00000000 00000000 4
1 3 4 48 00000000 00000000 4
1 3 4 49 00000000 00000000 4
1 3 4 50 00000000 00000000 4
1 3 4 51 00000000 00000000 4
1 3 4 52 00000000 00000000 4
1 3 4 53 00000000 00000000 4
1 3 4 54 00000000 00000000 4
1 3 4 55 00000000 00000000 4
1 3 4 56 00000000 00000000 4
1 3 4 57 00000000 00000000 4
1 3 4 58 00000000 00000000 4
1 3 4 59 00000000 00000000 4
1 3 4 60 00000000 00000000 4
1 3 4 61 00000000 00000000 4
1 3 4 62 00000000 00000000 4
1 3 4 63 00000000 00000000 4
1 3 5 0 00000000 00000000 4
1 3 5 1 00000000 00000000 4
1 3 5 2 00000000 00000000 4
1 3 5 3 00000000 00000000 4
1 3 5 4 00000000 00000000 4
1 3 5 5 00000000 00000000 4
1 3 5 6 00000000 00000000 4
1 3 5 7 00000000 00000000 4
1 3 5 8 00000000 00000000 4
1 3 5 9 00000000 00000000 4
1 3 5 10 00000000 00000000 4
1 3 5 11 00000000 00000000 4
1 3 5 12 00000000 00000000 4
1 3 5 13 00000000 00000000 4
1 3 5 14 00000000 00000000 4
1 3 5 15 00000000 00000000 4
1 3 5 16 00000000 00000000 4
1 3 5 17 00000000 00000000 4
1 3 5 18 00000000 00000000 4
1 3 5 19 00000000 00000000 4
1 3 5 20 00000000 00000000 4
1 3 5 21 00000000 00000000 4
1 3 5 22 00000000 00000000 4
1 3 5 23 00000000 00000000 4
1 3 5 24 00000000 00000000 4
1 3 5 25 00000000 00000000 4
1 3 5 26 00000000 00000000 4
1 3 5 27 00000000 00000000 4
1 3 5 28 00000000 00000000 4
1 3 5 29 00000000 00000000 4
1 3 5 30 00000000 00000000 4
1 3 5 31 00000000 00000000 4
1 3 5 32 00000000 00000000 4
1 3 5 33 00000000 00000000 4
1 3 5 34 00000000 00000000 4
1 3 5 35 00000000 00000000 4
1 3 5 36 00000000 00000000 4
1 3 5 37 00000000 00000000 4
1 3 5 38 00000000 00000000 4
1 3 5 39 00000000 00000000 4
1 3 5 40 00000000 00000000 4
1 3 5 41 00000000 00000000 4
1 3 5 42 00000000 00000000 4
1 3 5 43 00000000 00000000 4
1 3 5 44 00000000 00000000 4
1 3 5 45 00000000 00000000 4
1 3 5 46 00000000 00000000 4
1 3 5 47 00000000 00000000 4
1 3 5 48 00000000 00000000 4
1 3 5 49 00000000 00000000 4
1 3 5 50 00000000 00000000 4
1 3 5 51 00000000 00000000 4
1 3 5 52 00000000 00000000 4
1 3 5 53 00000000 00000000 4
1 3 5 54 00000000 00000000 4
1 3 5 55 00000000 00000000 4
1 3 5 56 00000000 00000000 4
1 3 5 57 00000000 00000000 4
1 3 5 58 00000000 00000000 4
1 3 5 59 00000000 00000000 4
1 3 5 60 00000000 00000000 4
1 3 5 61 00000000 00000000 4
1 3 5 62 00000000 00000000 4
1 3 5 63 00000000 00000000 4
1 3 6 0 00000000 00000000 4
1 3 6 1 00000000 00000000 4
1 3 6 2 00000000 00000000 4
1 3 6 3 00000000 00000000 4
1 3 6 4 00000000 00000000 4
1 3 6 5 00000000 00000000 4
1 3 6 6 00000000 00000000 4
1 3 6 7 00000000 00000000 4
1 3 6 8 00000000 00000000 4
1 3 6 9 00000000 00000000 4
1 3 6 10 00000000 00000000 4
1 3 6 11 00000000 00000000 4
1 3 6 12 00000000 00000000 4
1 3 6 13 00000000 00000000 4
1 3 6 14 00000000 00000000 4
1 3 6 15 00000000 00000000 4
1 3 6 16 00000000 00000000 4
1 3 6 17 00000000 00000000 4
1 3 6 18 00000000 00000000 4
1 3 6 19 00000000 00000000 4
1 3 6 20 00000000 00000000 4
1 3 6 21 00000000 00000000 4
1 3 6 22 00000000 00000000 4
1 3 6 23 00000000 00000000 4
1 3 6 24 00000000 00000000 4
1 3 6 25 00000000 00000000 4
1 3 6 26 00000000 00000000 4
1 3 6 27 00000000 00000000 4
1 3 6 28 00000000 00000000 4
1 3 6 29 00000000 00000000 4
1 3 6 30 00000000 00000000 4
1 3 6 31 00000000 00000000 4
1 3 6 32 00000000 00000000 4
1 3 6 33 00000000 00000000 4
1 3 6 34 00000000 00000000 4
1 3 6 35 00000000 00000000 4
1 3 6 36 00000000 00000000 4
1 3 6 37 00000000 00000000 4
1 3 6 38 00000000 00000000 4
1 3 6 39 00000000 00000000 4
1 3 6 40 00000000 00000000 4
1 3 6 41 00000000 00000000 4
1 3 6 42 00000000 00000000 4
1 3 6 43 00000000 00000000 4
1 3 6 44 00000000 00000000 4
1 3 6 45 00000000 00000000 4
1 3 6 46 00000000 00000000 4
1 3 6 47 00000000 00000000 4
1 3 6 48 00000000 00000000 4
1 3 6 49 00000000 00000000 4
1 3 6 50 00000000 00000000 4
1 3 6 51 00000000 00000000 4
1 3 6 52 00000000 00000000 4
1 3 6 53 00000000 00000000 4
1 3 6 54 00000000 00000000 4
1 3 6 55 00000000 00000000 4
1 3 6 56 00000000 00000000 4
1 3 6 57 00000000 00000000 4
1 3 6 58 00000000 00000000 4
1 3 6 59 00000000 00000000 4
1 3 6 60 00000000 00000000 4
1 3 6 61 00000000 00000000 4
1 3 6 62 00000000 00000000 4
1 3 6 63 00000000 00000000 4
1 3 7 0 00000000 00000000 4
1 3 7 1 00000000 00000000 4
1 3 7 2 00000000 00000000 4
1 3 7 3 00000000 00000000 4
1 3 7 4 00000000 00000000 4
1 3 7 5 00000000 00000000 4
1 3 7 6 00000000 00000000 4
1 3 7 7 00000000 00000000 4
1 3 7 8 00000000 00000000 4
1 3 7 9 00000000 00000000 4
1 3 7 10 00000000 00000000 4
1 3 7 11 00000000 00000000 4
1 3 7 12 00000000 00000000 4
1 3 7 13 00000000 00000000 4
1 3 7 14 00000000 00000000 4
1 3 7 15 00000000 00000000 4
1 3 7 16 00000000 00000000 4
1 3 7 17 00000000 00000000 4
1 3 7 18 00000000 00000000 4
1 3 7 19 00000000 00000000 4
1 3 7 20 00000000 00000000 4
1 3 7 21 00000000 00000000 4
1 3 7 22 00000000 00000000 4
1 3 7 23 00000000 00000000 4
1 3 7 24 00000000 00000000 4
1 3 7 25 00000000 00000000 4
1 3 7 26 00000000 00000000 4
1 3 7 27 00000000 00000000 4
1 3 7 28 00000000 00000000 4
1 3 7 29 00000000 00000000 4
1 3 7 30 00000000 00000000 4
1 3 7 31 00000000 00000000 4
1 3 7 32 000016C4 0000167D 4
1 3 7 33 00000000 00000000 4
1 3 7 34 00000000 00000000 4
1 3 7 35 00000000 00000000 4
1 3 7 36 00000000 00000000 4
1 3 7 37 00000000 00000000 4
1 3 7 38 00000000 00000000 4
1 3 7 39 00000000 00000000 4
1 3 7 40 00000000 00000000 4
1 3 7 41 00000000 00000000 4
1 3 7 42 00000000 00000000 4
1 3 7 43 00000000 00000000 4
1 3 7 44 00000000 00000000 4
1 3 7 45 00000000 00000000 4
1 3 7 46 00000000 00000000 4
1 3 7 47 00000000 00000000 4
1 3 7 48 00000000 00000000 4
1 3 7 49 00000000 00000000 4
1 3 7 50 00000000 00000000 4
1 3 7 51 00000000 00000000 4
1 3 7 52 00000000 00000000 4
1 3 7 53 00000000 00000000 4
1 3 7 54 00000000 00000000 4
1 3 7 55 00000000 00000000 4
1 3 7 56 00000000 00000000 4
1 3 7 57 00000000 00000000 4
1 3 7 58 00000000 00000000 4
1 3 7 59 00000000 00000000 4
1 3 7 60 00000000 00000000 4
1 3 7 61 00000000 00000000 4
1 3 7 62 00000000 00000000 4
1 3 7 63 00000000 00000000 4
1 4 0 0 00000000 00000000 4
1 4 0 1 00000000 00000000 4
1 4 0 2 00000000 00000000 4
1 4 0 3 00000000 00000000 4
1 4 0 4 00000000 00000000 4
1 4 0 5 00000000 00000000 4
1 4 0 6 00000000 00000000 4
1 4 0 7 00000000 00000000 4
1 4 0 8 00000000 00000000 4
1 4 0 9 00000000 00000000 4
1 4 0 10 00000000 00000000 4
1 4 0 11 00000000 00000000 4
1 4 0 12 00000000 00000000 4
1 4 0 13 00000000 00000000 4
1 4 0 14 00000000 00000000 4
1 4 0 15 00000000 00000000 4
1 4 0 16 00000000 00000000 4
1 4 0 17 00000000 00000000 4
1 4 0 18 00000000 00000000 4
1 4 0 19 00000000 00000000 4
1 4 0 20 00000000 00000000 4
1 4 0 21 00000000 00000000 4
1 4 0 22 00000000 00000000 4
1 4 0 23 00000000 00000000 4
1 4 0 24 00000000 00000000 4
1 4 0 25 00000000 00000000 4
1 4 0 26 00000000 00000000 4
1 4 0 27 00000000 00000000 4
1 4 0 28 00000000 00000000 4
1 4 0 29 00000000 00000000 4
1 4 0 30 00000000 00000000 4
1 4 0 31 00000000 00000000 4
1 4 0 32 F5E8C12E 01007067 4
1 4 0 33 00000000 00000000 4
1 4 0 34 00000000 00000000 4
1 4 0 35 00000000 00000000 4
1 4 0 36 00000000 00000000 4
1 4 0 37 00000000 00000000 4
1 4 0 38 00000000 00000000 4
1 4 0 39 00000000 00000000 4
1 4 0 40 00000000 00000000 4
1 4 0 41 00000000 00000000 4
1 4 0 42 00000000 00000000 4
1 4 0 43 00000000 00000000 4
1 4 0 44 00000000 00000000 4
1 4 0 45 00000000 00000000 4
1 4 0 46 00000000 00000000 4
1 4 0 47 00000000 00000000 4
1 4 0 48 00000000 00000000 4
1 4 0 49 00000000 00000000 4
1 4 0 50 00000000 00000000 4
1 4 0 51 00000000 00000000 4
1 4 0 52 00000000 00000000 4
1 4 0 53 00000000 00000000 4
1 4 0 54 00000000 00000000 4
1 4 0 55 00000000 00000000 4
1 4 0 56 00000000 00000000 4
1 4 0 57 00000000 00000000 4
1 4 0 58 00000000 00000000 4
1 4 0 59 00000000 00000000 4
1 4 0 60 00000000 00000000 4
1 4 0 61 00000000 00000000 4
1 4 0 62 00000000 00000000 4
1 4 0 63 00000000 00000000 4
1 4 0 64 00000000 00000000 4
1 4 0 65 00000000 00000000 4
1 4 0 66 00000000 00000000 4
1 4 0 67 00000000 00000000 4
1 4 0 68 00000000 00000000 4
1 4 0 69 00000000 00000000 4
1 4 0 70 00000000 00000000 4
1 4 0 71 00000000 00000000 4
1 4 0 72 00000000 00000000 4
1 4 0 73 00000000 00000000 4
1 4 0 74 00000000 00000000 4
1 4 0 75 00000000 00000000 4
1 4 0 76 00000000 00000000 4
1 4 0 77 00000000 00000000 4
1 4 0 78 00000000 00000000 4
1 4 0 79 00000000 00000000 4
1 4 0 80 00000000 00000000 4
1 4 0 81 00000000 00000000 4
1 4 0 82 00000000 00000000 4
1 4 0 83 00000000 00000000 4
1 4 0 84 00000000 00000000 4
1 4 0 85 00000000 00000000 4
1 4 0 86 00000000 00000000 4
1 4 0 87 00000000 00000000 4
1 4 0 88 00000000 00000000 4
1 4 0 89 00000000 00000000 4
1 4 0 90 00000000 00000000 4
1 4 0 91 00000000 00000000 4
1 4 0 92 00000000 00000000 4
1 4 0 93 00000000 00000000 4
1 4 0 94 00000000 00000000 4
1 4 0 95 00000000 00000000 4
1 4 0 96 00000000 00000000 4
1 4 0 97 00000000 00000000 4
1 4 0 98 00000000 00000000 4
1 4 0 99 00000000 00000000 4
1 4 0 100 00000000 00000000 4
1 4 0 101 00000000 00000000 4
1 4 0 102 00000000 00000000 4
1 4 0 103 00000000 00000000 4
1 4 0 104 00000000 00000000 4
1 4 0 105 00000000 00000000 4
1 4 0 106 00000000 00000000 4
1 4 0 107 00000000 00000000 4
1 4 0 108 00000000 00000000 4
1 4 0 109 00000000 00000000 4
1 4 0 110 00000000 00000000 4
1 4 0 111 00000000 00000000 4
1 4 0 112 00000000 00000000 4
1 4 0 113 00000000 00000000 4
1 4 0 114 00000000 00000000 4
1 4 0 115 00000000 00000000 4
1 4 0 116 00000000 00000000 4
1 4 0 117 00000000 00000000 4
1 4 0 118 00000000 00000000 4
1 4 0 119 00000000 00000000 4
1 4 0 120 00000000 00000000 4
1 4 0 121 00000000 00000000 4
1 4 0 122 00000000 00000000 4
1 4 0 123 00000000 00000000 4
1 4 0 124 00000000 00000000 4
1 4 0 125 00000000 00000000 4
1 4 0 126 00000000 00000000 4
1 4 0 127 00000000 00000000 4
1 4 0 128 00000000 00000000 4
1 4 0 129 00000000 00000000 4
1 4 0 130 00000000 00000000 4
1 4 0 131 00000000 00000000 4
1 4 0 132 00000000 00000000 4
1 4 0 133 00000000 00000000 4
1 4 0 134 00000000 00000000 4
1 4 0 135 00000000 00000000 4
1 4 0 136 00000000 00000000 4
1 4 0 137 00000000 00000000 4
1 4 0 138 00000000 00000000 4
1 4 0 139 00000000 00000000 4
1 4 0 140 00000000 00000000 4
1 4 0 141 00000000 00000000 4
1 4 0 142 00000000 00000000 4
1 4 0 143 00000000 00000000 4
1 4 0 144 00000000 00000000 4
1 4 0 145 00000000 00000000 4
1 4 0 146 00000000 00000000 4
1 4 0 147 00000000 00000000 4
1 4 0 148 00000000 00000000 4
1 4 0 149 00000000 00000000 4
1 4 0 150 00000000 00000000 4
1 4 0 151 00000000 00000000 4
1 4 0 152 00000000 00000000 4
1 4 0 153 00000000 00000000 4
1 4 0 154 00000000 00000000 4
1 4 0 155 00000000 00000000 4
1 4 0 156 00000000 00000000 4
1 4 0 157 00000000 00000000 4
1 4 0 158 00000000 00000000 4
1 4 0 159 00000000 00000000 4
1 4 0 160 00000000 00000000 4
1 4 0 161 00000000 00000000 4
1 4 0 162 00000000 00000000 4
1 4 0 163 00000000 00000000 4
1 4 0 164 00000000 00000000 4
1 4 0 165 00000000 00000000 4
1 4 0 166 00000000 00000000 4
1 4 0 167 00000000 00000000 4
1 4 0 168 00000000 00000000 4
1 4 0 169 00000000 00000000 4
1 4 0 170 00000000 00000000 4
1 4 0 171 00000000 00000000 4
1 4 0 172 00000000 00000000 4
1 4 0 173 00000000 00000000 4
1 4 0 174 00000000 00000000 4
1 4 0 175 00000000 00000000 4
1 4 0 176 00000000 00000000 4
1 4 0 177 00000000 00000000 4
1 4 0 178 00000000 00000000 4
1 4 0 179 00000000 00000000 4
1 4 0 180 00000000 00000000 4
1 4 0 181 00000000 00000000 4
1 4 0 182 00000000 00000000 4
1 4 0 183 00000000 00000000 4
1 4 0 184 00000000 00000000 4
1 4 0 185 00000000 00000000 4
1 4 0 186 00000000 00000000 4
1 4 0 187 00000000 00000000 4
1 4 0 188 00000000 00000000 4
1 4 0 189 00000000 00000000 4
1 4 0 190 00000000 00000000 4
1 4 0 191 00000000 00000000 4
1 4 0 192 00000000 00000000 4
1 4 0 193 00000000 00000000 4
1 4 0 194 00000000 00000000 4
1 4 0 195 00000000 00000000 4
1 4 0 196 00000000 00000000 4
1 4 0 197 00000000 00000000 4
1 4 0 198 00000000 00000000 4
1 4 0 199 00000000 00000000 4
1 4 0 200 00000000 00000000 4
1 4 0 201 00000000 00000000 4
1 4 0 202 00000000 00000000 4
1 4 0 203 00000000 00000000 4
1 4 0 204 00000000 00000000 4
1 4 0 205 00000000 00000000 4
1 4 0 206 00000000 00000000 4
1 4 0 207 00000000 00000000 4
1 4 0 208 00000000 00000000 4
1 4 0 209 00000000 00000000 4
1 4 0 210 00000000 00000000 4
1 4 0 211 00000000 00000000 4
1 4 0 212 00000000 00000000 4
1 4 0 213 00000000 00000000 4
1 4 0 214 00000000 00000000 4
1 4 0 215 00000000 00000000 4
1 4 0 216 00000000 00000000 4
1 4 0 217 00000000 00000000 4
1 4 0 218 00000000 00000000 4
1 4 0 219 00000000 00000000 4
1 4 0 220 00000000 00000000 4
1 4 0 221 00000000 00000000 4
1 4 0 222 00000000 00000000 4
1 4 0 223 00000000 00000000 4
1 4 0 224 00000000 00000000 4
1 4 0 225 00000000 00000000 4
1 4 0 226 00000000 00000000 4
1 4 0 227 00000000 00000000 4
1 4 0 228 00000000 00000000 4
1 4 0 229 00000000 00000000 4
1 4 0 230 00000000 00000000 4
1 4 0 231 00000000 00000000 4
1 4 0 232 00000000 00000000 4
1 4 0 233 00000000 00000000 4
1 4 0 234 00000000 00000000 4
1 4 0 235 00000000 00000000 4
1 4 0 236 00000000 00000000 4
1 4 0 237 00000000 00000000 4
1 4 0 238 00000000 00000000 4
1 4 0 239 00000000 00000000 4
1 4 0 240 00000000 00000000 4
1 4 0 241 00000000 00000000 4
1 4 0 242 00000000 00000000 4
1 4 0 243 00000000 00000000 4
1 4 0 244 00000000 00000000 4
1 4 0 245 00000000 00000000 4
1 4 0 246 00000000 00000000 4
1 4 0 247 00000000 00000000 4
1 4 0 248 00000000 00000000 4
1 4 0 249 00000000 00000000 4
1 4 0 250 00000000 00000000 4
1 4 0 251 00000000 00000000 4
1 4 0 252 00000000 00000000 4
1 4 0 253 00000000 00000000 4
1 4 0 254 00000000 00000000 4
1 4 0 255 00000000 00000000 4
1 4 0 256 00000000 00000000 4
1 4 0 257 00000000 00000000 4
1 4 0 258 00000000 00000000 4
1 4 0 259 00000000 00000000 4
1 4 0 260 00000000 00000000 4
1 4 0 261 00000000 00000000 4
1 4 0 262 00000000 00000000 4
1 4 0 263 00000000 00000000 4
1 4 0 264 00000000 00000000 4
1 4 0 265 00000000 00000000 4
1 4 0 266 00000000 00000000 4
1 4 0 267 00000000 00000000 4
1 4 0 268 00000000 00000000 4
1 4 0 269 00000000 00000000 4
1 4 0 270 00000000 00000000 4
1 4 0 271 00000000 00000000 4
1 4 0 272 00000000 00000000 4
1 4 0 273 00000000 00000000 4
1 4 0 274 00000000 00000000 4
1 4 0 275 00000000 00000000 4
1 4 0 276 00000000 00000000 4
1 4 0 277 00000000 00000000 4
1 4 0 278 00000000 00000000 4
1 4 0 279 00000000 00000000 4
1 4 0 280 00000000 00000000 4
1 4 0 281 00000000 00000000 4
1 4 0 282 00000000 00000000 4
1 4 0 283 00000000 00000000 4
1 4 0 284 00000000 00000000 4
1 4 0 285 00000000 00000000 4
1 4 0 286 00000000 00000000 4
1 4 0 287 00000000 00000000 4
1 4 0 288 00000000 00000000 4
1 4 0 289 00000000 00000000 4
1 4 0 290 00000000 00000000 4
1 4 0 291 00000000 00000000 4
1 4 0 292 00000000 00000000 4
1 4 0 293 00000000 00000000 4
1 4 0 294 00000000 00000000 4
1 4 0 295 00000000 00000000 4
1 4 0 296 00000000 00000000 4
1 4 0 297 00000000 00000000 4
1 4 0 298 00000000 00000000 4
1 4 0 299 00000000 00000000 4
1 4 0 300 00000000 00000000 4
1 4 0 301 00000000 00000000 4
1 4 0 302 00000000 00000000 4
1 4 0 303 00000000 00000000 4
1 4 0 304 00000000 00000000 4
1 4 0 305 00000000 00000000 4
1 4 0 306 00000000 00000000 4
1 4 0 307 00000000 00000000 4
1 4 0 308 00000000 00000000 4
1 4 0 309 00000000 00000000 4
1 4 0 310 00000000 00000000 4
1 4 0 311 00000000 00000000 4
1 4 0 312 00000000 00000000 4
1 4 0 313 00000000 00000000 4
1 4 0 314 00000000 00000000 4
1 4 0 315 00000000 00000000 4
1 4 0 316 00000000 00000000 4
1 4 0 317 00000000 00000000 4
1 4 0 318 00000000 00000000 4
1 4 0 319 00000000 00000000 4
1 4 0 320 00000000 00000000 4
1 4 0 321 00000000 00000000 4
1 4 0 322 00000000 00000000 4
1 4 0 323 00000000 00000000 4
1 4 0 324 00000000 00000000 4
1 4 0 325 00000000 00000000 4
1 4 0 326 00000000 00000000 4
1 4 0 327 00000000 00000000 4
1 4 0 328 00000000 00000000 4
1 4 0 329 00000000 00000000 4
1 4 0 330 00000000 00000000 4
1 4 0 331 00000000 00000000 4
1 4 0 332 00000000 00000000 4
1 4 0 333 00000000 00000000 4
1 4 0 334 00000000 00000000 4
1 4 0 335 00000000 00000000 4
1 4 0 336 00000000 00000000 4
1 4 0 337 00000000 00000000 4
1 4 0 338 00000000 00000000 4
1 4 0 339 00000000 00000000 4
1 4 0 340 00000000 00000000 4
1 4 0 341 00000000 00000000 4
1 4 0 342 00000000 00000000 4
1 4 0 343 00000000 00000000 4
1 4 0 344 00000000 00000000 4
1 4 0 345 00000000 00000000 4
1 4 0 346 00000000 00000000 4
1 4 0 347 00000000 00000000 4
1 4 0 348 00000000 00000000 4
1 4 0 349 00000000 00000000 4
1 4 0 350 00000000 00000000 4
1 4 0 351 00000000 00000000 4
1 4 0 352 00000000 00000000 4
1 4 0 353 00000000 00000000 4
1 4 0 354 00000000 00000000 4
1 4 0 355 00000000 00000000 4
1 4 0 356 00000000 00000000 4
1 4 0 357 00000000 00000000 4
1 4 0 358 00000000 00000000 4
1 4 0 359 00000000 00000000 4
1 4 0 360 00000000 00000000 4
1 4 0 361 00000000 00000000 4
1 4 0 362 00000000 00000000 4
1 4 0 363 00000000 00000000 4
1 4 0 364 00000000 00000000 4
1 4 0 365 00000000 00000000 4
1 4 0 366 00000000 00000000 4
1 4 0 367 00000000 00000000 4
1 4 0 368 00000000 00000000 4
1 4 0 369 00000000 00000000 4
1 4 0 370 00000000 00000000 4
1 4 0 371 00000000 00000000 4
1 4 0 372 00000000 00000000 4
1 4 0 373 00000000 00000000 4
1 4 0 374 00000000 00000000 4
1 4 0 375 00000000 00000000 4
1 4 0 376 00000000 00000000 4
1 4 0 377 00000000 00000000 4
1 4 0 378 00000000 00000000 4
1 4 0 379 00000000 00000000 4
1 4 0 380 00000000 00000000 4
1 4 0 381 00000000 00000000 4
1 4 0 382 00000000 00000000 4
1 4 0 383 00000000 00000000 4
1 4 0 384 00000000 00000000 4
1 4 0 385 00000000 00000000 4
1 4 0 386 00000000 00000000 4
1 4 0 387 00000000 00000000 4
1 4 0 388 00000000 00000000 4
1 4 0 389 00000000 00000000 4
1 4 0 390 00000000 00000000 4
1 4 0 391 00000000 00000000 4
1 4 0 392 00000000 00000000 4
1 4 0 393 00000000 00000000 4
1 4 0 394 00000000 00000000 4
1 4 0 395 00000000 00000000 4
1 4 0 396 00000000 00000000 4
1 4 0 397 00000000 00000000 4
1 4 0 398 00000000 00000000 4
1 4 0 399 00000000 00000000 4
1 4 0 400 00000000 00000000 4
1 4 0 401 00000000 00000000 4
1 4 0 402 00000000 00000000 4
1 4 0 403 00000000 00000000 4
1 4 0 404 00000000 00000000 4
1 4 0 405 00000000 00000000 4
1 4 0 406 00000000 00000000 4
1 4 0 407 00000000 00000000 4
1 4 0 408 00000000 00000000 4
1 4 0 409 00000000 00000000 4
1 4 0 410 00000000 00000000 4
1 4 0 411 00000000 00000000 4
1 4 0 412 00000000 00000000 4
1 4 0 413 00000000 00000000 4
1 4 0 414 00000000 00000000 4
1 4 0 415 00000000 00000000 4
1 4 0 416 00000000 00000000 4
1 4 0 417 00000000 00000000 4
1 4 0 418 00000000 00000000 4
1 4 0 419 00000000 00000000 4
1 4 0 420 00000000 00000000 4
1 4 0 421 00000000 00000000 4
1 4 0 422 00000000 00000000 4
1 4 0 423 00000000 00000000 4
1 4 0 424 00000000 00000000 4
1 4 0 425 00000000 00000000 4
1 4 0 426 00000000 00000000 4
1 4 0 427 00000000 00000000 4
1 4 0 428 00000000 00000000 4
1 4 0 429 00000000 00000000 4
1 4 0 430 00000000 00000000 4
1 4 0 431 00000000 00000000 4
1 4 0 432 00000000 00000000 4
1 4 0 433 00000000 00000000 4
1 4 0 434 00000000 00000000 4
1 4 0 435 00000000 00000000 4
1 4 0 436 00000000 00000000 4
1 4 0 437 00000000 00000000 4
1 4 0 438 00000000 00000000 4
1 4 0 439 00000000 00000000 4
1 4 0 440 00000000 00000000 4
1 4 0 441 00000000 00000000 4
1 4 0 442 00000000 00000000 4
1 4 0 443 00000000 00000000 4
1 4 0 444 00000000 00000000 4
1 4 0 445 00000000 00000000 4
1 4 0 446 00000000 00000000 4
1 4 0 447 00000000 00000000 4
1 4 0 448 00000000 00000000 4
1 4 0 449 00000000 00000000 4
1 4 0 450 00000000 00000000 4
1 4 0 451 00000000 00000000 4
1 4 0 452 00000000 00000000 4
1 4 0 453 00000000 00000000 4
1 4 0 454 00000000 00000000 4
1 4 0 455 00000000 00000000 4
1 4 0 456 00000000 00000000 4
1 4 0 457 00000000 00000000 4
1 4 0 458 00000000 00000000 4
1 4 0 459 00000000 00000000 4
1 4 0 460 00000000 00000000 4
1 4 0 461 00000000 00000000 4
1 4 0 462 00000000 00000000 4
1 4 0 463 00000000 00000000 4
1 4 0 464 00000000 00000000 4
1 4 0 465 00000000 00000000 4
1 4 0 466 00000000 00000000 4
1 4 0 467 00000000 00000000 4
1 4 0 468 00000000 00000000 4
1 4 0 469 00000000 00000000 4
1 4 0 470 00000000 00000000 4
1 4 0 471 00000000 00000000 4
1 4 0 472 00000000 00000000 4
1 4 0 473 00000000 00000000 4
1 4 0 474 00000000 00000000 4
1 4 0 475 00000000 00000000 4
1 4 0 476 00000000 00000000 4
1 4 0 477 00000000 00000000 4
1 4 0 478 00000000 00000000 4
1 4 0 479 00000000 00000000 4
1 4 0 480 00000000 00000000 4
1 4 0 481 00000000 00000000 4
1 4 0 482 00000000 00000000 4
1 4 0 483 00000000 00000000 4
1 4 0 484 00000000 00000000 4
1 4 0 485 00000000 00000000 4
1 4 0 486 00000000 00000000 4
1 4 0 487 00000000 00000000 4
1 4 0 488 00000000 00000000 4
1 4 0 489 00000000 00000000 4
1 4 0 490 00000000 00000000 4
1 4 0 491 00000000 00000000 4
1 4 0 492 00000000 00000000 4
1 4 0 493 00000000 00000000 4
1 4 0 494 00000000 00000000 4
1 4 0 495 00000000 00000000 4
1 4 0 496 00000000 00000000 4
1 4 0 497 00000000 00000000 4
1 4 0 498 00000000 00000000 4
1 4 0 499 00000000 00000000 4
1 4 0 500 00000000 00000000 4
1 4 0 501 00000000 00000000 4
1 4 0 502 00000000 00000000 4
1 4 0 503 00000000 00000000 4
1 4 0 504 00000000 00000000 4
1 4 0 505 00000000 00000000 4
1 4 0 506 00000000 00000000 4
1 4 0 507 00000000 00000000 4
1 4 0 508 00000000 00000000 4
1 4 0 509 00000000 00000000 4
1 4 0 510 00000000 00000000 4
1 4 0 511 00000000 00000000 4
1 5 0 0 00000000 00000000 4
1 5 0 1 00000000 00000000 4
1 5 0 2 00000000 00000000 4
1 5 0 3 00000000 00000000 4
1 5 0 4 00000000 00000000 4
1 5 0 5 00000000 00000000 4
1 5 0 6 00000000 00000000 4
1 5 0 7 00000000 00000000 4
1 5 0 8 00000000 00000000 4
1 5 0 9 00000000 00000000 4
1 5 0 10 00000000 00000000 4
1 5 0 11 00000000 00000000 4
1 5 0 12 00000000 00000000 4
1 5 0 13 00000000 00000000 4
1 5 0 14 00000000 00000000 4
1 5 0 15 00000000 00000000 4
1 5 0 16 00000000 00000000 4
1 5 0 17 00000000 00000000 4
1 5 0 18 00000000 00000000 4
1 5 0 19 00000000 00000000 4
1 5 0 20 00000000 00000000 4
1 5 0 21 00000000 00000000 4
1 5 0 22 00000000 00000000 4
1 5 0 23 00000000 00000000 4
1 5 0 24 00000000 00000000 4
1 5 0 25 00000000 00000000 4
1 5 0 26 00000000 00000000 4
1 5 0 27 00000000 00000000 4
1 5 0 28 00000000 00000000 4
1 5 0 29 00000000 00000000 4
1 5 0 30 00000000 00000000 4
1 5 0 31 00000000 00000000 4
1 5 0 32 00000000 00000000 4
1 5 0 33 00000000 00000000 4
1 5 0 34 00000000 00000000 4
1 5 0 35 00000000 00000000 4
1 5 0 36 00000000 00000000 4
1 5 0 37 00000000 00000000 4
1 5 0 38 00000000 00000000 4
1 5 0 39 00000000 00000000 4
1 5 0 40 00000000 00000000 4
1 5 0 41 00000000 00000000 4
1 5 0 42 00000000 00000000 4
1 5 0 43 00000000 00000000 4
1 5 0 44 00000000 00000000 4
1 5 0 45 00000000 00000000 4
1 5 0 46 00000000 00000000 4
1 5 0 47 00000000 00000000 4
1 5 0 48 00000000 00000000 4
1 5 0 49 00000000 00000000 4
1 5 0 50 00000000 00000000 4
1 5 0 51 00000000 00000000 4
1 5 0 52 00000000 00000000 4
1 5 0 53 00000000 00000000 4
1 5 0 54 00000000 00000000 4
1 5 0 55 00000000 00000000 4
1 5 0 56 00000000 00000000 4
1 5 0 57 00000000 00000000 4
1 5 0 58 00000000 00000000 4
1 5 0 59 00000000 00000000 4
1 5 0 60 00000000 00000000 4
1 5 0 61 00000000 00000000 4
1 5 0 62 00000000 00000000 4
1 5 0 63 00000000 00000000 4
1 5 0 64 00000000 00000000 4
1 5 0 65 00000000 00000000 4
1 5 0 66 00000000 00000000 4
1 5 0 67 00000000 00000000 4
1 5 0 68 00000000 00000000 4
1 5 0 69 00000000 00000000 4
1 5 0 70 00000000 00000000 4
1 5 0 71 00000000 00000000 4
1 5 0 72 00000000 00000000 4
1 5 0 73 00000000 00000000 4
1 5 0 74 00000000 00000000 4
1 5 0 75 00000000 00000000 4
1 5 0 76 00000000 00000000 4
1 5 0 77 00000000 00000000 4
1 5 0 78 00000000 00000000 4
1 5 0 79 00000000 00000000 4
1 5 0 80 00000000 00000000 4
1 5 0 81 00000000 00000000 4
1 5 0 82 00000000 00000000 4
1 5 0 83 00000000 00000000 4
1 5 0 84 00000000 00000000 4
1 5 0 85 00000000 00000000 4
1 5 0 86 00000000 00000000 4
1 5 0 87 00000000 00000000 4
1 5 0 88 00000000 00000000 4
1 5 0 89 00000000 00000000 4
1 5 0 90 00000000 00000000 4
1 5 0 91 00000000 00000000 4
1 5 0 92 00000000 00000000 4
1 5 0 93 00000000 00000000 4
1 5 0 94 00000000 00000000 4
1 5 0 95 00000000 00000000 4
1 5 0 96 00000000 00000000 4
1 5 0 97 00000000 00000000 4
1 5 0 98 00000000 00000000 4
1 5 0 99 00000000 00000000 4
1 5 0 100 00000000 00000000 4
1 5 0 101 00000000 00000000 4
1 5 0 102 00000000 00000000 4
1 5 0 103 00000000 00000000 4
1 5 0 104 00000000 00000000 4
1 5 0 105 00000000 00000000 4
1 5 0 106 00000000 00000000 4
1 5 0 107 00000000 00000000 4
1 5 0 108 00000000 00000000 4
1 5 0 109 00000000 00000000 4
1 5 0 110 00000000 00000000 4
1 5 0 111 00000000 00000000 4
1 5 0 112 00000000 00000000 4
1 5 0 113 00000000 00000000 4
1 5 0 114 00000000 00000000 4
1 5 0 115 00000000 00000000 4
1 5 0 116 00000000 00000000 4
1 5 0 117 00000000 00000000 4
1 5 0 118 00000000 00000000 4
1 5 0 119 00000000 00000000 4
1 5 0 120 00000000 00000000 4
1 5 0 121 00000000 00000000 4
1 5 0 122 00000000 00000000 4
1 5 0 123 00000000 00000000 4
1 5 0 124 00000000 00000000 4
1 5 0 125 00000000 00000000 4
1 5 0 126 00000000 00000000 4
1 5 0 127 00000000 00000000 4
1 5 0 128 00000000 00000000 4
1 5 0 129 00000000 00000000 4
1 5 0 130 00000000 00000000 4
1 5 0 131 00000000 00000000 4
1 5 0 132 00000000 00000000 4
1 5 0 133 00000000 00000000 4
1 5 0 134 00000000 00000000 4
1 5 0 135 00000000 00000000 4
1 5 0 136 00000000 00000000 4
1 5 0 137 00000000 00000000 4
1 5 0 138 00000000 00000000 4
1 5 0 139 00000000 00000000 4
1 5 0 140 00000000 00000000 4
1 5 0 141 00000000 00000000 4
1 5 0 142 00000000 00000000 4
1 5 0 143 00000000 00000000 4
1 5 0 144 00000000 00000000 4
1 5 0 145 00000000 00000000 4
1 5 0 146 00000000 00000000 4
1 5 0 147 00000000 00000000 4
1 5 0 148 00000000 00000000 4
1 5 0 149 00000000 00000000 4
1 5 0 150 00000000 00000000 4
1 5 0 151 00000000 00000000 4
1 5 0 152 00000000 00000000 4
1 5 0 153 00000000 00000000 4
1 5 0 154 00000000 00000000 4
1 5 0 155 00000000 00000000 4
1 5 0 156 00000000 00000000 4
1 5 0 157 00000000 00000000 4
1 5 0 158 00000000 00000000 4
1 5 0 159 00000000 00000000 4
1 5 0 160 00000000 00000000 4
1 5 0 161 00000000 00000000 4
1 5 0 162 00000000 00000000 4
1 5 0 163 00000000 00000000 4
1 5 0 164 00000000 00000000 4
1 5 0 165 00000000 00000000 4
1 5 0 166 00000000 00000000 4
1 5 0 167 00000000 00000000 4
1 5 0 168 00000000 00000000 4
1 5 0 169 00000000 00000000 4
1 5 0 170 00000000 00000000 4
1 5 0 171 00000000 00000000 4
1 5 0 172 00000000 00000000 4
1 5 0 173 00000000 00000000 4
1 5 0 174 00000000 00000000 4
1 5 0 175 00000000 00000000 4
1 5 0 176 00000000 00000000 4
1 5 0 177 00000000 00000000 4
1 5 0 178 00000000 00000000 4
1 5 0 179 00000000 00000000 4
1 5 0 180 00000000 00000000 4
1 5 0 181 00000000 00000000 4
1 5 0 182 00000000 00000000 4
1 5 0 183 00000000 00000000 4
1 5 0 184 00000000 00000000 4
1 5 0 185 00000000 00000000 4
1 5 0 186 00000000 00000000 4
1 5 0 187 00000000 00000000 4
1 5 0 188 00000000 00000000 4
1 5 0 189 00000000 00000000 4
1 5 0 190 00000000 00000000 4
1 5 0 191 00000000 00000000 4
1 5 0 192 00000000 00000000 4
1 5 0 193 00000000 00000000 4
1 5 0 194 00000000 00000000 4
1 5 0 195 00000000 00000000 4
1 5 0 196 00000000 00000000 4
1 5 0 197 00000000 00000000 4
1 5 0 198 00000000 00000000 4
1 5 0 199 00000000 00000000 4
1 5 0 200 00000000 00000000 4
1 5 0 201 00000000 00000000 4
1 5 0 202 00000000 00000000 4
1 5 0 203 00000000 00000000 4
1 5 0 204 00000000 00000000 4
1 5 0 205 00000000 00000000 4
1 5 0 206 00000000 00000000 4
1 5 0 207 00000000 00000000 4
1 5 0 208 00000000 00000000 4
1 5 0 209 00000000 00000000 4
1 5 0 210 00000000 00000000 4
1 5 0 211 00000000 00000000 4
1 5 0 212 00000000 00000000 4
1 5 0 213 00000000 00000000 4
1 5 0 214 00000000 00000000 4
1 5 0 215 00000000 00000000 4
1 5 0 216 00000000 00000000 4
1 5 0 217 00000000 00000000 4
1 5 0 218 00000000 00000000 4
1 5 0 219 00000000 00000000 4
1 5 0 220 00000000 00000000 4
1 5 0 221 00000000 00000000 4
1 5 0 222 00000000 00000000 4
1 5 0 223 00000000 00000000 4
1 5 0 224 00000000 00000000 4
1 5 0 225 00000000 00000000 4
1 5 0 226 00000000 00000000 4
1 5 0 227 00000000 00000000 4
1 5 0 228 00000000 00000000 4
1 5 0 229 00000000 00000000 4
1 5 0 230 00000000 00000000 4
1 5 0 231 00000000 00000000 4
1 5 0 232 00000000 00000000 4
1 5 0 233 00000000 00000000 4
1 5 0 234 00000000 00000000 4
1 5 0 235 00000000 00000000 4
1 5 0 236 00000000 00000000 4
1 5 0 237 00000000 00000000 4
1 5 0 238 00000000 00000000 4
1 5 0 239 00000000 00000000 4
1 5 0 240 00000000 00000000 4
1 5 0 241 00000000 00000000 4
1 5 0 242 00000000 00000000 4
1 5 0 243 00000000 00000000 4
1 5 0 244 00000000 00000000 4
1 5 0 245 00000000 00000000 4
1 5 0 246 00000000 00000000 4
1 5 0 247 00000000 00000000 4
1 5 0 248 00000000 00000000 4
1 5 0 249 00000000 00000000 4
1 5 0 250 00000000 00000000 4
1 5 0 251 00000000 00000000 4
1 5 0 252 00000000 00000000 4
1 5 0 253 00000000 00000000 4
1 5 0 254 00000000 00000000 4
1 5 0 255 00000000 00000000 4
1 5 0 256 0000E272 0000E21B 4
1 5 0 257 00000000 00000000 4
1 5 0 258 00000000 00000000 4
1 5 0 259 00000000 00000000 4
1 5 0 260 00000000 00000000 4
1 5 0 261 00000000 00000000 4
1 5 0 262 00000000 00000000 4
1 5 0 263 00000000 00000000 4
1 5 0 264 00000000 00000000 4
1 5 0 265 00000000 00000000 4
1 5 0 266 00000000 00000000 4
1 5 0 267 00000000 00000000 4
1 5 0 268 00000000 00000000 4
1 5 0 269 00000000 00000000 4
1 5 0 270 00000000 00000000 4
1 5 0 271 00000000 00000000 4
1 5 0 272 00000000 00000000 4
1 5 0 273 00000000 00000000 4
1 5 0 274 00000000 00000000 4
1 5 0 275 00000000 00000000 4
1 5 0 276 00000000 00000000 4
1 5 0 277 00000000 00000000 4
1 5 0 278 00000000 00000000 4
1 5 0 279 00000000 00000000 4
1 5 0 280 00000000 00000000 4
1 5 0 281 00000000 00000000 4
1 5 0 282 00000000 00000000 4
1 5 0 283 00000000 00000000 4
1 5 0 284 00000000 00000000 4
1 5 0 285 00000000 00000000 4
1 5 0 286 00000000 00000000 4
1 5 0 287 00000000 00000000 4
1 5 0 288 00000000 00000000 4
1 5 0 289 00000000 00000000 4
1 5 0 290 00000000 00000000 4
1 5 0 291 00000000 00000000 4
1 5 0 292 00000000 00000000 4
1 5 0 293 00000000 00000000 4
1 5 0 294 00000000 00000000 4
1 5 0 295 00000000 00000000 4
1 5 0 296 00000000 00000000 4
1 5 0 297 00000000 00000000 4
1 5 0 298 00000000 00000000 4
1 5 0 299 00000000 00000000 4
1 5 0 300 00000000 00000000 4
1 5 0 301 00000000 00000000 4
1 5 0 302 00000000 00000000 4
1 5 0 303 00000000 00000000 4
1 5 0 304 00000000 00000000 4
1 5 0 305 00000000 00000000 4
1 5 0 306 00000000 00000000 4
1 5 0 307 00000000 00000000 4
1 5 0 308 00000000 00000000 4
1 5 0 309 00000000 00000000 4
1 5 0 310 00000000 00000000 4
1 5 0 311 00000000 00000000 4
1 5 0 312 00000000 00000000 4
1 5 0 313 00000000 00000000 4
1 5 0 314 00000000 00000000 4
1 5 0 315 00000000 00000000 4
1 5 0 316 00000000 00000000 4
1 5 0 317 00000000 00000000 4
1 5 0 318 00000000 00000000 4
1 5 0 319 00000000 00000000 4
1 5 0 320 00000000 00000000 4
1 5 0 321 00000000 00000000 4
1 5 0 322 00000000 00000000 4
1 5 0 323 00000000 00000000 4
1 5 0 324 00000000 00000000 4
1 5 0 325 00000000 00000000 4
1 5 0 326 00000000 00000000 4
1 5 0 327 00000000 00000000 4
1 5 0 328 00000000 00000000 4
1 5 0 329 00000000 00000000 4
1 5 0 330 00000000 00000000 4
1 5 0 331 00000000 00000000 4
1 5 0 332 00000000 00000000 4
1 5 0 333 00000000 00000000 4
1 5 0 334 00000000 00000000 4
1 5 0 335 00000000 00000000 4
1 5 0 336 00000000 00000000 4
1 5 0 337 00000000 00000000 4
1 5 0 338 00000000 00000000 4
1 5 0 339 00000000 00000000 4
1 5 0 340 00000000 00000000 4
1 5 0 341 00000000 00000000 4
1 5 0 342 00000000 00000000 4
1 5 0 343 00000000 00000000 4
1 5 0 344 00000000 00000000 4
1 5 0 345 00000000 00000000 4
1 5 0 346 00000000 00000000 4
1 5 0 347 00000000 00000000 4
1 5 0 348 00000000 00000000 4
1 5 0 349 00000000 00000000 4
1 5 0 350 00000000 00000000 4
1 5 0 351 00000000 00000000 4
1 5 0 352 00000000 00000000 4
1 5 0 353 00000000 00000000 4
1 5 0 354 00000000 00000000 4
1 5 0 355 00000000 00000000 4
1 5 0 356 00000000 00000000 4
1 5 0 357 00000000 00000000 4
1 5 0 358 00000000 00000000 4
1 5 0 359 00000000 00000000 4
1 5 0 360 00000000 00000000 4
1 5 0 361 00000000 00000000 4
1 5 0 362 00000000 00000000 4
1 5 0 363 00000000 00000000 4
1 5 0 364 00000000 00000000 4
1 5 0 365 00000000 00000000 4
1 5 0 366 00000000 00000000 4
1 5 0 367 00000000 00000000 4
1 5 0 368 00000000 00000000 4
1 5 0 369 00000000 00000000 4
1 5 0 370 00000000 00000000 4
1 5 0 371 00000000 00000000 4
1 5 0 372 00000000 00000000 4
1 5 0 373 00000000 00000000 4
1 5 0 374 00000000 00000000 4
1 5 0 375 00000000 00000000 4
1 5 0 376 00000000 00000000 4
1 5 0 377 00000000 00000000 4
1 5 0 378 00000000 00000000 4
1 5 0 379 00000000 00000000 4
1 5 0 380 00000000 00000000 4
1 5 0 381 00000000 00000000 4
1 5 0 382 00000000 00000000 4
1 5 0 383 00000000 00000000 4
1 5 0 384 00000000 00000000 4
1 5 0 385 00000000 00000000 4
1 5 0 386 00000000 00000000 4
1 5 0 387 00000000 00000000 4
1 5 0 388 00000000 00000000 4
1 5 0 389 00000000 00000000 4
1 5 0 390 00000000 00000000 4
1 5 0 391 00000000 00000000 4
1 5 0 392 00000000 00000000 4
1 5 0 393 00000000 00000000 4
1 5 0 394 00000000 00000000 4
1 5 0 395 00000000 00000000 4
1 5 0 396 00000000 00000000 4
1 5 0 397 00000000 00000000 4
1 5 0 398 00000000 00000000 4
1 5 0 399 00000000 00000000 4
1 5 0 400 00000000 00000000 4
1 5 0 401 00000000 00000000 4
1 5 0 402 00000000 00000000 4
1 5 0 403 00000000 00000000 4
1 5 0 404 00000000 00000000 4
1 5 0 405 00000000 00000000 4
1 5 0 406 00000000 00000000 4
1 5 0 407 00000000 00000000 4
1 5 0 408 00000000 00000000 4
1 5 0 409 00000000 00000000 4
1 5 0 410 00000000 00000000 4
1 5 0 411 00000000 00000000 4
1 5 0 412 00000000 00000000 4
1 5 0 413 00000000 00000000 4
1 5 0 414 00000000 00000000 4
1 5 0 415 00000000 00000000 4
1 5 0 416 00000000 00000000 4
1 5 0 417 00000000 00000000 4
1 5 0 418 00000000 00000000 4
1 5 0 419 00000000 00000000 4
1 5 0 420 00000000 00000000 4
1 5 0 421 00000000 00000000 4
1 5 0 422 00000000 00000000 4
1 5 0 423 00000000 00000000 4
1 5 0 424 00000000 00000000 4
1 5 0 425 00000000 00000000 4
1 5 0 426 00000000 00000000 4
1 5 0 427 00000000 00000000 4
1 5 0 428 00000000 00000000 4
1 5 0 429 00000000 00000000 4
1 5 0 430 00000000 00000000 4
1 5 0 431 00000000 00000000 4
1 5 0 432 00000000 00000000 4
1 5 0 433 00000000 00000000 4
1 5 0 434 00000000 00000000 4
1 5 0 435 00000000 00000000 4
1 5 0 436 00000000 00000000 4
1 5 0 437 00000000 00000000 4
1 5 0 438 00000000 00000000 4
1 5 0 439 00000000 00000000 4
1 5 0 440 00000000 00000000 4
1 5 0 441 00000000 00000000 4
1 5 0 442 00000000 00000000 4
1 5 0 443 00000000 00000000 4
1 5 0 444 00000000 00000000 4
1 5 0 445 00000000 00000000 4
1 5 0 446 00000000 00000000 4
1 5 0 447 00000000 00000000 4
1 5 0 448 00000000 00000000 4
1 5 0 449 00000000 00000000 4
1 5 0 450 00000000 00000000 4
1 5 0 451 00000000 00000000 4
1 5 0 452 00000000 00000000 4
1 5 0 453 00000000 00000000 4
1 5 0 454 00000000 00000000 4
1 5 0 455 00000000 00000000 4
1 5 0 456 00000000 00000000 4
1 5 0 457 00000000 00000000 4
1 5 0 458 00000000 00000000 4
1 5 0 459 00000000 00000000 4
1 5 0 460 00000000 00000000 4
1 5 0 461 00000000 00000000 4
1 5 0 462 00000000 00000000 4
1 5 0 463 00000000 00000000 4
1 5 0 464 00000000 00000000 4
1 5 0 465 00000000 00000000 4
1 5 0 466 00000000 00000000 4
1 5 0 467 00000000 00000000 4
1 5 0 468 00000000 00000000 4
1 5 0 469 00000000 00000000 4
1 5 0 470 00000000 00000000 4
1 5 0 471 00000000 00000000 4
1 5 0 472 00000000 00000000 4
1 5 0 473 00000000 00000000 4
1 5 0 474 00000000 00000000 4
1 5 0 475 00000000 00000000 4
1 5 0 476 00000000 00000000 4
1 5 0 477 00000000 00000000 4
1 5 0 478 00000000 00000000 4
1 5 0 479 00000000 00000000 4
1 5 0 480 00000000 00000000 4
1 5 0 481 00000000 00000000 4
1 5 0 482 00000000 00000000 4
1 5 0 483 00000000 00000000 4
1 5 0 484 00000000 00000000 4
1 5 0 485 00000000 00000000 4
1 5 0 486 00000000 00000000 4
1 5 0 487 00000000 00000000 4
1 5 0 488 00000000 00000000 4
1 5 0 489 00000000 00000000 4
1 5 0 490 00000000 00000000 4
1 5 0 491 00000000 00000000 4
1 5 0 492 00000000 00000000 4
1 5 0 493 00000000 00000000 4
1 5 0 494 00000000 00000000 4
1 5 0 495 00000000 00000000 4
1 5 0 496 00000000 00000000 4
1 5 0 497 00000000 00000000 4
1 5 0 498 00000000 00000000 4
1 5 0 499 00000000 00000000 4
1 5 0 500 00000000 00000000 4
1 5 0 501 00000000 00000000 4
1 5 0 502 00000000 00000000 4
1 5 0 503 00000000 00000000 4
1 5 0 504 00000000 00000000 4
1 5 0 505 00000000 00000000 4
1 5 0 506 00000000 00000000 4
1 5 0 507 00000000 00000000 4
1 5 0 508 00000000 00000000 4
1 5 0 509 00000000 00000000 4
1 5 0 510 00000000 00000000 4
1 5 0 511 00000000 00000000 4
2 0 0 0 E95FB9A7 00000B67 4
2 0 0 1 E95FC49A 0000062A 4
2 0 0 2 E95F93E2 FFFFF3B2 4
2 0 0 3 E95FB439 00000E4A 4
2 0 0 4 E95F98B9 FFFFDBF0 4
2 0 0 5 E95F8114 FFFFF667 4
2 0 0 6 E95F9C22 000003C0 4
2 0 0 7 E95F9936 FFFFFE52 4
2 0 0 8 E95F7CD6 00000B99 4
2 0 0 9 E95F6F0D 00000763 4
2 0 0 10 E95F6773 FFFFF52B 4
2 0 0 11 E95FAFB8 00000F94 4
2 0 0 12 E95F7075 FFFFFD65 4
2 0 0 13 E95F80C3 000017B9 4
2 0 0 14 E95F76FD 000004C4 4
2 0 0 15 E95F9AFC FFFFFF9A 4
2 0 0 16 E95FA828 00000D2E 4
2 0 0 17 E95F9655 FFFFDADB 4
2 0 0 18 E95F6990 000015A5 4
2 0 0 19 E95F8CDD FFFFE242 4
2 0 0 20 E95F981B FFFFEEAA 4
2 0 0 21 E95F8FE6 00000D3A 4
2 0 0 22 E95F815B FFFFF78B 4
2 0 0 23 E95F841A FFFFE4CD 4
2 0 0 24 E95F94BD 0000028B 4
2 0 0 25 E95F81F9 00000D55 4
2 0 0 26 E95F9DF3 FFFFF912 4
2 0 0 27 E95F80CA 0000073E 4
2 0 0 28 E95F921D FFFFF6BD 4
2 0 0 29 E95F836F 00001376 4
2 0 0 30 E95F9C74 FFFFFD51 4
2 0 0 31 E95F7CB4 000009D9 4
2 0 0 32 E95F8AE6 FFFFF7CA 4
2 0 0 33 E95F6083 000008DD 4
2 0 0 34 E95FA374 FFFFF500 4
2 0 0 35 E95F80F8 FFFFFF73 4
2 0 0 36 E95F6FA1 00000EBE 4
2 0 0 37 E95F8B88 FFFFFFDB 4
2 0 0 38 E95F8734 FFFFDAF7 4
2 0 0 39 E95F8EBD FFFFE82D 4
2 0 0 40 E95FA73E FFFFFAF2 4
2 0 0 41 E95F76E3 00000843 4
2 0 0 42 E95F96EF 00001324 4
2 0 0 43 E95FA0F1 FFFFF109 4
2 0 0 44 E95F8915 FFFFFBAB 4
2 0 0 45 E95F8848 FFFFDF9E 4
2 0 0 46 E95F8981 00000BB4 4
2 0 0 47 E95F98E8 FFFFD223 4
2 0 0 48 E95F86A3 0000192D 4
2 0 0 49 E95F8290 FFFFFAB8 4
2 0 0 50 E95F8861 00000FFE 4
2 0 0 51 E95F8B99 FFFFE7C6 4
2 0 0 52 E95F8512 FFFFEB28 4
2 0 0 53 E95FA1EF FFFFE440 4
2 0 0 54 E95F88FF 00001BCE 4
2 0 0 55 E95F9AB2 00001C4F 4
2 0 0 56 E95F9087 00001CD2 4
2 0 0 57 E95F846A FFFFF83E 4
2 0 0 58 E95F941D 00001A89 4
2 0 0 59 E95FA1BE 000017A0 4
2 0 0 60 E95F9364 0000149B 4
2 0 0 61 E95F9DF8 FFFFED7B 4
2 0 0 62 E95FA9AE 00000C5A 4
2 0 0 63 E95F73F3 000011EE 4
2 0 0 64 E95F962E FFFFE7A0 4
2 0 0 65 E95F8CE6 FFFFF9C7 4
2 0 0 66 E95FA3A4 FFFFD88D 4
2 0 0 67 E95F8EBF FFFFF37E 4
2 0 0 68 E95F9385 FFFFEB66 4
2 0 0 69 E95F98FB 00002839 4
2 0 0 70 E95F7E84 FFFFFA2E 4
2 0 0 71 E95F9A61 FFFFEE41 4
2 0 0 72 E95F8220 0000089E 4
2 0 0 73 E95F8C8F 000014E8 4
2 0 0 74 E95F98D6 FFFFECDF 4
2 0 0 75 E95F6B79 FFFFF8F3 4
2 0 0 76 E95FB89E 00000AF9 4
2 0 0 77 E95F7F8F 0000215C 4
2 0 0 78 E95F9F87 00000768 4
2 0 0 79 E95F98DD 00001968 4
2 0 0 80 E95F813A FFFFFF7A 4
2 0 0 81 E95FAC8F 00000CCE 4
2 0 0 82 E95F890D FFFFFE23 4
2 0 0 83 E95F7C3A 00000B63 4
2 0 0 84 E95FB1AA 00000F0F 4
2 0 0 85 E95F785F FFFFF056 4
2 0 0 86 E95FA1CA FFFFFFBA 4
2 0 0 87 E95F83A9 0000035C 4
2 0 0 88 E95FB2F8 000001ED 4
2 0 0 89 E95F88A7 000011A2 4
2 0 0 90 E95F8C5E FFFFE488 4
2 0 0 91 E95F9352 FFFFEF57 4
2 0 0 92 E95FA5DA 0000100A 4
2 0 0 93 E95FA932 0000052E 4
2 0 0 94 E95F83F4 000025A4 4
2 0 0 95 E95F908E FFFFFFCB 4
2 0 0 96 E95F6BD9 000001F3 4
2 0 0 97 E95F93CD FFFFFECC 4
2 0 0 98 E95F7494 FFFFEE4D 4
2 0 0 99 E95F8CC5 00000023 4
2 0 0 100 E95F8C14 00000AB6 4
2 0 0 101 E95F8130 FFFFF440 4
2 0 0 102 E95F70B5 000013C9 4
2 0 0 103 E95F8F38 FFFFF47E 4
2 0 0 104 E95FAEB0 00000E35 4
2 0 0 105 E95FAC33 00002582 4
2 0 0 106 E95FB63C FFFFEBE7 4
2 0 0 107 E95F9038 FFFFDAE1 4
2 0 0 108 E95F930D 0000174E 4
2 0 0 109 E95F5DF2 00001A1D 4
2 0 0 110 E95FADDF FFFFFADF 4
2 0 0 111 E95F7F5B FFFFE3C4 4
2 0 0 112 E95F8848 FFFFEF3D 4
2 0 0 113 E95FAD8D FFFFE358 4
2 0 0 114 E95F7E92 FFFFEEB9 4
2 0 0 115 E95F96C3 FFFFF23F 4
2 0 0 116 E95F8363 00002046 4
2 0 0 117 E95F769B FFFFFABB 4
2 0 0 118 E95F8ED2 0000210E 4
2 0 0 119 E95F9DB9 00001E28 4
2 0 0 120 E95FA0F1 FFFFF108 4
2 0 0 121 E95F77F8 FFFFEE29 4
2 0 0 122 E95F8699 00000DE7 4
2 0 0 123 E95F89F0 00000396 4
2 0 0 124 E95F9C1E 00000B8E 4
2 0 0 125 E95F91C0 00001228 4
2 0 0 126 E95F7CE5 FFFFEFD7 4
2 0 0 127 E95F9FDD FFFFEFB3 4
2 0 0 128 E95F957C 00001990 4
2 0 0 129 E95F8082 000019B5 4
2 0 0 130 E95F9C02 FFFFD783 4
2 0 0 131 E95FA2DD FFFFF9D2 4
2 0 0 132 E95F75AC FFFFE183 4
2 0 0 133 E95F6E5F 00001574 4
2 0 0 134 E95F6DB7 FFFFF5C7 4
2 0 0 135 E95FA4A9 FFFFF8B8 4
2 0 0 136 E95F85FF 00001384 4
2 0 0 137 E95F8520 0000165C 4
2 0 0 138 E95FA41E 00000292 4
2 0 0 139 E95F95B0 00001570 4
2 0 0 140 E95FB719 FFFFE759 4
2 0 0 141 E95F99E0 00000CCF 4
2 0 0 142 E95F73C2 0000093D 4
2 0 0 143 E95F94BF FFFFFDCA 4
2 0 0 144 E95F8A79 00001CF3 4
2 0 0 145 E95F737F 00001188 4
2 0 0 146 E95F7ECF FFFFEC48 4
2 0 0 147 E95F8360 00000359 4
2 0 0 148 E95F7FBF FFFFF1BF 4
2 0 0 149 E95FB3BA 000002CF 4
2 0 0 150 E95F644C 000019EE 4
2 0 0 151 E95FADEF FFFFE601 4
2 0 0 152 E95F8E44 FFFFF729 4
2 0 0 153 E95FB422 FFFFFFEA 4
2 0 0 154 E95F87A9 00001F17 4
2 0 0 155 E95F8A25 FFFFFF84 4
2 0 0 156 E95F70B6 FFFFE00D 4
2 0 0 157 E95F8EA7 FFFFE332 4
2 0 0 158 E95FBBDC FFFFF3CD 4
2 0 0 159 E95FA1EB FFFFF701 4
2 0 0 160 E95F9754 00000766 4
2 0 0 161 E95FAE2D 00000547 4
2 0 0 162 E95FA07D FFFFFFBB 4
2 0 0 163 E95FAAFC 00000A9E 4
2 0 0 164 E95FA65D FFFFE9F8 4
2 0 0 165 E95FA0EA 00000AAA 4
2 0 0 166 E95F8BF3 FFFFFFFD 4
2 0 0 167 E95F867C 00000196 4
2 0 0 168 E95F7B58 FFFFDBAA 4
2 0 0 169 E95F90ED FFFFFF5D 4
2 0 0 170 E95F7551 FFFFEFE2 4
2 0 0 171 E95F6989 FFFFEC40 4
2 0 0 172 E95F94C4 00000AE2 4
2 0 0 173 E95F8F3C FFFFF710 4
2 0 0 174 E95F82BF 000015BC 4
2 0 0 175 E95F7CA2 FFFFE196 4
2 0 0 176 E95F8B08 00002264 4
2 0 0 177 E95F9FB2 0000106A 4
2 0 0 178 E95F985B FFFFFE65 4
2 0 0 179 E95F6A73 00001858 4
2 0 0 180 E95F958C 000001F7 4
2 0 0 181 E95F8CE7 00001219 4
2 0 0 182 E95F802D FFFFFBCB 4
2 0 0 183 E95FAA06 000007B4 4
2 0 0 184 E95F91B7 FFFFFB69 4
2 0 0 185 E95F83C3 00000748 4
2 0 0 186 E95F9869 0000059A 4
2 0 0 187 E95F8859 FFFFEEF7 4
2 0 0 188 E95F916D FFFFF71C 4
2 0 0 189 E95FAB03 0000089C 4
2 0 0 190 E95F8599 FFFFE495 4
2 0 0 191 E95F8D3B 00000F01 4
2 0 0 192 E95F888D FFFFFCC3 4
2 0 0 193 E95F7A51 FFFFD52C 4
2 0 0 194 E95F8020 0000219C 4
2 0 0 195 E95F6678 000002C1 4
2 0 0 196 E95F82BA 000005B7 4
2 0 0 197 E95F9CBF FFFFE35A 4
2 0 0 198 E95F8127 FFFFE62E 4
2 0 0 199 E95F889B FFFFDDD1 4
2 0 0 200 E95F86A6 0000026B 4
2 0 0 201 E95F82CD 000001F7 4
2 0 0 202 E95F8FBB 000008F3 4
2 0 0 203 E95F9355 FFFFFE11 4
2 0 0 204 E95F8D49 00001F63 4
2 0 0 205 E95F8CEC FFFFEF63 4
2 0 0 206 E95F9660 FFFFF312 4
2 0 0 207 E95FA886 0000117A 4
2 0 0 208 E95F8113 FFFFE833 4
2 0 0 209 E95F7FA8 000021B6 4
2 0 0 210 E95F8C61 FFFFF5AB 4
2 0 0 211 E95F7705 FFFFF660 4
2 0 0 212 E95F9CF1 FFFFEBAF 4
2 0 0 213 E95F79FA FFFFDAF0 4
2 0 0 214 E95F85E2 000018A7 4
2 0 0 215 E95FA070 FFFFEFBC 4
2 0 0 216 E95F7A18 0000009A 4
2 0 0 217 E95F8079 FFFFF35B 4
2 0 0 218 E95F92A3 00001846 4
2 0 0 219 E95FA0E4 000003AC 4
2 0 0 220 E95FA3EE 000017B6 4
2 0 0 221 E95FA74D 00000874 4
2 0 0 222 E95F9F4F 0000211B 4
2 0 0 223 E95F877E FFFFEEC7 4
2 0 0 224 E95F874D 000000D1 4
2 0 0 225 E95F9827 00001728 4
2 0 0 226 E95F7CE9 0000065B 4
2 0 0 227 E95F95A5 000016CF 4
2 0 0 228 E95FA0C4 FFFFE103 4
2 0 0 229 E95F8194 FFFFF184 4
2 0 0 230 E95F738E 000005BE 4
2 0 0 231 E95F896C 000014FC 4
2 0 0 232 E95F9196 FFFFDD13 4
2 0 0 233 E95F9CC9 FFFFEFC1 4
2 0 0 234 E95F8C1B 0000026C 4
2 0 0 235 E95F7D76 FFFFF31B 4
2 0 0 236 E95F86F0 FFFFF96A 4
2 0 0 237 E95F8F9D 00000B04 4
2 0 0 238 E95FA9A4 00001F2E 4
2 0 0 239 E95F7CFD 000003A7 4
2 0 0 240 E95F7DAB FFFFF616 4
2 0 0 241 E95F94E4 FFFFFD4F 4
2 0 0 242 E95F7F59 00000E40 4
2 0 0 243 E95F7D00 FFFFF3F6 4
2 0 0 244 E95F7BCB FFFFE5AF 4
2 0 0 245 E95F8E59 000018FE 4
2 0 0 246 E95FA552 FFFFFDFD 4
2 0 0 247 E95F9F0D 00001044 4
2 0 0 248 E95F7E18 FFFFF559 4
2 0 0 249 E95F8E11 000027FD 4
2 0 0 250 E95F81C5 FFFFED5E 4
2 0 0 251 E95F7973 FFFFFF7B 4
2 0 0 252 E95F8328 FFFFE507 4
2 0 0 253 E95F911E FFFFEA31 4
2 0 0 254 E95F8FB6 FFFFFD1A 4
2 0 0 255 E95FB2AB FFFFE239 4
2 0 0 256 E95FB9A7 FFFFF498 4
2 0 0 257 E95FC49A FFFFF9D6 4
2 0 0 258 E95F93E2 00000C4E 4
2 0 0 259 E95FB439 FFFFF1B6 4
2 0 0 260 E95F98B9 0000240F 4
2 0 0 261 E95F8113 00000999 4
2 0 0 262 E95F9C23 FFFFFC40 4
2 0 0 263 E95F9937 000001AE 4
2 0 0 264 E95F7CD6 FFFFF467 4
2 0 0 265 E95F6F0D FFFFF89D 4
2 0 0 266 E95F6773 00000AD6 4
2 0 0 267 E95FAFB8 FFFFF06D 4
2 0 0 268 E95F7075 0000029B 4
2 0 0 269 E95F80C3 FFFFE847 4
2 0 0 270 E95F76FC FFFFFB3D 4
2 0 0 271 E95F9AFC 00000066 4
2 0 0 272 E95FA828 FFFFF2D2 4
2 0 0 273 E95F9656 00002525 4
2 0 0 274 E95F6990 FFFFEA5B 4
2 0 0 275 E95F8CDD 00001DBE 4
2 0 0 276 E95F981B 00001156 4
2 0 0 277 E95F8FE6 FFFFF2C6 4
2 0 0 278 E95F815B 00000874 4
2 0 0 279 E95F841A 00001B33 4
2 0 0 280 E95F94BD FFFFFD76 4
2 0 0 281 E95F81FA FFFFF2AB 4
2 0 0 282 E95F9DF4 000006EE 4
2 0 0 283 E95F80CA FFFFF8C2 4
2 0 0 284 E95F921D 00000943 4
2 0 0 285 E95F836F FFFFEC8A 4
2 0 0 286 E95F9C74 000002AF 4
2 0 0 287 E95F7CB4 FFFFF627 4
2 0 0 288 E95F8AE6 00000836 4
2 0 0 289 E95F6083 FFFFF723 4
2 0 0 290 E95FA375 00000B00 4
2 0 0 291 E95F80F8 0000008D 4
2 0 0 292 E95F6FA1 FFFFF142 4
2 0 0 293 E95F8B88 00000025 4
2 0 0 294 E95F8734 0000250A 4
2 0 0 295 E95F8EBD 000017D3 4
2 0 0 296 E95FA73E 0000050E 4
2 0 0 297 E95F76E3 FFFFF7BD 4
2 0 0 298 E95F96EE FFFFECDC 4
2 0 0 299 E95FA0F1 00000EF7 4
2 0 0 300 E95F8915 00000455 4
2 0 0 301 E95F8848 00002062 4
2 0 0 302 E95F8981 FFFFF44D 4
2 0 0 303 E95F98E8 00002DDD 4
2 0 0 304 E95F86A3 FFFFE6D3 4
2 0 0 305 E95F8290 00000548 4
2 0 0 306 E95F8861 FFFFF002 4
2 0 0 307 E95F8B99 0000183A 4
2 0 0 308 E95F8512 000014D8 4
2 0 0 309 E95FA1EF 00001BC0 4
2 0 0 310 E95F88FE FFFFE432 4
2 0 0 311 E95F9AB2 FFFFE3B1 4
2 0 0 312 E95F9087 FFFFE32E 4
2 0 0 313 E95F8469 000007C2 4
2 0 0 314 E95F941D FFFFE577 4
2 0 0 315 E95FA1BE FFFFE861 4
2 0 0 316 E95F9364 FFFFEB65 4
2 0 0 317 E95F9DF7 00001285 4
2 0 0 318 E95FA9AE FFFFF3A6 4
2 0 0 319 E95F73F3 FFFFEE12 4
2 0 0 320 E95F962F 00001860 4
2 0 0 321 E95F8CE6 00000638 4
2 0 0 322 E95FA3A4 00002773 4
2 0 0 323 E95F8EC0 00000C82 4
2 0 0 324 E95F9385 0000149A 4
2 0 0 325 E95F98FB FFFFD7C7 4
2 0 0 326 E95F7E84 000005D2 4
2 0 0 327 E95F9A61 000011BF 4
2 0 0 328 E95F8220 FFFFF762 4
2 0 0 329 E95F8C8F FFFFEB18 4
2 0 0 330 E95F98D7 00001320 4
2 0 0 331 E95F6B79 0000070D 4
2 0 0 332 E95FB89E FFFFF507 4
2 0 0 333 E95F7F8F FFFFDEA4 4
2 0 0 334 E95F9F87 FFFFF897 4
2 0 0 335 E95F98DD FFFFE698 4
2 0 0 336 E95F813A 00000086 4
2 0 0 337 E95FAC8F FFFFF332 4
2 0 0 338 E95F890D 000001DD 4
2 0 0 339 E95F7C3A FFFFF49D 4
2 0 0 340 E95FB1AB FFFFF0F1 4
2 0 0 341 E95F7860 00000FA9 4
2 0 0 342 E95FA1CB 00000046 4
2 0 0 343 E95F83A9 FFFFFCA4 4
2 0 0 344 E95FB2F8 FFFFFE13 4
2 0 0 345 E95F88A8 FFFFEE5E 4
2 0 0 346 E95F8C5D 00001B78 4
2 0 0 347 E95F9352 000010AA 4
2 0 0 348 E95FA5D9 FFFFEFF7 4
2 0 0 349 E95FA933 FFFFFAD1 4
2 0 0 350 E95F83F4 FFFFDA5C 4
2 0 0 351 E95F908E 00000035 4
2 0 0 352 E95F6BD9 FFFFFE0D 4
2 0 0 353 E95F93CD 00000134 4
2 0 0 354 E95F7494 000011B3 4
2 0 0 355 E95F8CC5 FFFFFFDC 4
2 0 0 356 E95F8C14 FFFFF54A 4
2 0 0 357 E95F8130 00000BC0 4
2 0 0 358 E95F70B5 FFFFEC38 4
2 0 0 359 E95F8F38 00000B82 4
2 0 0 360 E95FAEB0 FFFFF1CB 4
2 0 0 361 E95FAC33 FFFFDA7E 4
2 0 0 362 E95FB63C 00001419 4
2 0 0 363 E95F9038 0000251E 4
2 0 0 364 E95F930D FFFFE8B3 4
2 0 0 365 E95F5DF2 FFFFE5E3 4
2 0 0 366 E95FADDF 00000521 4
2 0 0 367 E95F7F5A 00001C3C 4
2 0 0 368 E95F8848 000010C3 4
2 0 0 369 E95FAD8D 00001CA8 4
2 0 0 370 E95F7E92 00001147 4
2 0 0 371 E95F96C3 00000DC1 4
2 0 0 372 E95F8364 FFFFDFBA 4
2 0 0 373 E95F769A 00000546 4
2 0 0 374 E95F8ED2 FFFFDEF2 4
2 0 0 375 E95F9DB9 FFFFE1D8 4
2 0 0 376 E95FA0F1 00000EF8 4
2 0 0 377 E95F77F8 000011D7 4
2 0 0 378 E95F8699 FFFFF218 4
2 0 0 379 E95F89F0 FFFFFC6A 4
2 0 0 380 E95F9C1F FFFFF472 4
2 0 0 381 E95F91BF FFFFEDD9 4
2 0 0 382 E95F7CE6 00001029 4
2 0 0 383 E95F9FDD 0000104D 4
2 0 0 384 E95F957C FFFFE671 4
2 0 0 385 E95F8082 FFFFE64B 4
2 0 0 386 E95F9C01 0000287D 4
2 0 0 387 E95FA2DD 0000062E 4
2 0 0 388 E95F75AC 00001E7D 4
2 0 0 389 E95F6E5F FFFFEA8C 4
2 0 0 390 E95F6DB7 00000A39 4
2 0 0 391 E95FA4A9 00000748 4
2 0 0 392 E95F85FF FFFFEC7C 4
2 0 0 393 E95F851F FFFFE9A4 4
2 0 0 394 E95FA41E FFFFFD6E 4
2 0 0 395 E95F95B0 FFFFEA90 4
2 0 0 396 E95FB719 000018A6 4
2 0 0 397 E95F99E0 FFFFF331 4
2 0 0 398 E95F73C2 FFFFF6C3 4
2 0 0 399 E95F94BF 00000236 4
2 0 0 400 E95F8A7A FFFFE30D 4
2 0 0 401 E95F737F FFFFEE78 4
2 0 0 402 E95F7ECF 000013B9 4
2 0 0 403 E95F8360 FFFFFCA7 4
2 0 0 404 E95F7FBF 00000E41 4
2 0 0 405 E95FB3BA FFFFFD31 4
2 0 0 406 E95F644C FFFFE612 4
2 0 0 407 E95FADEF 000019FF 4
2 0 0 408 E95F8E44 000008D7 4
2 0 0 409 E95FB422 00000016 4
2 0 0 410 E95F87A9 FFFFE0E8 4
2 0 0 411 E95F8A25 0000007C 4
2 0 0 412 E95F70B7 00001FF3 4
2 0 0 413 E95F8EA7 00001CCE 4
2 0 0 414 E95FBBDC 00000C33 4
2 0 0 415 E95FA1EB 00000900 4
2 0 0 416 E95F9754 FFFFF89A 4
2 0 0 417 E95FAE2D FFFFFAB9 4
2 0 0 418 E95FA07D 00000045 4
2 0 0 419 E95FAAFC FFFFF562 4
2 0 0 420 E95FA65D 00001608 4
2 0 0 421 E95FA0EB FFFFF556 4
2 0 0 422 E95F8BF3 00000003 4
2 0 0 423 E95F867C FFFFFE6A 4
2 0 0 424 E95F7B58 00002456 4
2 0 0 425 E95F90ED 000000A3 4
2 0 0 426 E95F7551 0000101E 4
2 0 0 427 E95F6989 000013C0 4
2 0 0 428 E95F94C5 FFFFF51D 4
2 0 0 429 E95F8F3B 000008F0 4
2 0 0 430 E95F82BF FFFFEA43 4
2 0 0 431 E95F7CA2 00001E6A 4
2 0 0 432 E95F8B08 FFFFDD9C 4
2 0 0 433 E95F9FB2 FFFFEF96 4
2 0 0 434 E95F985B 0000019B 4
2 0 0 435 E95F6A73 FFFFE7A8 4
2 0 0 436 E95F958B FFFFFE09 4
2 0 0 437 E95F8CE7 FFFFEDE7 4
2 0 0 438 E95F802E 00000435 4
2 0 0 439 E95FAA06 FFFFF84C 4
2 0 0 440 E95F91B8 00000497 4
2 0 0 441 E95F83C3 FFFFF8B8 4
2 0 0 442 E95F9869 FFFFFA66 4
2 0 0 443 E95F885A 00001109 4
2 0 0 444 E95F916D 000008E4 4
2 0 0 445 E95FAB03 FFFFF764 4
2 0 0 446 E95F8598 00001B6B 4
2 0 0 447 E95F8D3B FFFFF100 4
2 0 0 448 E95F888D 0000033D 4
2 0 0 449 E95F7A51 00002AD4 4
2 0 0 450 E95F8020 FFFFDE64 4
2 0 0 451 E95F6678 FFFFFD3F 4
2 0 0 452 E95F82BA FFFFFA49 4
2 0 0 453 E95F9CBF 00001CA6 4
2 0 0 454 E95F8126 000019D2 4
2 0 0 455 E95F889B 0000222F 4
2 0 0 456 E95F86A6 FFFFFD96 4
2 0 0 457 E95F82CD FFFFFE09 4
2 0 0 458 E95F8FBA FFFFF70D 4
2 0 0 459 E95F9355 000001EF 4
2 0 0 460 E95F8D49 FFFFE09D 4
2 0 0 461 E95F8CEC 0000109D 4
2 0 0 462 E95F9660 00000CED 4
2 0 0 463 E95FA886 FFFFEE86 4
2 0 0 464 E95F8113 000017CD 4
2 0 0 465 E95F7FA8 FFFFDE4A 4
2 0 0 466 E95F8C61 00000A55 4
2 0 0 467 E95F7705 000009A0 4
2 0 0 468 E95F9CF1 00001451 4
2 0 0 469 E95F79FA 00002510 4
2 0 0 470 E95F85E2 FFFFE759 4
2 0 0 471 E95FA070 00001044 4
2 0 0 472 E95F7A18 FFFFFF66 4
2 0 0 473 E95F8079 00000CA5 4
2 0 0 474 E95F92A3 FFFFE7BA 4
2 0 0 475 E95FA0E4 FFFFFC54 4
2 0 0 476 E95FA3EE FFFFE84A 4
2 0 0 477 E95FA74D FFFFF78C 4
2 0 0 478 E95F9F4F FFFFDEE5 4
2 0 0 479 E95F877E 0000113A 4
2 0 0 480 E95F874D FFFFFF2F 4
2 0 0 481 E95F9827 FFFFE8D8 4
2 0 0 482 E95F7CE9 FFFFF9A5 4
2 0 0 483 E95F95A5 FFFFE931 4
2 0 0 484 E95FA0C5 00001EFD 4
2 0 0 485 E95F8193 00000E7C 4
2 0 0 486 E95F738E FFFFFA42 4
2 0 0 487 E95F896D FFFFEB03 4
2 0 0 488 E95F9196 000022ED 4
2 0 0 489 E95F9CC8 0000103F 4
2 0 0 490 E95F8C1C FFFFFD94 4
2 0 0 491 E95F7D76 00000CE5 4
2 0 0 492 E95F86F0 00000696 4
2 0 0 493 E95F8F9C FFFFF4FC 4
2 0 0 494 E95FA9A4 FFFFE0D2 4
2 0 0 495 E95F7CFE FFFFFC59 4
2 0 0 496 E95F7DAB 000009E9 4
2 0 0 497 E95F94E3 000002B1 4
2 0 0 498 E95F7F59 FFFFF1C0 4
2 0 0 499 E95F7D00 00000C0B 4
2 0 0 500 E95F7BCB 00001A51 4
2 0 0 501 E95F8E59 FFFFE701 4
2 0 0 502 E95FA552 00000203 4
2 0 0 503 E95F9F0C FFFFEFBD 4
2 0 0 504 E95F7E18 00000AA7 4
2 0 0 505 E95F8E12 FFFFD803 4
2 0 0 506 E95F81C5 000012A3 4
2 0 0 507 E95F7972 00000085 4
2 0 0 508 E95F8328 00001AF9 4
2 0 0 509 E95F911E 000015D0 4
2 0 0 510 E95F8FB6 000002E6 4
2 0 0 511 E95FB2AB 00001DC8 4
2 1 0 0 16A07399 FFFFF498 4
2 1 0 1 16A068A6 FFFFF9D5 4
2 1 0 2 16A0595F 00000CBF 4
2 1 0 3 169FD90A FFFFF34E 4
2 1 0 4 169F548E 0000283B 4
2 1 0 5 169EEC3B 000010D1 4
2 1 0 6 169E313A 000007E7 4
2 1 0 7 169D543D 00001430 4
2 1 0 8 169C70BF 00000FED 4
2 1 0 9 169B3EC2 00002092 4
2 1 0 10 169A06A5 00004126 4
2 1 0 11 16989EC3 00003601 4
2 1 0 12 16973E80 00005DF7 4
2 1 0 13 1695AECF 00005ABE 4
2 1 0 14 1693F95A 000089E0 4
2 1 0 15 1691F661 0000AF8E 4
2 1 0 16 16900A61 0000C553 4
2 1 0 17 168E1D91 00011F9E 4
2 1 0 18 168C0BF5 000113A9 4
2 1 0 19 1689AAA1 00017942 4
2 1 0 20 168741A2 0001A48F 4
2 1 0 21 16848CBC 0001C7E4 4
2 1 0 22 1681FE27 00022161 4
2 1 0 23 167F3EDF 00027E4F 4
2 1 0 24 167C525F 0002B1B8 4
2 1 0 25 1679696C 0002FEC9 4
2 1 0 26 16765264 00036F97 4
2 1 0 27 16733519 0003C7FD 4
2 1 0 28 166FCA39 000446EA 4
2 1 0 29 166C5FF5 0004A12B 4
2 1 0 30 1668EE59 00053067 4
2 1 0 31 16657647 0005A85D 4
2 1 0 32 16619192 00064AE7 4
2 1 0 33 165DC638 0006D3A0 4
2 1 0 34 1659CE5F 000780D0 4
2 1 0 35 1655DC91 00081FEB 4
2 1 0 36 1651DAE2 0008C09F 4
2 1 0 37 164D8D88 0009899A 4
2 1 0 38 164940BC 000A7249 4
2 1 0 39 1644E98D 000B305B 4
2 1 0 40 16406337 000BF3A5 4
2 1 0 41 163BE661 000CCB7E 4
2 1 0 42 16375A52 000DA4EE 4
2 1 0 43 1632A5C7 000EB9FD 4
2 1 0 44 162DF45D 000FAEE3 4
2 1 0 45 16290E20 0010D592 4
2 1 0 46 16240749 0011C15D 4
2 1 0 47 161F1412 0013152C 4
2 1 0 48 161A0357 0013FA9B 4
2 1 0 49 1614E6AA 00154CA3 4
2 1 0 50 160F833C 00167E07 4
2 1 0 51 160A8167 0017E54A 4
2 1 0 52 16050D63 00193D4E 4
2 1 0 53 15FFD61C 001A98B2 4
2 1 0 54 15FA3979 001BD991 4
2 1 0 55 15F4D261 001D491C 4
2 1 0 56 15EF2A0A 001ED1A4 4
2 1 0 57 15E9A4B9 002082C2 4
2 1 0 58 15E4069C 0021F5E6 4
2 1 0 59 15DE4CB6 00239CEC 4
2 1 0 60 15D8B072 00254D23 4
2 1 0 61 15D2DF1B 00272EE5 4
2 1 0 62 15CD0E69 0028D587 4
2 1 0 63 15C74224 002AAB13 4
2 1 0 64 15C140EC 002CB21F 4
2 1 0 65 15BBAA08 002E7B31 4
2 1 0 66 15B57B3C 003098B3 4
2 1 0 67 15AFB6E2 0032789C 4
2 1 0 68 15A9BD74 003489B6 4
2 1 0 69 15A3C563 0036617C 4
2 1 0 70 159DD008 0038B291 4
2 1 0 71 1597C7CD 003AE45C 4
2 1 0 72 1591B767 003D0780 4
2 1 0 73 158BA5BF 003F3B89 4
2 1 0 74 158596B5 0041ADA8 4
2 1 0 75 157FA222 0043FCC1 4
2 1 0 76 15799767 00463999 4
2 1 0 77 15739658 00489984 4
2 1 0 78 156D7F44 004B223B 4
2 1 0 79 15677228 004D92E1 4
2 1 0 80 1561977F 00502F0A 4
2 1 0 81 155B7EDE 0052B039 4
2 1 0 82 15559898 00555C7B 4
2 1 0 83 154F9E2B 0057F966 4
2 1 0 84 1549A4AB 005A96B6 4
2 1 0 85 1543DBCB 005D7071 4
2 1 0 86 153DD761 00601D8C 4
2 1 0 87 1537FB6B 0062E888 4
2 1 0 88 15323422 0065A8C2 4
2 1 0 89 152C6CA3 00687B15 4
2 1 0 90 1526B76B 006B7F83 4
2 1 0 91 1520E5F4 006E615C 4
2 1 0 92 151B2A6E 00712E0B 4
2 1 0 93 151580D3 00742C8A 4
2 1 0 94 15102138 0077033C 4
2 1 0 95 150A95C2 007A2634 4
2 1 0 96 15051FC5 007D33AD 4
2 1 0 97 14FF81F2 0080466C 4
2 1 0 98 14FA2AB6 00836FB2 4
2 1 0 99 14F4DF65 00866CA4 4
2 1 0 100 14EF7646 00898D09 4
2 1 0 101 14EA7220 008CBA50 4
2 1 0 102 14E55B77 008FC417 4
2 1 0 103 14E03711 009307DA 4
2 1 0 104 14DB369A 009614CF 4
2 1 0 105 14D61E37 00993D27 4
2 1 0 106 14D15730 009CA064 4
2 1 0 107 14CCA4AE 009FED8A 4
2 1 0 108 14C7EE4B 00A2EF12 4
2 1 0 109 14C36EBB 00A62E83 4
2 1 0 110 14BE930F 00A98990 4
2 1 0 111 14BA52CE 00ACDDB2 4
2 1 0 112 14B5E1E3 00B0170A 4
2 1 0 113 14B1B1AE 00B34ABE 4
2 1 0 114 14AD9C35 00B68876 4
2 1 0 115 14A9647D 00B9C65E 4
2 1 0 116 14A55B13 00BCE558 4
2 1 0 117 14A16BC2 00C04FC9 4
2 1 0 118 149D9A3E 00C35ECC 4
2 1 0 119 1499D4A6 00C69DD5 4
2 1 0 120 14961D56 00CA0981 4
2 1 0 121 1492D072 00CD3ECD 4
2 1 0 122 148F52DA 00D057E7 4
2 1 0 123 148BE313 00D39D04 4
2 1 0 124 1488DDCE 00D6AB17 4
2 1 0 125 1485A2DD 00D9DFAD 4
2 1 0 126 1482C93E 00DD1F17 4
2 1 0 127 147FC33F 00E041F6 4
2 1 0 128 147D05E2 00E33431 4
2 1 0 129 147A5A01 00E65596 4
2 1 0 130 1477D85F 00E994BD 4
2 1 0 131 14756D6F 00EC78F2 4
2 1 0 132 1473389A 00EF97F1 4
2 1 0 133 14710211 00F26793 4
2 1 0 134 146F0192 00F57125 4
2 1 0 135 146CED6F 00F84F81 4
2 1 0 136 146B2BED 00FB1A24 4
2 1 0 137 14698DAF 00FDE6B5 4
2 1 0 138 1467D622 0100C8CE 4
2 1 0 139 146665F5 01037F9D 4
2 1 0 140 1465069F 01065B5C 4
2 1 0 141 1463E766 0108EBB0 4
2 1 0 142 1462EF8C 010B95CF 4
2 1 0 143 1461F0DD 010E2F9A 4
2 1 0 144 146101C8 0110AF26 4
2 1 0 145 14603DA2 01134E55 4
2 1 0 146 145FAEF1 0115DB5D 4
2 1 0 147 145F49D1 0118253A 4
2 1 0 148 145EEDD4 011A94B2 4
2 1 0 149 145E999E 011CC724 4
2 1 0 150 145EC492 011EFA25 4
2 1 0 151 145ECEBD 0121366B 4
2 1 0 152 145F0983 01235058 4
2 1 0 153 145F3D7A 012556E9 4
2 1 0 154 145FDBA8 01273958 4
2 1 0 155 14606CBB 0129477F 4
2 1 0 156 146119FD 012B5610 4
2 1 0 157 1461EA44 012D1601 4
2 1 0 158 1462C791 012EB98C 4
2 1 0 159 1463EBEF 01306A53 4
2 1 0 160 14653946 0131EF85 4
2 1 0 161 146669F6 013381A6 4
2 1 0 162 1467F723 0134FD30 4
2 1 0 163 1469A3CC 013643A4 4
2 1 0 164 146B7AF1 0137A4FB 4
2 1 0 165 146D5733 0138C399 4
2 1 0 166 146F5E22 0139FC96 4
2 1 0 167 14718C76 013B0856 4
2 1 0 168 1473DB3E 013C24EC 4
2 1 0 169 147644B6 013CDB14 4
2 1 0 170 1478C245 013DCCFF 4
2 1 0 171 147B6619 013E90C1 4
2 1 0 172 147E0DAA 013F0F6E 4
2 1 0 173 1480E44E 013FB8C0 4
2 1 0 174 1483DBBD 01402152 4
2 1 0 175 14871D77 0140A39A 4
2 1 0 176 148A3204 0140C2BE 4
2 1 0 177 148DABCF 0140EA31 4
2 1 0 178 14913F2B 01410DA6 4
2 1 0 179 1494DB60 014111D5 4
2 1 0 180 149872B7 01410B48 4
2 1 0 181 149C7174 0140BCDE 4
2 1 0 182 14A05641 01409C71 4
2 1 0 183 14A4579B 01402226 4
2 1 0 184 14A89348 013FBB12 4
2 1 0 185 14ACFC13 013F1468 4
2 1 0 186 14B1437E 013E7162 4
2 1 0 187 14B5DD56 013DBFDA 4
2 1 0 188 14BA79CD 013CD3E4 4
2 1 0 189 14BF1CC0 013BC749 4
2 1 0 190 14C4158A 013AD8A9 4
2 1 0 191 14C8FC60 013983CD 4
2 1 0 192 14CE1C2B 013841C6 4
2 1 0 193 14D3601B 0136F84E 4
2 1 0 194 14D88FD2 01353877 4
2 1 0 195 14DDF09A 0133C6E3 4
2 1 0 196 14E36A37 0131F650 4
2 1 0 197 14E8E10F 01303F97 4
2 1 0 198 14EEA2C5 012E4E51 4
2 1 0 199 14F45A9A 012C4A53 4
2 1 0 200 14FA30AA 012A036F 4
2 1 0 201 15001D46 0127C34C 4
2 1 0 202 150627A2 01254EA9 4
2 1 0 203 150C396C 0122DFD6 4
2 1 0 204 151268EA 01202DD0 4
2 1 0 205 1518DA4F 011D8876 4
2 1 0 206 151F21C0 011AB9A5 4
2 1 0 207 152577B3 0117B490 4
2 1 0 208 152C308E 0114C84C 4
2 1 0 209 1532C3F2 0111703A 4
2 1 0 210 15397207 010E4AB3 4
2 1 0 211 154054CB 010ADBE4 4
2 1 0 212 15471218 01075BB5 4
2 1 0 213 154E1103 0103D80B 4
2 1 0 214 1554F666 00FFE8D6 4
2 1 0 215 155BF4F6 00FC2C1B 4
2 1 0 216 15634929 00F81B28 4
2 1 0 217 156A68C2 00F41B15 4
2 1 0 218 15718DCC 00EFCAF3 4
2 1 0 219 1578E3C4 00EB7F53 4
2 1 0 220 15803C95 00E70396 4
2 1 0 221 1587A59A 00E289BE 4
2 1 0 222 158F4331 00DDB7E4 4
2 1 0 223 1596CF15 00D934F4 4
2 1 0 224 159E6ECA 00D43D16 4
2 1 0 225 15A60D1C 00CF218E 4
2 1 0 226 15ADB5CF 00CA340D 4
2 1 0 227 15B56D86 00C4DCD3 4
2 1 0 228 15BD57F1 00BF9753 4
2 1 0 229 15C5347D 00BA2957 4
2 1 0 230 15CD2707 00B482CF 4
2 1 0 231 15D50646 00AEBEBC 4
2 1 0 232 15DCFF5E 00A92153 4
2 1 0 233 15E5057E 00A31899 4
2 1 0 234 15ED0517 009D1913 4
2 1 0 235 15F5107F 009718E2 4
2 1 0 236 15FD430A 0090B968 4
2 1 0 237 160553A4 008A55FC 4
2 1 0 238 160D77CC 0083B942 4
2 1 0 239 1615D7A7 007D3FED 4
2 1 0 240 161DFF2E 0076AAF1 4
2 1 0 241 16264D5B 006FB597 4
2 1 0 242 162E8D9D 0068D3DD 4
2 1 0 243 1636F5E0 0061CFEA 4
2 1 0 244 163F39E2 005AC7FC 4
2 1 0 245 164776E3 00535D27 4
2 1 0 246 164FD233 004C072B 4
2 1 0 247 16582768 00448D16 4
2 1 0 248 1660A275 003D1D6B 4
2 1 0 249 1668F825 00353D36 4
2 1 0 250 16715D27 002DBCC7 4
2 1 0 251 1679C94D 0025CC84 4
2 1 0 252 16822DB9 001DE584 4
2 1 0 253 168A816C 0015D1D3 4
2 1 0 254 1692D771 000DA34E 4
2 1 0 255 169B131F 00057EDE 4
2 1 0 256 169F1FEE FFFEB840 4
2 1 0 257 1696D38C FFF683D8 4
2 1 0 258 168EB5F2 FFEE4F16 4
2 1 0 259 16863AAB FFE65494 4
2 1 0 260 167DEE23 FFDE1A33 4
2 1 0 261 16759155 FFD639B7 4
2 1 0 262 166D23C6 FFCE8593 4
2 1 0 263 1664B029 FFC6B5FB 4
2 1 0 264 165C788C FFBF3192 4
2 1 0 265 16542565 FFB7A926 4
2 1 0 266 164BD7FD FFB03574 4
2 1 0 267 16432FB7 FFA8FC14 4
2 1 0 268 163B1988 FFA1B7A7 4
2 1 0 269 1632A917 FF9AAD73 4
2 1 0 270 162A763B FF93ADEA 4
2 1 0 271 16220A2C FF8CC9F2 4
2 1 0 272 1619C2AC FF86195C 4
2 1 0 273 1611A555 FF7F4C0F 4
2 1 0 274 16098182 FF78E145 4
2 1 0 275 16014A42 FF7257AE 4
2 1 0 276 15F92216 FF6C184F 4
2 1 0 277 15F11905 FF660C36 4
2 1 0 278 15E90D98 FF5FD9A4 4
2 1 0 279 15E0FE9F FF59CAFD 4
2 1 0 280 15D8EFB0 FF540D93 4
2 1 0 281 15D1146C FF4E5DBF 4
2 1 0 282 15C918E2 FF48B164 4
2 1 0 283 15C14CB6 FF4330C4 4
2 1 0 284 15B97948 FF3DC86B 4
2 1 0 285 15B1A3C3 FF388411 4
2 1 0 286 15A9D0AA FF3343A7 4
2 1 0 287 15A245C6 FF2E42F9 4
2 1 0 288 159A9C8F FF29459B 4
2 1 0 289 159322EE FF24739E 4
2 1 0 290 158B6783 FF1FB55D 4
2 1 0 291 158408E8 FF1B1D5C 4
2 1 0 292 157CA98B FF16A8D9 4
2 1 0 293 15754691 FF124B73 4
2 1 0 294 156DFEA1 FF0DE262 4
2 1 0 295 1566BBE6 FF09C982 4
2 1 0 296 155F92B0 FF05E7B5 4
2 1 0 297 15589149 FF01F6BE 4
2 1 0 298 15516DA4 FEFE37B2 4
2 1 0 299 154A71F3 FEFA68F1 4
2 1 0 300 1543AA39 FEF6E3F9 4
2 1 0 301 153CDDB5 FEF35521 4
2 1 0 302 1536252A FEF02AFF 4
2 1 0 303 152F6D96 FEECBB26 4
2 1 0 304 1528F1CB FEE9E47A 4
2 1 0 305 1522774E FEE6C7E1 4
2 1 0 306 151BEC5E FEE3E7E1 4
2 1 0 307 1515950F FEE0FCAA 4
2 1 0 308 150F752C FEDE6749 4
2 1 0 309 15092FD2 FEDBD3C3 4
2 1 0 310 1503307A FED995A2 4
2 1 0 311 14FD1EC1 FED73F04 4
2 1 0 312 14F73D69 FED502D3 4
2 1 0 313 14F172B3 FED2BFD2 4
2 1 0 314 14EBBF77 FED0EBCF 4
2 1 0 315 14E6092F FECEFE28 4
2 1 0 316 14E08429 FECD29F1 4
2 1 0 317 14DB3092 FECB6EEA 4
2 1 0 318 14D5C0FB FEC9EEC6 4
2 1 0 319 14D0BEE7 FEC87FFD 4
2 1 0 320 14CB99F0 FEC70FE4 4
2 1 0 321 14C685FE FEC5D0FA 4
2 1 0 322 14C1B428 FEC4AB9D 4
2 1 0 323 14BCD8F9 FEC3A54E 4
2 1 0 324 14B8308D FEC2B67C 4
2 1 0 325 14B38843 FEC21254 4
2 1 0 326 14AF2D7A FEC13030 4
2 1 0 327 14AAB876 FEC086D4 4
2 1 0 328 14A68F3D FEC0157D 4
2 1 0 329 14A25FDE FEBFB0E3 4
2 1 0 330 149E5D1D FEBF438C 4
2 1 0 331 149A7A9D FEBEF968 4
2 1 0 332 14968C69 FEBF01E2 4
2 1 0 333 149301C2 FEBEFD6D 4
2 1 0 334 148F56EF FEBEF2FB 4
2 1 0 335 148BEBB7 FEBF2909 4
2 1 0 336 1488C610 FEBF57E1 4
2 1 0 337 14856032 FEBFB66A 4
2 1 0 338 14827949 FEC01820 4
2 1 0 339 147F7EB2 FEC09DE1 4
2 1 0 340 147C7C39 FEC13D78 4
2 1 0 341 1479FD91 FEC1CD8F 4
2 1 0 342 1477571A FEC2AE52 4
2 1 0 343 1474F6D1 FEC385B5 4
2 1 0 344 14726897 FEC46F2B 4
2 1 0 345 14706588 FEC58651 4
2 1 0 346 146E545A FEC67721 4
2 1 0 347 146C76F8 FEC7C090 4
2 1 0 348 146A763E FEC911DB 4
2 1 0 349 1468BC0B FECA57C8 4
2 1 0 350 146745EB FECBD976 4
2 1 0 351 1465D5C1 FECD393C 4
2 1 0 352 1464B2C4 FECECBB2 4
2 1 0 353 14638076 FED07C64 4
2 1 0 354 14625C96 FED20224 4
2 1 0 355 14617792 FED3E5F3 4
2 1 0 356 1460C2E2 FED5D10A 4
2 1 0 357 14601DA4 FED79FCF 4
2 1 0 358 145F7E2C FED99F29 4
2 1 0 359 145F0A98 FEDB8FC2 4
2 1 0 360 145EB318 FEDDC6DA 4
2 1 0 361 145E9AB7 FEE003B6 4
2 1 0 362 145EAFCB FEE214E5 4
2 1 0 363 145ED8FD FEE439F0 4
2 1 0 364 145F1899 FEE6C70C 4
2 1 0 365 145F9101 FEE918C9 4
2 1 0 366 145FFDA6 FEEB830E 4
2 1 0 367 1460AB23 FEEDD77C 4
2 1 0 368 14616110 FEF067AD 4
2 1 0 369 14623ABC FEF2F927 4
2 1 0 370 14634804 FEF59193 4
2 1 0 371 1464888D FEF8550C 4
2 1 0 372 1465BC02 FEFB250A 4
2 1 0 373 1467248F FEFDBDC0 4
2 1 0 374 1468A8E6 FF00B44F 4
2 1 0 375 146A383D FF0382BF 4
2 1 0 376 146C0F79 FF063D15 4
2 1 0 377 146E14BF FF091D88 4
2 1 0 378 14700660 FF0C293C 4
2 1 0 379 1472228C FF0F133C 4
2 1 0 380 147453FB FF121C59 4
2 1 0 381 1476BCB6 FF152728 4
2 1 0 382 147936B4 FF1808E0 4
2 1 0 383 147BB600 FF1B207E 4
2 1 0 384 147E870D FF1E6474 4
2 1 0 385 14816056 FF217DE4 4
2 1 0 386 14842DA3 FF246022 4
2 1 0 387 14873417 FF27A89E 4
2 1 0 388 148A8A22 FF2ABC87 4
2 1 0 389 148DC131 FF2E16B3 4
2 1 0 390 149111CA FF31275C 4
2 1 0 391 14946D4A FF346B91 4
2 1 0 392 14980313 FF37B12B 4
2 1 0 393 149B9B6C FF3AE82F 4
2 1 0 394 149F703D FF3E23E4 4
2 1 0 395 14A35B80 FF4173E0 4
2 1 0 396 14A75586 FF449664 4
2 1 0 397 14AB54D8 FF47EACC 4
2 1 0 398 14AF9BCC FF4B2514 4
2 1 0 399 14B3C093 FF4E5F14 4
2 1 0 400 14B81357 FF51B808 4
2 1 0 401 14BC93B5 FF54ED8D 4
2 1 0 402 14C116BD FF580C05 4
2 1 0 403 14C5A34B FF5B5ED5 4
2 1 0 404 14CA3AD0 FF5E80FE 4
2 1 0 405 14CEFC3B FF61DCB9 4
2 1 0 406 14D3E527 FF651760 4
2 1 0 407 14D89A5F FF682113 4
2 1 0 408 14DDB7F9 FF6B6387 4
2 1 0 409 14E29694 FF6E98B4 4
2 1 0 410 14E7CA50 FF71D810 4
2 1 0 411 14ECF05A FF74DD71 4
2 1 0 412 14F253AB FF77E3C1 4
2 1 0 413 14F78601 FF7B03AE 4
2 1 0 414 14FCCDE1 FF7E3186 4
2 1 0 415 15023DB4 FF813F69 4
2 1 0 416 1507C2F3 FF845AC2 4
2 1 0 417 150D2989 FF875A68 4
2 1 0 418 1512B76E FF8A50AD 4
2 1 0 419 151851D3 FF8D53E4 4
2 1 0 420 151DFE12 FF902556 4
2 1 0 421 1523CCA6 FF93345A 4
2 1 0 422 15298EBC FF9608C8 4
2 1 0 423 152F470D FF98E003 4
2 1 0 424 15352687 FF9B8EC1 4
2 1 0 425 153AEADE FF9E7D76 4
2 1 0 426 1540E024 FFA12F54 4
2 1 0 427 1546CB14 FFA3E361 4
2 1 0 428 154C8455 FFA6B008 4
2 1 0 429 15528D1F FFA9489B 4
2 1 0 430 1558A226 FFAC09D3 4
2 1 0 431 155E9453 FFAE691D 4
2 1 0 432 15647704 FFB1310D 4
2 1 0 433 156A74E8 FFB3A6B2 4
2 1 0 434 1570913D FFB61259 4
2 1 0 435 15769857 FFB88EB1 4
2 1 0 436 157C8969 FFBAE251 4
2 1 0 437 15829164 FFBD4B3A 4
2 1 0 438 15889FBF FFBF83F0 4
2 1 0 439 158E9B39 FFC1DC30 4
2 1 0 440 15949CA1 FFC4044E 4
2 1 0 441 159AD455 FFC648CC 4
2 1 0 442 15A0EBAB FFC875CA 4
2 1 0 443 15A6CE11 FFCA71C3 4
2 1 0 444 15ACB8A6 FFCC87B4 4
2 1 0 445 15B296AB FFCE9D6C 4
2 1 0 446 15B89472 FFD06F7D 4
2 1 0 447 15BE885A FFD28B09 4
2 1 0 448 15C44D80 FFD455AC 4
2 1 0 449 15CA3BB0 FFD607CB 4
2 1 0 450 15CFF9FA FFD81CCA 4
2 1 0 451 15D5D983 FFD9BEEA 4
2 1 0 452 15DB867B FFDB7992 4
2 1 0 453 15E13760 FFDD05A0 4
2 1 0 454 15E6E093 FFDEA250 4
2 1 0 455 15EC87DC FFE03074 4
2 1 0 456 15F1FC85 FFE1D794 4
2 1 0 457 15F7941E FFE3564E 4
2 1 0 458 15FCFE32 FFE4CE51 4
2 1 0 459 160271C1 FFE62BC1 4
2 1 0 460 1607D211 FFE7A7A4 4
2 1 0 461 160D2E12 FFE8CADD 4
2 1 0 462 16124380 FFEA0E53 4
2 1 0 463 1617711B FFEB6927 4
2 1 0 464 161C9A42 FFEC6BAF 4
2 1 0 465 16219E95 FFEDC7FE 4
2 1 0 466 162696EC FFEEB7C8 4
2 1 0 467 162B92C5 FFEFC702 4
2 1 0 468 1630359A FFF0BFB4 4
2 1 0 469 163501BD FFF1A68C 4
2 1 0 470 1639A0DB FFF2D39E 4
2 1 0 471 163E3310 FFF3937B 4
2 1 0 472 1642C6CC FFF47DEC 4
2 1 0 473 16472F6D FFF54338 4
2 1 0 474 164B6DFF FFF62F48 4
2 1 0 475 164F90CC FFF6D818 4
2 1 0 476 1653C037 FFF7A2E7 4
2 1 0 477 1657D035 FFF8405F 4
2 1 0 478 165BAD29 FFF8F8B0 4
2 1 0 479 165FB9DE FFF9632D 4
2 1 0 480 1663706C FFFA0590 4
2 1 0 481 1666F71C FFFAA361 4
2 1 0 482 166AA9FC FFFB1462 4
2 1 0 483 166E29D6 FFFBA0FB 4
2 1 0 484 16715887 FFFBD9DE 4
2 1 0 485 1674D17D FFFC5634 4
2 1 0 486 1677DA5F FFFCC96A 4
2 1 0 487 167AFF8D FFFD37D0 4
2 1 0 488 167DD35E FFFD5341 4
2 1 0 489 1680848C FFFDB246 4
2 1 0 490 168351E5 FFFE0CFB 4
2 1 0 491 1685FD95 FFFE3F60 4
2 1 0 492 168851BD FFFE7F9A 4
2 1 0 493 168AC6DE FFFEC90B 4
2 1 0 494 168CEB1F FFFF0DA9 4
2 1 0 495 168F3624 FFFF1D8E 4
2 1 0 496 1691342F FFFF3666 4
2 1 0 497 1692FBFB FFFF5F8F 4
2 1 0 498 1694D098 FFFF8E0A 4
2 1 0 499 16967241 FFFF8D61 4
2 1 0 500 1697F2E5 FFFF94F4 4
2 1 0 501 16995FED FFFFDBC5 4
2 1 0 502 169A88A2 FFFFD00E 4
2 1 0 503 169BCEA6 FFFFEF9C 4
2 1 0 504 169CCF6E FFFFDDC4 4
2 1 0 505 169DBF57 000018BE 4
2 1 0 506 169E8B90 FFFFE3C5 4
2 1 0 507 169F33D7 FFFFF9E1 4
2 1 0 508 169FAA1C FFFFE216 4
2 1 0 509 16A01C23 FFFFE91D 4
2 1 0 510 16A05D8B FFFFFCC3 4
2 1 0 511 16A05A95 FFFFE226 4
2 2 0 0 001F2ADA E95F9CF6 4
2 2 0 1 009B6EA0 E95F151A 4
2 2 0 2 0117E00F E95DCF74 4
2 2 0 3 0193C1FA E95C3654 4
2 2 0 4 020FB050 E959E2A1 4
2 2 0 5 028B1060 E956AD5B 4
2 2 0 6 030616F6 E9530FC1 4
2 2 0 7 03806EF0 E94ED106 4
2 2 0 8 03FA528F E949E211 4
2 2 0 9 04731E7A E944823D 4
2 2 0 10 04EB94B0 E93E76A8 4
2 2 0 11 0562CEE6 E937DC9D 4
2 2 0 12 05D9409F E93093B1 4
2 2 0 13 064E752F E928BED4 4
2 2 0 14 06C2B505 E920706E 4
2 2 0 15 07359609 E917BA3F 4
2 2 0 16 07A73E81 E90E5517 4
2 2 0 17 0817A31E E90452F0 4
2 2 0 18 08865931 E8F9C6A2 4
2 2 0 19 08F3A6F5 E8EF06DE 4
2 2 0 20 095F70C6 E8E3B789 4
2 2 0 21 09C915F3 E8D818B9 4
2 2 0 22 0A315B0C E8CBDCB8 4
2 2 0 23 0A97C5AE E8BF4DDD 4
2 2 0 24 0AFC06D8 E8B25927 4
2 2 0 25 0B5E6D5D E8A4FFED 4
2 2 0 26 0BBED6E5 E897634A 4
2 2 0 27 0C1D1DAD E889601A 4
2 2 0 28 0C79085D E87B4AAE 4
2 2 0 29 0CD2A38B E86CBAF6 4
2 2 0 30 0D2A2975 E85DF393 4
2 2 0 31 0D7F2E78 E84EE2F7 4
2 2 0 32 0DB8D8CF E842703E 4
2 2 0 33 0DA6C5BD E83D463E 4
2 2 0 34 0D949ECF E83867A3 4
2 2 0 35 0D82A7C7 E8339B43 4
2 2 0 36 0D709A1E E82EFA4E 4
2 2 0 37 0D5E7D22 E82AC435 4
2 2 0 38 0D4CBDAA E826C03D 4
2 2 0 39 0D3ABC0C E822C75B 4
2 2 0 40 0D28A887 E81F1929 4
2 2 0 41 0D16C770 E81B7D02 4
2 2 0 42 0D04D117 E8180B9C 4
2 2 0 43 0CF319F2 E814F841 4
2 2 0 44 0CE14638 E811E327 4
2 2 0 45 0CCF8E1F E80F3826 4
2 2 0 46 0CBDBEAB E80CAAE3 4
2 2 0 47 0CAC0244 E80A480C 4
2 2 0 48 0C9A53EC E807F6B3 4
2 2 0 49 0C88BD85 E805EF44 4
2 2 0 50 0C76F18E E80430CC 4
2 2 0 51 0C6578C8 E802452F 4
2 2 0 52 0C53FBB5 E800E1E8 4
2 2 0 53 0C428662 E7FF5CF7 4
2 2 0 54 0C30E269 E7FE3FF1 4
2 2 0 55 0C1F71C3 E7FD2117 4
2 2 0 56 0C0E1EC0 E7FC5E8D 4
2 2 0 57 0BFCD976 E7FB99A7 4
2 2 0 58 0BEB81E8 E7FAFD6E 4
2 2 0 59 0BDA43A6 E7FA9DA8 4
2 2 0 60 0BC91381 E7FA3B51 4
2 2 0 61 0BB80247 E7FA40AB 4
2 2 0 62 0BA6DA8A E7FA42B1 4
2 2 0 63 0B95C779 E7FA6154 4
2 2 0 64 0B84D3F9 E7FAE720 4
2 2 0 65 0B73DE52 E7FB0007 4
2 2 0 66 0B62F531 E7FBE908 4
2 2 0 67 0B520A42 E7FC651A 4
2 2 0 68 0B413F5B E7FD47B9 4
2 2 0 69 0B30601A E7FE2661 4
2 2 0 70 0B1FC14D E7FF4104 4
2 2 0 71 0B0F1201 E8008262 4
2 2 0 72 0AFE793F E801DF7D 4
2 2 0 73 0AEDF750 E8035844 4
2 2 0 74 0ADD6544 E804F74A 4
2 2 0 75 0ACD0A6E E8068800 4
2 2 0 76 0ABC7841 E8084947 4
2 2 0 77 0AAC24FE E80A1B4D 4
2 2 0 78 0A9BEB7D E80C32FE 4
2 2 0 79 0A8BA063 E80E45C2 4
2 2 0 80 0A7B8744 E8105574 4
2 2 0 81 0A6B44CD E812A86D 4
2 2 0 82 0A5B3427 E814F829 4
2 2 0 83 0A4B1AE5 E817619E 4
2 2 0 84 0A3B1349 E819F0D2 4
2 2 0 85 0A2B446D E81C719E 4
2 2 0 86 0A1B463F E81F3FBD 4
2 2 0 87 0A0B8132 E821FF5A 4
2 2 0 88 09FBA474 E824C440 4
2 2 0 89 09EBE108 E827A34F 4
2 2 0 90 09DC56EF E82A9DAD 4
2 2 0 91 09CC9DFE E82DBA7A 4
2 2 0 92 09BCF61A E830D25B 4
2 2 0 93 09AD8775 E834054F 4
2 2 0 94 099DF874 E836F4AC 4
2 2 0 95 098E8B8E E83A45D4 4
2 2 0 96 097F2F88 E83D91E4 4
2 2 0 97 096FCDCA E8411F49 4
2 2 0 98 09609D1C E8447F97 4
2 2 0 99 095153E6 E847E3E2 4
2 2 0 100 0942053F E84B88FA 4
2 2 0 101 0932DDE1 E84EE29A 4
2 2 0 102 0923A763 E8525E5B 4
2 2 0 103 0914B30E E8561311 4
2 2 0 104 09057E51 E859AB1F 4
2 2 0 105 08F68BBF E85D7BE4 4
2 2 0 106 08E79FD1 E86128A9 4
2 2 0 107 08D8C496 E864CFCE 4
2 2 0 108 08C9B32E E8687833 4
2 2 0 109 08BAF96F E86C1401 4
2 2 0 110 08AC41B5 E87035C4 4
2 2 0 111 089D7EA7 E873CE91 4
2 2 0 112 088EB6EB E877A647 4
2 2 0 113 08801086 E87B5BD6 4
2 2 0 114 08715EED E87F099A 4
2 2 0 115 0862C41B E882F7B9 4
2 2 0 116 08541372 E886BFC2 4
2 2 0 117 08459964 E88AA1B6 4
2 2 0 118 0836F8F6 E88E67BF 4
2 2 0 119 082873F5 E892458C 4
2 2 0 120 081A24F0 E8963D28 4
2 2 0 121 080BA8E5 E899D2F5 4
2 2 0 122 07FD285D E89DA627 4
2 2 0 123 07EEDD62 E8A1930F 4
2 2 0 124 07E064E7 E8A51E45 4
2 2 0 125 07D20D6F E8A9066B 4
2 2 0 126 07C3D981 E8ACA539 4
2 2 0 127 07B57502 E8B08861 4
2 2 0 128 07A733B0 E8B42258 4
2 2 0 129 0798E19F E8B7DB27 4
2 2 0 130 078AB75E E8BB9016 4
2 2 0 131 077C771A E8BF1EB2 4
2 2 0 132 076E5E20 E8C2A994 4
2 2 0 133 07600F1F E8C632FA 4
2 2 0 134 0751E6E2 E8C9B8A5 4
2 2 0 135 0743AD33 E8CD5C96 4
2 2 0 136 07359514 E8D0B845 4
2 2 0 137 07275E41 E8D414F2 4
2 2 0 138 071939FE E8D7AFAA 4
2 2 0 139 070B1F7B E8DAFF9C 4
2 2 0 140 06FD0A08 E8DE705C 4
2 2 0 141 06EED0DE E8E19DAB 4
2 2 0 142 06E0BC14 E8E4C7A9 4
2 2 0 143 06D294CC E8E80F69 4
2 2 0 144 06C47B06 E8EB50C7 4
2 2 0 145 06B66EC2 E8EE8BC2 4
2 2 0 146 06A87802 E8F1A6B1 4
2 2 0 147 069A3C99 E8F4A252 4
2 2 0 148 068C31CA E8F7B7AD 4
2 2 0 149 067E05AB E8FACD9C 4
2 2 0 150 066FD47B E8FD7D11 4
2 2 0 151 0661C86E E9006D3A 4
2 2 0 152 0653A532 E903373C 4
2 2 0 153 06456E44 E9061E5F 4
2 2 0 154 06374678 E908A30A 4
2 2 0 155 06292DC7 E90B64E1 4
2 2 0 156 061B20E8 E90E209D 4
2 2 0 157 060CE22A E910C08F 4
2 2 0 158 05FEAEE5 E9135A71 4
2 2 0 159 05F07814 E915D204 4
2 2 0 160 05E23D74 E9182769 4
2 2 0 161 05D410B9 E91AB9B2 4
2 2 0 162 05C5BD02 E91D09DE 4
2 2 0 163 05B77828 E91F3BFE 4
2 2 0 164 05A93DCA E9216866 4
2 2 0 165 059ADE5F E92395A4 4
2 2 0 166 058C8943 E925BD23 4
2 2 0 167 057E2EC2 E927C304 4
2 2 0 168 056FF0F5 E929C76A 4
2 2 0 169 05616AD4 E92BACC7 4
2 2 0 170 055310BF E92DAC93 4
2 2 0 171 0544B04C E92F8B1F 4
2 2 0 172 0536293A E9316AB3 4
2 2 0 173 0527BD5E E9334937 4
2 2 0 174 0519388C E9350259 4
2 2 0 175 050ABE1B E9369F22 4
2 2 0 176 04FC1AF1 E938541A 4
2 2 0 177 04ED70FE E939D18A 4
2 2 0 178 04DECF70 E93B49E5 4
2 2 0 179 04D03648 E93CBD2C 4
2 2 0 180 04C19674 E93E51E0 4
2 2 0 181 04B2BB49 E93F8B25 4
2 2 0 182 04A41AA1 E940FAAE 4
2 2 0 183 04953FD4 E94250B0 4
2 2 0 184 04868CAA E943804C 4
2 2 0 185 04779EB0 E94496B5 4
2 2 0 186 0468B97C E945E9F2 4
2 2 0 187 0459DA13 E946F708 4
2 2 0 188 044AE068 E9480B3D 4
2 2 0 189 043BEDA1 E9491AEF 4
2 2 0 190 042CF01C E94A0B6A 4
2 2 0 191 041DC799 E94AFE1B 4
2 2 0 192 040EC5A7 E94BCB32 4
2 2 0 193 03FFA7B0 E94CA019 4
2 2 0 194 03F04EBD E94D71FD 4
2 2 0 195 03E13D22 E94E3E89 4
2 2 0 196 03D1ED70 E94EF342 4
2 2 0 197 03C2C49F E94FC3F9 4
2 2 0 198 03B36E47 E950566A 4
2 2 0 199 03A40C37 E9510BBA 4
2 2 0 200 03948EA9 E9519D30 4
2 2 0 201 038524FF E95230B5 4
2 2 0 202 0375AE02 E952A674 4
2 2 0 203 03662A4F E9533F71 4
2 2 0 204 03568AB2 E953B4DB 4
2 2 0 205 0346EB25 E95412F9 4
2 2 0 206 0337631A E954878E 4
2 2 0 207 0327ACCE E954FFA9 4
2 2 0 208 03180803 E95539FA 4
2 2 0 209 0308147D E95598CA 4
2 2 0 210 02F865E3 E955F3BC 4
2 2 0 211 02E894DF E956187E 4
2 2 0 212 02D8BB27 E9567460 4
2 2 0 213 02C8D206 E956B3C4 4
2 2 0 214 02B8B940 E956F766 4
2 2 0 215 02A8E4C2 E9573798 4
2 2 0 216 0298AC0C E9574303 4
2 2 0 217 0288AB0B E95784EB 4
2 2 0 218 027899BA E957AAF2 4
2 2 0 219 0268645F E957DCB2 4
2 2 0 220 025825A7 E95804F3 4
2 2 0 221 0247F67D E95831B7 4
2 2 0 222 023795D1 E958232D 4
2 2 0 223 022778CF E958524C 4
2 2 0 224 021709FE E95866B5 4
2 2 0 225 02069DEB E95878DE 4
2 2 0 226 01F654E7 E958A8C7 4
2 2 0 227 01E5C580 E958C5AB 4
2 2 0 228 01D55880 E958C03F 4
2 2 0 229 01C4CDE9 E958D917 4
2 2 0 230 01B430F4 E958D790 4
2 2 0 231 01A381A5 E958FC16 4
2 2 0 232 01930956 E95916CC 4
2 2 0 233 01824943 E9591F83 4
2 2 0 234 0171A030 E9593EA3 4
2 2 0 235 0161043C E95963F0 4
2 2 0 236 015014CC E9596FC7 4
2 2 0 237 013F474D E9599A0B 4
2 2 0 238 012E6634 E959AAEB 4
2 2 0 239 011D86B7 E959BA5A 4
2 2 0 240 010CC8F7 E959E858 4
2 2 0 241 00FBB71C E959FD64 4
2 2 0 242 00EAC6D3 E95A311B 4
2 2 0 243 00D9C243 E95A4C00 4
2 2 0 244 00C8DF17 E95A85B3 4
2 2 0 245 00B7BD1F E95ABE49 4
2 2 0 246 00A6A696 E95AFE5D 4
2 2 0 247 00959130 E95B3D5D 4
2 2 0 248 00847CEF E95B7B4A 4
2 2 0 249 007333AA E95BC118 4
2 2 0 250 006241AA E95C1CEB 4
2 2 0 251 00510433 E95C69CB 4
2 2 0 252 003FDDF2 E95CCCBC 4
2 2 0 253 002E98AC E95D4EBF 4
2 2 0 254 001D7463 E95DAFC4 4
2 2 0 255 000C5118 E95E4FD7 4
2 2 0 256 FFFC8221 E95EAAD1 4
2 2 0 257 FFEB55E1 E95E146B 4
2 2 0 258 FFDA3210 E95D73B1 4
2 2 0 259 FFC90D3D E95D1207 4
2 2 0 260 FFB7B11B E95CA649 4
2 2 0 261 FFA68A63 E95C42C4 4
2 2 0 262 FF9582AE E95BFE57 4
2 2 0 263 FF8439F0 E95BB8E9 4
2 2 0 264 FF73464D E95B5B66 4
2 2 0 265 FF621179 E95AFCBD 4
2 2 0 266 FF50FB81 E95ABD0F 4
2 2 0 267 FF3FE44D E95ABC64 4
2 2 0 268 FF2EE1CD E95A631B 4
2 2 0 269 FF1DDDEA E95A48B6 4
2 2 0 270 FF0CEE57 E95A1587 4
2 2 0 271 FEFBDD33 E95A0103 4
2 2 0 272 FEEB0ABA E959EB4F 4
2 2 0 273 FEDA0C0F E959BC5B 4
2 2 0 274 FEC94BF0 E9598C1A 4
2 2 0 275 FEB85F25 E959827B 4
2 2 0 276 FEA7B0C0 E9597779 4
2 2 0 277 FE96F5B3 E95932AC 4
2 2 0 278 FE86388B E9592C60 4
2 2 0 279 FE757974 E9592467 4
2 2 0 280 FE64CD52 E9590281 4
2 2 0 281 FE5453EA E958E6BE 4
2 2 0 282 FE43B805 E958E912 4
2 2 0 283 FE333A25 E958C97F 4
2 2 0 284 FE22AE56 E958AF85 4
2 2 0 285 FE122020 E9589382 4
2 2 0 286 FE01A39D E9589D2A 4
2 2 0 287 FDF15936 E9586C01 4
2 2 0 288 FDE0EBBE E9585898 4
2 2 0 289 FDD09BE8 E95822F0 4
2 2 0 290 FDC03CB3 E958328C 4
2 2 0 291 FDB00F09 E95806E1 4
2 2 0 292 FD9FDE51 E957D8C1 4
2 2 0 293 FD8F9E00 E957AF1B 4
2 2 0 294 FD7F7A72 E957A359 4
2 2 0 295 FD6F6764 E9577BDE 4
2 2 0 296 FD5F649C E957387B 4
2 2 0 297 FD4F5E48 E956F24F 4
2 2 0 298 FD3F675A E956D08E 4
2 2 0 299 FD2F6CAC E956ABF0 4
2 2 0 300 FD1F94F4 E9565181 4
2 2 0 301 FD0FA5E5 E9560D83 4
2 2 0 302 FCFFF954 E955B401 4
2 2 0 303 FCEFF4BB E955704D 4
2 2 0 304 FCE085DD E954FDC8 4
2 2 0 305 FCD0BEC2 E954A0F3 4
2 2 0 306 FCC0F338 E95440D6 4
2 2 0 307 FCB1480F E953EA76 4
2 2 0 308 FCA1CBA7 E95356AD 4
2 2 0 309 FC92497A E953002F 4
2 2 0 310 FC82D5CC E9524B3A 4
2 2 0 311 FC735C21 E951D381 4
2 2 0 312 FC63EFBD E9513DFB 4
2 2 0 313 FC546F67 E950AA7C 4
2 2 0 314 FC453CD2 E94FF9E0 4
2 2 0 315 FC35E393 E94F655F 4
2 2 0 316 FC2696BD E94EB291 4
2 2 0 317 FC175611 E94DE14D 4
2 2 0 318 FC082F65 E94D2D15 4
2 2 0 319 FBF90668 E94C1E7B 4
2 2 0 320 FBE9D5DA E94B4CC8 4
2 2 0 321 FBDAD093 E94A7D6D 4
2 2 0 322 FBCBB654 E9496DB8 4
2 2 0 323 FBBCB55B E9487AE5 4
2 2 0 324 FBADBF15 E94768D3 4
2 2 0 325 FB9EF345 E94658CD 4
2 2 0 326 FB8FF02E E94527D0 4
2 2 0 327 FB8105C8 E94413A1 4
2 2 0 328 FB7246C1 E942BFC2 4
2 2 0 329 FB638FBD E9418DA7 4
2 2 0 330 FB54A05B E94039F9 4
2 2 0 331 FB45EACB E93EE30D 4
2 2 0 332 FB374D32 E93D9282 4
2 2 0 333 FB28A92D E93BFB2E 4
2 2 0 334 FB19FB2B E93AA0A3 4
2 2 0 335 FB0B65F5 E9390A4C 4
2 2 0 336 FAFCD89C E9375352 4
2 2 0 337 FAEE4086 E935D912 4
2 2 0 338 FADFB1EB E933FC06 4
2 2 0 339 FAD1287A E9324018 4
2 2 0 340 FAC2B5DC E930A0F3 4
2 2 0 341 FAB43A15 E92EA2E6 4
2 2 0 342 FAA5D4C9 E92CC18A 4
2 2 0 343 FA9775CF E92ABEE9 4
2 2 0 344 FA890AC4 E928F918 4
2 2 0 345 FA7AB7B2 E926B396 4
2 2 0 346 FA6C581A E924AACF 4
2 2 0 347 FA5E0D5A E9226464 4
2 2 0 348 FA4FC8B6 E92056CD 4
2 2 0 349 FA418914 E91E277D 4
2 2 0 350 FA335D70 E91BBA2F 4
2 2 0 351 FA25042A E91966F9 4
2 2 0 352 FA16D1DE E916D1A0 4
2 2 0 353 FA08A09F E9145CEC 4
2 2 0 354 F9FA552F E911FE93 4
2 2 0 355 F9EC4B08 E90F684D 4
2 2 0 356 F9DE153B E90CA8E2 4
2 2 0 357 F9CFDF3B E90A0A0B 4
2 2 0 358 F9C1B1FC E9076199 4
2 2 0 359 F9B392AE E904BD5A 4
2 2 0 360 F9A5759D E901F673 4
2 2 0 361 F9976FB2 E8FF0965 4
2 2 0 362 F98932F2 E8FC1CD3 4
2 2 0 363 F97AFEE4 E8F926A8 4
2 2 0 364 F96CFA61 E8F6145F 4
2 2 0 365 F95EE90A E8F2FBD1 4
2 2 0 366 F950D4E5 E8F003F1 4
2 2 0 367 F9429399 E8ECE1F9 4
2 2 0 368 F93472CE E8E9C0A9 4
2 2 0 369 F9267241 E8E6A01A 4
2 2 0 370 F9184432 E8E35534 4
2 2 0 371 F90A436A E8DFEDFB 4
2 2 0 372 F8FC2777 E8DC9D75 4
2 2 0 373 F8EDE6B7 E8D9497A 4
2 2 0 374 F8DFE97A E8D5D652 4
2 2 0 375 F8D1B9B8 E8D27CD7 4
2 2 0 376 F8C388B5 E8CEFFC5 4
2 2 0 377 F8B5562D E8CB5EFE 4
2 2 0 378 F8A73517 E8C7DC72 4
2 2 0 379 F8990573 E8C45393 4
2 2 0 380 F88ADB8B E8C0CE6A 4
2 2 0 381 F87C9B07 E8BD1B6E 4
2 2 0 382 F86E5325 E8B98995 4
2 2 0 383 F85FFC2E E8B5F16A 4
2 2 0 384 F851F3CB E8B21CFC 4
2 2 0 385 F8438AB7 E8AE5A92 4
2 2 0 386 F8350D01 E8AAD720 4
2 2 0 387 F826DD39 E8A71789 4
2 2 0 388 F8187DD2 E8A32C30 4
2 2 0 389 F80A2ECD E89F6016 4
2 2 0 390 F7FBAA73 E89BADC4 4
2 2 0 391 F7ED41E5 E897FD32 4
2 2 0 392 F7DEEF3F E8942683 4
2 2 0 393 F7D066D5 E89069B5 4
2 2 0 394 F7C1D9C1 E88C88DB 4
2 2 0 395 F7B367BE E888A9FB 4
2 2 0 396 F7A4BF2A E884E505 4
2 2 0 397 F796215A E8811804 4
2 2 0 398 F7877E52 E87D26ED 4
2 2 0 399 F778C479 E879763C 4
2 2 0 400 F76A20AE E8759FA3 4
2 2 0 401 F75B508E E871C4F4 4
2 2 0 402 F74C8FBB E86E0B0A 4
2 2 0 403 F73DBE35 E86A4B54 4
2 2 0 404 F72ED199 E866A415 4
2 2 0 405 F7200911 E862E182 4
2 2 0 406 F7110572 E85F107C 4
2 2 0 407 F70209F1 E85BA807 4
2 2 0 408 F6F30EDA E857D475 4
2 2 0 409 F6E3F198 E85460FC 4
2 2 0 410 F6D4F4BC E850A99D 4
2 2 0 411 F6C5B5B9 E84D2B36 4
2 2 0 412 F6B66F7A E84988DA 4
2 2 0 413 F6A72E9F E846273D 4
2 2 0 414 F6980657 E842C995 4
2 2 0 415 F688A3A4 E83F5D7B 4
2 2 0 416 F6795955 E83BF576 4
2 2 0 417 F669EB9D E838C599 4
2 2 0 418 F65A4E23 E8359202 4
2 2 0 419 F64AE7DA E8326191 4
2 2 0 420 F63B485C E82F4C34 4
2 2 0 421 F62BC03C E82C11EB 4
2 2 0 422 F61BF608 E8291181 4
2 2 0 423 F60C3AF7 E82634D2 4
2 2 0 424 F5FC6F0A E8235370 4
2 2 0 425 F5ECB240 E8209622 4
2 2 0 426 F5DCBC48 E81DCA5B 4
2 2 0 427 F5CCD5A4 E81B22E0 4
2 2 0 428 F5BCF632 E818BEE6 4
2 2 0 429 F5ACE645 E8162D92 4
2 2 0 430 F59CEDCD E813A203 4
2 2 0 431 F58CABB1 E8117035 4
2 2 0 432 F57CA27B E80F4391 4
2 2 0 433 F56C5F89 E80D32E5 4
2 2 0 434 F55C0C20 E80B1E31 4
2 2 0 435 F54BC2F1 E80923B1 4
2 2 0 436 F53B6025 E8076EF2 4
2 2 0 437 F52AED46 E805B66E 4
2 2 0 438 F51A6325 E8041953 4
2 2 0 439 F509E922 E802A26E 4
2 2 0 440 F4F9583E E8014732 4
2 2 0 441 F4E8BE8E E7FFC930 4
2 2 0 442 F4D80762 E7FE8628 4
2 2 0 443 F4C72FC2 E7FDA932 4
2 2 0 444 F4B66C64 E7FCC843 4
2 2 0 445 F4A5B9E7 E7FC0E80 4
2 2 0 446 F494A766 E7FB6683 4
2 2 0 447 F483D060 E7FAC5E4 4
2 2 0 448 F472D990 E7FA8C41 4
2 2 0 449 F461ADBE E7FA4474 4
2 2 0 450 F450B7FC E7FA23E6 4
2 2 0 451 F43F8904 E7FA2090 4
2 2 0 452 F42E65B6 E7FA64D6 4
2 2 0 453 F41D2E5C E7FAC5FE 4
2 2 0 454 F40BE342 E7FB4414 4
2 2 0 455 F3FA84B1 E7FBDF27 4
2 2 0 456 F3E932F3 E7FCC279 4
2 2 0 457 F3D7D3AD E7FDA378 4
2 2 0 458 F3C6819C E7FECD0E 4
2 2 0 459 F3B4F7E5 E800083C 4
2 2 0 460 F3A38139 E8016CAB 4
2 2 0 461 F391CD18 E8030E9E 4
2 2 0 462 F3804DF2 E804F95E 4
2 2 0 463 F36EC26D E806E23E 4
2 2 0 464 F35CFA22 E80908E7 4
2 2 0 465 F34B482D E80B4D0F 4
2 2 0 466 F3397E94 E80DDB45 4
2 2 0 467 F327D098 E8106784 4
2 2 0 468 F316027B E8137D82 4
2 2 0 469 F30404DB E81685BC 4
2 2 0 470 F2F24415 E819B838 4
2 2 0 471 F2E06C5A E81D3567 4
2 2 0 472 F2CE61E7 E820C49E 4
2 2 0 473 F2BC691D E8249E78 4
2 2 0 474 F2AAAE8E E828A325 4
2 2 0 475 F29892D0 E82CF9C3 4
2 2 0 476 F28690FF E8315BCD 4
2 2 0 477 F2747E9C E835FC67 4
2 2 0 478 F2627F8A E83AE846 4
2 2 0 479 F2505415 E83FC68C 4
2 2 0 480 F2575AD6 E84784C7 4
2 2 0 481 F2AB21B2 E856A82C 4
2 2 0 482 F3016A9A E8655B87 4
2 2 0 483 F359F41D E873E6AF 4
2 2 0 484 F3B4CCC8 E882869F 4
2 2 0 485 F411FA9A E8906029 4
2 2 0 486 F471420F E89E3F80 4
2 2 0 487 F4D28F34 E8AB9396 4
2 2 0 488 F535E9B6 E8B8DFA8 4
2 2 0 489 F59B718D E8C5BCFE 4
2 2 0 490 F6029F4D E8D1FA86 4
2 2 0 491 F66BAF04 E8DDD861 4
2 2 0 492 F6D669C1 E8E99256 4
2 2 0 493 F742F6FF E8F48A82 4
2 2 0 494 F7B119AC E8FF3E59 4
2 2 0 495 F8207FF5 E9094275 4
2 2 0 496 F891881B E912E6A6 4
2 2 0 497 F903D719 E91C2AF5 4
2 2 0 498 F9778528 E924AF83 4
2 2 0 499 F9EC1915 E92CC826 4
2 2 0 500 FA621C4E E9344ACB 4
2 2 0 501 FAD9105E E93B2D91 4
2 2 0 502 FB50B757 E941ABF4 4
2 2 0 503 FBC96F1B E9474D71 4
2 2 0 504 FC42DB0E E94C844C 4
2 2 0 505 FCBD0004 E951078D 4
2 2 0 506 FD3798CB E954F964 4
2 2 0 507 FDB2E078 E9584A10 4
2 2 0 508 FE2E61B6 E95B10E9 4
2 2 0 509 FEAA43B1 E95D1972 4
2 2 0 510 FF2675EA E95E8DC1 4
2 2 0 511 FFA2B9DC E95F855D 4
2 3 0 0 FB521973 008ABBF4 4
2 3 0 1 004073B7 FBBD648C 4
2 3 0 2 EF2ADD1F FB53820F 4
2 3 0 3 07F3331C 03B711C9 4
2 3 0 4 0AC855B9 0F54E454 4
2 3 0 5 F3FEAB4D 05F0DC6A 4
2 3 0 6 F9F8B093 03BC1073 4
2 3 0 7 0919223F F7FE5382 4
2 3 0 8 F84E2D13 FCC7EEF1 4
2 3 0 9 F36C34D2 FC7614AF 4
2 3 0 10 0A8EA2D2 00896F2E 4
2 3 0 11 074436C4 072B50CB 4
2 3 0 12 F70C509E 0725A051 4
2 3 0 13 00DBD317 FEB3BA25 4
2 3 0 14 092C00B6 009191F8 4
2 3 0 15 F382D8F7 F9CF49D1 4
2 3 0 16 F9159A3A 11052DB7 4
2 3 0 17 07EA4678 0A1C6A43 4
2 3 0 18 03DE9AED FBD7A20A 4
2 3 0 19 F98DD030 054A6A14 4
2 3 0 20 FCBD4244 F6DFDF39 4
2 3 0 21 FB2D4836 FFB46E8E 4
2 3 0 22 F18308F2 038653BF 4
2 3 0 23 FFEFB95E F131D33F 4
2 3 0 24 F702088F 0D2FAB94 4
2 3 0 25 FB9F81D2 0BCFFC13 4
2 3 0 26 02F4592E F7996EE6 4
2 3 0 27 F2CA74A1 F7E4C925 4
2 3 0 28 01F8B9D0 FB6E9D91 4
2 3 0 29 FC541732 04BA7D3B 4
2 3 0 30 030FF4C9 0CFAD44A 4
2 3 0 31 0ED81F8E F973EF53 4
2 3 0 32 FB906894 0446E9DC 4
2 3 0 33 0AC841CE 03D08CEF 4
2 3 0 34 0D32093C FADD9BA5 4
2 3 0 35 05AF551C 10F073BF 4
2 3 0 36 F949F8A0 0ECE6E71 4
2 3 0 37 03B8D30E 05F1299C 4
2 3 0 38 F553CFB7 F6CE7B90 4
2 3 0 39 F4E8DCB8 05743067 4
2 3 0 40 0BAA749F 00677F25 4
2 3 0 41 0408A51E 02108972 4
2 3 0 42 FB25DAAE F8C28736 4
2 3 0 43 FFADC320 FF0051C1 4
2 3 0 44 00859234 F5090F2E 4
2 3 0 45 FED120A5 F6A5DA4E 4
2 3 0 46 FD4B91BE F7697917 4
2 3 0 47 EABB96F3 0AED68BA 4
2 3 0 48 02544D69 06BABD7B 4
2 3 0 49 EFFBFBE8 077B4FFA 4
2 3 0 50 028EE780 F521450A 4
2 3 0 51 0DF66222 FF16D162 4
2 3 0 52 0809569F 10454204 4
2 3 0 53 FA7C7A7B 03A9B87C 4
2 3 0 54 07710E2D 042704F1 4
2 3 0 55 07A2F9DE 0123AE04 4
2 3 0 56 F93D0AE4 F58F633E 4
2 3 0 57 F37044ED 0017A52B 4
2 3 0 58 0322998E 03BDAC3A 4
2 3 0 59 F7617B3B F3EC94A9 4
2 3 0 60 053DD283 0C5EC025 4
2 3 0 61 0D6EFB30 F3C31A5D 4
2 3 0 62 03998D9E F77916B7 4
2 3 0 63 F542B186 0F0E17C0 4
2 3 1 0 03321436 019998D5 4
2 3 1 1 082AAF73 07FA7F24 4
2 3 1 2 10CF62FD 01D88CC9 4
2 3 1 3 112AF047 0B97696A 4
2 3 1 4 13117AA9 02223199 4
2 3 1 5 F7AFB2BD 079AABF1 4
2 3 1 6 016667AF 0ED40998 4
2 3 1 7 07627584 021E2373 4
2 3 1 8 F327EE8F F4AD12E5 4
2 3 1 9 027085A6 0B798822 4
2 3 1 10 0C9AEC55 F23BEBBD 4
2 3 1 11 FE296178 EE620B88 4
2 3 1 12 F4416B84 0FA2BEFA 4
2 3 1 13 F587D690 0330B96E 4
2 3 1 14 01BC77E2 F39A8792 4
2 3 1 15 EEE366B3 FB4D35EA 4
2 3 1 16 03B55A13 F4E9C766 4
2 3 1 17 017A0AC6 F48C8845 4
2 3 1 18 0216FB9E 0430FFE2 4
2 3 1 19 04E84616 FCE68A09 4
2 3 1 20 0662E691 F45C3C69 4
2 3 1 21 FBFFD708 0FB53396 4
2 3 1 22 FC4C81A1 F8D43C24 4
2 3 1 23 FAF41515 F44B364A 4
2 3 1 24 FA6D8C36 F820D63E 4
2 3 1 25 FA53DEAD 0C105788 4
2 3 1 26 00525D10 11F6982A 4
2 3 1 27 110DBE61 0609EA77 4
2 3 1 28 F2AB6E89 03B2B890 4
2 3 1 29 F59A386A FEC878F2 4
2 3 1 30 F1955F8C FD26A152 4
2 3 1 31 00F677C2 F92E0649 4
2 3 1 32 03FFFEA5 F767C46C 4
2 3 1 33 0F193BD9 011C5E73 4
2 3 1 34 F4515F6D FE7E9028 4
2 3 1 35 0A1C94AE 09770BDB 4
2 3 1 36 016DE73D FFFA50A1 4
2 3 1 37 036B43CD 02A4C298 4
2 3 1 38 F74577A8 09D816C7 4
2 3 1 39 FCAD772F EE54AE6A 4
2 3 1 40 F0C1E4E0 04760F82 4
2 3 1 41 0E8435E2 FC0E0A36 4
2 3 1 42 0648B70E 06E5A18C 4
2 3 1 43 0A09F49B 0BC87AFE 4
2 3 1 44 F4AF463A F4F1D3A2 4
2 3 1 45 FFEBB24C 0959D6AF 4
2 3 1 46 F9BDCAC9 F408840B 4
2 3 1 47 FFC60406 FA967946 4
2 3 1 48 0C9FE0D6 00BD4960 4
2 3 1 49 010BBA6C 013F3B4A 4
2 3 1 50 FB4A7A73 FAB44C3F 4
2 3 1 51 F934428C F8A938E1 4
2 3 1 52 F322DB79 0A0D536A 4
2 3 1 53 F2BEAD54 03A68C52 4
2 3 1 54 FC821D22 00ED97AE 4
2 3 1 55 0B444468 F7CF1647 4
2 3 1 56 0022576C 02A1137B 4
2 3 1 57 FAC21B6E FBFBBCEC 4
2 3 1 58 148285B2 FA5F29D8 4
2 3 1 59 FDA74DE6 F45A736D 4
2 3 1 60 F78E46D4 045769DE 4
2 3 1 61 F06BB724 06785B0E 4
2 3 1 62 02A89DD1 F79F2055 4
2 3 1 63 02EA07EE FED8A4ED 4
2 3 2 0 FFD1F63A FAE06D31 4
2 3 2 1 0C18FE93 022C9D4D 4
2 3 2 2 0EE07C46 FAC0D608 4
2 3 2 3 02096BB2 FE7E0655 4
2 3 2 4 12560C3A 048398F9 4
2 3 2 5 048FAB5C FC1A43C4 4
2 3 2 6 0CA42C52 022DDE5F 4
2 3 2 7 068DBB2A FD32000F 4
2 3 2 8 F40BD450 FE19FD55 4
2 3 2 9 FA5890C6 08412E85 4
2 3 2 10 FB1ADD40 08016AB9 4
2 3 2 11 0BD0BF8D FF7AE641 4
2 3 2 12 0B9DC2EA EF083B89 4
2 3 2 13 F0276B78 00692C63 4
2 3 2 14 FE8335D9 082D9AA8 4
2 3 2 15 0612DE1B FF61A63F 4
2 3 2 16 FCEC7F22 0054F684 4
2 3 2 17 FD06ACDC FEF9E8BA 4
2 3 2 18 07779B57 026485E4 4
2 3 2 19 F076E985 F678C3B7 4
2 3 2 20 06F803AA 08FF54ED 4
2 3 2 21 FF052501 0DD40451 4
2 3 2 22 FE0FDCBA 0F12CECE 4
2 3 2 23 FFED0F40 110344FF 4
2 3 2 24 FBE76873 FB5251D2 4
2 3 2 25 053AF9E4 ED994140 4
2 3 2 26 064E2DA0 FD0E0D7A 4
2 3 2 27 0321831F EBE225E3 4
2 3 2 28 F708C271 FCD5779C 4
2 3 2 29 12A5C69B 019A088F 4
2 3 2 30 03B8B9DB 02CEC028 4
2 3 2 31 050ADF05 07C8C5D9 4
2 3 2 32 07E16A90 F3E40902 4
2 3 2 33 F7FFBC77 047F74AC 4
2 3 2 34 FF4DA19C 0B3044B9 4
2 3 2 35 F134F87F FC0AD7ED 4
2 3 2 36 0F27DFC5 007B95CE 4
2 3 2 37 FE69EBE1 F570BFC7 4
2 3 2 38 0A0F2AAA FA1D9A7B 4
2 3 2 39 02D9B3CF 11B769E2 4
2 3 2 40 FCA10EA5 EA863D73 4
2 3 2 41 1502F645 FB89049A 4
2 3 2 42 0019D070 F58A7C9D 4
2 3 2 43 F83EFE4B F2268202 4
2 3 2 44 0487E66D F5843A44 4
2 3 2 45 08DF1347 03E3CE3A 4
2 3 2 46 FB42B66A FA521752 4
2 3 2 47 FEB50BFA 0785E4ED 4
2 3 2 48 0ECAF854 F8EF06B7 4
2 3 2 49 09CCA93E 06067E68 4
2 3 2 50 F5F638E0 0BAA8300 4
2 3 2 51 F46718F5 02B0FF97 4
2 3 2 52 018B8C6C 09B657FD 4
2 3 2 53 FA336463 ECB8951F 4
2 3 2 54 0BD5B51C 0662F773 4
2 3 2 55 0B14613B 0E6702B8 4
2 3 2 56 ECA6F6D0 0161E707 4
2 3 2 57 F99ABEF1 095FE6A8 4
2 3 2 58 F78F28DC FAD4134E 4
2 3 2 59 F5AB7A7A F5560BED 4
2 3 2 60 ED9C5CEA F94E7BC1 4
2 3 2 61 09E01307 FFBAB925 4
2 3 2 62 FEAF6370 0869E555 4
2 3 2 63 07B4EF8D 08A66DF9 4
2 3 3 0 FCB978B3 0EB2546B 4
2 3 3 1 FC2246A1 040B19DC 4
2 3 3 2 ED5EEDF9 04B96F8E 4
2 3 3 3 00F5C5BE F4B6FD32 4
2 3 3 4 F4CF22A9 FFE58708 4
2 3 3 5 06E5284B F1E32CA8 4
2 3 3 6 F32B0F4F 04114F47 4
2 3 3 7 F9638068 06D3EBAC 4
2 3 3 8 EF05D145 F6836999 4
2 3 3 9 FCC1520C F1F87C8A 4
2 3 3 10 092523E7 0BE213A0 4
2 3 3 11 ED9669C1 F5BEE512 4
2 3 3 12 FB296D8E 0C2AA9B7 4
2 3 3 13 0C86AABC F4E74905 4
2 3 3 14 F834BC37 10A9F918 4
2 3 3 15 FF76F605 061A8CA0 4
2 3 3 16 F3233243 02866C92 4
2 3 3 17 0A98D8B5 02E0B739 4
2 3 3 18 0B98175A 06979AC1 4
2 3 3 19 FA69E7F5 F7BB6FB2 4
2 3 3 20 08A5A63A F03CD03A 4
2 3 3 21 F038BB8A 040D8481 4
2 3 3 22 09A863FB F1400B34 4
2 3 3 23 032BDDD6 FE326856 4
2 3 3 24 F6BBA2A2 F4DF17EE 4
2 3 3 25 FAAE601A 0AAD14B9 4
2 3 3 26 06CBE7B1 0CA15E76 4
2 3 3 27 12DE0796 FF95807E 4
2 3 3 28 FDDD40E0 12E02463 4
2 3 3 29 147BB2FB 00B7F0D8 4
2 3 3 30 F633AFA8 F40343E7 4
2 3 3 31 FECEBC20 F58D2484 4
2 3 3 32 FAB9FC2B EF3E76E9 4
2 3 3 33 0D12302E F8EF3D46 4
2 3 3 34 FECBBFFC 078035D1 4
2 3 3 35 F9DFE95C 0432E86C 4
2 3 3 36 00A951DA 13C830A6 4
2 3 3 37 FE4EAE6E 02DF99B6 4
2 3 3 38 079A5927 0244DC57 4
2 3 3 39 028D89AE FA7282FC 4
2 3 3 40 03F7757F F433AEC8 4
2 3 3 41 08A4C42C 06BD92C2 4
2 3 3 42 0F01922D F796040B 4
2 3 3 43 03D8F2C0 F2F7728C 4
2 3 3 44 FC3C527B 084A73EA 4
2 3 3 45 FA26206A 0022B07A 4
2 3 3 46 F9F0B8C9 003B5384 4
2 3 3 47 03DB9844 04935095 4
2 3 3 48 F5ABB7E4 06887806 4
2 3 3 49 F714C101 0BBDCF51 4
2 3 3 50 05928CA5 FE6C1070 4
2 3 3 51 050077DD 0ADB9889 4
2 3 3 52 FD2BE5B9 0A47BC60 4
2 3 3 53 08DCB71D FCDD256E 4
2 3 3 54 1440E319 FBE2A15A 4
2 3 3 55 02176788 0864AE8D 4
2 3 3 56 FD250C87 03A16FAA 4
2 3 3 57 0939C9C6 EEEB3EBF 4
2 3 3 58 008A30A2 0879278D 4
2 3 3 59 0F547BB6 0D52823B 4
2 3 3 60 05CDB165 01FFB693 4
2 3 3 61 FD6B4696 0784F968 4
2 3 3 62 00500910 EC8E1C2C 4
2 3 3 63 FE9D1631 FE40E5B7 4
2 3 4 0 0248D8F4 EEAA500A 4
2 3 4 1 F106036B F88B4EB8 4
2 3 4 2 01461003 FF84D606 4
2 3 4 3 F4B99B6B 0018E9AA 4
2 3 4 4 0D308A0D FFACE0A9 4
2 3 4 5 0663A359 F15CE832 4
2 3 4 6 F7525CC0 0141EA2E 4
2 3 4 7 0A8B3730 F5075D7C 4
2 3 4 8 F8B1F916 FE3F0270 4
2 3 4 9 F8CAECEB FB61AF63 4
2 3 4 10 0840BBFA F25DA9B8 4
2 3 4 11 F1640BC3 FC3A72CB 4
2 3 4 12 0BD339E8 F5C469E9 4
2 3 4 13 029F347E 029023F3 4
2 3 4 14 FB6B41BD F9D9F988 4
2 3 4 15 07460E06 ED4B1897 4
2 3 4 16 08E23FB8 FA7FEF0D 4
2 3 4 17 04CD9B58 F168BA6F 4
2 3 4 18 FAE49C2E 04C31D0B 4
2 3 4 19 F8EE8B16 14EAD1C8 4
2 3 4 20 F8947770 041456EE 4
2 3 4 21 020790B9 F884E1CD 4
2 3 4 22 05DE2BC1 FC656942 4
2 3 4 23 05E18D07 FF23CF82 4
2 3 4 24 08880729 F6DD4F08 4
2 3 4 25 F22CBB1C F811D5CC 4
2 3 4 26 F521F920 F538D888 4
2 3 4 27 13811572 00C326D2 4
2 3 4 28 0341414B EB392332 4
2 3 4 29 FEBA0127 0B46E438 4
2 3 4 30 098C81B2 073B8156 4
2 3 4 31 FD5EF318 EDE5D1AD 4
2 3 4 32 FDA1335F 0BE9221B 4
2 3 4 33 0FDB5159 FA8496C6 4
2 3 4 34 F2BE0C83 051FAA1B 4
2 3 4 35 ED6710F6 02350807 4
2 3 4 36 0871C361 07AA18F8 4
2 3 4 37 0099B05C F5B840CB 4
2 3 4 38 02D9F4B4 0F0DB592 4
2 3 4 39 056A6701 00507A8B 4
2 3 4 40 F47FC699 03C6E9C7 4
2 3 4 41 F9E16101 EE41B300 4
2 3 4 42 EA1936DC 05BC4DF0 4
2 3 4 43 058B5CAC F6250034 4
2 3 4 44 0974BCB9 05673DB7 4
2 3 4 45 060A8B27 FA3B8B23 4
2 3 4 46 0B1AB42B 02DB81F4 4
2 3 4 47 F3FB94E7 FBC445D2 4
2 3 4 48 01E3D6DE FE89EFCD 4
2 3 4 49 F49A257C FC65D27A 4
2 3 4 50 05CD15A3 F794076E 4
2 3 4 51 F137EFA1 0A6B4D9B 4
2 3 4 52 0B27AB92 02A87A81 4
2 3 4 53 0B6C5C9F 05812A0B 4
2 3 4 54 F39C7784 F507EA17 4
2 3 4 55 0AD5B959 0B61423C 4
2 3 4 56 FAB46D73 09719C34 4
2 3 4 57 EBCF796E 02186095 4
2 3 4 58 F7F3ED5C FBADD802 4
2 3 4 59 FAE64C83 00667397 4
2 3 4 60 FF92050A 128B4BB3 4
2 3 4 61 F8E99350 0F90DCAE 4
2 3 4 62 01C3BF14 EDE0C3B5 4
2 3 4 63 0E96BD31 F523EDA8 4
2 3 5 0 0584A1E4 01831E02 4
2 3 5 1 0812154A FABE62AB 4
2 3 5 2 F4C16E6C 0C5B8446 4
2 3 5 3 07F76161 0AD3862E 4
2 3 5 4 0D2A52B2 084B0AD8 4
2 3 5 5 08BEE12A F3858E7A 4
2 3 5 6 0909F1E9 0266CA9C 4
2 3 5 7 F5A53A55 FE3BCC21 4
2 3 5 8 06F4C1F7 11C13D7D 4
2 3 5 9 FCBAC601 FD08D247 4
2 3 5 10 FB146C57 07A99E3A 4
2 3 5 11 F99EF956 FB95BBD8 4
2 3 5 12 FEC477EB 061FDAE9 4
2 3 5 13 035DEA60 F226D122 4
2 3 5 14 03A81659 FA1C7490 4
2 3 5 15 FCCDDC06 0A5EE579 4
2 3 5 16 029FF4F7 0EE7E89A 4
2 3 5 17 FD4AC6DD EEBE1C51 4
2 3 5 18 092BC84C F1FEBBEA 4
2 3 5 19 02BB6CF6 FF268BCF 4
2 3 5 20 FC9EAE83 F2AE341F 4
2 3 5 21 01EA4835 043BE55B 4
2 3 5 22 FB24FD3D 0C26BF40 4
2 3 5 23 01BB2913 112793D1 4
2 3 5 24 F6A51413 01DE4989 4
2 3 5 25 10472761 04439F45 4
2 3 5 26 0A3E679C FE9950FE 4
2 3 5 27 FAB3FCD5 0E31CB90 4
2 3 5 28 06D6603D F826891A 4
2 3 5 29 05277D28 065196F7 4
2 3 5 30 1222CB88 FD0234D3 4
2 3 5 31 F9A37A00 053435FB 4
2 3 5 32 03DF643C 121C011D 4
2 3 5 33 05118685 0CA445F0 4
2 3 5 34 F0644950 FDECB584 4
2 3 5 35 F2F9E8BE FC17A37C 4
2 3 5 36 0889F7CF 0D8E6288 4
2 3 5 37 FB71407E 0BF7FC0D 4
2 3 5 38 F49CF75F FA14C497 4
2 3 5 39 FC1B846E F64EE7A7 4
2 3 5 40 0224AE2F 02F69B22 4
2 3 5 41 FDA59F17 F6A00FCF 4
2 3 5 42 028A5F89 13471A02 4
2 3 5 43 1014147B FED93D56 4
2 3 5 44 F5D5D5D2 0008E2D9 4
2 3 5 45 F0035A78 02EDF529 4
2 3 5 46 FDE9B9D1 04777874 4
2 3 5 47 F9722C52 EF75C2D3 4
2 3 5 48 F869FD31 F2757AF8 4
2 3 5 49 FAFB8B45 FBDAD7A3 4
2 3 5 50 0639B4E2 06ED18A6 4
2 3 5 51 F86E9740 F3CFED47 4
2 3 5 52 F5CDFE56 05F1B958 4
2 3 5 53 F669BE38 F18B3D82 4
2 3 5 54 FA8C981F 01FEED72 4
2 3 5 55 FA6EC95F FB30E737 4
2 3 5 56 F715754F EF9841D3 4
2 3 5 57 017B4308 067A9576 4
2 3 5 58 00D3905C FF405FFC 4
2 3 5 59 FF31C1C3 0E64B4F0 4
2 3 5 60 FE157C12 0DF0F44F 4
2 3 5 61 F9535572 F21EC28A 4
2 3 5 62 0122A387 FC3248A8 4
2 3 5 63 025A8470 FF3F7F29 4
2 3 6 0 F9DA2CDF 0F4A0819 4
2 3 6 1 FFDBB23D FB7194D2 4
2 3 6 2 0303F621 01643A7F 4
2 3 6 3 FBE92E03 FD09B3B0 4
2 3 6 4 FCB34620 07693D7B 4
2 3 6 5 F7ED3F96 F4F3B2CC 4
2 3 6 6 056B37ED F59A9C96 4
2 3 6 7 0A7B1D9C 0BBC40D9 4
2 3 6 8 012503C9 F3766DA7 4
2 3 6 9 F0DC960F 0C1F1096 4
2 3 6 10 F8F034C2 015113E9 4
2 3 6 11 066549F7 0C8F4457 4
2 3 6 12 01E62DC5 F51A81D3 4
2 3 6 13 F7A308B4 F044FE71 4
2 3 6 14 119716C2 07B705C6 4
2 3 6 15 F50E03B5 000FF79C 4
2 3 6 16 0E62FC9B FF914B24 4
2 3 6 17 F512F655 00A3C7AF 4
2 3 6 18 F54624BA F6D98E3C 4
2 3 6 19 0C91A94F 02D0725F 4
2 3 6 20 F455EE9F F7911EC0 4
2 3 6 21 03C3DDFB F63B641C 4
2 3 6 22 F2AA4A0D F92EEAF5 4
2 3 6 23 FB1293C4 04110E7E 4
2 3 6 24 13C96536 04E4B04C 4
2 3 6 25 039BD5B6 0E42ED76 4
2 3 6 26 05BAA927 03C36554 4
2 3 6 27 0958AEBE 0B546FF1 4
2 3 6 28 00747C4C 0C44BB9C 4
2 3 6 29 FE2D8E66 FDDF0AF4 4
2 3 6 30 F6157F5B 07E2BE57 4
2 3 6 31 046393D3 0C66B5FB 4
2 3 6 32 0104685A F74E9F96 4
2 3 6 33 F0053B2F 0577A8DB 4
2 3 6 34 F7AA1CDB 03A0120F 4
2 3 6 35 0497F90B FB932AAC 4
2 3 6 36 06639864 F803FE9B 4
2 3 6 37 FFDD9C9B F70CEEAC 4
2 3 6 38 FDC8917F 09627D70 4
2 3 6 39 F9D9B278 ED4FB7C4 4
2 3 6 40 F72A1ED2 09D5D383 4
2 3 6 41 F8B7467C FC4ECC1C 4
2 3 6 42 F203B5E1 0881DE3F 4
2 3 6 43 FC44434B F27A19CA 4
2 3 6 44 FDB96EA8 FC2FFF58 4
2 3 6 45 F961332C F80DB1A7 4
2 3 6 46 07CCA6D4 0E74E173 4
2 3 6 47 124BA7A3 F7F28031 4
2 3 6 48 03474AC3 EECF61F2 4
2 3 6 49 F61B42D7 028BBC1C 4
2 3 6 50 FCEB5EBB F5F94D10 4
2 3 6 51 0F1E0B4E FD4B02AC 4
2 3 6 52 0214A0F1 F3F6E900 4
2 3 6 53 07EF9441 08679FDE 4
2 3 6 54 03565D6C F49EAACA 4
2 3 6 55 009C844F F7016E58 4
2 3 6 56 09BB529F F540E7C0 4
2 3 6 57 FE086154 0479995D 4
2 3 6 58 F074148C FB069F42 4
2 3 6 59 FAFB2D29 1130138D 4
2 3 6 60 07FE38F0 EEE40441 4
2 3 6 61 F24E480A 0307829E 4
2 3 6 62 FC845E0A 075305BE 4
2 3 6 63 FFCFA7B6 06AA3662 4
2 3 7 0 003E2115 0D04E955 4
2 3 7 1 F89347D1 0F779FA5 4
2 3 7 2 F07C9623 1220703F 4
2 3 7 3 00343F21 FF9D9659 4
2 3 7 4 F6BB55EB FD39E0C3 4
2 3 7 5 06C8E541 F876FF97 4
2 3 7 6 FA74CD60 ECC40AD1 4
2 3 7 7 0EE974E6 FC8CA957 4
2 3 7 8 05DAE4CC 0A598284 4
2 3 7 9 0AEAF64A F812520D 4
2 3 7 10 F257F024 F4CFFA0A 4
2 3 7 11 F5E37E3B 08E85C40 4
2 3 7 12 F9CA9D7D F8465167 4
2 3 7 13 F4902AF0 0B77F282 4
2 3 7 14 0942DCB2 FC92EA1C 4
2 3 7 15 0E29ECA4 0B1B7560 4
2 3 7 16 FBB614BD 0D6CF656 4
2 3 7 17 FF914FC3 01969774 4
2 3 7 18 0DC9F7EF 004A0B7D 4
2 3 7 19 FFCD969A 0C191428 4
2 3 7 20 048F36BF 0A32CA31 4
2 3 7 21 0190D7B6 F2D47998 4
2 3 7 22 09A5DA57 004A20B1 4
2 3 7 23 0D26277A 0A72A7D6 4
2 3 7 24 F90FB720 F6F185FB 4
2 3 7 25 00A0DFB3 0BCA903A 4
2 3 7 26 01243014 EC62A112 4
2 3 7 27 F45702CB F84E3D2D 4
2 3 7 28 FC4B932C 12AC297E 4
2 3 7 29 ED699C12 0113D13D 4
2 3 7 30 F9D4D4B0 03E5FA54 4
2 3 7 31 00527060 00D1D476 4
2 3 7 32 FFAAEC9E F4B6E3F6 4
2 3 7 33 ECBA8676 FE4E684D 4
2 3 7 34 05F4571B FABCBDF3 4
2 3 7 35 03EC29AD F597E7B8 4
2 3 7 36 FCFDFE7D 0C9AE427 4
2 3 7 37 03D26186 F4CD4F2E 4
2 3 7 38 FD474705 041C1740 4
2 3 7 39 FFFF375B 117C7CEB 4
2 3 7 40 077AF7C9 021AEFD9 4
2 3 7 41 0695A622 FBC78AD7 4
2 3 7 42 EEBE59F0 FF370EE7 4
2 3 7 43 0711CE19 1065FE98 4
2 3 7 44 F7AACF1E F1606783 4
2 3 7 45 FED48019 F6DAC796 4
2 3 7 46 02358710 07538053 4
2 3 7 47 EE5472C4 0829D0B3 4
2 3 7 48 F1936CEF 09393B6B 4
2 3 7 49 0D910AC5 F8EA5014 4
2 3 7 50 07D536F2 FB02BFDD 4
2 3 7 51 FF42188A 0057B89D 4
2 3 7 52 F64D3B9B 06B05F35 4
2 3 7 53 027538B3 01630F9F 4
2 3 7 54 F71A5B60 02B49967 4
2 3 7 55 096557B8 11863B16 4
2 3 7 56 09E93216 10E5E651 4
2 3 7 57 00D54FCF EFB42C14 4
2 3 7 58 09EB68D1 01B9FD4C 4
2 3 7 59 FE2D1CA8 EEE4F9B5 4
2 3 7 60 0872FE01 0FB4E481 4
2 3 7 61 F65E8A4B F7DE2824 4
2 3 7 62 F64C0DD5 FF425D6C 4
2 3 7 63 036BBFB1 F10509E5 4
2 4 0 0 07117B57 FFC24735 4
2 4 0 1 07107D1F FECBD731 4
2 4 0 2 070E4BA3 FDD83656 4
2 4 0 3 070ABFA6 FCE939F8 4
2 4 0 4 07062236 FC010AF8 4
2 4 0 5 070066EB FB213C5A 4
2 4 0 6 06F9AB71 FA4B7014 4
2 4 0 7 06F215D3 F980D832 4
2 4 0 8 06E9D850 F8C25977 4
2 4 0 9 06E0F202 F810B3F7 4
2 4 0 10 06D7A05C F76C3B5A 4
2 4 0 11 06CDCCB2 F6D50878 4
2 4 0 12 06C3FAE0 F64AD5EC 4
2 4 0 13 06B9DD6C F5CD6289 4
2 4 0 14 06AFD3A9 F55C0A69 4
2 4 0 15 06A5B367 F4F60BA0 4
2 4 0 16 069BC61C F49A9313 4
2 4 0 17 06920FC5 F448B19C 4
2 4 0 18 068874AA F3FF58AD 4
2 4 0 19 067F13B3 F3BDC990 4
2 4 0 20 0675EE59 F382FDFB 4
2 4 0 21 066CF1AB F34DFCB7 4
2 4 0 22 066449DC F31DEF6E 4
2 4 0 23 065BD216 F2F21F0B 4
2 4 0 24 06536E01 F2C9D3B8 4
2 4 0 25 064B58C2 F2A44382 4
2 4 0 26 06436122 F2810BF1 4
2 4 0 27 063B99A5 F25F878B 4
2 4 0 28 0633E5B8 F23F73F0 4
2 4 0 29 062C36E6 F2202F93 4
2 4 0 30 0624ACA8 F201B2CF 4
2 4 0 31 061D3E81 F1E39A43 4
2 4 0 32 0615D02D F1C5C4AC 4
2 4 0 33 060E7C8F F1A83A4E 4
2 4 0 34 060710CC F18AC227 4
2 4 0 35 05FFC5E4 F16D2239 4
2 4 0 36 05F87A06 F14F9191 4
2 4 0 37 05F12A0E F132109A 4
2 4 0 38 05EA02A9 F11477CE 4
2 4 0 39 05E2BDD1 F0F6DEB5 4
2 4 0 40 05DB7759 F0D95491 4
2 4 0 41 05D44DD9 F0BB9FD4 4
2 4 0 42 05CD0EA8 F09DFC08 4
2 4 0 43 05C5FA1A F0805926 4
2 4 0 44 05BED5EB F06297A8 4
2 4 0 45 05B7CCF2 F044F3CF 4
2 4 0 46 05B0A121 F0273347 4
2 4 0 47 05A9A1DA F0098DE5 4
2 4 0 48 05A27CE5 EFEBAFC5 4
2 4 0 49 059B84F2 EFCDEC4B 4
2 4 0 50 05946B86 EFB02647 4
2 4 0 51 058D79A8 EF924383 4
2 4 0 52 058684A6 EF746DC3 4
2 4 0 53 057F8844 EF568958 4
2 4 0 54 05787C41 EF389E45 4
2 4 0 55 057187A9 EF1AB456 4
2 4 0 56 056A9F07 EEFCB78B 4
2 4 0 57 0563C31F EEDEA742 4
2 4 0 58 0B0D0CFA 0E3E270A 4
2 4 0 59 0B1EE33C 0E1B92DE 4
2 4 0 60 0B30C4F7 0DF8EA69 4
2 4 0 61 0B4281BE 0DD61EC1 4
2 4 0 62 0B5453D2 0DB33180 4
2 4 0 63 0B664626 0D902ADE 4
2 4 0 64 0B77FFBD 0D6D04BC 4
2 4 0 65 0B89DE6F 0D49DABC 4
2 4 0 66 0B9B9C55 0D266A45 4
2 4 0 67 0BAD7E6B 0D02F500 4
2 4 0 68 0BBF3AD8 0CDF5C44 4
2 4 0 69 0BD108AA 0CBB9FC1 4
2 4 0 70 0BE2DC17 0C97D7FF 4
2 4 0 71 0BF490EA 0C73DFDE 4
2 4 0 72 0C064BC3 0C4FD0B5 4
2 4 0 73 0C17FC44 0C2BADCB 4
2 4 0 74 0C29BEFD 0C074F09 4
2 4 0 75 0C3B81C6 0BE2FA8D 4
2 4 0 76 0C4D14FE 0BBE581A 4
2 4 0 77 0C5ED694 0B99B43A 4
2 4 0 78 0C705E44 0B74F197 4
2 4 0 79 0C820A6B 0B500254 4
2 4 0 80 0C93A2C2 0B2B0B84 4
2 4 0 81 0CA53882 0B05D03C 4
2 4 0 82 0CB6CDBF 0AE08838 4
2 4 0 83 0CC872A2 0ABB16A9 4
2 4 0 84 0CD9D742 0A958845 4
2 4 0 85 0CEB6FB0 0A6FF281 4
2 4 0 86 0CFCCEC2 0A4A11C2 4
2 4 0 87 0D0E4822 0A242F7A 4
2 4 0 88 0D1FA0EA 09FE1B6C 4
2 4 0 89 0D311334 09D7E526 4
2 4 0 90 0D425E77 09B1AB2B 4
2 4 0 91 0D53B57B 098B25AC 4
2 4 0 92 0D64F7B9 09648A0A 4
2 4 0 93 0D7625CA 093DE504 4
2 4 0 94 0D877268 09170D0F 4
2 4 0 95 0D989DC8 08F00FCE 4
2 4 0 96 0DA9C67B 08C8F615 4
2 4 0 97 0DBACB9F 08A1AA7F 4
2 4 0 98 0DCBEA6A 087A582B 4
2 4 0 99 0DDCDCC0 0852D653 4
2 4 0 100 0DEDD8DC 082B13F5 4
2 4 0 101 0DFEDB4C 08034F6A 4
2 4 0 102 0E0FC2B9 07DB5552 4
2 4 0 103 0E2082BC 07B356CA 4
2 4 0 104 0E314715 078B0A10 4
2 4 0 105 0E41ED67 0762B5BA 4
2 4 0 106 0E52A947 073A39D1 4
2 4 0 107 0E635E44 07119F5C 4
2 4 0 108 0E73F879 06E8BF63 4
2 4 0 109 0E84949C 06BFEA76 4
2 4 0 110 0E94DB4B 0696E45A 4
2 4 0 111 0EA56DE5 066DB07B 4
2 4 0 112 0EB5CD1D 06444E00 4
2 4 0 113 0EC5F9F1 061AEAAB 4
2 4 0 114 0ED65A7F 05F141B2 4
2 4 0 115 0EE6707C 05C78277 4
2 4 0 116 F3B0F25A 0FC6E248 4
2 4 0 117 F3BF34B5 0FB5E8E2 4
2 4 0 118 F3CDB0AC 0FA4BEF3 4
2 4 0 119 F3DC3D10 0F937B7B 4
2 4 0 120 F3EABA10 0F82009F 4
2 4 0 121 F3F95020 0F70917A 4
2 4 0 122 F40828EA 0F5EECAA 4
2 4 0 123 F416F1C4 0F4D0FCB 4
2 4 0 124 F425FAD7 0F3B2D07 4
2 4 0 125 F434EC5A 0F290E86 4
2 4 0 126 F443E8DB 0F16DB25 4
2 4 0 127 F4532AB8 0F04699B 4
2 4 0 128 F4625C9A 0EF1ECCE 4
2 4 0 129 F471A373 0EDF4AA5 4
2 4 0 130 F48102DF 0ECC5DC4 4
2 4 0 131 F4908401 0EB97287 4
2 4 0 132 F49FD9C3 0EA65876 4
2 4 0 133 F4AF7DCC 0E93279A 4
2 4 0 134 F4BF1EFE 0E7FB617 4
2 4 0 135 F4CEFB5C 0E6C0D19 4
2 4 0 136 F4DEA985 0E586100 4
2 4 0 137 F4EE8627 0E44821C 4
2 4 0 138 F4FE7198 0E305723 4
2 4 0 139 F50E66FE 0E1C35A1 4
2 4 0 140 F51E799A 0E07C0EF 4
2 4 0 141 F52E8C8F 0DF3563F 4
2 4 0 142 F53E8DEC 0DDEAF88 4
2 4 0 143 F54ED4D8 0DC9C94A 4
2 4 0 144 F55F0A2D 0DB4CD3E 4
2 4 0 145 F56F4CE7 0D9FAC45 4
2 4 0 146 F57F95B9 0D8A4330 4
2 4 0 147 F59009A2 0D74CB64 4
2 4 0 148 F5A06B3F 0D5F16C2 4
2 4 0 149 F5B0FEF7 0D492979 4
2 4 0 150 F5C16826 0D33559D 4
2 4 0 151 F5D20CA2 0D1CF8D3 4
2 4 0 152 F5E293BC 0D06AE5A 4
2 4 0 153 F5F35B03 0CF0223C 4
2 4 0 154 F603EE5C 0CD98CA6 4
2 4 0 155 F6149D35 0CC2A2BE 4
2 4 0 156 F62546B4 0CAB9859 4
2 4 0 157 F6361D1C 0C9454A5 4
2 4 0 158 F6470248 0C7CE4E2 4
2 4 0 159 F657CB51 0C655F20 4
2 4 0 160 F668A24E 0C4DAC96 4
2 4 0 161 F67981B4 0C35AF47 4
2 4 0 162 F68A77EE 0C1DA2A1 4
2 4 0 163 F69B5BFE 0C055649 4
2 4 0 164 F6AC4A14 0BECDD67 4
2 4 0 165 F6BD38CC 0BD4402B 4
2 4 0 166 F6CE310B 0BBB75B8 4
2 4 0 167 F6DF338E 0BA27CEA 4
2 4 0 168 F6F02127 0B894541 4
2 4 0 169 F7013E14 0B6FEF03 4
2 4 0 170 F7123272 0B5664D1 4
2 4 0 171 F7232F0E 0B3CABB5 4
2 4 0 172 F7344D86 0B22B910 4
2 4 0 173 F7454391 0B08929B 4
2 4 0 174 F7564A37 0AEE571E 4
2 4 0 175 F7674E92 0AD3D0D7 4
2 4 0 176 F77867CD 0AB936B3 4
2 4 0 177 F7897E2A 0A9E5192 4
2 4 0 178 F79A874E 0A8346D2 4
2 4 0 179 F7AB6E92 0A68229F 4
2 4 0 180 F7BC7D68 0A4C9F8D 4
2 4 0 181 F7CD869E 0A310F55 4
2 4 0 182 F7DE7877 0A15400B 4
2 4 0 183 F7EF842D 09F937A4 4
2 4 0 184 F8006810 09DD10E9 4
2 4 0 185 F8115443 09C0BB1F 4
2 4 0 186 F8224036 09A41ED5 4
2 4 0 187 F83330B7 098762EA 4
2 4 0 188 F8440AD4 096A6E5F 4
2 4 0 189 F854E2D3 094D489A 4
2 4 0 190 F865AFAC 092FF6DE 4
2 4 0 191 F8767A8B 09127ABF 4
2 4 0 192 F88740D3 08F4C4E8 4
2 4 0 193 F897F5BC 08D6D379 4
2 4 0 194 F8A8AC32 08B8CEC3 4
2 4 0 195 F8B948F1 089A82C5 4
2 4 0 196 F8C9F593 087BFE78 4
2 4 0 197 F8DA8810 085D3C17 4
2 4 0 198 F8EB0B9D 083E6614 4
2 4 0 199 F8FB89C0 081F4C87 4
2 4 0 200 F90C04C7 08001555 4
2 4 0 201 F91C64AA 07E0A027 4
2 4 0 202 F92CBB2E 07C0F85B 4
2 4 0 203 F93CFDCA 07A1178C 4
2 4 0 204 F94D3A6A 0781181B 4
2 4 0 205 F95D729B 0760CA47 4
2 4 0 206 F96D8812 07405AA5 4
2 4 0 207 F97D985B 071FBD4B 4
2 4 0 208 F98D94C3 06FEE7FF 4
2 4 0 209 F99D85F0 06DDF2C0 4
2 4 0 210 F9AD6B1D 06BCA9D1 4
2 4 0 211 F9BD1F06 069B4866 4
2 4 0 212 F9CCEDE5 06799EF9 4
2 4 0 213 F9DC9752 0657D320 4
2 4 0 214 F9EC29D1 0635E431 4
2 4 0 215 F9FBB012 0613A0F4 4
2 4 0 216 FA0B2374 05F14975 4
2 4 0 217 FA1A82F9 05CEADFF 4
2 4 0 218 FA29B781 05ABF2F1 4
2 4 0 219 FA38EC57 0588EFA9 4
2 4 0 220 FA480F14 0565C976 4
2 4 0 221 FA5712D2 0542684A 4
2 4 0 222 FCF76D18 0309399C 4
2 4 0 223 FCF13694 02F345A8 4
2 4 0 224 FCEB0C99 02DD44F1 4
2 4 0 225 FCE4E4FA 02C72FCC 4
2 4 0 226 FCDEADB4 02B10C37 4
2 4 0 227 FCD88087 029AD400 4
2 4 0 228 FCD234BE 02849B0D 4
2 4 0 229 FCCBF905 026E47A8 4
2 4 0 230 FCC5BD7D 0257DF90 4
2 4 0 231 FCBF825F 0241625C 4
2 4 0 232 FCB92809 022AE36D 4
2 4 0 233 FCB2E39A 021443C3 4
2 4 0 234 FCAC960C 01FD95EE 4
2 4 0 235 FCA640B4 01E6D21C 4
2 4 0 236 FC9FD8DB 01D01634 4
2 4 0 237 FC997EB4 01B93111 4
2 4 0 238 FC9320F0 01A2377C 4
2 4 0 239 FC8C9CA9 018B4855 4
2 4 0 240 FC862BF7 01742A08 4
2 4 0 241 FC7FA5EA 015D13FB 4
2 4 0 242 FC7925DE 0145DA8D 4
2 4 0 243 FC728B92 012E9F94 4
2 4 0 244 FC6BFD1D 01173BB5 4
2 4 0 245 FC656B54 00FFCD8C 4
2 4 0 246 FC5EBC2B 00E85C85 4
2 4 0 247 FC58141E 00D0C985 4
2 4 0 248 FC514B4F 00B939B7 4
2 4 0 249 FC4A93D9 00A18716 4
2 4 0 250 FC43B94E 0089CD0F 4
2 4 0 251 FC3CEA33 0071F559 4
2 4 0 252 FC35FE6F 005A1BFC 4
2 4 0 253 FC2F09F5 004237CE 4
2 4 0 254 FC28174E 002A2884 4
2 4 0 255 FC210DBE 00121B2E 4
2 4 0 256 FC1D8C46 FFF9F4E6 4
2 4 0 257 FC24A305 FFE1E575 4
2 4 0 258 FC2B9294 FFC9CDDE 4
2 4 0 259 FC32947E FFB1DD00 4
2 4 0 260 FC396EF5 FF99EE67 4
2 4 0 261 FC405388 FF821CDC 4
2 4 0 262 FC4721BA FF6A488C 4
2 4 0 263 FC4DF368 FF52A0D7 4
2 4 0 264 FC54A630 FF3AEB82 4
2 4 0 265 FC5B6208 FF236737 4
2 4 0 266 FC620386 FF0BDBA0 4
2 4 0 267 FC68BBFA FEF47A6C 4
2 4 0 268 FC6F443C FEDD0D15 4
2 4 0 269 FC75E478 FEC5CA89 4
2 4 0 270 FC7C644C FEAE8418 4
2 4 0 271 FC82F62D FE976C3A 4
2 4 0 272 FC896C6A FE8046A2 4
2 4 0 273 FC8FD2E0 FE693954 4
2 4 0 274 FC964920 FE52444B 4
2 4 0 275 FC9CAA43 FE3B5F34 4
2 4 0 276 FCA306C3 FE247F81 4
2 4 0 277 FCA96F5B FE0DC988 4
2 4 0 278 FCAFBA51 FDF70E2D 4
2 4 0 279 FCB60333 FDE06769 4
2 4 0 280 FCBC6189 FDC9E8E6 4
2 4 0 281 FCC2A0F4 FDB35D55 4
2 4 0 282 FCC8E088 FD9CEE62 4
2 4 0 283 FCCF179E FD868546 4
2 4 0 284 FCD54FA3 FD7038C1 4
2 4 0 285 FCDB9826 FD5A0DA6 4
2 4 0 286 FCE1CA05 FD43E474 4
2 4 0 287 FCE7F53C FD2DC05A 4
2 4 0 288 FCEE225E FD17B912 4
2 4 0 289 FCF44A0C FD01B658 4
2 4 0 290 FCFA7C06 FCEBD9EA 4
2 4 0 291 FA4F8823 FAABDD52 4
2 4 0 292 FA407561 FA889191 4
2 4 0 293 FA314D7E FA658894 4
2 4 0 294 FA222740 FA42B813 4
2 4 0 295 FA12D5C5 FA20072E 4
2 4 0 296 FA037271 F9FD8967 4
2 4 0 297 F9F3E8F6 F9DB2E60 4
2 4 0 298 F9E45D4C F9B919DC 4
2 4 0 299 F9D4CEB4 F99742EB 4
2 4 0 300 F9C50D2A F975843D 4
2 4 0 301 F9B55438 F9540A9C 4
2 4 0 302 F9A57BAD F932AC69 4
2 4 0 303 F9959731 F911A215 4
2 4 0 304 F9859EEF F8F09C0E 4
2 4 0 305 F9759AFE F8CFE988 4
2 4 0 306 F9657310 F8AF5889 4
2 4 0 307 F9554D8A F88F1139 4
2 4 0 308 F94520C2 F86EE91F 4
2 4 0 309 F934EC3A F84F02F0 4
2 4 0 310 F9248741 F82F265E 4
2 4 0 311 F914328C F80F9C9C 4
2 4 0 312 F903C7D5 F7F03C2D 4
2 4 0 313 F8F341FE F7D119AE 4
2 4 0 314 F8E2CE82 F7B21A1C 4
2 4 0 315 F8D240D1 F79358C7 4
2 4 0 316 F8C19E7C F774C069 4
2 4 0 317 F8B10C21 F756696E 4
2 4 0 318 F8A065AD F73831DA 4
2 4 0 319 F88F95D4 F71A1C41 4
2 4 0 320 F87EE712 F6FC63FA 4
2 4 0 321 F86E1771 F6DEC23D 4
2 4 0 322 F85D5258 F6C163D3 4
2 4 0 323 F84C6D7C F6A41BFA 4
2 4 0 324 F83B9BFA F68713C7 4
2 4 0 325 F82ABB84 F66A2C88 4
2 4 0 326 F819C065 F64D8A4E 4
2 4 0 327 F808DC2D F631211A 4
2 4 0 328 F7F7F00E F614C6AC 4
2 4 0 329 F7E70476 F5F8B330 4
2 4 0 330 F7D5F919 F5DCE0B5 4
2 4 0 331 F7C4EF11 F5C11A2E 4
2 4 0 332 F7B40847 F5A5B066 4
2 4 0 333 F7A2F27A F58A4054 4
2 4 0 334 F7920467 F56F2F15 4
2 4 0 335 F780F49F F5543730 4
2 4 0 336 F76FEBB9 F53970B1 4
2 4 0 337 F75EE3D7 F51EF1A9 4
2 4 0 338 F74DD359 F5047F9A 4
2 4 0 339 F73CB2FD F4EA4AC3 4
2 4 0 340 F72BC756 F4D05B51 4
2 4 0 341 F71AA31D F4B67AF8 4
2 4 0 342 F709B3FE F49CDEF5 4
2 4 0 343 F6F8A76D F4835BF4 4
2 4 0 344 F6E7B3BF F46A2DCF 4
2 4 0 345 F6D6A628 F450FCBE 4
2 4 0 346 F6C5B19B F4382012 4
2 4 0 347 F6B4B4B2 F41F6702 4
2 4 0 348 F6A3CADC F406DCBE 4
2 4 0 349 F692EB02 F3EE7F47 4
2 4 0 350 F681F0A1 F3D63A20 4
2 4 0 351 F6710894 F3BE4851 4
2 4 0 352 F6602553 F3A65BAB 4
2 4 0 353 F64F5FB9 F38EC4F8 4
2 4 0 354 F63E7DFC F377447B 4
2 4 0 355 F62DC7E7 F35FFD87 4
2 4 0 356 F61D0442 F348D560 4
2 4 0 357 F60C349F F331ED55 4
2 4 0 358 F5FB82FA F31B1396 4
2 4 0 359 F5EAECD8 F3048E12 4
2 4 0 360 F5DA5751 F2EE2B62 4
2 4 0 361 F5C9DC85 F2D7D2C8 4
2 4 0 362 F5B94073 F2C1D55E 4
2 4 0 363 F5A8AE9D F2ABD8B1 4
2 4 0 364 F5983E6F F2960CE3 4
2 4 0 365 F587C3E0 F2805C0F 4
2 4 0 366 F57794D3 F26B15BC 4
2 4 0 367 F5671C75 F255CAEA 4
2 4 0 368 F556D869 F240B8B8 4
2 4 0 369 F546C0EE F22BDB21 4
2 4 0 370 F5367904 F2170371 4
2 4 0 371 F52676D9 F2026B1D 4
2 4 0 372 F516649E F1EDE846 4
2 4 0 373 F5064FF0 F1D9A805 4
2 4 0 374 F4F68456 F1C58016 4
2 4 0 375 F4E6A7CE F1B19393 4
2 4 0 376 F4D6D99E F19DC8C0 4
2 4 0 377 F4C6FD0C F18A125C 4
2 4 0 378 F4B75B64 F1769391 4
2 4 0 379 F4A7C8D3 F163353A 4
2 4 0 380 F4983808 F1501D5D 4
2 4 0 381 F488C2BB F13CFE0C 4
2 4 0 382 F4794278 F12A1F72 4
2 4 0 383 F469FA4C F11770C9 4
2 4 0 384 F45ACCCB F104C141 4
2 4 0 385 F44B89C8 F0F243A4 4
2 4 0 386 F43C6464 F0E0176D 4
2 4 0 387 F42D697B F0CDEFFA 4
2 4 0 388 F41E5D3E F0BBD1B4 4
2 4 0 389 F40F85F7 F0A9E454 4
2 4 0 390 F400AB41 F098342A 4
2 4 0 391 F3F21308 F086B9CC 4
2 4 0 392 F3E37677 F07528BB 4
2 4 0 393 F3D4E789 F063DA7E 4
2 4 0 394 F3C686AE F052B143 4
2 4 0 395 F3B823D2 F041A23E 4
2 4 0 396 0EEE7511 FA4D7709 4
2 4 0 397 0EDE5408 FA23A21E 4
2 4 0 398 0ECE3E46 F9F9F49C 4
2 4 0 399 0EBDDE17 F9D05D65 4
2 4 0 400 0EAD9460 F9A700F6 4
2 4 0 401 0E9D35D5 F97DAFF5 4
2 4 0 402 0E8CCB63 F9549B3E 4
2 4 0 403 0E7C3B1C F92B9B50 4
2 4 0 404 0E6BB693 F902C116 4
2 4 0 405 0E5B008B F8DA159A 4
2 4 0 406 0E4A765C F8B17B76 4
2 4 0 407 0E39A131 F8891721 4
2 4 0 408 0E28F2AB F860D01A 4
2 4 0 409 0E17FD8C F838A217 4
2 4 0 410 0E073F4B F810B401 4
2 4 0 411 0DF65998 F7E8CA3E 4
2 4 0 412 0DE57721 F7C10085 4
2 4 0 413 0DD46743 F799661D 4
2 4 0 414 0DC34647 F77203FD 4
2 4 0 415 0DB23EF1 F74AA8ED 4
2 4 0 416 0DA1270D F723859E 4
2 4 0 417 0D9000D5 F6FC7B67 4
2 4 0 418 0D7EBEDC F6D578C9 4
2 4 0 419 0D6D8E12 F6AEC4BA 4
2 4 0 420 0D5C4924 F6881A38 4
2 4 0 421 0D4B0918 F6619A49 4
2 4 0 422 0D39B51C F63B2385 4
2 4 0 423 0D2852EB F614E40F 4
2 4 0 424 0D16FD51 F5EEC365 4
2 4 0 425 0D057A3A F5C8D115 4
2 4 0 426 0CF417D3 F5A2E266 4
2 4 0 427 0CE2A879 F57D2A6D 4
2 4 0 428 0CD113A9 F557A2B2 4
2 4 0 429 0CBF9F38 F5321CEF 4
2 4 0 430 0CAE1977 F50CCC34 4
2 4 0 431 0C9C8505 F4E784B0 4
2 4 0 432 0C8AE37E F4C27F37 4
2 4 0 433 0C793356 F49D82C2 4
2 4 0 434 0C678B39 F478A091 4
2 4 0 435 0C5607B8 F453EAB6 4
2 4 0 436 0C444A56 F42F5391 4
2 4 0 437 0C32917A F40AD4D4 4
2 4 0 438 0C20E58B F3E66FFB 4
2 4 0 439 0C0F1920 F3C23B7F 4
2 4 0 440 0BFD6D30 F39E24B7 4
2 4 0 441 0BEBB3A1 F37A20C0 4
2 4 0 442 0BD9F035 F3563025 4
2 4 0 443 0BC81A71 F3326745 4
2 4 0 444 0BB658FB F30EC318 4
2 4 0 445 0BA49035 F2EB53F4 4
2 4 0 446 0B92C4BC F2C7CB7C 4
2 4 0 447 0B80FADF F2A48492 4
2 4 0 448 0B6F218E F2816588 4
2 4 0 449 0B5D5046 F25E394B 4
2 4 0 450 0B4B80C1 F23B4DF4 4
2 4 0 451 0B39B430 F2186AF9 4
2 4 0 452 0B27CCA9 F1F5B835 4
2 4 0 453 0B15F1AE F1D31A2C 4
2 4 0 454 056060EB 11304FF1 4
2 4 0 455 05674813 111255CF 4
2 4 0 456 056E29DF 10F44F38 4
2 4 0 457 05751857 10D65BDD 4
2 4 0 458 057C0281 10B85BF0 4
2 4 0 459 0582F56B 109A8A4F 4
2 4 0 460 0589E485 107CABAE 4
2 4 0 461 0590FEA0 105ECEA7 4
2 4 0 462 0597F663 1040F48B 4
2 4 0 463 059EE7D2 102328A9 4
2 4 0 464 05A61743 1005607C 4
2 4 0 465 05AD0FFB 0FE7B2F9 4
2 4 0 466 05B43573 0FC9EA7C 4
2 4 0 467 05BB4A26 0FAC4170 4
2 4 0 468 05C2679D 0F8E7842 4
2 4 0 469 05C9A1EF 0F70DB8C 4
2 4 0 470 05D0AB6A 0F533D96 4
2 4 0 471 05D7DFC4 0F3583DD 4
2 4 0 472 05DF21C6 0F17F317 4
2 4 0 473 05E65FD6 0EFA533A 4
2 4 0 474 05ED804C 0EDCB3D7 4
2 4 0 475 05F4C653 0EBF2C38 4
2 4 0 476 05FC0E52 0EA195BF 4
2 4 0 477 06036154 0E840B63 4
2 4 0 478 060AB701 0E6671F9 4
2 4 0 479 061222B2 0E48FEE3 4
2 4 0 480 06198569 0E2B50C7 4
2 4 0 481 0620EDC6 0E0D52E1 4
2 4 0 482 0628760A 0DEF2AE6 4
2 4 0 483 062FFA2E 0DD06109 4
2 4 0 484 0637B95C 0DB095CF 4
2 4 0 485 063F8055 0D8FE070 4
2 4 0 486 0647615B 0D6D9480 4
2 4 0 487 064F5C19 0D495B49 4
2 4 0 488 0657A538 0D2268B7 4
2 4 0 489 065FFF5D 0CF8614F 4
2 4 0 490 06689560 0CCAA00A 4
2 4 0 491 06716606 0C984E1F 4
2 4 0 492 067A7C88 0C6058C9 4
2 4 0 493 0683B5D8 0C2249BF 4
2 4 0 494 068D2121 0BDD005B 4
2 4 0 495 0696EE8D 0B8F908B 4
2 4 0 496 06A0C4EA 0B390041 4
2 4 0 497 06AAC704 0AD8414E 4
2 4 0 498 06B4D705 0A6CC2F2 4
2 4 0 499 06BEF7D7 09F55BE3 4
2 4 0 500 06C8F18C 0971B540 4
2 4 0 501 06D2B5E4 08E10FC6 4
2 4 0 502 06DC4388 08433046 4
2 4 0 503 06E5624E 079821DF 4
2 4 0 504 06EE106F 06E0056A 4
2 4 0 505 06F5F743 061B600C 4
2 4 0 506 06FD2ACC 054AFB77 4
2 4 0 507 07036742 047014A7 4
2 4 0 508 0708A00F 038BD4DF 4
2 4 0 509 070CB4E2 02A00F86 4
2 4 0 510 070F9580 01AE731B 4
2 4 0 511 07112A9C 00B92593 4
2 5 0 0 0372D58F 053567ED 4
2 5 0 1 027CD089 F1551EDD 4
2 5 0 2 F1AF9390 0CBDD926 4
2 5 0 3 EE4B3E43 07173474 4
2 5 0 4 F0C93ED4 F91A8FA6 4
2 5 0 5 FE682234 F21BC9BD 4
2 5 0 6 F8518418 06E545CE 4
2 5 0 7 F710A262 0A2FD1FA 4
2 5 0 8 0411D2C3 0220C08B 4
2 5 0 9 0615D4F1 FFC6E389 4
2 5 0 10 F670A472 F0D3902C 4
2 5 0 11 03FDF88B 08862768 4
2 5 0 12 090013E8 01D1B28A 4
2 5 0 13 F756E91F 0777A4BF 4
2 5 0 14 F8B1FBF3 003023B9 4
2 5 0 15 FFB2597A 05654BAA 4
2 5 0 16 0BB9A3B9 04A229B2 4
2 5 0 17 FAA3FA3B 017B981A 4
2 5 0 18 015A360C 0EEB8BA3 4
2 5 0 19 FD9980FF 0C3D4B1E 4
2 5 0 20 04E7FB98 02FEFBDE 4
2 5 0 21 021D8DA1 FE437281 4
2 5 0 22 FF1E0B2F F84F7DC2 4
2 5 0 23 FFE4FCDB 08A176D5 4
2 5 0 24 F42A62F3 EFECBA14 4
2 5 0 25 0C6C4379 001E2480 4
2 5 0 26 04B5DE4A F8E0FABB 4
2 5 0 27 FCF426C1 0A44D447 4
2 5 0 28 00205797 09727277 4
2 5 0 29 03A781AF 0AF30485 4
2 5 0 30 041FB53C 03BBD88D 4
2 5 0 31 0F186BF2 FB6BF0BA 4
2 5 0 32 F3639A82 F63275E8 4
2 5 0 33 064C1183 FEB9F070 4
2 5 0 34 F7E66492 FF9255AA 4
2 5 0 35 FB9FA272 0504BAE2 4
2 5 0 36 F3EBFC5F F4CDABAE 4
2 5 0 37 09223743 0FF5A5E7 4
2 5 0 38 F2A66427 1439218A 4
2 5 0 39 F9CAD6F7 FF32595E 4
2 5 0 40 FA0387FF FA56A689 4
2 5 0 41 FD31950D FA4058B7 4
2 5 0 42 FB976477 FD110AC8 4
2 5 0 43 F121454E F8318541 4
2 5 0 44 FFF9EE83 11B4522C 4
2 5 0 45 0D1C0EE8 0962E903 4
2 5 0 46 F8CC2FDC FED70E1C 4
2 5 0 47 F722BD91 05044CC5 4
2 5 0 48 F3AB51F5 F9A1756A 4
2 5 0 49 FC549367 F710588A 4
2 5 0 50 FD7A4544 07059781 4
2 5 0 51 FA2E2F89 0A0586AA 4
2 5 0 52 02325DB5 08B2266F 4
2 5 0 53 FF0C4032 0562EF26 4
2 5 0 54 F71C0643 000E9FFC 4
2 5 0 55 F0F8C4DA F5C5938D 4
2 5 0 56 04699C1F 04D48140 4
2 5 0 57 ECFD13F5 0D7093E1 4
2 5 0 58 03F97158 00783C03 4
2 5 0 59 F185A274 F7681887 4
2 5 0 60 F8AE51E4 FA1A1672 4
2 5 0 61 F8D7B6F7 F998CD6E 4
2 5 0 62 0B995CC9 00ABC627 4
2 5 0 63 0930791A 06563866 4
2 5 0 64 FA9202B3 EF148CD4 4
2 5 0 65 F2AE59DF FF601EAD 4
2 5 0 66 0BFA1E7E F9A09ED6 4
2 5 0 67 F80A7C3E F4C41D07 4
2 5 0 68 09E3D22D EF1A6A87 4
2 5 0 69 077E7156 075BCEB6 4
2 5 0 70 0BBF8136 ECADAD18 4
2 5 0 71 119C652A 05DC6F0B 4
2 5 0 72 F3498F3E F7DCC52A 4
2 5 0 73 F4C458EB F9F9DC15 4
2 5 0 74 0272949F FD3BE876 4
2 5 0 75 04988E02 0163BDC7 4
2 5 0 76 FFD2AD49 FAF58302 4
2 5 0 77 FA3A0D06 F4C13B01 4
2 5 0 78 02C1BB42 0332CFE0 4
2 5 0 79 106A7CC8 07EADA54 4
2 5 0 80 0D49ECD5 03748DC4 4
2 5 0 81 106E003F 0D7FA780 4
2 5 0 82 F0D9BA05 F4C9E83D 4
2 5 0 83 F9FE2933 020184A6 4
2 5 0 84 0E30A085 0D05B40D 4
2 5 0 85 FE7FF880 F34883BF 4
2 5 0 86 F59ACF77 F70745AA 4
2 5 0 87 022C7F81 F1649E64 4
2 5 0 88 F436E43D EFCD4698 4
2 5 0 89 02CBCAAC F3DA62FC 4
2 5 0 90 017DE889 F165248F 4
2 5 0 91 005AA4DA 0780EF68 4
2 5 0 92 0DDC6F35 FA0EAAC5 4
2 5 0 93 0CAF9057 00069B63 4
2 5 0 94 F9C2114A FEA55DA9 4
2 5 0 95 FE63C191 F8F5E9EE 4
2 5 0 96 0404ADFD F656A417 4
2 5 0 97 F9D3E04F 01FEE3A8 4
2 5 0 98 0A518E5A 0A1020B0 4
2 5 0 99 05A84DB2 F7187E0D 4
2 5 0 100 09F30965 EFB1755A 4
2 5 0 101 01F1C4BE 080F1A7C 4
2 5 0 102 0D95B19D 039B9999 4
2 5 0 103 05B5FD06 FF62C62B 4
2 5 0 104 EFC90999 F5B47027 4
2 5 0 105 077A73D2 0ED45A6A 4
2 5 0 106 011469CE F9A95E00 4
2 5 0 107 015706CD 13A90F5A 4
2 5 0 108 05C1F431 FD0D91B5 4
2 5 0 109 F634CEC0 F7DDD73C 4
2 5 0 110 081CA4D6 02A87E47 4
2 5 0 111 016619E3 F79B720C 4
2 5 0 112 F1C4A5B6 FB25A710 4
2 5 0 113 F2276B0C F218D89F 4
2 5 0 114 0B467072 EDD1DEAE 4
2 5 0 115 072369AD 020A9341 4
2 5 0 116 04D2C216 0074B495 4
2 5 0 117 FC436F87 EC362CB5 4
2 5 0 118 125F94A3 0152FE76 4
2 5 0 119 FF9C1E9A F8DE38D0 4
2 5 0 120 F96BFFDA 05E9C246 4
2 5 0 121 003516C8 FDED503C 4
2 5 0 122 03402183 FBA50C2D 4
2 5 0 123 FE80A59E 0410912C 4
2 5 0 124 027145B8 FCC1EE41 4
2 5 0 125 0B811A3E 03993AF0 4
2 5 0 126 F5A6F307 0978E782 4
2 5 0 127 0619599A FA559D79 4
2 5 0 128 FDF9ABD7 ED3710AF 4
2 5 0 129 FB1387F1 FF3AA77B 4
2 5 0 130 01C9A5B3 0A3C1271 4
2 5 0 131 034EFFF5 E9052E10 4
2 5 0 132 03F4F361 FA387355 4
2 5 0 133 025CBE85 0AA1B0F1 4
2 5 0 134 FDE5491D 0E551055 4
2 5 0 135 02E3DF05 F4F3E5B7 4
2 5 0 136 11D34D15 0718BA9F 4
2 5 0 137 0776179F F4857C6A 4
2 5 0 138 06ACF52B 024F8D2A 4
2 5 0 139 FD33F222 0A48BDF1 4
2 5 0 140 0E3546BB 044AFD09 4
2 5 0 141 FE536C9E 13D7F9BA 4
2 5 0 142 10891E8F 09C7D241 4
2 5 0 143 0520DF6F FD02128E 4
2 5 0 144 FA8F00EF F7892552 4
2 5 0 145 F36162CC 0C29F321 4
2 5 0 146 F53EE5DC 0138657D 4
2 5 0 147 EB8706D4 FCD59C6B 4
2 5 0 148 F4436016 F36DA984 4
2 5 0 149 042625B9 0496A5DB 4
2 5 0 150 FC6E6224 F7B5271F 4
2 5 0 151 0607FD84 FD5B51BC 4
2 5 0 152 F7589DFC F4BDE28C 4
2 5 0 153 FF20B988 0A712338 4
2 5 0 154 0340B986 F2A50360 4
2 5 0 155 018EBAD8 F4225B1E 4
2 5 0 156 000053A5 FA32E76D 4
2 5 0 157 08ED8380 F1B0F147 4
2 5 0 158 1130345C 0775BAFC 4
2 5 0 159 F80CEB33 125E76B4 4
2 5 0 160 03383565 08C2A97D 4
2 5 0 161 F688C808 F352EF6E 4
2 5 0 162 F7E99F12 04555921 4
2 5 0 163 0D68204B 022BF114 4
2 5 0 164 F91DA86F 06B82DF1 4
2 5 0 165 FDEB247F 0B5F43FD 4
2 5 0 166 EE3EE483 FD83BBBA 4
2 5 0 167 04E0F08E F82B4C55 4
2 5 0 168 041F6BA5 0131F3AA 4
2 5 0 169 F9AD712C 0B5A9221 4
2 5 0 170 037D322A 0732AB60 4
2 5 0 171 FD59CB3F FE45D8C6 4
2 5 0 172 F1D59454 FD56CC8D 4
2 5 0 173 00A61537 FE708AE4 4
2 5 0 174 05815B89 0ADC4774 4
2 5 0 175 054928BC F8DF9EA8 4
2 5 0 176 0A293A0C 02090EA6 4
2 5 0 177 F91384E7 0F64C622 4
2 5 0 178 F9D3C677 F995CF26 4
2 5 0 179 F9279200 FA852401 4
2 5 0 180 03CF81F4 EE97140D 4
2 5 0 181 F94CF2F2 F142F7A7 4
2 5 0 182 FF820480 F4E18DB9 4
2 5 0 183 FD4139F9 F0D52BF5 4
2 5 0 184 EE4EE65F FE3C05F7 4
2 5 0 185 0E8CA738 FEB89356 4
2 5 0 186 F5B9E85C F6D857BC 4
2 5 0 187 07583F0D 10B2DD68 4
2 5 0 188 F2F9CDCC 070D43AD 4
2 5 0 189 FA5BE18B 0E3F3174 4
2 5 0 190 FE60421E 1414E561 4
2 5 0 191 F0D70AEC 012A0371 4
2 5 0 192 1039159F 0603C2B7 4
2 5 0 193 0A65B556 F4B21253 4
2 5 0 194 08640347 0451D559 4
2 5 0 195 EE35EEDB FC4B9F7D 4
2 5 0 196 FB12C372 1293FB93 4
2 5 0 197 EFBD6326 044CF1E8 4
2 5 0 198 F7EAAB04 FE02A7DA 4
2 5 0 199 02C73ED2 05851E08 4
2 5 0 200 03CA4B96 F5469F73 4
2 5 0 201 F8FA9E65 0917E5DA 4
2 5 0 202 0B6930CC F54DE931 4
2 5 0 203 F1F14E6F 04A5F975 4
2 5 0 204 06C7633E FDA10846 4
2 5 0 205 FD29883C 0580B076 4
2 5 0 206 0B70BF9C FE2FF76E 4
2 5 0 207 F026A9DC F74E6128 4
2 5 0 208 0EF99EC2 0153513D 4
2 5 0 209 F0B814A2 034EB430 4
2 5 0 210 F7A1DF1E FB4AAD94 4
2 5 0 211 11205FFE 01588AD8 4
2 5 0 212 FB30DB3B F2EE1652 4
2 5 0 213 F4448960 04DF6859 4
2 5 0 214 0363ED01 0A262AB1 4
2 5 0 215 F4E84F02 0BF9C7AB 4
2 5 0 216 0014696C FFC8FBF1 4
2 5 0 217 FFF40872 EC47A614 4
2 5 0 218 0353EF67 05FCFC29 4
2 5 0 219 FC353DCD 01D6D9D4 4
2 5 0 220 06B061B6 F4DA32E3 4
2 5 0 221 0B038094 FF2FBC3F 4
2 5 0 222 06D9E91A F54A2527 4
2 5 0 223 F84B5E96 FD6B4AC1 4
2 5 0 224 029735B2 008D48B5 4
2 5 0 225 07D090D1 019F5C1C 4
2 5 0 226 EE80B9E3 FE2D2579 4
2 5 0 227 FB9EF3F3 03C10B55 4
2 5 0 228 0105EEDD FE18EA36 4
2 5 0 229 088B19AC F1BAFF47 4
2 5 0 230 FDBC3A22 F8507624 4
2 5 0 231 F0107E2B FD777228 4
2 5 0 232 0778C522 07F2D19B 4
2 5 0 233 FBA90A9B 0929050B 4
2 5 0 234 F9E322A7 105EF047 4
2 5 0 235 0C2FB012 FDD9F9CC 4
2 5 0 236 F5173B3A FCDE2660 4
2 5 0 237 02254DA3 F576A980 4
2 5 0 238 0483511E EE0229E4 4
2 5 0 239 073C9C9F 05D46512 4
2 5 0 240 F23175F3 FA30A930 4
2 5 0 241 001793A2 0A44558C 4
2 5 0 242 FA0B6E40 078E2156 4
2 5 0 243 FAB48045 05375D85 4
2 5 0 244 0AA7747D F7B8C4EE 4
2 5 0 245 05CC9974 0388C4AA 4
2 5 0 246 EEC2F6A4 01BA6F44 4
2 5 0 247 0EF07777 FE9567C1 4
2 5 0 248 FB294063 F0C25B1E 4
2 5 0 249 FE6E6FEE FC055C21 4
2 5 0 250 09F0EB1C 0390171A 4
2 5 0 251 F3E032DB FAA4EEC3 4
2 5 0 252 0D2E673E FCBDF52D 4
2 5 0 253 FDB101AC 074B9E75 4
2 5 0 254 F89F13CD 08B852A9 4
2 5 0 255 09639136 F5EE7FE6 4
2 5 0 256 F633A953 0A4E44B2 4
2 5 0 257 01BB2AFF F85B589F 4
2 5 0 258 07551BD0 F9442764 4
2 5 0 259 001F3228 0EB61CED 4
2 5 0 260 0DC4BB79 FC7C0FF8 4
2 5 0 261 F97DA908 FC3C7172 4
2 5 0 262 F590902E 012726A4 4
2 5 0 263 062CDFBB F212CE8D 4
2 5 0 264 0A5C60C4 04420219 4
2 5 0 265 FED53866 FD631C04 4
2 5 0 266 0037B238 0D19BB37 4
2 5 0 267 F4E04BE7 FC286A39 4
2 5 0 268 F575C8B8 F556926E 4
2 5 0 269 F2F5195F 06B3CF51 4
2 5 0 270 FAF3F546 EF71EFBA 4
2 5 0 271 FB61AF3B F612DCD1 4
2 5 0 272 02018F60 06C417EE 4
2 5 0 273 0115B9BD F01303AF 4
2 5 0 274 0C03A9F2 F6360BB9 4
2 5 0 275 FEAADFAE EB76C1DF 4
2 5 0 276 FE2B59E6 F41CA51C 4
2 5 0 277 FFBD4747 EAFC3DB8 4
2 5 0 278 0A258FDA F631CDFB 4
2 5 0 279 F73881B2 020E3F8A 4
2 5 0 280 0549BE19 07869ABF 4
2 5 0 281 0B5FBA48 F4811F4E 4
2 5 0 282 FB79418F 0003EBB1 4
2 5 0 283 0FDDA2F2 05421A31 4
2 5 0 284 0246C90D 076AEEB7 4
2 5 0 285 00B8E1EE FBE3240D 4
2 5 0 286 00E5DE09 FCA80AA1 4
2 5 0 287 0B7CE897 0140E8FC 4
2 5 0 288 FF3EEE4E FEB2E571 4
2 5 0 289 FD2F44FD 0C6EE6B2 4
2 5 0 290 0E34E3BB 06B0A8CE 4
2 5 0 291 F14EDA9F 071DC614 4
2 5 0 292 07DF62A9 F48C077A 4
2 5 0 293 FA5FD168 02E50109 4
2 5 0 294 F210394E F8BE76CE 4
2 5 0 295 017585EC FC9C465E 4
2 5 0 296 02F018B5 FA1DC599 4
2 5 0 297 F2D31BD0 09811B20 4
2 5 0 298 13525130 FF92F833 4
2 5 0 299 FF013DB8 F17F9325 4
2 5 0 300 0760833B FFC9275C 4
2 5 0 301 F01E467F 0173B97B 4
2 5 0 302 095C5907 FEEEBBCD 4
2 5 0 303 F6C80555 01A79A1A 4
2 5 0 304 FBE4A15C 098C56D6 4
2 5 0 305 FABB16BD F0BFEC2B 4
2 5 0 306 0257443E 0331D8A8 4
2 5 0 307 F1B6BE10 02952959 4
2 5 0 308 05982519 F42E7F33 4
2 5 0 309 EFFF3246 FC28DAE4 4
2 5 0 310 EA1811EC 03B69DF5 4
2 5 0 311 05D5D301 F6929CBC 4
2 5 0 312 F432AC9F 0776C60B 4
2 5 0 313 F1901C34 085B17FD 4
2 5 0 314 096D19AA F1EC20DB 4
2 5 0 315 F517B895 F2E9C653 4
2 5 0 316 FFDDA83B F74D4888 4
2 5 0 317 F5EF1F65 F273C1A0 4
2 5 0 318 0E1E5CAF 051D1BD8 4
2 5 0 319 002EAC8F 0A2C66DB 4
2 5 0 320 094FD64B FF6DA785 4
2 5 0 321 0304503C FA35227F 4
2 5 0 322 EE3D5D9B 03955001 4
2 5 0 323 1297D207 FECF32A5 4
2 5 0 324 F9A2E793 0563480B 4
2 5 0 325 05ED4F76 05623707 4
2 5 0 326 12E26069 FCC00438 4
2 5 0 327 FB3C93D2 F2E07234 4
2 5 0 328 02047C22 0F29D6C4 4
2 5 0 329 0107DE15 FE80B438 4
2 5 0 330 FE2D9DBB 0CDB1435 4
2 5 0 331 F3E217A1 FC135968 4
2 5 0 332 04242788 F896C523 4
2 5 0 333 0EF72B93 FF25208C 4
2 5 0 334 F9F42CA4 051B5EFE 4
2 5 0 335 FC1B60B5 E9932FCD 4
2 5 0 336 FF29E012 02B44CD7 4
2 5 0 337 06564973 00EC5090 4
2 5 0 338 01810E59 09175B44 4
2 5 0 339 F4B3B5AA 0D010E92 4
2 5 0 340 FC22DC41 F1DD741C 4
2 5 0 341 111C34AF FD01CA63 4
2 5 0 342 F7247FBC 0D3A75A0 4
2 5 0 343 F3DA9AE1 080FDFFE 4
2 5 0 344 FA5C7083 F3AF0A82 4
2 5 0 345 EFC8BF1C FE451503 4
2 5 0 346 069695EE 0B4461EB 4
2 5 0 347 044F1916 0A6FDBA0 4
2 5 0 348 0298F422 F5D6F81F 4
2 5 0 349 0DFC8577 0271C012 4
2 5 0 350 03E5CA45 FE40FA5D 4
2 5 0 351 F826FB96 056C6D91 4
2 5 0 352 FD948168 FBC1825A 4
2 5 0 353 028D264F F9C5897F 4
2 5 0 354 FE39277A F6C589F5 4
2 5 0 355 0B57471E F8A5CF7C 4
2 5 0 356 F04463F7 FC8F47EF 4
2 5 0 357 EE89E9A1 070ABD47 4
2 5 0 358 F6B62773 04EC2AF1 4
2 5 0 359 0A621F1C FE93A4B4 4
2 5 0 360 FE0C2674 0E629B31 4
2 5 0 361 00A55ACE 0E7B3F89 4
2 5 0 362 0EF3DD66 00D7FA31 4
2 5 0 363 0512A245 154294F0 4
2 5 0 364 0ADD06A1 F4163A06 4
2 5 0 365 F9B8AA23 0CE1FEFB 4
2 5 0 366 EE952575 04F8366B 4
2 5 0 367 132DFC6F F6798070 4
2 5 0 368 0FF1ADFB 0102BD24 4
2 5 0 369 F729C499 F9A75EE0 4
2 5 0 370 020CA682 002F690A 4
2 5 0 371 040CF2FF 110FAE17 4
2 5 0 372 022D103E FA158942 4
2 5 0 373 0D470A53 08ED0B8B 4
2 5 0 374 FED869F7 FF30FAA3 4
2 5 0 375 FE0B183E 068D3E12 4
2 5 0 376 0554B9BB F496364D 4
2 5 0 377 F69D3EC9 F18AF164 4
2 5 0 378 063E92C5 0C397BA2 4
2 5 0 379 0D36ECEF FA197EEB 4
2 5 0 380 F66897B7 08BFAAFE 4
2 5 0 381 FBBE696C FE935B5E 4
2 5 0 382 FB496936 13A4C5F2 4
2 5 0 383 085B5D2E 097B6C90 4
2 5 0 384 FB0D4018 04FC6990 4
2 5 0 385 102C7D73 FA1F1B41 4
2 5 0 386 0AAE9D21 FC5D8744 4
2 5 0 387 F2088BF8 FBADEC3D 4
2 5 0 388 FC78CA9C 0C0FD79C 4
2 5 0 389 08CA799C FFD54050 4
2 5 0 390 F60C19D1 FFC159FD 4
2 5 0 391 0114D7AE 05D32AAB 4
2 5 0 392 FF9989CA FD1F1064 4
2 5 0 393 04C8EAAD 06A1C7F7 4
2 5 0 394 0313F3F6 0A7C2236 4
2 5 0 395 FFAFF858 F68F2808 4
2 5 0 396 F2796898 FF7BA684 4
2 5 0 397 06E74F5B 058730C7 4
2 5 0 398 F6998063 02428081 4
2 5 0 399 FA891217 FE98A1C9 4
2 5 0 400 F165E971 01CF536A 4
2 5 0 401 EEF07247 FD911FE6 4
2 5 0 402 0764536B 077624F9 4
2 5 0 403 F9565A50 0E8A0F10 4
2 5 0 404 07BC74F7 FD7FCFF4 4
2 5 0 405 1253AB04 F91B5DE9 4
2 5 0 406 02F20828 F9D145B5 4
2 5 0 407 082C5981 0AEC94B4 4
2 5 0 408 F85F3C89 F576BDBD 4
2 5 0 409 01458AB4 F33A214A 4
2 5 0 410 0C4EC853 F8180725 4
2 5 0 411 F3288B3F 0BAB29CF 4
2 5 0 412 019045AD FC9F95A9 4
2 5 0 413 04DF78FA FD81583D 4
2 5 0 414 FB68963E F0A4D131 4
2 5 0 415 0E660426 FDB10D26 4
2 5 0 416 F637FAF0 0DA3E662 4
2 5 0 417 F9376B79 F0FA4FC7 4
2 5 0 418 F7DAE4CB 0812E4B2 4
2 5 0 419 04B7C0FE FD25E9B3 4
2 5 0 420 0E9368DB F14CE947 4
2 5 0 421 FD81E5CE F9DF73F7 4
2 5 0 422 F8ABDA1B FD513937 4
2 5 0 423 FFE13E30 F2475AEE 4
2 5 0 424 0AF4ADDF 096F2D04 4
2 5 0 425 FA62FBF7 017BC4B6 4
2 5 0 426 FF694177 0884414A 4
2 5 0 427 EF9EEBFD FDFC2EDB 4
2 5 0 428 FBC91FAA FD5232F6 4
2 5 0 429 0DBBDB7F FD384E41 4
2 5 0 430 08F5B5E4 F739A090 4
2 5 0 431 083113BF F0DFFACC 4
2 5 0 432 15339485 F24E0921 4
2 5 0 433 F6273178 F6BFCEE7 4
2 5 0 434 03DC104A 04D6B72D 4
2 5 0 435 F56F2D3A EC1BF952 4
2 5 0 436 F7A3A6BB F184BE07 4
2 5 0 437 06165D9B F5E6D8A7 4
2 5 0 438 05D8936F FF4A0267 4
2 5 0 439 05030CD7 0473095D 4
2 5 0 440 07841A9C FB1CA35A 4
2 5 0 441 FFAF803C 0A7B56EC 4
2 5 0 442 0596DECF F1EEF2AE 4
2 5 0 443 FFF6EB26 00913290 4
2 5 0 444 0C863186 FDE6CBCD 4
2 5 0 445 FDF45C18 F86C89FD 4
2 5 0 446 F7F6D5E5 F5EDD47F 4
2 5 0 447 0BD8BD05 01341193 4
2 5 0 448 F99415BF F6302827 4
2 5 0 449 F872440C 0D5ADB69 4
2 5 0 450 085F156C 088998CD 4
2 5 0 451 100B9B52 12C89FF3 4
2 5 0 452 0364C355 10C17120 4
2 5 0 453 FF548C82 F04F5F34 4
2 5 0 454 035BE1C0 0C582CF3 4
2 5 0 455 FA4B2711 03D8A13F 4
2 5 0 456 FE19CC31 F4F358C8 4
2 5 0 457 F74F8831 14DA0D5F 4
2 5 0 458 0A5D7E32 FD030A14 4
2 5 0 459 EF2D806B FF7947BF 4
2 5 0 460 04781BAD FFF70603 4
2 5 0 461 F7FDFE40 FE30A615 4
2 5 0 462 F649C04A 0E8F1197 4
2 5 0 463 F971C65D 0F749509 4
2 5 0 464 FC68F0DB FC164256 4
2 5 0 465 066AC029 FC5724A9 4
2 5 0 466 FCEABB51 0C3669A4 4
2 5 0 467 F3B47BD5 FBA97241 4
2 5 0 468 ED03A4FD 0E8D8406 4
2 5 0 469 F4CF7AF5 065363E6 4
2 5 0 470 FF8B8A1F 1204A04F 4
2 5 0 471 FBB396B5 FA7A3D62 4
2 5 0 472 039AE039 F01A5511 4
2 5 0 473 049F4DED F599EEEB 4
2 5 0 474 06B89CD8 001B506A 4
2 5 0 475 F2F9B816 FA70AD9C 4
2 5 0 476 F5C453C1 1209595E 4
2 5 0 477 FDDA27F7 FE9F3426 4
2 5 0 478 11363EC1 FBF79D57 4
2 5 0 479 F3C20F9E 133EEE2B 4
2 5 0 480 0FBE5A5C F833B453 4
2 5 0 481 005D9E41 F6CD4723 4
2 5 0 482 037FDD20 F8D504D5 4
2 5 0 483 F3DB30D8 027C93EA 4
2 5 0 484 FCC8BB9B 0124E2BC 4
2 5 0 485 F4885872 FE3415E1 4
2 5 0 486 02E51009 003D660A 4
2 5 0 487 127C5D0A 1705DC55 4
2 5 0 488 FBAE387E FDADBA94 4
2 5 0 489 064998A0 FDF0FA5F 4
2 5 0 490 02240F84 01CD1E6C 4
2 5 0 491 08560DDA 0741994F 4
2 5 0 492 013C22B9 0D438B87 4
2 5 0 493 092208A5 07E43AA5 4
2 5 0 494 109DCCA1 FE481DE1 4
2 5 0 495 092C0C2E 0DF1064C 4
2 5 0 496 FF77AF35 07595159 4
2 5 0 497 FA29368F 05D3218E 4
2 5 0 498 EEB8329E 1358AB57 4
2 5 0 499 04D1D3DD 055A5EDC 4
2 5 0 500 F84EF45A F2EB42CF 4
2 5 0 501 05C5EDBC 0B53DBFC 4
2 5 0 502 062FDB42 06C0D476 4
2 5 0 503 018FD917 FA368C1A 4
2 5 0 504 03F45167 00003D84 4
2 5 0 505 0A202491 0945E891 4
2 5 0 506 F8AD3CDD F6AAF39C 4
2 5 0 507 FF79FA90 0C65B7C4 4
2 5 0 508 FEA84425 09C05725 4
2 5 0 509 0264BB3C 0DB845CE 4
2 5 0 510 00CD2E1C 021EF643 4
2 5 0 511 03B5462A FEF94051 4
