1 0 1 0 0 1 00000000 00000000 00000000 00000000
1 0 1 1 2 3 00000000 00000000 00000000 00000000
1 0 1 2 4 5 00000000 00000000 00000000 00000000
1 0 1 3 6 7 00000000 00000000 00000000 00000000
1 0 1 4 8 9 00000000 00000000 00000000 00000000
1 0 1 5 10 11 00000000 00000000 00000000 00000000
1 0 1 6 12 13 00000000 00000000 00000000 00000000
1 0 1 7 14 15 00000000 00000000 00000000 00000000
1 0 1 8 16 17 00000000 00000000 00000000 00000000
1 0 1 9 18 19 00000000 00000000 00000000 00000000
1 0 1 10 20 21 00000000 00000000 00000000 00000000
1 0 1 11 22 23 00000000 00000000 00000000 00000000
1 0 1 12 24 25 00000000 00000000 00000000 00000000
1 0 1 13 26 27 00000000 00000000 00000000 00000000
1 0 1 14 28 29 00000000 00000000 00000000 00000000
1 0 1 15 30 31 00000000 00000000 00000000 00000000
1 0 1 16 32 33 00000000 00000000 00000000 00000000
1 0 1 17 34 35 00000000 00000000 00000000 00000000
1 0 1 18 36 37 00000000 00000000 00000000 00000000
1 0 1 19 38 39 00000000 00000000 00000000 00000000
1 0 1 20 40 41 00000000 00000000 00000000 00000000
1 0 1 21 42 43 00000000 00000000 00000000 00000000
1 0 1 22 44 45 00000000 00000000 00000000 00000000
1 0 1 23 46 47 00000000 00000000 00000000 00000000
1 0 1 24 48 49 00000000 00000000 00000000 00000000
1 0 1 25 50 51 00000000 00000000 00000000 00000000
1 0 1 26 52 53 00000000 00000000 00000000 00000000
1 0 1 27 54 55 00000000 00000000 00000000 00000000
1 0 1 28 56 57 00000000 00000000 00000000 00000000
1 0 1 29 58 59 00000000 00000000 00000000 00000000
1 0 1 30 60 61 00000000 00000000 00000000 00000000
1 0 1 31 62 63 00000000 00000000 00000000 00000000
1 0 1 32 64 65 00000000 00000000 00000000 00000000
1 0 1 33 66 67 00000000 00000000 00000000 00000000
1 0 1 34 68 69 00000000 00000000 00000000 00000000
1 0 1 35 70 71 00000000 00000000 00000000 00000000
1 0 1 36 72 73 00000000 00000000 00000000 00000000
1 0 1 37 74 75 00000000 00000000 00000000 00000000
1 0 1 38 76 77 00000000 00000000 00000000 00000000
1 0 1 39 78 79 00000000 00000000 00000000 00000000
1 0 1 40 80 81 00000000 00000000 00000000 00000000
1 0 1 41 82 83 00000000 00000000 00000000 00000000
1 0 1 42 84 85 00000000 00000000 00000000 00000000
1 0 1 43 86 87 00000000 00000000 00000000 00000000
1 0 1 44 88 89 00000000 00000000 00000000 00000000
1 0 1 45 90 91 00000000 00000000 00000000 00000000
1 0 1 46 92 93 00000000 00000000 00000000 00000000
1 0 1 47 94 95 00000000 00000000 00000000 00000000
1 0 1 48 96 97 00000000 00000000 00000000 00000000
1 0 1 49 98 99 00000000 00000000 00000000 00000000
1 0 1 50 100 101 00000000 00000000 00000000 00000000
1 0 1 51 102 103 00000000 00000000 00000000 00000000
1 0 1 52 104 105 00000000 00000000 00000000 00000000
1 0 1 53 106 107 00000000 00000000 00000000 00000000
1 0 1 54 108 109 00000000 00000000 00000000 00000000
1 0 1 55 110 111 00000000 00000000 00000000 00000000
1 0 1 56 112 113 00000000 00000000 00000000 00000000
1 0 1 57 114 115 00000000 00000000 00000000 00000000
1 0 1 58 116 117 00000000 00000000 00000000 00000000
1 0 1 59 118 119 00000000 00000000 00000000 00000000
1 0 1 60 120 121 00000000 00000000 00000000 00000000
1 0 1 61 122 123 00000000 00000000 00000000 00000000
1 0 1 62 124 125 00000000 00000000 00000000 00000000
1 0 1 63 126 127 00000000 00000000 00000000 00000000
1 0 1 64 128 129 00000000 00000000 00000000 00000000
1 0 1 65 130 131 00000000 00000000 00000000 00000000
1 0 1 66 132 133 00000000 00000000 00000000 00000000
1 0 1 67 134 135 00000000 00000000 00000000 00000000
1 0 1 68 136 137 00000000 00000000 00000000 00000000
1 0 1 69 138 139 00000000 00000000 00000000 00000000
1 0 1 70 140 141 00000000 00000000 00000000 00000000
1 0 1 71 142 143 00000000 00000000 00000000 00000000
1 0 1 72 144 145 00000000 00000000 00000000 00000000
1 0 1 73 146 147 00000000 00000000 00000000 00000000
1 0 1 74 148 149 00000000 00000000 00000000 00000000
1 0 1 75 150 151 00000000 00000000 00000000 00000000
1 0 1 76 152 153 00000000 00000000 00000000 00000000
1 0 1 77 154 155 00000000 00000000 00000000 00000000
1 0 1 78 156 157 00000000 00000000 00000000 00000000
1 0 1 79 158 159 00000000 00000000 00000000 00000000
1 0 1 80 160 161 00000000 00000000 00000000 00000000
1 0 1 81 162 163 00000000 00000000 00000000 00000000
1 0 1 82 164 165 00000000 00000000 00000000 00000000
1 0 1 83 166 167 00000000 00000000 00000000 00000000
1 0 1 84 168 169 00000000 00000000 00000000 00000000
1 0 1 85 170 171 00000000 00000000 00000000 00000000
1 0 1 86 172 173 00000000 00000000 00000000 00000000
1 0 1 87 174 175 00000000 00000000 00000000 00000000
1 0 1 88 176 177 00000000 00000000 00000000 00000000
1 0 1 89 178 179 00000000 00000000 00000000 00000000
1 0 1 90 180 181 00000000 00000000 00000000 00000000
1 0 1 91 182 183 00000000 00000000 00000000 00000000
1 0 1 92 184 185 00000000 00000000 00000000 00000000
1 0 1 93 186 187 00000000 00000000 00000000 00000000
1 0 1 94 188 189 00000000 00000000 00000000 00000000
1 0 1 95 190 191 00000000 00000000 00000000 00000000
1 0 1 96 192 193 00000000 00000000 00000000 00000000
1 0 1 97 194 195 00000000 00000000 00000000 00000000
1 0 1 98 196 197 00000000 00000000 00000000 00000000
1 0 1 99 198 199 00000000 00000000 00000000 00000000
1 0 1 100 200 201 00000000 00000000 00000000 00000000
1 0 1 101 202 203 00000000 00000000 00000000 00000000
1 0 1 102 204 205 00000000 00000000 00000000 00000000
1 0 1 103 206 207 00000000 00000000 00000000 00000000
1 0 1 104 208 209 00000000 00000000 00000000 00000000
1 0 1 105 210 211 00000000 00000000 00000000 00000000
1 0 1 106 212 213 00000000 00000000 00000000 00000000
1 0 1 107 214 215 00000000 00000000 00000000 00000000
1 0 1 108 216 217 00000000 00000000 00000000 00000000
1 0 1 109 218 219 00000000 00000000 00000000 00000000
1 0 1 110 220 221 00000000 00000000 00000000 00000000
1 0 1 111 222 223 00000000 00000000 00000000 00000000
1 0 1 112 224 225 00000000 00000000 00000000 00000000
1 0 1 113 226 227 00000000 00000000 00000000 00000000
1 0 1 114 228 229 00000000 00000000 00000000 00000000
1 0 1 115 230 231 00000000 00000000 00000000 00000000
1 0 1 116 232 233 00000000 00000000 00000000 00000000
1 0 1 117 234 235 00000000 00000000 00000000 00000000
1 0 1 118 236 237 00000000 00000000 00000000 00000000
1 0 1 119 238 239 00000000 00000000 00000000 00000000
1 0 1 120 240 241 00000000 00000000 00000000 00000000
1 0 1 121 242 243 00000000 00000000 00000000 00000000
1 0 1 122 244 245 00000000 00000000 00000000 00000000
1 0 1 123 246 247 00000000 00000000 00000000 00000000
1 0 1 124 248 249 00000000 00000000 00000000 00000000
1 0 1 125 250 251 00000000 00000000 00000000 00000000
1 0 1 126 252 253 00000000 00000000 00000000 00000000
1 0 1 127 254 255 00000000 00000000 00000000 00000000
1 0 1 128 256 257 00000000 00000000 00000000 00000000
1 0 1 129 258 259 00000000 00000000 00000000 00000000
1 0 1 130 260 261 00000000 00000000 00000000 00000000
1 0 1 131 262 263 00000000 00000000 00000000 00000000
1 0 1 132 264 265 00000000 00000000 00000000 00000000
1 0 1 133 266 267 00000000 00000000 00000000 00000000
1 0 1 134 268 269 00000000 00000000 00000000 00000000
1 0 1 135 270 271 00000000 00000000 00000000 00000000
1 0 1 136 272 273 00000000 00000000 00000000 00000000
1 0 1 137 274 275 00000000 00000000 00000000 00000000
1 0 1 138 276 277 00000000 00000000 00000000 00000000
1 0 1 139 278 279 00000000 00000000 00000000 00000000
1 0 1 140 280 281 00000000 00000000 00000000 00000000
1 0 1 141 282 283 00000000 00000000 00000000 00000000
1 0 1 142 284 285 00000000 00000000 00000000 00000000
1 0 1 143 286 287 00000000 00000000 00000000 00000000
1 0 1 144 288 289 00000000 00000000 00000000 00000000
1 0 1 145 290 291 00000000 00000000 00000000 00000000
1 0 1 146 292 293 00000000 00000000 00000000 00000000
1 0 1 147 294 295 00000000 00000000 00000000 00000000
1 0 1 148 296 297 00000000 00000000 00000000 00000000
1 0 1 149 298 299 00000000 00000000 00000000 00000000
1 0 1 150 300 301 00000000 00000000 00000000 00000000
1 0 1 151 302 303 00000000 00000000 00000000 00000000
1 0 1 152 304 305 00000000 00000000 00000000 00000000
1 0 1 153 306 307 00000000 00000000 00000000 00000000
1 0 1 154 308 309 00000000 00000000 00000000 00000000
1 0 1 155 310 311 00000000 00000000 00000000 00000000
1 0 1 156 312 313 00000000 00000000 00000000 00000000
1 0 1 157 314 315 00000000 00000000 00000000 00000000
1 0 1 158 316 317 00000000 00000000 00000000 00000000
1 0 1 159 318 319 00000000 00000000 00000000 00000000
1 0 1 160 320 321 00000000 00000000 00000000 00000000
1 0 1 161 322 323 00000000 00000000 00000000 00000000
1 0 1 162 324 325 00000000 00000000 00000000 00000000
1 0 1 163 326 327 00000000 00000000 00000000 00000000
1 0 1 164 328 329 00000000 00000000 00000000 00000000
1 0 1 165 330 331 00000000 00000000 00000000 00000000
1 0 1 166 332 333 00000000 00000000 00000000 00000000
1 0 1 167 334 335 00000000 00000000 00000000 00000000
1 0 1 168 336 337 00000000 00000000 00000000 00000000
1 0 1 169 338 339 00000000 00000000 00000000 00000000
1 0 1 170 340 341 00000000 00000000 00000000 00000000
1 0 1 171 342 343 00000000 00000000 00000000 00000000
1 0 1 172 344 345 00000000 00000000 00000000 00000000
1 0 1 173 346 347 00000000 00000000 00000000 00000000
1 0 1 174 348 349 00000000 00000000 00000000 00000000
1 0 1 175 350 351 00000000 00000000 00000000 00000000
1 0 1 176 352 353 00000000 00000000 00000000 00000000
1 0 1 177 354 355 00000000 00000000 00000000 00000000
1 0 1 178 356 357 00000000 00000000 00000000 00000000
1 0 1 179 358 359 00000000 00000000 00000000 00000000
1 0 1 180 360 361 00000000 00000000 00000000 00000000
1 0 1 181 362 363 00000000 00000000 00000000 00000000
1 0 1 182 364 365 00000000 00000000 00000000 00000000
1 0 1 183 366 367 00000000 00000000 00000000 00000000
1 0 1 184 368 369 00000000 00000000 00000000 00000000
1 0 1 185 370 371 00000000 00000000 00000000 00000000
1 0 1 186 372 373 00000000 00000000 00000000 00000000
1 0 1 187 374 375 00000000 00000000 00000000 00000000
1 0 1 188 376 377 00000000 00000000 00000000 00000000
1 0 1 189 378 379 00000000 00000000 00000000 00000000
1 0 1 190 380 381 00000000 00000000 00000000 00000000
1 0 1 191 382 383 00000000 00000000 00000000 00000000
1 0 1 192 384 385 00000000 00000000 00000000 00000000
1 0 1 193 386 387 00000000 00000000 00000000 00000000
1 0 1 194 388 389 00000000 00000000 00000000 00000000
1 0 1 195 390 391 00000000 00000000 00000000 00000000
1 0 1 196 392 393 00000000 00000000 00000000 00000000
1 0 1 197 394 395 00000000 00000000 00000000 00000000
1 0 1 198 396 397 00000000 00000000 00000000 00000000
1 0 1 199 398 399 00000000 00000000 00000000 00000000
1 0 1 200 400 401 00000000 00000000 00000000 00000000
1 0 1 201 402 403 00000000 00000000 00000000 00000000
1 0 1 202 404 405 00000000 00000000 00000000 00000000
1 0 1 203 406 407 00000000 00000000 00000000 00000000
1 0 1 204 408 409 00000000 00000000 00000000 00000000
1 0 1 205 410 411 00000000 00000000 00000000 00000000
1 0 1 206 412 413 00000000 00000000 00000000 00000000
1 0 1 207 414 415 00000000 00000000 00000000 00000000
1 0 1 208 416 417 00000000 00000000 00000000 00000000
1 0 1 209 418 419 00000000 00000000 00000000 00000000
1 0 1 210 420 421 00000000 00000000 00000000 00000000
1 0 1 211 422 423 00000000 00000000 00000000 00000000
1 0 1 212 424 425 00000000 00000000 00000000 00000000
1 0 1 213 426 427 00000000 00000000 00000000 00000000
1 0 1 214 428 429 00000000 00000000 00000000 00000000
1 0 1 215 430 431 00000000 00000000 00000000 00000000
1 0 1 216 432 433 00000000 00000000 00000000 00000000
1 0 1 217 434 435 00000000 00000000 00000000 00000000
1 0 1 218 436 437 00000000 00000000 00000000 00000000
1 0 1 219 438 439 00000000 00000000 00000000 00000000
1 0 1 220 440 441 00000000 00000000 00000000 00000000
1 0 1 221 442 443 00000000 00000000 00000000 00000000
1 0 1 222 444 445 00000000 00000000 00000000 00000000
1 0 1 223 446 447 00000000 00000000 00000000 00000000
1 0 1 224 448 449 00000000 00000000 00000000 00000000
1 0 1 225 450 451 00000000 00000000 00000000 00000000
1 0 1 226 452 453 00000000 00000000 00000000 00000000
1 0 1 227 454 455 00000000 00000000 00000000 00000000
1 0 1 228 456 457 00000000 00000000 00000000 00000000
1 0 1 229 458 459 00000000 00000000 00000000 00000000
1 0 1 230 460 461 00000000 00000000 00000000 00000000
1 0 1 231 462 463 00000000 00000000 00000000 00000000
1 0 1 232 464 465 00000000 00000000 00000000 00000000
1 0 1 233 466 467 00000000 00000000 00000000 00000000
1 0 1 234 468 469 00000000 00000000 00000000 00000000
1 0 1 235 470 471 00000000 00000000 00000000 00000000
1 0 1 236 472 473 00000000 00000000 00000000 00000000
1 0 1 237 474 475 00000000 00000000 00000000 00000000
1 0 1 238 476 477 00000000 00000000 00000000 00000000
1 0 1 239 478 479 00000000 00000000 00000000 00000000
1 0 1 240 480 481 00000000 00000000 00000000 00000000
1 0 1 241 482 483 00000000 00000000 00000000 00000000
1 0 1 242 484 485 00000000 00000000 00000000 00000000
1 0 1 243 486 487 00000000 00000000 00000000 00000000
1 0 1 244 488 489 00000000 00000000 00000000 00000000
1 0 1 245 490 491 00000000 00000000 00000000 00000000
1 0 1 246 492 493 00000000 00000000 00000000 00000000
1 0 1 247 494 495 00000000 00000000 00000000 00000000
1 0 1 248 496 497 00000000 00000000 00000000 00000000
1 0 1 249 498 499 00000000 00000000 00000000 00000000
1 0 1 250 500 501 00000000 00000000 00000000 00000000
1 0 1 251 502 503 00000000 00000000 00000000 00000000
1 0 1 252 504 505 00000000 00000000 00000000 00000000
1 0 1 253 506 507 00000000 00000000 00000000 00000000
1 0 1 254 508 509 00000000 00000000 00000000 00000000
1 0 1 255 510 511 00000000 00000000 00000000 00000000
1 0 2 0 0 2 00000000 00000000 00000000 00000000
1 0 2 1 1 3 00000000 00000000 00000000 00000000
1 0 2 2 4 6 00000000 00000000 00000000 00000000
1 0 2 3 5 7 00000000 00000000 00000000 00000000
1 0 2 4 8 10 00000000 00000000 00000000 00000000
1 0 2 5 9 11 00000000 00000000 00000000 00000000
1 0 2 6 12 14 00000000 00000000 00000000 00000000
1 0 2 7 13 15 00000000 00000000 00000000 00000000
1 0 2 8 16 18 00000000 00000000 00000000 00000000
1 0 2 9 17 19 00000000 00000000 00000000 00000000
1 0 2 10 20 22 00000000 00000000 00000000 00000000
1 0 2 11 21 23 00000000 00000000 00000000 00000000
1 0 2 12 24 26 00000000 00000000 00000000 00000000
1 0 2 13 25 27 00000000 00000000 00000000 00000000
1 0 2 14 28 30 00000000 00000000 00000000 00000000
1 0 2 15 29 31 00000000 00000000 00000000 00000000
1 0 2 16 32 34 00000000 00000000 00000000 00000000
1 0 2 17 33 35 00000000 00000000 00000000 00000000
1 0 2 18 36 38 00000000 00000000 00000000 00000000
1 0 2 19 37 39 00000000 00000000 00000000 00000000
1 0 2 20 40 42 00000000 00000000 00000000 00000000
1 0 2 21 41 43 00000000 00000000 00000000 00000000
1 0 2 22 44 46 00000000 00000000 00000000 00000000
1 0 2 23 45 47 00000000 00000000 00000000 00000000
1 0 2 24 48 50 00000000 00000000 00000000 00000000
1 0 2 25 49 51 00000000 00000000 00000000 00000000
1 0 2 26 52 54 00000000 00000000 00000000 00000000
1 0 2 27 53 55 00000000 00000000 00000000 00000000
1 0 2 28 56 58 00000000 00000000 00000000 00000000
1 0 2 29 57 59 00000000 00000000 00000000 00000000
1 0 2 30 60 62 00000000 00000000 00000000 00000000
1 0 2 31 61 63 00000000 00000000 00000000 00000000
1 0 2 32 64 66 00000000 00000000 00000000 00000000
1 0 2 33 65 67 00000000 00000000 00000000 00000000
1 0 2 34 68 70 00000000 00000000 00000000 00000000
1 0 2 35 69 71 00000000 00000000 00000000 00000000
1 0 2 36 72 74 00000000 00000000 00000000 00000000
1 0 2 37 73 75 00000000 00000000 00000000 00000000
1 0 2 38 76 78 00000000 00000000 00000000 00000000
1 0 2 39 77 79 00000000 00000000 00000000 00000000
1 0 2 40 80 82 00000000 00000000 00000000 00000000
1 0 2 41 81 83 00000000 00000000 00000000 00000000
1 0 2 42 84 86 00000000 00000000 00000000 00000000
1 0 2 43 85 87 00000000 00000000 00000000 00000000
1 0 2 44 88 90 00000000 00000000 00000000 00000000
1 0 2 45 89 91 00000000 00000000 00000000 00000000
1 0 2 46 92 94 00000000 00000000 00000000 00000000
1 0 2 47 93 95 00000000 00000000 00000000 00000000
1 0 2 48 96 98 00000000 00000000 00000000 00000000
1 0 2 49 97 99 00000000 00000000 00000000 00000000
1 0 2 50 100 102 00000000 00000000 00000000 00000000
1 0 2 51 101 103 00000000 00000000 00000000 00000000
1 0 2 52 104 106 00000000 00000000 00000000 00000000
1 0 2 53 105 107 00000000 00000000 00000000 00000000
1 0 2 54 108 110 00000000 00000000 00000000 00000000
1 0 2 55 109 111 00000000 00000000 00000000 00000000
1 0 2 56 112 114 00000000 00000000 00000000 00000000
1 0 2 57 113 115 00000000 00000000 00000000 00000000
1 0 2 58 116 118 00000000 00000000 00000000 00000000
1 0 2 59 117 119 00000000 00000000 00000000 00000000
1 0 2 60 120 122 00000000 00000000 00000000 00000000
1 0 2 61 121 123 00000000 00000000 00000000 00000000
1 0 2 62 124 126 00000000 00000000 00000000 00000000
1 0 2 63 125 127 00000000 00000000 00000000 00000000
1 0 2 64 128 130 00000000 00000000 00000000 00000000
1 0 2 65 129 131 00000000 00000000 00000000 00000000
1 0 2 66 132 134 00000000 00000000 00000000 00000000
1 0 2 67 133 135 00000000 00000000 00000000 00000000
1 0 2 68 136 138 00000000 00000000 00000000 00000000
1 0 2 69 137 139 00000000 00000000 00000000 00000000
1 0 2 70 140 142 00000000 00000000 00000000 00000000
1 0 2 71 141 143 00000000 00000000 00000000 00000000
1 0 2 72 144 146 00000000 00000000 00000000 00000000
1 0 2 73 145 147 00000000 00000000 00000000 00000000
1 0 2 74 148 150 00000000 00000000 00000000 00000000
1 0 2 75 149 151 00000000 00000000 00000000 00000000
1 0 2 76 152 154 00000000 00000000 00000000 00000000
1 0 2 77 153 155 00000000 00000000 00000000 00000000
1 0 2 78 156 158 00000000 00000000 00000000 00000000
1 0 2 79 157 159 00000000 00000000 00000000 00000000
1 0 2 80 160 162 00000000 00000000 00000000 00000000
1 0 2 81 161 163 00000000 00000000 00000000 00000000
1 0 2 82 164 166 00000000 00000000 00000000 00000000
1 0 2 83 165 167 00000000 00000000 00000000 00000000
1 0 2 84 168 170 00000000 00000000 00000000 00000000
1 0 2 85 169 171 00000000 00000000 00000000 00000000
1 0 2 86 172 174 00000000 00000000 00000000 00000000
1 0 2 87 173 175 00000000 00000000 00000000 00000000
1 0 2 88 176 178 00000000 00000000 00000000 00000000
1 0 2 89 177 179 00000000 00000000 00000000 00000000
1 0 2 90 180 182 00000000 00000000 00000000 00000000
1 0 2 91 181 183 00000000 00000000 00000000 00000000
1 0 2 92 184 186 00000000 00000000 00000000 00000000
1 0 2 93 185 187 00000000 00000000 00000000 00000000
1 0 2 94 188 190 00000000 00000000 00000000 00000000
1 0 2 95 189 191 00000000 00000000 00000000 00000000
1 0 2 96 192 194 00000000 00000000 00000000 00000000
1 0 2 97 193 195 00000000 00000000 00000000 00000000
1 0 2 98 196 198 00000000 00000000 00000000 00000000
1 0 2 99 197 199 00000000 00000000 00000000 00000000
1 0 2 100 200 202 00000000 00000000 00000000 00000000
1 0 2 101 201 203 00000000 00000000 00000000 00000000
1 0 2 102 204 206 00000000 00000000 00000000 00000000
1 0 2 103 205 207 00000000 00000000 00000000 00000000
1 0 2 104 208 210 00000000 00000000 00000000 00000000
1 0 2 105 209 211 00000000 00000000 00000000 00000000
1 0 2 106 212 214 00000000 00000000 00000000 00000000
1 0 2 107 213 215 00000000 00000000 00000000 00000000
1 0 2 108 216 218 00000000 00000000 00000000 00000000
1 0 2 109 217 219 00000000 00000000 00000000 00000000
1 0 2 110 220 222 00000000 00000000 00000000 00000000
1 0 2 111 221 223 00000000 00000000 00000000 00000000
1 0 2 112 224 226 00000000 00000000 00000000 00000000
1 0 2 113 225 227 00000000 00000000 00000000 00000000
1 0 2 114 228 230 00000000 00000000 00000000 00000000
1 0 2 115 229 231 00000000 00000000 00000000 00000000
1 0 2 116 232 234 00000000 00000000 00000000 00000000
1 0 2 117 233 235 00000000 00000000 00000000 00000000
1 0 2 118 236 238 00000000 00000000 00000000 00000000
1 0 2 119 237 239 00000000 00000000 00000000 00000000
1 0 2 120 240 242 00000000 00000000 00000000 00000000
1 0 2 121 241 243 00000000 00000000 00000000 00000000
1 0 2 122 244 246 00000000 00000000 00000000 00000000
1 0 2 123 245 247 00000000 00000000 00000000 00000000
1 0 2 124 248 250 00000000 00000000 00000000 00000000
1 0 2 125 249 251 00000000 00000000 00000000 00000000
1 0 2 126 252 254 00000000 00000000 00000000 00000000
1 0 2 127 253 255 00000000 00000000 00000000 00000000
1 0 2 128 256 258 00000000 00000000 00000000 00000000
1 0 2 129 257 259 00000000 00000000 00000000 00000000
1 0 2 130 260 262 00000000 00000000 00000000 00000000
1 0 2 131 261 263 00000000 00000000 00000000 00000000
1 0 2 132 264 266 00000000 00000000 00000000 00000000
1 0 2 133 265 267 00000000 00000000 00000000 00000000
1 0 2 134 268 270 00000000 00000000 00000000 00000000
1 0 2 135 269 271 00000000 00000000 00000000 00000000
1 0 2 136 272 274 00000000 00000000 00000000 00000000
1 0 2 137 273 275 00000000 00000000 00000000 00000000
1 0 2 138 276 278 00000000 00000000 00000000 00000000
1 0 2 139 277 279 00000000 00000000 00000000 00000000
1 0 2 140 280 282 00000000 00000000 00000000 00000000
1 0 2 141 281 283 00000000 00000000 00000000 00000000
1 0 2 142 284 286 00000000 00000000 00000000 00000000
1 0 2 143 285 287 00000000 00000000 00000000 00000000
1 0 2 144 288 290 00000000 00000000 00000000 00000000
1 0 2 145 289 291 00000000 00000000 00000000 00000000
1 0 2 146 292 294 00000000 00000000 00000000 00000000
1 0 2 147 293 295 00000000 00000000 00000000 00000000
1 0 2 148 296 298 00000000 00000000 00000000 00000000
1 0 2 149 297 299 00000000 00000000 00000000 00000000
1 0 2 150 300 302 00000000 00000000 00000000 00000000
1 0 2 151 301 303 00000000 00000000 00000000 00000000
1 0 2 152 304 306 00000000 00000000 00000000 00000000
1 0 2 153 305 307 00000000 00000000 00000000 00000000
1 0 2 154 308 310 00000000 00000000 00000000 00000000
1 0 2 155 309 311 00000000 00000000 00000000 00000000
1 0 2 156 312 314 00000000 00000000 00000000 00000000
1 0 2 157 313 315 00000000 00000000 00000000 00000000
1 0 2 158 316 318 00000000 00000000 00000000 00000000
1 0 2 159 317 319 00000000 00000000 00000000 00000000
1 0 2 160 320 322 00000000 00000000 00000000 00000000
1 0 2 161 321 323 00000000 00000000 00000000 00000000
1 0 2 162 324 326 00000000 00000000 00000000 00000000
1 0 2 163 325 327 00000000 00000000 00000000 00000000
1 0 2 164 328 330 00000000 00000000 00000000 00000000
1 0 2 165 329 331 00000000 00000000 00000000 00000000
1 0 2 166 332 334 00000000 00000000 00000000 00000000
1 0 2 167 333 335 00000000 00000000 00000000 00000000
1 0 2 168 336 338 00000000 00000000 00000000 00000000
1 0 2 169 337 339 00000000 00000000 00000000 00000000
1 0 2 170 340 342 00000000 00000000 00000000 00000000
1 0 2 171 341 343 00000000 00000000 00000000 00000000
1 0 2 172 344 346 00000000 00000000 00000000 00000000
1 0 2 173 345 347 00000000 00000000 00000000 00000000
1 0 2 174 348 350 00000000 00000000 00000000 00000000
1 0 2 175 349 351 00000000 00000000 00000000 00000000
1 0 2 176 352 354 00000000 00000000 00000000 00000000
1 0 2 177 353 355 00000000 00000000 00000000 00000000
1 0 2 178 356 358 00000000 00000000 00000000 00000000
1 0 2 179 357 359 00000000 00000000 00000000 00000000
1 0 2 180 360 362 00000000 00000000 00000000 00000000
1 0 2 181 361 363 00000000 00000000 00000000 00000000
1 0 2 182 364 366 00000000 00000000 00000000 00000000
1 0 2 183 365 367 00000000 00000000 00000000 00000000
1 0 2 184 368 370 00000000 00000000 00000000 00000000
1 0 2 185 369 371 00000000 00000000 00000000 00000000
1 0 2 186 372 374 00000000 00000000 00000000 00000000
1 0 2 187 373 375 00000000 00000000 00000000 00000000
1 0 2 188 376 378 00000000 00000000 00000000 00000000
1 0 2 189 377 379 00000000 00000000 00000000 00000000
1 0 2 190 380 382 00000000 00000000 00000000 00000000
1 0 2 191 381 383 00000000 00000000 00000000 00000000
1 0 2 192 384 386 00000000 00000000 00000000 00000000
1 0 2 193 385 387 00000000 00000000 00000000 00000000
1 0 2 194 388 390 00000000 00000000 00000000 00000000
1 0 2 195 389 391 00000000 00000000 00000000 00000000
1 0 2 196 392 394 00000000 00000000 00000000 00000000
1 0 2 197 393 395 00000000 00000000 00000000 00000000
1 0 2 198 396 398 00000000 00000000 00000000 00000000
1 0 2 199 397 399 00000000 00000000 00000000 00000000
1 0 2 200 400 402 00000000 00000000 00000000 00000000
1 0 2 201 401 403 00000000 00000000 00000000 00000000
1 0 2 202 404 406 00000000 00000000 00000000 00000000
1 0 2 203 405 407 00000000 00000000 00000000 00000000
1 0 2 204 408 410 00000000 00000000 00000000 00000000
1 0 2 205 409 411 00000000 00000000 00000000 00000000
1 0 2 206 412 414 00000000 00000000 00000000 00000000
1 0 2 207 413 415 00000000 00000000 00000000 00000000
1 0 2 208 416 418 00000000 00000000 00000000 00000000
1 0 2 209 417 419 00000000 00000000 00000000 00000000
1 0 2 210 420 422 00000000 00000000 00000000 00000000
1 0 2 211 421 423 00000000 00000000 00000000 00000000
1 0 2 212 424 426 00000000 00000000 00000000 00000000
1 0 2 213 425 427 00000000 00000000 00000000 00000000
1 0 2 214 428 430 00000000 00000000 00000000 00000000
1 0 2 215 429 431 00000000 00000000 00000000 00000000
1 0 2 216 432 434 00000000 00000000 00000000 00000000
1 0 2 217 433 435 00000000 00000000 00000000 00000000
1 0 2 218 436 438 00000000 00000000 00000000 00000000
1 0 2 219 437 439 00000000 00000000 00000000 00000000
1 0 2 220 440 442 00000000 00000000 00000000 00000000
1 0 2 221 441 443 00000000 00000000 00000000 00000000
1 0 2 222 444 446 00000000 00000000 00000000 00000000
1 0 2 223 445 447 00000000 00000000 00000000 00000000
1 0 2 224 448 450 00000000 00000000 00000000 00000000
1 0 2 225 449 451 00000000 00000000 00000000 00000000
1 0 2 226 452 454 00000000 00000000 00000000 00000000
1 0 2 227 453 455 00000000 00000000 00000000 00000000
1 0 2 228 456 458 00000000 00000000 00000000 00000000
1 0 2 229 457 459 00000000 00000000 00000000 00000000
1 0 2 230 460 462 00000000 00000000 00000000 00000000
1 0 2 231 461 463 00000000 00000000 00000000 00000000
1 0 2 232 464 466 00000000 00000000 00000000 00000000
1 0 2 233 465 467 00000000 00000000 00000000 00000000
1 0 2 234 468 470 00000000 00000000 00000000 00000000
1 0 2 235 469 471 00000000 00000000 00000000 00000000
1 0 2 236 472 474 00000000 00000000 00000000 00000000
1 0 2 237 473 475 00000000 00000000 00000000 00000000
1 0 2 238 476 478 00000000 00000000 00000000 00000000
1 0 2 239 477 479 00000000 00000000 00000000 00000000
1 0 2 240 480 482 00000000 00000000 00000000 00000000
1 0 2 241 481 483 00000000 00000000 00000000 00000000
1 0 2 242 484 486 00000000 00000000 00000000 00000000
1 0 2 243 485 487 00000000 00000000 00000000 00000000
1 0 2 244 488 490 00000000 00000000 00000000 00000000
1 0 2 245 489 491 00000000 00000000 00000000 00000000
1 0 2 246 492 494 00000000 00000000 00000000 00000000
1 0 2 247 493 495 00000000 00000000 00000000 00000000
1 0 2 248 496 498 00000000 00000000 00000000 00000000
1 0 2 249 497 499 00000000 00000000 00000000 00000000
1 0 2 250 500 502 00000000 00000000 00000000 00000000
1 0 2 251 501 503 00000000 00000000 00000000 00000000
1 0 2 252 504 506 00000000 00000000 00000000 00000000
1 0 2 253 505 507 00000000 00000000 00000000 00000000
1 0 2 254 508 510 00000000 00000000 00000000 00000000
1 0 2 255 509 511 00000000 00000000 00000000 00000000
1 0 3 0 0 4 00000000 00000000 00000000 00000000
1 0 3 1 1 5 00000000 00000000 00000000 00000000
1 0 3 2 2 6 00000000 00000000 00000000 00000000
1 0 3 3 3 7 00000000 00000000 00000000 00000000
1 0 3 4 8 12 00000000 00000000 00000000 00000000
1 0 3 5 9 13 00000000 00000000 00000000 00000000
1 0 3 6 10 14 00000000 00000000 00000000 00000000
1 0 3 7 11 15 00000000 00000000 00000000 00000000
1 0 3 8 16 20 00000000 00000000 00000000 00000000
1 0 3 9 17 21 00000000 00000000 00000000 00000000
1 0 3 10 18 22 00000000 00000000 00000000 00000000
1 0 3 11 19 23 00000000 00000000 00000000 00000000
1 0 3 12 24 28 00000000 00000000 00000000 00000000
1 0 3 13 25 29 00000000 00000000 00000000 00000000
1 0 3 14 26 30 00000000 00000000 00000000 00000000
1 0 3 15 27 31 00000000 00000000 00000000 00000000
1 0 3 16 32 36 00000000 00000000 00000000 00000000
1 0 3 17 33 37 00000000 00000000 00000000 00000000
1 0 3 18 34 38 00000000 00000000 00000000 00000000
1 0 3 19 35 39 00000000 00000000 00000000 00000000
1 0 3 20 40 44 00000000 00000000 00000000 00000000
1 0 3 21 41 45 00000000 00000000 00000000 00000000
1 0 3 22 42 46 00000000 00000000 00000000 00000000
1 0 3 23 43 47 00000000 00000000 00000000 00000000
1 0 3 24 48 52 00000000 00000000 00000000 00000000
1 0 3 25 49 53 00000000 00000000 00000000 00000000
1 0 3 26 50 54 00000000 00000000 00000000 00000000
1 0 3 27 51 55 00000000 00000000 00000000 00000000
1 0 3 28 56 60 00000000 00000000 00000000 00000000
1 0 3 29 57 61 00000000 00000000 00000000 00000000
1 0 3 30 58 62 00000000 00000000 00000000 00000000
1 0 3 31 59 63 00000000 00000000 00000000 00000000
1 0 3 32 64 68 00000000 00000000 00000000 00000000
1 0 3 33 65 69 00000000 00000000 00000000 00000000
1 0 3 34 66 70 00000000 00000000 00000000 00000000
1 0 3 35 67 71 00000000 00000000 00000000 00000000
1 0 3 36 72 76 00000000 00000000 00000000 00000000
1 0 3 37 73 77 00000000 00000000 00000000 00000000
1 0 3 38 74 78 00000000 00000000 00000000 00000000
1 0 3 39 75 79 00000000 00000000 00000000 00000000
1 0 3 40 80 84 00000000 00000000 00000000 00000000
1 0 3 41 81 85 00000000 00000000 00000000 00000000
1 0 3 42 82 86 00000000 00000000 00000000 00000000
1 0 3 43 83 87 00000000 00000000 00000000 00000000
1 0 3 44 88 92 00000000 00000000 00000000 00000000
1 0 3 45 89 93 00000000 00000000 00000000 00000000
1 0 3 46 90 94 00000000 00000000 00000000 00000000
1 0 3 47 91 95 00000000 00000000 00000000 00000000
1 0 3 48 96 100 00000000 00000000 00000000 00000000
1 0 3 49 97 101 00000000 00000000 00000000 00000000
1 0 3 50 98 102 00000000 00000000 00000000 00000000
1 0 3 51 99 103 00000000 00000000 00000000 00000000
1 0 3 52 104 108 00000000 00000000 00000000 00000000
1 0 3 53 105 109 00000000 00000000 00000000 00000000
1 0 3 54 106 110 00000000 00000000 00000000 00000000
1 0 3 55 107 111 00000000 00000000 00000000 00000000
1 0 3 56 112 116 00000000 00000000 00000000 00000000
1 0 3 57 113 117 00000000 00000000 00000000 00000000
1 0 3 58 114 118 00000000 00000000 00000000 00000000
1 0 3 59 115 119 00000000 00000000 00000000 00000000
1 0 3 60 120 124 00000000 00000000 00000000 00000000
1 0 3 61 121 125 00000000 00000000 00000000 00000000
1 0 3 62 122 126 00000000 00000000 00000000 00000000
1 0 3 63 123 127 00000000 00000000 00000000 00000000
1 0 3 64 128 132 00000000 00000000 00000000 00000000
1 0 3 65 129 133 00000000 00000000 00000000 00000000
1 0 3 66 130 134 00000000 00000000 00000000 00000000
1 0 3 67 131 135 00000000 00000000 00000000 00000000
1 0 3 68 136 140 00000000 00000000 00000000 00000000
1 0 3 69 137 141 00000000 00000000 00000000 00000000
1 0 3 70 138 142 00000000 00000000 00000000 00000000
1 0 3 71 139 143 00000000 00000000 00000000 00000000
1 0 3 72 144 148 00000000 00000000 00000000 00000000
1 0 3 73 145 149 00000000 00000000 00000000 00000000
1 0 3 74 146 150 00000000 00000000 00000000 00000000
1 0 3 75 147 151 00000000 00000000 00000000 00000000
1 0 3 76 152 156 00000000 00000000 00000000 00000000
1 0 3 77 153 157 00000000 00000000 00000000 00000000
1 0 3 78 154 158 00000000 00000000 00000000 00000000
1 0 3 79 155 159 00000000 00000000 00000000 00000000
1 0 3 80 160 164 00000000 00000000 00000000 00000000
1 0 3 81 161 165 00000000 00000000 00000000 00000000
1 0 3 82 162 166 00000000 00000000 00000000 00000000
1 0 3 83 163 167 00000000 00000000 00000000 00000000
1 0 3 84 168 172 00000000 00000000 00000000 00000000
1 0 3 85 169 173 00000000 00000000 00000000 00000000
1 0 3 86 170 174 00000000 00000000 00000000 00000000
1 0 3 87 171 175 00000000 00000000 00000000 00000000
1 0 3 88 176 180 00000000 00000000 00000000 00000000
1 0 3 89 177 181 00000000 00000000 00000000 00000000
1 0 3 90 178 182 00000000 00000000 00000000 00000000
1 0 3 91 179 183 00000000 00000000 00000000 00000000
1 0 3 92 184 188 00000000 00000000 00000000 00000000
1 0 3 93 185 189 00000000 00000000 00000000 00000000
1 0 3 94 186 190 00000000 00000000 00000000 00000000
1 0 3 95 187 191 00000000 00000000 00000000 00000000
1 0 3 96 192 196 00000000 00000000 00000000 00000000
1 0 3 97 193 197 00000000 00000000 00000000 00000000
1 0 3 98 194 198 00000000 00000000 00000000 00000000
1 0 3 99 195 199 00000000 00000000 00000000 00000000
1 0 3 100 200 204 00000000 00000000 00000000 00000000
1 0 3 101 201 205 00000000 00000000 00000000 00000000
1 0 3 102 202 206 00000000 00000000 00000000 00000000
1 0 3 103 203 207 00000000 00000000 00000000 00000000
1 0 3 104 208 212 00000000 00000000 00000000 00000000
1 0 3 105 209 213 00000000 00000000 00000000 00000000
1 0 3 106 210 214 00000000 00000000 00000000 00000000
1 0 3 107 211 215 00000000 00000000 00000000 00000000
1 0 3 108 216 220 00000000 00000000 00000000 00000000
1 0 3 109 217 221 00000000 00000000 00000000 00000000
1 0 3 110 218 222 00000000 00000000 00000000 00000000
1 0 3 111 219 223 00000000 00000000 00000000 00000000
1 0 3 112 224 228 00000000 00000000 00000000 00000000
1 0 3 113 225 229 00000000 00000000 00000000 00000000
1 0 3 114 226 230 00000000 00000000 00000000 00000000
1 0 3 115 227 231 00000000 00000000 00000000 00000000
1 0 3 116 232 236 00000000 00000000 00000000 00000000
1 0 3 117 233 237 00000000 00000000 00000000 00000000
1 0 3 118 234 238 00000000 00000000 00000000 00000000
1 0 3 119 235 239 00000000 00000000 00000000 00000000
1 0 3 120 240 244 00000000 00000000 00000000 00000000
1 0 3 121 241 245 00000000 00000000 00000000 00000000
1 0 3 122 242 246 00000000 00000000 00000000 00000000
1 0 3 123 243 247 00000000 00000000 00000000 00000000
1 0 3 124 248 252 00000000 00000000 00000000 00000000
1 0 3 125 249 253 00000000 00000000 00000000 00000000
1 0 3 126 250 254 00000000 00000000 00000000 00000000
1 0 3 127 251 255 00000000 00000000 00000000 00000000
1 0 3 128 256 260 00000000 00000000 00000000 00000000
1 0 3 129 257 261 00000000 00000000 00000000 00000000
1 0 3 130 258 262 00000000 00000000 00000000 00000000
1 0 3 131 259 263 00000000 00000000 00000000 00000000
1 0 3 132 264 268 00000000 00000000 00000000 00000000
1 0 3 133 265 269 00000000 00000000 00000000 00000000
1 0 3 134 266 270 00000000 00000000 00000000 00000000
1 0 3 135 267 271 00000000 00000000 00000000 00000000
1 0 3 136 272 276 00000000 00000000 00000000 00000000
1 0 3 137 273 277 00000000 00000000 00000000 00000000
1 0 3 138 274 278 00000000 00000000 00000000 00000000
1 0 3 139 275 279 00000000 00000000 00000000 00000000
1 0 3 140 280 284 00000000 00000000 00000000 00000000
1 0 3 141 281 285 00000000 00000000 00000000 00000000
1 0 3 142 282 286 00000000 00000000 00000000 00000000
1 0 3 143 283 287 00000000 00000000 00000000 00000000
1 0 3 144 288 292 00000000 00000000 00000000 00000000
1 0 3 145 289 293 00000000 00000000 00000000 00000000
1 0 3 146 290 294 00000000 00000000 00000000 00000000
1 0 3 147 291 295 00000000 00000000 00000000 00000000
1 0 3 148 296 300 00000000 00000000 00000000 00000000
1 0 3 149 297 301 00000000 00000000 00000000 00000000
1 0 3 150 298 302 00000000 00000000 00000000 00000000
1 0 3 151 299 303 00000000 00000000 00000000 00000000
1 0 3 152 304 308 00000000 00000000 00000000 00000000
1 0 3 153 305 309 00000000 00000000 00000000 00000000
1 0 3 154 306 310 00000000 00000000 00000000 00000000
1 0 3 155 307 311 00000000 00000000 00000000 00000000
1 0 3 156 312 316 00000000 00000000 00000000 00000000
1 0 3 157 313 317 00000000 00000000 00000000 00000000
1 0 3 158 314 318 00000000 00000000 00000000 00000000
1 0 3 159 315 319 00000000 00000000 00000000 00000000
1 0 3 160 320 324 00000000 00000000 00000000 00000000
1 0 3 161 321 325 00000000 00000000 00000000 00000000
1 0 3 162 322 326 00000000 00000000 00000000 00000000
1 0 3 163 323 327 00000000 00000000 00000000 00000000
1 0 3 164 328 332 00000000 00000000 00000000 00000000
1 0 3 165 329 333 00000000 00000000 00000000 00000000
1 0 3 166 330 334 00000000 00000000 00000000 00000000
1 0 3 167 331 335 00000000 00000000 00000000 00000000
1 0 3 168 336 340 00000000 00000000 00000000 00000000
1 0 3 169 337 341 00000000 00000000 00000000 00000000
1 0 3 170 338 342 00000000 00000000 00000000 00000000
1 0 3 171 339 343 00000000 00000000 00000000 00000000
1 0 3 172 344 348 00000000 00000000 00000000 00000000
1 0 3 173 345 349 00000000 00000000 00000000 00000000
1 0 3 174 346 350 00000000 00000000 00000000 00000000
1 0 3 175 347 351 00000000 00000000 00000000 00000000
1 0 3 176 352 356 00000000 00000000 00000000 00000000
1 0 3 177 353 357 00000000 00000000 00000000 00000000
1 0 3 178 354 358 00000000 00000000 00000000 00000000
1 0 3 179 355 359 00000000 00000000 00000000 00000000
1 0 3 180 360 364 00000000 00000000 00000000 00000000
1 0 3 181 361 365 00000000 00000000 00000000 00000000
1 0 3 182 362 366 00000000 00000000 00000000 00000000
1 0 3 183 363 367 00000000 00000000 00000000 00000000
1 0 3 184 368 372 00000000 00000000 00000000 00000000
1 0 3 185 369 373 00000000 00000000 00000000 00000000
1 0 3 186 370 374 00000000 00000000 00000000 00000000
1 0 3 187 371 375 00000000 00000000 00000000 00000000
1 0 3 188 376 380 00000000 00000000 00000000 00000000
1 0 3 189 377 381 00000000 00000000 00000000 00000000
1 0 3 190 378 382 00000000 00000000 00000000 00000000
1 0 3 191 379 383 00000000 00000000 00000000 00000000
1 0 3 192 384 388 00000000 00000000 00000000 00000000
1 0 3 193 385 389 00000000 00000000 00000000 00000000
1 0 3 194 386 390 00000000 00000000 00000000 00000000
1 0 3 195 387 391 00000000 00000000 00000000 00000000
1 0 3 196 392 396 00000000 00000000 00000000 00000000
1 0 3 197 393 397 00000000 00000000 00000000 00000000
1 0 3 198 394 398 00000000 00000000 00000000 00000000
1 0 3 199 395 399 00000000 00000000 00000000 00000000
1 0 3 200 400 404 00000000 00000000 00000000 00000000
1 0 3 201 401 405 00000000 00000000 00000000 00000000
1 0 3 202 402 406 00000000 00000000 00000000 00000000
1 0 3 203 403 407 00000000 00000000 00000000 00000000
1 0 3 204 408 412 00000000 00000000 00000000 00000000
1 0 3 205 409 413 00000000 00000000 00000000 00000000
1 0 3 206 410 414 00000000 00000000 00000000 00000000
1 0 3 207 411 415 00000000 00000000 00000000 00000000
1 0 3 208 416 420 00000000 00000000 00000000 00000000
1 0 3 209 417 421 00000000 00000000 00000000 00000000
1 0 3 210 418 422 00000000 00000000 00000000 00000000
1 0 3 211 419 423 00000000 00000000 00000000 00000000
1 0 3 212 424 428 00000000 00000000 00000000 00000000
1 0 3 213 425 429 00000000 00000000 00000000 00000000
1 0 3 214 426 430 00000000 00000000 00000000 00000000
1 0 3 215 427 431 00000000 00000000 00000000 00000000
1 0 3 216 432 436 00000000 00000000 00000000 00000000
1 0 3 217 433 437 00000000 00000000 00000000 00000000
1 0 3 218 434 438 00000000 00000000 00000000 00000000
1 0 3 219 435 439 00000000 00000000 00000000 00000000
1 0 3 220 440 444 00000000 00000000 00000000 00000000
1 0 3 221 441 445 00000000 00000000 00000000 00000000
1 0 3 222 442 446 00000000 00000000 00000000 00000000
1 0 3 223 443 447 00000000 00000000 00000000 00000000
1 0 3 224 448 452 00000000 00000000 00000000 00000000
1 0 3 225 449 453 00000000 00000000 00000000 00000000
1 0 3 226 450 454 00000000 00000000 00000000 00000000
1 0 3 227 451 455 00000000 00000000 00000000 00000000
1 0 3 228 456 460 00000000 00000000 00000000 00000000
1 0 3 229 457 461 00000000 00000000 00000000 00000000
1 0 3 230 458 462 00000000 00000000 00000000 00000000
1 0 3 231 459 463 00000000 00000000 00000000 00000000
1 0 3 232 464 468 00000000 00000000 00000000 00000000
1 0 3 233 465 469 00000000 00000000 00000000 00000000
1 0 3 234 466 470 00000000 00000000 00000000 00000000
1 0 3 235 467 471 00000000 00000000 00000000 00000000
1 0 3 236 472 476 00000000 00000000 00000000 00000000
1 0 3 237 473 477 00000000 00000000 00000000 00000000
1 0 3 238 474 478 00000000 00000000 00000000 00000000
1 0 3 239 475 479 00000000 00000000 00000000 00000000
1 0 3 240 480 484 00000000 00000000 00000000 00000000
1 0 3 241 481 485 00000000 00000000 00000000 00000000
1 0 3 242 482 486 00000000 00000000 00000000 00000000
1 0 3 243 483 487 00000000 00000000 00000000 00000000
1 0 3 244 488 492 00000000 00000000 00000000 00000000
1 0 3 245 489 493 00000000 00000000 00000000 00000000
1 0 3 246 490 494 00000000 00000000 00000000 00000000
1 0 3 247 491 495 00000000 00000000 00000000 00000000
1 0 3 248 496 500 00000000 00000000 00000000 00000000
1 0 3 249 497 501 00000000 00000000 00000000 00000000
1 0 3 250 498 502 00000000 00000000 00000000 00000000
1 0 3 251 499 503 00000000 00000000 00000000 00000000
1 0 3 252 504 508 00000000 00000000 00000000 00000000
1 0 3 253 505 509 00000000 00000000 00000000 00000000
1 0 3 254 506 510 00000000 00000000 00000000 00000000
1 0 3 255 507 511 00000000 00000000 00000000 00000000
1 0 4 0 0 8 00000000 00000000 00000000 00000000
1 0 4 1 1 9 00000000 00000000 00000000 00000000
1 0 4 2 2 10 00000000 00000000 00000000 00000000
1 0 4 3 3 11 00000000 00000000 00000000 00000000
1 0 4 4 4 12 00000000 00000000 00000000 00000000
1 0 4 5 5 13 00000000 00000000 00000000 00000000
1 0 4 6 6 14 00000000 00000000 00000000 00000000
1 0 4 7 7 15 00000000 00000000 00000000 00000000
1 0 4 8 16 24 00000000 00000000 00000000 00000000
1 0 4 9 17 25 00000000 00000000 00000000 00000000
1 0 4 10 18 26 00000000 00000000 00000000 00000000
1 0 4 11 19 27 00000000 00000000 00000000 00000000
1 0 4 12 20 28 00000000 00000000 00000000 00000000
1 0 4 13 21 29 00000000 00000000 00000000 00000000
1 0 4 14 22 30 00000000 00000000 00000000 00000000
1 0 4 15 23 31 00000000 00000000 00000000 00000000
1 0 4 16 32 40 00000000 00000000 00000000 00000000
1 0 4 17 33 41 00000000 00000000 00000000 00000000
1 0 4 18 34 42 00000000 00000000 00000000 00000000
1 0 4 19 35 43 00000000 00000000 00000000 00000000
1 0 4 20 36 44 00000000 00000000 00000000 00000000
1 0 4 21 37 45 00000000 00000000 00000000 00000000
1 0 4 22 38 46 00000000 00000000 00000000 00000000
1 0 4 23 39 47 00000000 00000000 00000000 00000000
1 0 4 24 48 56 00000000 00000000 00000000 00000000
1 0 4 25 49 57 00000000 00000000 00000000 00000000
1 0 4 26 50 58 00000000 00000000 00000000 00000000
1 0 4 27 51 59 00000000 00000000 00000000 00000000
1 0 4 28 52 60 00000000 00000000 00000000 00000000
1 0 4 29 53 61 00000000 00000000 00000000 00000000
1 0 4 30 54 62 00000000 00000000 00000000 00000000
1 0 4 31 55 63 00000000 00000000 00000000 00000000
1 0 4 32 64 72 00000000 00000000 00000000 00000000
1 0 4 33 65 73 00000000 00000000 00000000 00000000
1 0 4 34 66 74 00000000 00000000 00000000 00000000
1 0 4 35 67 75 00000000 00000000 00000000 00000000
1 0 4 36 68 76 00000000 00000000 00000000 00000000
1 0 4 37 69 77 00000000 00000000 00000000 00000000
1 0 4 38 70 78 00000000 00000000 00000000 00000000
1 0 4 39 71 79 00000000 00000000 00000000 00000000
1 0 4 40 80 88 00000000 00000000 00000000 00000000
1 0 4 41 81 89 00000000 00000000 00000000 00000000
1 0 4 42 82 90 00000000 00000000 00000000 00000000
1 0 4 43 83 91 00000000 00000000 00000000 00000000
1 0 4 44 84 92 00000000 00000000 00000000 00000000
1 0 4 45 85 93 00000000 00000000 00000000 00000000
1 0 4 46 86 94 00000000 00000000 00000000 00000000
1 0 4 47 87 95 00000000 00000000 00000000 00000000
1 0 4 48 96 104 00000000 00000000 00000000 00000000
1 0 4 49 97 105 00000000 00000000 00000000 00000000
1 0 4 50 98 106 00000000 00000000 00000000 00000000
1 0 4 51 99 107 00000000 00000000 00000000 00000000
1 0 4 52 100 108 00000000 00000000 00000000 00000000
1 0 4 53 101 109 00000000 00000000 00000000 00000000
1 0 4 54 102 110 00000000 00000000 00000000 00000000
1 0 4 55 103 111 00000000 00000000 00000000 00000000
1 0 4 56 112 120 00000000 00000000 00000000 00000000
1 0 4 57 113 121 00000000 00000000 00000000 00000000
1 0 4 58 114 122 00000000 00000000 00000000 00000000
1 0 4 59 115 123 00000000 00000000 00000000 00000000
1 0 4 60 116 124 00000000 00000000 00000000 00000000
1 0 4 61 117 125 00000000 00000000 00000000 00000000
1 0 4 62 118 126 00000000 00000000 00000000 00000000
1 0 4 63 119 127 00000000 00000000 00000000 00000000
1 0 4 64 128 136 00000000 00000000 00000000 00000000
1 0 4 65 129 137 00000000 00000000 00000000 00000000
1 0 4 66 130 138 00000000 00000000 00000000 00000000
1 0 4 67 131 139 00000000 00000000 00000000 00000000
1 0 4 68 132 140 00000000 00000000 00000000 00000000
1 0 4 69 133 141 00000000 00000000 00000000 00000000
1 0 4 70 134 142 00000000 00000000 00000000 00000000
1 0 4 71 135 143 00000000 00000000 00000000 00000000
1 0 4 72 144 152 00000000 00000000 00000000 00000000
1 0 4 73 145 153 00000000 00000000 00000000 00000000
1 0 4 74 146 154 00000000 00000000 00000000 00000000
1 0 4 75 147 155 00000000 00000000 00000000 00000000
1 0 4 76 148 156 00000000 00000000 00000000 00000000
1 0 4 77 149 157 00000000 00000000 00000000 00000000
1 0 4 78 150 158 00000000 00000000 00000000 00000000
1 0 4 79 151 159 00000000 00000000 00000000 00000000
1 0 4 80 160 168 00000000 00000000 00000000 00000000
1 0 4 81 161 169 00000000 00000000 00000000 00000000
1 0 4 82 162 170 00000000 00000000 00000000 00000000
1 0 4 83 163 171 00000000 00000000 00000000 00000000
1 0 4 84 164 172 00000000 00000000 00000000 00000000
1 0 4 85 165 173 00000000 00000000 00000000 00000000
1 0 4 86 166 174 00000000 00000000 00000000 00000000
1 0 4 87 167 175 00000000 00000000 00000000 00000000
1 0 4 88 176 184 00000000 00000000 00000000 00000000
1 0 4 89 177 185 00000000 00000000 00000000 00000000
1 0 4 90 178 186 00000000 00000000 00000000 00000000
1 0 4 91 179 187 00000000 00000000 00000000 00000000
1 0 4 92 180 188 00000000 00000000 00000000 00000000
1 0 4 93 181 189 00000000 00000000 00000000 00000000
1 0 4 94 182 190 00000000 00000000 00000000 00000000
1 0 4 95 183 191 00000000 00000000 00000000 00000000
1 0 4 96 192 200 00000000 00000000 00000000 00000000
1 0 4 97 193 201 00000000 00000000 00000000 00000000
1 0 4 98 194 202 00000000 00000000 00000000 00000000
1 0 4 99 195 203 00000000 00000000 00000000 00000000
1 0 4 100 196 204 00000000 00000000 00000000 00000000
1 0 4 101 197 205 00000000 00000000 00000000 00000000
1 0 4 102 198 206 00000000 00000000 00000000 00000000
1 0 4 103 199 207 00000000 00000000 00000000 00000000
1 0 4 104 208 216 00000000 00000000 00000000 00000000
1 0 4 105 209 217 00000000 00000000 00000000 00000000
1 0 4 106 210 218 00000000 00000000 00000000 00000000
1 0 4 107 211 219 00000000 00000000 00000000 00000000
1 0 4 108 212 220 00000000 00000000 00000000 00000000
1 0 4 109 213 221 00000000 00000000 00000000 00000000
1 0 4 110 214 222 00000000 00000000 00000000 00000000
1 0 4 111 215 223 00000000 00000000 00000000 00000000
1 0 4 112 224 232 00000000 00000000 00000000 00000000
1 0 4 113 225 233 00000000 00000000 00000000 00000000
1 0 4 114 226 234 00000000 00000000 00000000 00000000
1 0 4 115 227 235 00000000 00000000 00000000 00000000
1 0 4 116 228 236 00000000 00000000 00000000 00000000
1 0 4 117 229 237 00000000 00000000 00000000 00000000
1 0 4 118 230 238 00000000 00000000 00000000 00000000
1 0 4 119 231 239 00000000 00000000 00000000 00000000
1 0 4 120 240 248 00000000 00000000 00000000 00000000
1 0 4 121 241 249 00000000 00000000 00000000 00000000
1 0 4 122 242 250 00000000 00000000 00000000 00000000
1 0 4 123 243 251 00000000 00000000 00000000 00000000
1 0 4 124 244 252 00000000 00000000 00000000 00000000
1 0 4 125 245 253 00000000 00000000 00000000 00000000
1 0 4 126 246 254 00000000 00000000 00000000 00000000
1 0 4 127 247 255 00000000 00000000 00000000 00000000
1 0 4 128 256 264 00000000 00000000 00000000 00000000
1 0 4 129 257 265 00000000 00000000 00000000 00000000
1 0 4 130 258 266 00000000 00000000 00000000 00000000
1 0 4 131 259 267 00000000 00000000 00000000 00000000
1 0 4 132 260 268 00000000 00000000 00000000 00000000
1 0 4 133 261 269 00000000 00000000 00000000 00000000
1 0 4 134 262 270 00000000 00000000 00000000 00000000
1 0 4 135 263 271 00000000 00000000 00000000 00000000
1 0 4 136 272 280 00000000 00000000 00000000 00000000
1 0 4 137 273 281 00000000 00000000 00000000 00000000
1 0 4 138 274 282 00000000 00000000 00000000 00000000
1 0 4 139 275 283 00000000 00000000 00000000 00000000
1 0 4 140 276 284 00000000 00000000 00000000 00000000
1 0 4 141 277 285 00000000 00000000 00000000 00000000
1 0 4 142 278 286 00000000 00000000 00000000 00000000
1 0 4 143 279 287 00000000 00000000 00000000 00000000
1 0 4 144 288 296 00000000 00000000 00000000 00000000
1 0 4 145 289 297 00000000 00000000 00000000 00000000
1 0 4 146 290 298 00000000 00000000 00000000 00000000
1 0 4 147 291 299 00000000 00000000 00000000 00000000
1 0 4 148 292 300 00000000 00000000 00000000 00000000
1 0 4 149 293 301 00000000 00000000 00000000 00000000
1 0 4 150 294 302 00000000 00000000 00000000 00000000
1 0 4 151 295 303 00000000 00000000 00000000 00000000
1 0 4 152 304 312 00000000 00000000 00000000 00000000
1 0 4 153 305 313 00000000 00000000 00000000 00000000
1 0 4 154 306 314 00000000 00000000 00000000 00000000
1 0 4 155 307 315 00000000 00000000 00000000 00000000
1 0 4 156 308 316 00000000 00000000 00000000 00000000
1 0 4 157 309 317 00000000 00000000 00000000 00000000
1 0 4 158 310 318 00000000 00000000 00000000 00000000
1 0 4 159 311 319 00000000 00000000 00000000 00000000
1 0 4 160 320 328 00000000 00000000 00000000 00000000
1 0 4 161 321 329 00000000 00000000 00000000 00000000
1 0 4 162 322 330 00000000 00000000 00000000 00000000
1 0 4 163 323 331 00000000 00000000 00000000 00000000
1 0 4 164 324 332 00000000 00000000 00000000 00000000
1 0 4 165 325 333 00000000 00000000 00000000 00000000
1 0 4 166 326 334 00000000 00000000 00000000 00000000
1 0 4 167 327 335 00000000 00000000 00000000 00000000
1 0 4 168 336 344 00000000 00000000 00000000 00000000
1 0 4 169 337 345 00000000 00000000 00000000 00000000
1 0 4 170 338 346 00000000 00000000 00000000 00000000
1 0 4 171 339 347 00000000 00000000 00000000 00000000
1 0 4 172 340 348 00000000 00000000 00000000 00000000
1 0 4 173 341 349 00000000 00000000 00000000 00000000
1 0 4 174 342 350 00000000 00000000 00000000 00000000
1 0 4 175 343 351 00000000 00000000 00000000 00000000
1 0 4 176 352 360 00000000 00000000 00000000 00000000
1 0 4 177 353 361 00000000 00000000 00000000 00000000
1 0 4 178 354 362 00000000 00000000 00000000 00000000
1 0 4 179 355 363 00000000 00000000 00000000 00000000
1 0 4 180 356 364 00000000 00000000 00000000 00000000
1 0 4 181 357 365 00000000 00000000 00000000 00000000
1 0 4 182 358 366 00000000 00000000 00000000 00000000
1 0 4 183 359 367 00000000 00000000 00000000 00000000
1 0 4 184 368 376 00000000 00000000 00000000 00000000
1 0 4 185 369 377 00000000 00000000 00000000 00000000
1 0 4 186 370 378 00000000 00000000 00000000 00000000
1 0 4 187 371 379 00000000 00000000 00000000 00000000
1 0 4 188 372 380 00000000 00000000 00000000 00000000
1 0 4 189 373 381 00000000 00000000 00000000 00000000
1 0 4 190 374 382 00000000 00000000 00000000 00000000
1 0 4 191 375 383 00000000 00000000 00000000 00000000
1 0 4 192 384 392 00000000 00000000 00000000 00000000
1 0 4 193 385 393 00000000 00000000 00000000 00000000
1 0 4 194 386 394 00000000 00000000 00000000 00000000
1 0 4 195 387 395 00000000 00000000 00000000 00000000
1 0 4 196 388 396 00000000 00000000 00000000 00000000
1 0 4 197 389 397 00000000 00000000 00000000 00000000
1 0 4 198 390 398 00000000 00000000 00000000 00000000
1 0 4 199 391 399 00000000 00000000 00000000 00000000
1 0 4 200 400 408 00000000 00000000 00000000 00000000
1 0 4 201 401 409 00000000 00000000 00000000 00000000
1 0 4 202 402 410 00000000 00000000 00000000 00000000
1 0 4 203 403 411 00000000 00000000 00000000 00000000
1 0 4 204 404 412 00000000 00000000 00000000 00000000
1 0 4 205 405 413 00000000 00000000 00000000 00000000
1 0 4 206 406 414 00000000 00000000 00000000 00000000
1 0 4 207 407 415 00000000 00000000 00000000 00000000
1 0 4 208 416 424 00000000 00000000 00000000 00000000
1 0 4 209 417 425 00000000 00000000 00000000 00000000
1 0 4 210 418 426 00000000 00000000 00000000 00000000
1 0 4 211 419 427 00000000 00000000 00000000 00000000
1 0 4 212 420 428 00000000 00000000 00000000 00000000
1 0 4 213 421 429 00000000 00000000 00000000 00000000
1 0 4 214 422 430 00000000 00000000 00000000 00000000
1 0 4 215 423 431 00000000 00000000 00000000 00000000
1 0 4 216 432 440 00000000 00000000 00000000 00000000
1 0 4 217 433 441 00000000 00000000 00000000 00000000
1 0 4 218 434 442 00000000 00000000 00000000 00000000
1 0 4 219 435 443 00000000 00000000 00000000 00000000
1 0 4 220 436 444 00000000 00000000 00000000 00000000
1 0 4 221 437 445 00000000 00000000 00000000 00000000
1 0 4 222 438 446 00000000 00000000 00000000 00000000
1 0 4 223 439 447 00000000 00000000 00000000 00000000
1 0 4 224 448 456 00000000 00000000 00000000 00000000
1 0 4 225 449 457 00000000 00000000 00000000 00000000
1 0 4 226 450 458 00000000 00000000 00000000 00000000
1 0 4 227 451 459 00000000 00000000 00000000 00000000
1 0 4 228 452 460 00000000 00000000 00000000 00000000
1 0 4 229 453 461 00000000 00000000 00000000 00000000
1 0 4 230 454 462 00000000 00000000 00000000 00000000
1 0 4 231 455 463 00000000 00000000 00000000 00000000
1 0 4 232 464 472 00000000 00000000 00000000 00000000
1 0 4 233 465 473 00000000 00000000 00000000 00000000
1 0 4 234 466 474 00000000 00000000 00000000 00000000
1 0 4 235 467 475 00000000 00000000 00000000 00000000
1 0 4 236 468 476 00000000 00000000 00000000 00000000
1 0 4 237 469 477 00000000 00000000 00000000 00000000
1 0 4 238 470 478 00000000 00000000 00000000 00000000
1 0 4 239 471 479 00000000 00000000 00000000 00000000
1 0 4 240 480 488 00000000 00000000 00000000 00000000
1 0 4 241 481 489 00000000 00000000 00000000 00000000
1 0 4 242 482 490 00000000 00000000 00000000 00000000
1 0 4 243 483 491 00000000 00000000 00000000 00000000
1 0 4 244 484 492 00000000 00000000 00000000 00000000
1 0 4 245 485 493 00000000 00000000 00000000 00000000
1 0 4 246 486 494 00000000 00000000 00000000 00000000
1 0 4 247 487 495 00000000 00000000 00000000 00000000
1 0 4 248 496 504 00000000 00000000 00000000 00000000
1 0 4 249 497 505 00000000 00000000 00000000 00000000
1 0 4 250 498 506 00000000 00000000 00000000 00000000
1 0 4 251 499 507 00000000 00000000 00000000 00000000
1 0 4 252 500 508 00000000 00000000 00000000 00000000
1 0 4 253 501 509 00000000 00000000 00000000 00000000
1 0 4 254 502 510 00000000 00000000 00000000 00000000
1 0 4 255 503 511 00000000 00000000 00000000 00000000
1 0 5 0 0 16 00000000 00000000 00000000 00000000
1 0 5 1 1 17 00000000 00000000 00000000 00000000
1 0 5 2 2 18 00000000 00000000 00000000 00000000
1 0 5 3 3 19 00000000 00000000 00000000 00000000
1 0 5 4 4 20 00000000 00000000 00000000 00000000
1 0 5 5 5 21 00000000 00000000 00000000 00000000
1 0 5 6 6 22 00000000 00000000 00000000 00000000
1 0 5 7 7 23 00000000 00000000 00000000 00000000
1 0 5 8 8 24 00000000 00000000 00000000 00000000
1 0 5 9 9 25 00000000 00000000 00000000 00000000
1 0 5 10 10 26 00000000 00000000 00000000 00000000
1 0 5 11 11 27 00000000 00000000 00000000 00000000
1 0 5 12 12 28 00000000 00000000 00000000 00000000
1 0 5 13 13 29 00000000 00000000 00000000 00000000
1 0 5 14 14 30 00000000 00000000 00000000 00000000
1 0 5 15 15 31 00000000 00000000 00000000 00000000
1 0 5 16 32 48 00000000 00000000 00000000 00000000
1 0 5 17 33 49 00000000 00000000 00000000 00000000
1 0 5 18 34 50 00000000 00000000 00000000 00000000
1 0 5 19 35 51 00000000 00000000 00000000 00000000
1 0 5 20 36 52 00000000 00000000 00000000 00000000
1 0 5 21 37 53 00000000 00000000 00000000 00000000
1 0 5 22 38 54 00000000 00000000 00000000 00000000
1 0 5 23 39 55 00000000 00000000 00000000 00000000
1 0 5 24 40 56 00000000 00000000 00000000 00000000
1 0 5 25 41 57 00000000 00000000 00000000 00000000
1 0 5 26 42 58 00000000 00000000 00000000 00000000
1 0 5 27 43 59 00000000 00000000 00000000 00000000
1 0 5 28 44 60 00000000 00000000 00000000 00000000
1 0 5 29 45 61 00000000 00000000 00000000 00000000
1 0 5 30 46 62 00000000 00000000 00000000 00000000
1 0 5 31 47 63 00000000 00000000 00000000 00000000
1 0 5 32 64 80 00000000 00000000 00000000 00000000
1 0 5 33 65 81 00000000 00000000 00000000 00000000
1 0 5 34 66 82 00000000 00000000 00000000 00000000
1 0 5 35 67 83 00000000 00000000 00000000 00000000
1 0 5 36 68 84 00000000 00000000 00000000 00000000
1 0 5 37 69 85 00000000 00000000 00000000 00000000
1 0 5 38 70 86 00000000 00000000 00000000 00000000
1 0 5 39 71 87 00000000 00000000 00000000 00000000
1 0 5 40 72 88 00000000 00000000 00000000 00000000
1 0 5 41 73 89 00000000 00000000 00000000 00000000
1 0 5 42 74 90 00000000 00000000 00000000 00000000
1 0 5 43 75 91 00000000 00000000 00000000 00000000
1 0 5 44 76 92 00000000 00000000 00000000 00000000
1 0 5 45 77 93 00000000 00000000 00000000 00000000
1 0 5 46 78 94 00000000 00000000 00000000 00000000
1 0 5 47 79 95 00000000 00000000 00000000 00000000
1 0 5 48 96 112 00000000 00000000 00000000 00000000
1 0 5 49 97 113 00000000 00000000 00000000 00000000
1 0 5 50 98 114 00000000 00000000 00000000 00000000
1 0 5 51 99 115 00000000 00000000 00000000 00000000
1 0 5 52 100 116 00000000 00000000 00000000 00000000
1 0 5 53 101 117 00000000 00000000 00000000 00000000
1 0 5 54 102 118 00000000 00000000 00000000 00000000
1 0 5 55 103 119 00000000 00000000 00000000 00000000
1 0 5 56 104 120 00000000 00000000 00000000 00000000
1 0 5 57 105 121 00000000 00000000 00000000 00000000
1 0 5 58 106 122 00000000 00000000 00000000 00000000
1 0 5 59 107 123 00000000 00000000 00000000 00000000
1 0 5 60 108 124 00000000 00000000 00000000 00000000
1 0 5 61 109 125 00000000 00000000 00000000 00000000
1 0 5 62 110 126 00000000 00000000 00000000 00000000
1 0 5 63 111 127 00000000 00000000 00000000 00000000
1 0 5 64 128 144 00000000 00000000 00000000 00000000
1 0 5 65 129 145 00000000 00000000 00000000 00000000
1 0 5 66 130 146 00000000 00000000 00000000 00000000
1 0 5 67 131 147 00000000 00000000 00000000 00000000
1 0 5 68 132 148 00000000 00000000 00000000 00000000
1 0 5 69 133 149 00000000 00000000 00000000 00000000
1 0 5 70 134 150 00000000 00000000 00000000 00000000
1 0 5 71 135 151 00000000 00000000 00000000 00000000
1 0 5 72 136 152 00000000 00000000 00000000 00000000
1 0 5 73 137 153 00000000 00000000 00000000 00000000
1 0 5 74 138 154 00000000 00000000 00000000 00000000
1 0 5 75 139 155 00000000 00000000 00000000 00000000
1 0 5 76 140 156 00000000 00000000 00000000 00000000
1 0 5 77 141 157 00000000 00000000 00000000 00000000
1 0 5 78 142 158 00000000 00000000 00000000 00000000
1 0 5 79 143 159 00000000 00000000 00000000 00000000
1 0 5 80 160 176 00000000 00000000 00000000 00000000
1 0 5 81 161 177 00000000 00000000 00000000 00000000
1 0 5 82 162 178 00000000 00000000 00000000 00000000
1 0 5 83 163 179 00000000 00000000 00000000 00000000
1 0 5 84 164 180 00000000 00000000 00000000 00000000
1 0 5 85 165 181 00000000 00000000 00000000 00000000
1 0 5 86 166 182 00000000 00000000 00000000 00000000
1 0 5 87 167 183 00000000 00000000 00000000 00000000
1 0 5 88 168 184 00000000 00000000 00000000 00000000
1 0 5 89 169 185 00000000 00000000 00000000 00000000
1 0 5 90 170 186 00000000 00000000 00000000 00000000
1 0 5 91 171 187 00000000 00000000 00000000 00000000
1 0 5 92 172 188 00000000 00000000 00000000 00000000
1 0 5 93 173 189 00000000 00000000 00000000 00000000
1 0 5 94 174 190 00000000 00000000 00000000 00000000
1 0 5 95 175 191 00000000 00000000 00000000 00000000
1 0 5 96 192 208 00000000 00000000 00000000 00000000
1 0 5 97 193 209 00000000 00000000 00000000 00000000
1 0 5 98 194 210 00000000 00000000 00000000 00000000
1 0 5 99 195 211 00000000 00000000 00000000 00000000
1 0 5 100 196 212 00000000 00000000 00000000 00000000
1 0 5 101 197 213 00000000 00000000 00000000 00000000
1 0 5 102 198 214 00000000 00000000 00000000 00000000
1 0 5 103 199 215 00000000 00000000 00000000 00000000
1 0 5 104 200 216 00000000 00000000 00000000 00000000
1 0 5 105 201 217 00000000 00000000 00000000 00000000
1 0 5 106 202 218 00000000 00000000 00000000 00000000
1 0 5 107 203 219 00000000 00000000 00000000 00000000
1 0 5 108 204 220 00000000 00000000 00000000 00000000
1 0 5 109 205 221 00000000 00000000 00000000 00000000
1 0 5 110 206 222 00000000 00000000 00000000 00000000
1 0 5 111 207 223 00000000 00000000 00000000 00000000
1 0 5 112 224 240 00000000 00000000 00000000 00000000
1 0 5 113 225 241 00000000 00000000 00000000 00000000
1 0 5 114 226 242 00000000 00000000 00000000 00000000
1 0 5 115 227 243 00000000 00000000 00000000 00000000
1 0 5 116 228 244 00000000 00000000 00000000 00000000
1 0 5 117 229 245 00000000 00000000 00000000 00000000
1 0 5 118 230 246 00000000 00000000 00000000 00000000
1 0 5 119 231 247 00000000 00000000 00000000 00000000
1 0 5 120 232 248 00000000 00000000 00000000 00000000
1 0 5 121 233 249 00000000 00000000 00000000 00000000
1 0 5 122 234 250 00000000 00000000 00000000 00000000
1 0 5 123 235 251 00000000 00000000 00000000 00000000
1 0 5 124 236 252 00000000 00000000 00000000 00000000
1 0 5 125 237 253 00000000 00000000 00000000 00000000
1 0 5 126 238 254 00000000 00000000 00000000 00000000
1 0 5 127 239 255 00000000 00000000 00000000 00000000
1 0 5 128 256 272 00000000 00000000 00000000 00000000
1 0 5 129 257 273 00000000 00000000 00000000 00000000
1 0 5 130 258 274 00000000 00000000 00000000 00000000
1 0 5 131 259 275 00000000 00000000 00000000 00000000
1 0 5 132 260 276 00000000 00000000 00000000 00000000
1 0 5 133 261 277 00000000 00000000 00000000 00000000
1 0 5 134 262 278 00000000 00000000 00000000 00000000
1 0 5 135 263 279 00000000 00000000 00000000 00000000
1 0 5 136 264 280 00000000 00000000 00000000 00000000
1 0 5 137 265 281 00000000 00000000 00000000 00000000
1 0 5 138 266 282 00000000 00000000 00000000 00000000
1 0 5 139 267 283 00000000 00000000 00000000 00000000
1 0 5 140 268 284 00000000 00000000 00000000 00000000
1 0 5 141 269 285 00000000 00000000 00000000 00000000
1 0 5 142 270 286 00000000 00000000 00000000 00000000
1 0 5 143 271 287 00000000 00000000 00000000 00000000
1 0 5 144 288 304 00000000 00000000 00000000 00000000
1 0 5 145 289 305 00000000 00000000 00000000 00000000
1 0 5 146 290 306 00000000 00000000 00000000 00000000
1 0 5 147 291 307 00000000 00000000 00000000 00000000
1 0 5 148 292 308 00000000 00000000 00000000 00000000
1 0 5 149 293 309 00000000 00000000 00000000 00000000
1 0 5 150 294 310 00000000 00000000 00000000 00000000
1 0 5 151 295 311 00000000 00000000 00000000 00000000
1 0 5 152 296 312 00000000 00000000 00000000 00000000
1 0 5 153 297 313 00000000 00000000 00000000 00000000
1 0 5 154 298 314 00000000 00000000 00000000 00000000
1 0 5 155 299 315 00000000 00000000 00000000 00000000
1 0 5 156 300 316 00000000 00000000 00000000 00000000
1 0 5 157 301 317 00000000 00000000 00000000 00000000
1 0 5 158 302 318 00000000 00000000 00000000 00000000
1 0 5 159 303 319 00000000 00000000 00000000 00000000
1 0 5 160 320 336 00000000 00000000 00000000 00000000
1 0 5 161 321 337 00000000 00000000 00000000 00000000
1 0 5 162 322 338 00000000 00000000 00000000 00000000
1 0 5 163 323 339 00000000 00000000 00000000 00000000
1 0 5 164 324 340 00000000 00000000 00000000 00000000
1 0 5 165 325 341 00000000 00000000 00000000 00000000
1 0 5 166 326 342 00000000 00000000 00000000 00000000
1 0 5 167 327 343 00000000 00000000 00000000 00000000
1 0 5 168 328 344 00000000 00000000 00000000 00000000
1 0 5 169 329 345 00000000 00000000 00000000 00000000
1 0 5 170 330 346 00000000 00000000 00000000 00000000
1 0 5 171 331 347 00000000 00000000 00000000 00000000
1 0 5 172 332 348 00000000 00000000 00000000 00000000
1 0 5 173 333 349 00000000 00000000 00000000 00000000
1 0 5 174 334 350 00000000 00000000 00000000 00000000
1 0 5 175 335 351 00000000 00000000 00000000 00000000
1 0 5 176 352 368 00000000 00000000 00000000 00000000
1 0 5 177 353 369 00000000 00000000 00000000 00000000
1 0 5 178 354 370 00000000 00000000 00000000 00000000
1 0 5 179 355 371 00000000 00000000 00000000 00000000
1 0 5 180 356 372 00000000 00000000 00000000 00000000
1 0 5 181 357 373 00000000 00000000 00000000 00000000
1 0 5 182 358 374 00000000 00000000 00000000 00000000
1 0 5 183 359 375 00000000 00000000 00000000 00000000
1 0 5 184 360 376 00000000 00000000 00000000 00000000
1 0 5 185 361 377 00000000 00000000 00000000 00000000
1 0 5 186 362 378 00000000 00000000 00000000 00000000
1 0 5 187 363 379 00000000 00000000 00000000 00000000
1 0 5 188 364 380 00000000 00000000 00000000 00000000
1 0 5 189 365 381 00000000 00000000 00000000 00000000
1 0 5 190 366 382 00000000 00000000 00000000 00000000
1 0 5 191 367 383 00000000 00000000 00000000 00000000
1 0 5 192 384 400 00000000 00000000 00000000 00000000
1 0 5 193 385 401 00000000 00000000 00000000 00000000
1 0 5 194 386 402 00000000 00000000 00000000 00000000
1 0 5 195 387 403 00000000 00000000 00000000 00000000
1 0 5 196 388 404 00000000 00000000 00000000 00000000
1 0 5 197 389 405 00000000 00000000 00000000 00000000
1 0 5 198 390 406 00000000 00000000 00000000 00000000
1 0 5 199 391 407 00000000 00000000 00000000 00000000
1 0 5 200 392 408 00000000 00000000 00000000 00000000
1 0 5 201 393 409 00000000 00000000 00000000 00000000
1 0 5 202 394 410 00000000 00000000 00000000 00000000
1 0 5 203 395 411 00000000 00000000 00000000 00000000
1 0 5 204 396 412 00000000 00000000 00000000 00000000
1 0 5 205 397 413 00000000 00000000 00000000 00000000
1 0 5 206 398 414 00000000 00000000 00000000 00000000
1 0 5 207 399 415 00000000 00000000 00000000 00000000
1 0 5 208 416 432 00000000 00000000 00000000 00000000
1 0 5 209 417 433 00000000 00000000 00000000 00000000
1 0 5 210 418 434 00000000 00000000 00000000 00000000
1 0 5 211 419 435 00000000 00000000 00000000 00000000
1 0 5 212 420 436 00000000 00000000 00000000 00000000
1 0 5 213 421 437 00000000 00000000 00000000 00000000
1 0 5 214 422 438 00000000 00000000 00000000 00000000
1 0 5 215 423 439 00000000 00000000 00000000 00000000
1 0 5 216 424 440 00000000 00000000 00000000 00000000
1 0 5 217 425 441 00000000 00000000 00000000 00000000
1 0 5 218 426 442 00000000 00000000 00000000 00000000
1 0 5 219 427 443 00000000 00000000 00000000 00000000
1 0 5 220 428 444 00000000 00000000 00000000 00000000
1 0 5 221 429 445 00000000 00000000 00000000 00000000
1 0 5 222 430 446 00000000 00000000 00000000 00000000
1 0 5 223 431 447 00000000 00000000 00000000 00000000
1 0 5 224 448 464 00000000 00000000 00000000 00000000
1 0 5 225 449 465 00000000 00000000 00000000 00000000
1 0 5 226 450 466 00000000 00000000 00000000 00000000
1 0 5 227 451 467 00000000 00000000 00000000 00000000
1 0 5 228 452 468 00000000 00000000 00000000 00000000
1 0 5 229 453 469 00000000 00000000 00000000 00000000
1 0 5 230 454 470 00000000 00000000 00000000 00000000
1 0 5 231 455 471 00000000 00000000 00000000 00000000
1 0 5 232 456 472 00000000 00000000 00000000 00000000
1 0 5 233 457 473 00000000 00000000 00000000 00000000
1 0 5 234 458 474 00000000 00000000 00000000 00000000
1 0 5 235 459 475 00000000 00000000 00000000 00000000
1 0 5 236 460 476 00000000 00000000 00000000 00000000
1 0 5 237 461 477 00000000 00000000 00000000 00000000
1 0 5 238 462 478 00000000 00000000 00000000 00000000
1 0 5 239 463 479 00000000 00000000 00000000 00000000
1 0 5 240 480 496 00000000 00000000 00000000 00000000
1 0 5 241 481 497 00000000 00000000 00000000 00000000
1 0 5 242 482 498 00000000 00000000 00000000 00000000
1 0 5 243 483 499 00000000 00000000 00000000 00000000
1 0 5 244 484 500 00000000 00000000 00000000 00000000
1 0 5 245 485 501 00000000 00000000 00000000 00000000
1 0 5 246 486 502 00000000 00000000 00000000 00000000
1 0 5 247 487 503 00000000 00000000 00000000 00000000
1 0 5 248 488 504 00000000 00000000 00000000 00000000
1 0 5 249 489 505 00000000 00000000 00000000 00000000
1 0 5 250 490 506 00000000 00000000 00000000 00000000
1 0 5 251 491 507 00000000 00000000 00000000 00000000
1 0 5 252 492 508 00000000 00000000 00000000 00000000
1 0 5 253 493 509 00000000 00000000 00000000 00000000
1 0 5 254 494 510 00000000 00000000 00000000 00000000
1 0 5 255 495 511 00000000 00000000 00000000 00000000
1 0 6 0 0 32 00000000 00000000 00000000 00000000
1 0 6 1 1 33 00000000 00000000 00000000 00000000
1 0 6 2 2 34 00000000 00000000 00000000 00000000
1 0 6 3 3 35 00000000 00000000 00000000 00000000
1 0 6 4 4 36 00000000 00000000 00000000 00000000
1 0 6 5 5 37 00000000 00000000 00000000 00000000
1 0 6 6 6 38 00000000 00000000 00000000 00000000
1 0 6 7 7 39 00000000 00000000 00000000 00000000
1 0 6 8 8 40 00000000 00000000 00000000 00000000
1 0 6 9 9 41 00000000 00000000 00000000 00000000
1 0 6 10 10 42 00000000 00000000 00000000 00000000
1 0 6 11 11 43 00000000 00000000 00000000 00000000
1 0 6 12 12 44 00000000 00000000 00000000 00000000
1 0 6 13 13 45 00000000 00000000 00000000 00000000
1 0 6 14 14 46 00000000 00000000 00000000 00000000
1 0 6 15 15 47 00000000 00000000 00000000 00000000
1 0 6 16 16 48 00000000 00000000 00000000 00000000
1 0 6 17 17 49 00000000 00000000 00000000 00000000
1 0 6 18 18 50 00000000 00000000 00000000 00000000
1 0 6 19 19 51 00000000 00000000 00000000 00000000
1 0 6 20 20 52 00000000 00000000 00000000 00000000
1 0 6 21 21 53 00000000 00000000 00000000 00000000
1 0 6 22 22 54 00000000 00000000 00000000 00000000
1 0 6 23 23 55 00000000 00000000 00000000 00000000
1 0 6 24 24 56 00000000 00000000 00000000 00000000
1 0 6 25 25 57 00000000 00000000 00000000 00000000
1 0 6 26 26 58 00000000 00000000 00000000 00000000
1 0 6 27 27 59 00000000 00000000 00000000 00000000
1 0 6 28 28 60 00000000 00000000 00000000 00000000
1 0 6 29 29 61 00000000 00000000 00000000 00000000
1 0 6 30 30 62 00000000 00000000 00000000 00000000
1 0 6 31 31 63 00000000 00000000 00000000 00000000
1 0 6 32 64 96 00000000 00000000 00000000 00000000
1 0 6 33 65 97 00000000 00000000 00000000 00000000
1 0 6 34 66 98 00000000 00000000 00000000 00000000
1 0 6 35 67 99 00000000 00000000 00000000 00000000
1 0 6 36 68 100 00000000 00000000 00000000 00000000
1 0 6 37 69 101 00000000 00000000 00000000 00000000
1 0 6 38 70 102 00000000 00000000 00000000 00000000
1 0 6 39 71 103 00000000 00000000 00000000 00000000
1 0 6 40 72 104 00000000 00000000 00000000 00000000
1 0 6 41 73 105 00000000 00000000 00000000 00000000
1 0 6 42 74 106 00000000 00000000 00000000 00000000
1 0 6 43 75 107 00000000 00000000 00000000 00000000
1 0 6 44 76 108 00000000 00000000 00000000 00000000
1 0 6 45 77 109 00000000 00000000 00000000 00000000
1 0 6 46 78 110 00000000 00000000 00000000 00000000
1 0 6 47 79 111 00000000 00000000 00000000 00000000
1 0 6 48 80 112 00000000 00000000 00000000 00000000
1 0 6 49 81 113 00000000 00000000 00000000 00000000
1 0 6 50 82 114 00000000 00000000 00000000 00000000
1 0 6 51 83 115 00000000 00000000 00000000 00000000
1 0 6 52 84 116 00000000 00000000 00000000 00000000
1 0 6 53 85 117 00000000 00000000 00000000 00000000
1 0 6 54 86 118 00000000 00000000 00000000 00000000
1 0 6 55 87 119 00000000 00000000 00000000 00000000
1 0 6 56 88 120 00000000 00000000 00000000 00000000
1 0 6 57 89 121 00000000 00000000 00000000 00000000
1 0 6 58 90 122 00000000 00000000 00000000 00000000
1 0 6 59 91 123 00000000 00000000 00000000 00000000
1 0 6 60 92 124 00000000 00000000 00000000 00000000
1 0 6 61 93 125 00000000 00000000 00000000 00000000
1 0 6 62 94 126 00000000 00000000 00000000 00000000
1 0 6 63 95 127 00000000 00000000 00000000 00000000
1 0 6 64 128 160 00000000 00000000 00000000 00000000
1 0 6 65 129 161 00000000 00000000 00000000 00000000
1 0 6 66 130 162 00000000 00000000 00000000 00000000
1 0 6 67 131 163 00000000 00000000 00000000 00000000
1 0 6 68 132 164 00000000 00000000 00000000 00000000
1 0 6 69 133 165 00000000 00000000 00000000 00000000
1 0 6 70 134 166 00000000 00000000 00000000 00000000
1 0 6 71 135 167 00000000 00000000 00000000 00000000
1 0 6 72 136 168 00000000 00000000 00000000 00000000
1 0 6 73 137 169 00000000 00000000 00000000 00000000
1 0 6 74 138 170 00000000 00000000 00000000 00000000
1 0 6 75 139 171 00000000 00000000 00000000 00000000
1 0 6 76 140 172 00000000 00000000 00000000 00000000
1 0 6 77 141 173 00000000 00000000 00000000 00000000
1 0 6 78 142 174 00000000 00000000 00000000 00000000
1 0 6 79 143 175 00000000 00000000 00000000 00000000
1 0 6 80 144 176 00000000 00000000 00000000 00000000
1 0 6 81 145 177 00000000 00000000 00000000 00000000
1 0 6 82 146 178 00000000 00000000 00000000 00000000
1 0 6 83 147 179 00000000 00000000 00000000 00000000
1 0 6 84 148 180 00000000 00000000 00000000 00000000
1 0 6 85 149 181 00000000 00000000 00000000 00000000
1 0 6 86 150 182 00000000 00000000 00000000 00000000
1 0 6 87 151 183 00000000 00000000 00000000 00000000
1 0 6 88 152 184 00000000 00000000 00000000 00000000
1 0 6 89 153 185 00000000 00000000 00000000 00000000
1 0 6 90 154 186 00000000 00000000 00000000 00000000
1 0 6 91 155 187 00000000 00000000 00000000 00000000
1 0 6 92 156 188 00000000 00000000 00000000 00000000
1 0 6 93 157 189 00000000 00000000 00000000 00000000
1 0 6 94 158 190 00000000 00000000 00000000 00000000
1 0 6 95 159 191 00000000 00000000 00000000 00000000
1 0 6 96 192 224 00000000 00000000 00000000 00000000
1 0 6 97 193 225 00000000 00000000 00000000 00000000
1 0 6 98 194 226 00000000 00000000 00000000 00000000
1 0 6 99 195 227 00000000 00000000 00000000 00000000
1 0 6 100 196 228 00000000 00000000 00000000 00000000
1 0 6 101 197 229 00000000 00000000 00000000 00000000
1 0 6 102 198 230 00000000 00000000 00000000 00000000
1 0 6 103 199 231 00000000 00000000 00000000 00000000
1 0 6 104 200 232 00000000 00000000 00000000 00000000
1 0 6 105 201 233 00000000 00000000 00000000 00000000
1 0 6 106 202 234 00000000 00000000 00000000 00000000
1 0 6 107 203 235 00000000 00000000 00000000 00000000
1 0 6 108 204 236 00000000 00000000 00000000 00000000
1 0 6 109 205 237 00000000 00000000 00000000 00000000
1 0 6 110 206 238 00000000 00000000 00000000 00000000
1 0 6 111 207 239 00000000 00000000 00000000 00000000
1 0 6 112 208 240 00000000 00000000 00000000 00000000
1 0 6 113 209 241 00000000 00000000 00000000 00000000
1 0 6 114 210 242 00000000 00000000 00000000 00000000
1 0 6 115 211 243 00000000 00000000 00000000 00000000
1 0 6 116 212 244 00000000 00000000 00000000 00000000
1 0 6 117 213 245 00000000 00000000 00000000 00000000
1 0 6 118 214 246 00000000 00000000 00000000 00000000
1 0 6 119 215 247 00000000 00000000 00000000 00000000
1 0 6 120 216 248 00000000 00000000 00000000 00000000
1 0 6 121 217 249 00000000 00000000 00000000 00000000
1 0 6 122 218 250 00000000 00000000 00000000 00000000
1 0 6 123 219 251 00000000 00000000 00000000 00000000
1 0 6 124 220 252 00000000 00000000 00000000 00000000
1 0 6 125 221 253 00000000 00000000 00000000 00000000
1 0 6 126 222 254 00000000 00000000 00000000 00000000
1 0 6 127 223 255 00000000 00000000 00000000 00000000
1 0 6 128 256 288 00000000 00000000 00000000 00000000
1 0 6 129 257 289 00000000 00000000 00000000 00000000
1 0 6 130 258 290 00000000 00000000 00000000 00000000
1 0 6 131 259 291 00000000 00000000 00000000 00000000
1 0 6 132 260 292 00000000 00000000 00000000 00000000
1 0 6 133 261 293 00000000 00000000 00000000 00000000
1 0 6 134 262 294 00000000 00000000 00000000 00000000
1 0 6 135 263 295 00000000 00000000 00000000 00000000
1 0 6 136 264 296 00000000 00000000 00000000 00000000
1 0 6 137 265 297 00000000 00000000 00000000 00000000
1 0 6 138 266 298 00000000 00000000 00000000 00000000
1 0 6 139 267 299 00000000 00000000 00000000 00000000
1 0 6 140 268 300 00000000 00000000 00000000 00000000
1 0 6 141 269 301 00000000 00000000 00000000 00000000
1 0 6 142 270 302 00000000 00000000 00000000 00000000
1 0 6 143 271 303 00000000 00000000 00000000 00000000
1 0 6 144 272 304 00000000 00000000 00000000 00000000
1 0 6 145 273 305 00000000 00000000 00000000 00000000
1 0 6 146 274 306 00000000 00000000 00000000 00000000
1 0 6 147 275 307 00000000 00000000 00000000 00000000
1 0 6 148 276 308 00000000 00000000 00000000 00000000
1 0 6 149 277 309 00000000 00000000 00000000 00000000
1 0 6 150 278 310 00000000 00000000 00000000 00000000
1 0 6 151 279 311 00000000 00000000 00000000 00000000
1 0 6 152 280 312 00000000 00000000 00000000 00000000
1 0 6 153 281 313 00000000 00000000 00000000 00000000
1 0 6 154 282 314 00000000 00000000 00000000 00000000
1 0 6 155 283 315 00000000 00000000 00000000 00000000
1 0 6 156 284 316 00000000 00000000 00000000 00000000
1 0 6 157 285 317 00000000 00000000 00000000 00000000
1 0 6 158 286 318 00000000 00000000 00000000 00000000
1 0 6 159 287 319 00000000 00000000 00000000 00000000
1 0 6 160 320 352 00000000 00000000 00000000 00000000
1 0 6 161 321 353 00000000 00000000 00000000 00000000
1 0 6 162 322 354 00000000 00000000 00000000 00000000
1 0 6 163 323 355 00000000 00000000 00000000 00000000
1 0 6 164 324 356 00000000 00000000 00000000 00000000
1 0 6 165 325 357 00000000 00000000 00000000 00000000
1 0 6 166 326 358 00000000 00000000 00000000 00000000
1 0 6 167 327 359 00000000 00000000 00000000 00000000
1 0 6 168 328 360 00000000 00000000 00000000 00000000
1 0 6 169 329 361 00000000 00000000 00000000 00000000
1 0 6 170 330 362 00000000 00000000 00000000 00000000
1 0 6 171 331 363 00000000 00000000 00000000 00000000
1 0 6 172 332 364 00000000 00000000 00000000 00000000
1 0 6 173 333 365 00000000 00000000 00000000 00000000
1 0 6 174 334 366 00000000 00000000 00000000 00000000
1 0 6 175 335 367 00000000 00000000 00000000 00000000
1 0 6 176 336 368 00000000 00000000 00000000 00000000
1 0 6 177 337 369 00000000 00000000 00000000 00000000
1 0 6 178 338 370 00000000 00000000 00000000 00000000
1 0 6 179 339 371 00000000 00000000 00000000 00000000
1 0 6 180 340 372 00000000 00000000 00000000 00000000
1 0 6 181 341 373 00000000 00000000 00000000 00000000
1 0 6 182 342 374 00000000 00000000 00000000 00000000
1 0 6 183 343 375 00000000 00000000 00000000 00000000
1 0 6 184 344 376 00000000 00000000 00000000 00000000
1 0 6 185 345 377 00000000 00000000 00000000 00000000
1 0 6 186 346 378 00000000 00000000 00000000 00000000
1 0 6 187 347 379 00000000 00000000 00000000 00000000
1 0 6 188 348 380 00000000 00000000 00000000 00000000
1 0 6 189 349 381 00000000 00000000 00000000 00000000
1 0 6 190 350 382 00000000 00000000 00000000 00000000
1 0 6 191 351 383 00000000 00000000 00000000 00000000
1 0 6 192 384 416 00000000 00000000 00000000 00000000
1 0 6 193 385 417 00000000 00000000 00000000 00000000
1 0 6 194 386 418 00000000 00000000 00000000 00000000
1 0 6 195 387 419 00000000 00000000 00000000 00000000
1 0 6 196 388 420 00000000 00000000 00000000 00000000
1 0 6 197 389 421 00000000 00000000 00000000 00000000
1 0 6 198 390 422 00000000 00000000 00000000 00000000
1 0 6 199 391 423 00000000 00000000 00000000 00000000
1 0 6 200 392 424 00000000 00000000 00000000 00000000
1 0 6 201 393 425 00000000 00000000 00000000 00000000
1 0 6 202 394 426 00000000 00000000 00000000 00000000
1 0 6 203 395 427 00000000 00000000 00000000 00000000
1 0 6 204 396 428 00000000 00000000 00000000 00000000
1 0 6 205 397 429 00000000 00000000 00000000 00000000
1 0 6 206 398 430 00000000 00000000 00000000 00000000
1 0 6 207 399 431 00000000 00000000 00000000 00000000
1 0 6 208 400 432 00000000 00000000 00000000 00000000
1 0 6 209 401 433 00000000 00000000 00000000 00000000
1 0 6 210 402 434 00000000 00000000 00000000 00000000
1 0 6 211 403 435 00000000 00000000 00000000 00000000
1 0 6 212 404 436 00000000 00000000 00000000 00000000
1 0 6 213 405 437 00000000 00000000 00000000 00000000
1 0 6 214 406 438 00000000 00000000 00000000 00000000
1 0 6 215 407 439 00000000 00000000 00000000 00000000
1 0 6 216 408 440 00000000 00000000 00000000 00000000
1 0 6 217 409 441 00000000 00000000 00000000 00000000
1 0 6 218 410 442 00000000 00000000 00000000 00000000
1 0 6 219 411 443 00000000 00000000 00000000 00000000
1 0 6 220 412 444 00000000 00000000 00000000 00000000
1 0 6 221 413 445 00000000 00000000 00000000 00000000
1 0 6 222 414 446 00000000 00000000 00000000 00000000
1 0 6 223 415 447 00000000 00000000 00000000 00000000
1 0 6 224 448 480 00000000 00000000 00000000 00000000
1 0 6 225 449 481 00000000 00000000 00000000 00000000
1 0 6 226 450 482 00000000 00000000 00000000 00000000
1 0 6 227 451 483 00000000 00000000 00000000 00000000
1 0 6 228 452 484 00000000 00000000 00000000 00000000
1 0 6 229 453 485 00000000 00000000 00000000 00000000
1 0 6 230 454 486 00000000 00000000 00000000 00000000
1 0 6 231 455 487 00000000 00000000 00000000 00000000
1 0 6 232 456 488 00000000 00000000 00000000 00000000
1 0 6 233 457 489 00000000 00000000 00000000 00000000
1 0 6 234 458 490 00000000 00000000 00000000 00000000
1 0 6 235 459 491 00000000 00000000 00000000 00000000
1 0 6 236 460 492 00000000 00000000 00000000 00000000
1 0 6 237 461 493 00000000 00000000 00000000 00000000
1 0 6 238 462 494 00000000 00000000 00000000 00000000
1 0 6 239 463 495 00000000 00000000 00000000 00000000
1 0 6 240 464 496 00000000 00000000 00000000 00000000
1 0 6 241 465 497 00000000 00000000 00000000 00000000
1 0 6 242 466 498 00000000 00000000 00000000 00000000
1 0 6 243 467 499 00000000 00000000 00000000 00000000
1 0 6 244 468 500 00000000 00000000 00000000 00000000
1 0 6 245 469 501 00000000 00000000 00000000 00000000
1 0 6 246 470 502 00000000 00000000 00000000 00000000
1 0 6 247 471 503 00000000 00000000 00000000 00000000
1 0 6 248 472 504 00000000 00000000 00000000 00000000
1 0 6 249 473 505 00000000 00000000 00000000 00000000
1 0 6 250 474 506 00000000 00000000 00000000 00000000
1 0 6 251 475 507 00000000 00000000 00000000 00000000
1 0 6 252 476 508 00000000 00000000 00000000 00000000
1 0 6 253 477 509 00000000 00000000 00000000 00000000
1 0 6 254 478 510 00000000 00000000 00000000 00000000
1 0 6 255 479 511 00000000 00000000 00000000 00000000
1 0 7 0 0 64 00000000 00000000 00000000 00000000
1 0 7 1 1 65 00000000 00000000 00000000 00000000
1 0 7 2 2 66 00000000 00000000 00000000 00000000
1 0 7 3 3 67 00000000 00000000 00000000 00000000
1 0 7 4 4 68 00000000 00000000 00000000 00000000
1 0 7 5 5 69 00000000 00000000 00000000 00000000
1 0 7 6 6 70 00000000 00000000 00000000 00000000
1 0 7 7 7 71 00000000 00000000 00000000 00000000
1 0 7 8 8 72 00000000 00000000 00000000 00000000
1 0 7 9 9 73 00000000 00000000 00000000 00000000
1 0 7 10 10 74 00000000 00000000 00000000 00000000
1 0 7 11 11 75 00000000 00000000 00000000 00000000
1 0 7 12 12 76 00000000 00000000 00000000 00000000
1 0 7 13 13 77 00000000 00000000 00000000 00000000
1 0 7 14 14 78 00000000 00000000 00000000 00000000
1 0 7 15 15 79 00000000 00000000 00000000 00000000
1 0 7 16 16 80 00000000 00000000 00000000 00000000
1 0 7 17 17 81 00000000 00000000 00000000 00000000
1 0 7 18 18 82 00000000 00000000 00000000 00000000
1 0 7 19 19 83 00000000 00000000 00000000 00000000
1 0 7 20 20 84 00000000 00000000 00000000 00000000
1 0 7 21 21 85 00000000 00000000 00000000 00000000
1 0 7 22 22 86 00000000 00000000 00000000 00000000
1 0 7 23 23 87 00000000 00000000 00000000 00000000
1 0 7 24 24 88 00000000 00000000 00000000 00000000
1 0 7 25 25 89 00000000 00000000 00000000 00000000
1 0 7 26 26 90 00000000 00000000 00000000 00000000
1 0 7 27 27 91 00000000 00000000 00000000 00000000
1 0 7 28 28 92 00000000 00000000 00000000 00000000
1 0 7 29 29 93 00000000 00000000 00000000 00000000
1 0 7 30 30 94 00000000 00000000 00000000 00000000
1 0 7 31 31 95 00000000 00000000 00000000 00000000
1 0 7 32 32 96 00000000 00000000 00000000 00000000
1 0 7 33 33 97 00000000 00000000 00000000 00000000
1 0 7 34 34 98 00000000 00000000 00000000 00000000
1 0 7 35 35 99 00000000 00000000 00000000 00000000
1 0 7 36 36 100 00000000 00000000 00000000 00000000
1 0 7 37 37 101 00000000 00000000 00000000 00000000
1 0 7 38 38 102 00000000 00000000 00000000 00000000
1 0 7 39 39 103 00000000 00000000 00000000 00000000
1 0 7 40 40 104 00000000 00000000 00000000 00000000
1 0 7 41 41 105 00000000 00000000 00000000 00000000
1 0 7 42 42 106 00000000 00000000 00000000 00000000
1 0 7 43 43 107 00000000 00000000 00000000 00000000
1 0 7 44 44 108 00000000 00000000 00000000 00000000
1 0 7 45 45 109 00000000 00000000 00000000 00000000
1 0 7 46 46 110 00000000 00000000 00000000 00000000
1 0 7 47 47 111 00000000 00000000 00000000 00000000
1 0 7 48 48 112 00000000 00000000 00000000 00000000
1 0 7 49 49 113 00000000 00000000 00000000 00000000
1 0 7 50 50 114 00000000 00000000 00000000 00000000
1 0 7 51 51 115 00000000 00000000 00000000 00000000
1 0 7 52 52 116 00000000 00000000 00000000 00000000
1 0 7 53 53 117 00000000 00000000 00000000 00000000
1 0 7 54 54 118 00000000 00000000 00000000 00000000
1 0 7 55 55 119 00000000 00000000 00000000 00000000
1 0 7 56 56 120 00000000 00000000 00000000 00000000
1 0 7 57 57 121 00000000 00000000 00000000 00000000
1 0 7 58 58 122 00000000 00000000 00000000 00000000
1 0 7 59 59 123 00000000 00000000 00000000 00000000
1 0 7 60 60 124 00000000 00000000 00000000 00000000
1 0 7 61 61 125 00000000 00000000 00000000 00000000
1 0 7 62 62 126 00000000 00000000 00000000 00000000
1 0 7 63 63 127 00000000 00000000 00000000 00000000
1 0 7 64 128 192 00000000 00000000 00000000 00000000
1 0 7 65 129 193 00000000 00000000 00000000 00000000
1 0 7 66 130 194 00000000 00000000 00000000 00000000
1 0 7 67 131 195 00000000 00000000 00000000 00000000
1 0 7 68 132 196 00000000 00000000 00000000 00000000
1 0 7 69 133 197 00000000 00000000 00000000 00000000
1 0 7 70 134 198 00000000 00000000 00000000 00000000
1 0 7 71 135 199 00000000 00000000 00000000 00000000
1 0 7 72 136 200 00000000 00000000 00000000 00000000
1 0 7 73 137 201 00000000 00000000 00000000 00000000
1 0 7 74 138 202 00000000 00000000 00000000 00000000
1 0 7 75 139 203 00000000 00000000 00000000 00000000
1 0 7 76 140 204 00000000 00000000 00000000 00000000
1 0 7 77 141 205 00000000 00000000 00000000 00000000
1 0 7 78 142 206 00000000 00000000 00000000 00000000
1 0 7 79 143 207 00000000 00000000 00000000 00000000
1 0 7 80 144 208 00000000 00000000 00000000 00000000
1 0 7 81 145 209 00000000 00000000 00000000 00000000
1 0 7 82 146 210 00000000 00000000 00000000 00000000
1 0 7 83 147 211 00000000 00000000 00000000 00000000
1 0 7 84 148 212 00000000 00000000 00000000 00000000
1 0 7 85 149 213 00000000 00000000 00000000 00000000
1 0 7 86 150 214 00000000 00000000 00000000 00000000
1 0 7 87 151 215 00000000 00000000 00000000 00000000
1 0 7 88 152 216 00000000 00000000 00000000 00000000
1 0 7 89 153 217 00000000 00000000 00000000 00000000
1 0 7 90 154 218 00000000 00000000 00000000 00000000
1 0 7 91 155 219 00000000 00000000 00000000 00000000
1 0 7 92 156 220 00000000 00000000 00000000 00000000
1 0 7 93 157 221 00000000 00000000 00000000 00000000
1 0 7 94 158 222 00000000 00000000 00000000 00000000
1 0 7 95 159 223 00000000 00000000 00000000 00000000
1 0 7 96 160 224 00000000 00000000 00000000 00000000
1 0 7 97 161 225 00000000 00000000 00000000 00000000
1 0 7 98 162 226 00000000 00000000 00000000 00000000
1 0 7 99 163 227 00000000 00000000 00000000 00000000
1 0 7 100 164 228 00000000 00000000 00000000 00000000
1 0 7 101 165 229 00000000 00000000 00000000 00000000
1 0 7 102 166 230 00000000 00000000 00000000 00000000
1 0 7 103 167 231 00000000 00000000 00000000 00000000
1 0 7 104 168 232 00000000 00000000 00000000 00000000
1 0 7 105 169 233 00000000 00000000 00000000 00000000
1 0 7 106 170 234 00000000 00000000 00000000 00000000
1 0 7 107 171 235 00000000 00000000 00000000 00000000
1 0 7 108 172 236 00000000 00000000 00000000 00000000
1 0 7 109 173 237 00000000 00000000 00000000 00000000
1 0 7 110 174 238 00000000 00000000 00000000 00000000
1 0 7 111 175 239 00000000 00000000 00000000 00000000
1 0 7 112 176 240 00000000 00000000 00000000 00000000
1 0 7 113 177 241 00000000 00000000 00000000 00000000
1 0 7 114 178 242 00000000 00000000 00000000 00000000
1 0 7 115 179 243 00000000 00000000 00000000 00000000
1 0 7 116 180 244 00000000 00000000 00000000 00000000
1 0 7 117 181 245 00000000 00000000 00000000 00000000
1 0 7 118 182 246 00000000 00000000 00000000 00000000
1 0 7 119 183 247 00000000 00000000 00000000 00000000
1 0 7 120 184 248 00000000 00000000 00000000 00000000
1 0 7 121 185 249 00000000 00000000 00000000 00000000
1 0 7 122 186 250 00000000 00000000 00000000 00000000
1 0 7 123 187 251 00000000 00000000 00000000 00000000
1 0 7 124 188 252 00000000 00000000 00000000 00000000
1 0 7 125 189 253 00000000 00000000 00000000 00000000
1 0 7 126 190 254 00000000 00000000 00000000 00000000
1 0 7 127 191 255 00000000 00000000 00000000 00000000
1 0 7 128 256 320 00000000 00000000 00000000 00000000
1 0 7 129 257 321 00000000 00000000 00000000 00000000
1 0 7 130 258 322 00000000 00000000 00000000 00000000
1 0 7 131 259 323 00000000 00000000 00000000 00000000
1 0 7 132 260 324 00000000 00000000 00000000 00000000
1 0 7 133 261 325 00000000 00000000 00000000 00000000
1 0 7 134 262 326 00000000 00000000 00000000 00000000
1 0 7 135 263 327 00000000 00000000 00000000 00000000
1 0 7 136 264 328 00000000 00000000 00000000 00000000
1 0 7 137 265 329 00000000 00000000 00000000 00000000
1 0 7 138 266 330 00000000 00000000 00000000 00000000
1 0 7 139 267 331 00000000 00000000 00000000 00000000
1 0 7 140 268 332 00000000 00000000 00000000 00000000
1 0 7 141 269 333 00000000 00000000 00000000 00000000
1 0 7 142 270 334 00000000 00000000 00000000 00000000
1 0 7 143 271 335 00000000 00000000 00000000 00000000
1 0 7 144 272 336 00000000 00000000 00000000 00000000
1 0 7 145 273 337 00000000 00000000 00000000 00000000
1 0 7 146 274 338 00000000 00000000 00000000 00000000
1 0 7 147 275 339 00000000 00000000 00000000 00000000
1 0 7 148 276 340 00000000 00000000 00000000 00000000
1 0 7 149 277 341 00000000 00000000 00000000 00000000
1 0 7 150 278 342 00000000 00000000 00000000 00000000
1 0 7 151 279 343 00000000 00000000 00000000 00000000
1 0 7 152 280 344 00000000 00000000 00000000 00000000
1 0 7 153 281 345 00000000 00000000 00000000 00000000
1 0 7 154 282 346 00000000 00000000 00000000 00000000
1 0 7 155 283 347 00000000 00000000 00000000 00000000
1 0 7 156 284 348 00000000 00000000 00000000 00000000
1 0 7 157 285 349 00000000 00000000 00000000 00000000
1 0 7 158 286 350 00000000 00000000 00000000 00000000
1 0 7 159 287 351 00000000 00000000 00000000 00000000
1 0 7 160 288 352 00000000 00000000 00000000 00000000
1 0 7 161 289 353 00000000 00000000 00000000 00000000
1 0 7 162 290 354 00000000 00000000 00000000 00000000
1 0 7 163 291 355 00000000 00000000 00000000 00000000
1 0 7 164 292 356 00000000 00000000 00000000 00000000
1 0 7 165 293 357 00000000 00000000 00000000 00000000
1 0 7 166 294 358 00000000 00000000 00000000 00000000
1 0 7 167 295 359 00000000 00000000 00000000 00000000
1 0 7 168 296 360 00000000 00000000 00000000 00000000
1 0 7 169 297 361 00000000 00000000 00000000 00000000
1 0 7 170 298 362 00000000 00000000 00000000 00000000
1 0 7 171 299 363 00000000 00000000 00000000 00000000
1 0 7 172 300 364 00000000 00000000 00000000 00000000
1 0 7 173 301 365 00000000 00000000 00000000 00000000
1 0 7 174 302 366 00000000 00000000 00000000 00000000
1 0 7 175 303 367 00000000 00000000 00000000 00000000
1 0 7 176 304 368 00000000 00000000 00000000 00000000
1 0 7 177 305 369 00000000 00000000 00000000 00000000
1 0 7 178 306 370 00000000 00000000 00000000 00000000
1 0 7 179 307 371 00000000 00000000 00000000 00000000
1 0 7 180 308 372 00000000 00000000 00000000 00000000
1 0 7 181 309 373 00000000 00000000 00000000 00000000
1 0 7 182 310 374 00000000 00000000 00000000 00000000
1 0 7 183 311 375 00000000 00000000 00000000 00000000
1 0 7 184 312 376 00000000 00000000 00000000 00000000
1 0 7 185 313 377 00000000 00000000 00000000 00000000
1 0 7 186 314 378 00000000 00000000 00000000 00000000
1 0 7 187 315 379 00000000 00000000 00000000 00000000
1 0 7 188 316 380 00000000 00000000 00000000 00000000
1 0 7 189 317 381 00000000 00000000 00000000 00000000
1 0 7 190 318 382 00000000 00000000 00000000 00000000
1 0 7 191 319 383 00000000 00000000 00000000 00000000
1 0 7 192 384 448 00000000 00000000 00000000 00000000
1 0 7 193 385 449 00000000 00000000 00000000 00000000
1 0 7 194 386 450 00000000 00000000 00000000 00000000
1 0 7 195 387 451 00000000 00000000 00000000 00000000
1 0 7 196 388 452 00000000 00000000 00000000 00000000
1 0 7 197 389 453 00000000 00000000 00000000 00000000
1 0 7 198 390 454 00000000 00000000 00000000 00000000
1 0 7 199 391 455 00000000 00000000 00000000 00000000
1 0 7 200 392 456 00000000 00000000 00000000 00000000
1 0 7 201 393 457 00000000 00000000 00000000 00000000
1 0 7 202 394 458 00000000 00000000 00000000 00000000
1 0 7 203 395 459 00000000 00000000 00000000 00000000
1 0 7 204 396 460 00000000 00000000 00000000 00000000
1 0 7 205 397 461 00000000 00000000 00000000 00000000
1 0 7 206 398 462 00000000 00000000 00000000 00000000
1 0 7 207 399 463 00000000 00000000 00000000 00000000
1 0 7 208 400 464 00000000 00000000 00000000 00000000
1 0 7 209 401 465 00000000 00000000 00000000 00000000
1 0 7 210 402 466 00000000 00000000 00000000 00000000
1 0 7 211 403 467 00000000 00000000 00000000 00000000
1 0 7 212 404 468 00000000 00000000 00000000 00000000
1 0 7 213 405 469 00000000 00000000 00000000 00000000
1 0 7 214 406 470 00000000 00000000 00000000 00000000
1 0 7 215 407 471 00000000 00000000 00000000 00000000
1 0 7 216 408 472 00000000 00000000 00000000 00000000
1 0 7 217 409 473 00000000 00000000 00000000 00000000
1 0 7 218 410 474 00000000 00000000 00000000 00000000
1 0 7 219 411 475 00000000 00000000 00000000 00000000
1 0 7 220 412 476 00000000 00000000 00000000 00000000
1 0 7 221 413 477 00000000 00000000 00000000 00000000
1 0 7 222 414 478 00000000 00000000 00000000 00000000
1 0 7 223 415 479 00000000 00000000 00000000 00000000
1 0 7 224 416 480 00000000 00000000 00000000 00000000
1 0 7 225 417 481 00000000 00000000 00000000 00000000
1 0 7 226 418 482 00000000 00000000 00000000 00000000
1 0 7 227 419 483 00000000 00000000 00000000 00000000
1 0 7 228 420 484 00000000 00000000 00000000 00000000
1 0 7 229 421 485 00000000 00000000 00000000 00000000
1 0 7 230 422 486 00000000 00000000 00000000 00000000
1 0 7 231 423 487 00000000 00000000 00000000 00000000
1 0 7 232 424 488 00000000 00000000 00000000 00000000
1 0 7 233 425 489 00000000 00000000 00000000 00000000
1 0 7 234 426 490 00000000 00000000 00000000 00000000
1 0 7 235 427 491 00000000 00000000 00000000 00000000
1 0 7 236 428 492 00000000 00000000 00000000 00000000
1 0 7 237 429 493 00000000 00000000 00000000 00000000
1 0 7 238 430 494 00000000 00000000 00000000 00000000
1 0 7 239 431 495 00000000 00000000 00000000 00000000
1 0 7 240 432 496 00000000 00000000 00000000 00000000
1 0 7 241 433 497 00000000 00000000 00000000 00000000
1 0 7 242 434 498 00000000 00000000 00000000 00000000
1 0 7 243 435 499 00000000 00000000 00000000 00000000
1 0 7 244 436 500 00000000 00000000 00000000 00000000
1 0 7 245 437 501 00000000 00000000 00000000 00000000
1 0 7 246 438 502 00000000 00000000 00000000 00000000
1 0 7 247 439 503 00000000 00000000 00000000 00000000
1 0 7 248 440 504 00000000 00000000 00000000 00000000
1 0 7 249 441 505 00000000 00000000 00000000 00000000
1 0 7 250 442 506 00000000 00000000 00000000 00000000
1 0 7 251 443 507 00000000 00000000 00000000 00000000
1 0 7 252 444 508 00000000 00000000 00000000 00000000
1 0 7 253 445 509 00000000 00000000 00000000 00000000
1 0 7 254 446 510 00000000 00000000 00000000 00000000
1 0 7 255 447 511 00000000 00000000 00000000 00000000
1 0 8 0 0 128 00000000 00000000 00000000 00000000
1 0 8 1 1 129 00000000 00000000 00000000 00000000
1 0 8 2 2 130 00000000 00000000 00000000 00000000
1 0 8 3 3 131 00000000 00000000 00000000 00000000
1 0 8 4 4 132 00000000 00000000 00000000 00000000
1 0 8 5 5 133 00000000 00000000 00000000 00000000
1 0 8 6 6 134 00000000 00000000 00000000 00000000
1 0 8 7 7 135 00000000 00000000 00000000 00000000
1 0 8 8 8 136 00000000 00000000 00000000 00000000
1 0 8 9 9 137 00000000 00000000 00000000 00000000
1 0 8 10 10 138 00000000 00000000 00000000 00000000
1 0 8 11 11 139 00000000 00000000 00000000 00000000
1 0 8 12 12 140 00000000 00000000 00000000 00000000
1 0 8 13 13 141 00000000 00000000 00000000 00000000
1 0 8 14 14 142 00000000 00000000 00000000 00000000
1 0 8 15 15 143 00000000 00000000 00000000 00000000
1 0 8 16 16 144 00000000 00000000 00000000 00000000
1 0 8 17 17 145 00000000 00000000 00000000 00000000
1 0 8 18 18 146 00000000 00000000 00000000 00000000
1 0 8 19 19 147 00000000 00000000 00000000 00000000
1 0 8 20 20 148 00000000 00000000 00000000 00000000
1 0 8 21 21 149 00000000 00000000 00000000 00000000
1 0 8 22 22 150 00000000 00000000 00000000 00000000
1 0 8 23 23 151 00000000 00000000 00000000 00000000
1 0 8 24 24 152 00000000 00000000 00000000 00000000
1 0 8 25 25 153 00000000 00000000 00000000 00000000
1 0 8 26 26 154 00000000 00000000 00000000 00000000
1 0 8 27 27 155 00000000 00000000 00000000 00000000
1 0 8 28 28 156 00000000 00000000 00000000 00000000
1 0 8 29 29 157 00000000 00000000 00000000 00000000
1 0 8 30 30 158 00000000 00000000 00000000 00000000
1 0 8 31 31 159 00000000 00000000 00000000 00000000
1 0 8 32 32 160 00000000 00000000 00000000 00000000
1 0 8 33 33 161 00000000 00000000 00000000 00000000
1 0 8 34 34 162 00000000 00000000 00000000 00000000
1 0 8 35 35 163 00000000 00000000 00000000 00000000
1 0 8 36 36 164 00000000 00000000 00000000 00000000
1 0 8 37 37 165 00000000 00000000 00000000 00000000
1 0 8 38 38 166 00000000 00000000 00000000 00000000
1 0 8 39 39 167 00000000 00000000 00000000 00000000
1 0 8 40 40 168 00000000 00000000 00000000 00000000
1 0 8 41 41 169 00000000 00000000 00000000 00000000
1 0 8 42 42 170 00000000 00000000 00000000 00000000
1 0 8 43 43 171 00000000 00000000 00000000 00000000
1 0 8 44 44 172 00000000 00000000 00000000 00000000
1 0 8 45 45 173 00000000 00000000 00000000 00000000
1 0 8 46 46 174 00000000 00000000 00000000 00000000
1 0 8 47 47 175 00000000 00000000 00000000 00000000
1 0 8 48 48 176 00000000 00000000 00000000 00000000
1 0 8 49 49 177 00000000 00000000 00000000 00000000
1 0 8 50 50 178 00000000 00000000 00000000 00000000
1 0 8 51 51 179 00000000 00000000 00000000 00000000
1 0 8 52 52 180 00000000 00000000 00000000 00000000
1 0 8 53 53 181 00000000 00000000 00000000 00000000
1 0 8 54 54 182 00000000 00000000 00000000 00000000
1 0 8 55 55 183 00000000 00000000 00000000 00000000
1 0 8 56 56 184 00000000 00000000 00000000 00000000
1 0 8 57 57 185 00000000 00000000 00000000 00000000
1 0 8 58 58 186 00000000 00000000 00000000 00000000
1 0 8 59 59 187 00000000 00000000 00000000 00000000
1 0 8 60 60 188 00000000 00000000 00000000 00000000
1 0 8 61 61 189 00000000 00000000 00000000 00000000
1 0 8 62 62 190 00000000 00000000 00000000 00000000
1 0 8 63 63 191 00000000 00000000 00000000 00000000
1 0 8 64 64 192 00000000 00000000 00000000 00000000
1 0 8 65 65 193 00000000 00000000 00000000 00000000
1 0 8 66 66 194 00000000 00000000 00000000 00000000
1 0 8 67 67 195 00000000 00000000 00000000 00000000
1 0 8 68 68 196 00000000 00000000 00000000 00000000
1 0 8 69 69 197 00000000 00000000 00000000 00000000
1 0 8 70 70 198 00000000 00000000 00000000 00000000
1 0 8 71 71 199 00000000 00000000 00000000 00000000
1 0 8 72 72 200 00000000 00000000 00000000 00000000
1 0 8 73 73 201 00000000 00000000 00000000 00000000
1 0 8 74 74 202 00000000 00000000 00000000 00000000
1 0 8 75 75 203 00000000 00000000 00000000 00000000
1 0 8 76 76 204 00000000 00000000 00000000 00000000
1 0 8 77 77 205 00000000 00000000 00000000 00000000
1 0 8 78 78 206 00000000 00000000 00000000 00000000
1 0 8 79 79 207 00000000 00000000 00000000 00000000
1 0 8 80 80 208 00000000 00000000 00000000 00000000
1 0 8 81 81 209 00000000 00000000 00000000 00000000
1 0 8 82 82 210 00000000 00000000 00000000 00000000
1 0 8 83 83 211 00000000 00000000 00000000 00000000
1 0 8 84 84 212 00000000 00000000 00000000 00000000
1 0 8 85 85 213 00000000 00000000 00000000 00000000
1 0 8 86 86 214 00000000 00000000 00000000 00000000
1 0 8 87 87 215 00000000 00000000 00000000 00000000
1 0 8 88 88 216 00000000 00000000 00000000 00000000
1 0 8 89 89 217 00000000 00000000 00000000 00000000
1 0 8 90 90 218 00000000 00000000 00000000 00000000
1 0 8 91 91 219 00000000 00000000 00000000 00000000
1 0 8 92 92 220 00000000 00000000 00000000 00000000
1 0 8 93 93 221 00000000 00000000 00000000 00000000
1 0 8 94 94 222 00000000 00000000 00000000 00000000
1 0 8 95 95 223 00000000 00000000 00000000 00000000
1 0 8 96 96 224 00000000 00000000 00000000 00000000
1 0 8 97 97 225 00000000 00000000 00000000 00000000
1 0 8 98 98 226 00000000 00000000 00000000 00000000
1 0 8 99 99 227 00000000 00000000 00000000 00000000
1 0 8 100 100 228 00000000 00000000 00000000 00000000
1 0 8 101 101 229 00000000 00000000 00000000 00000000
1 0 8 102 102 230 00000000 00000000 00000000 00000000
1 0 8 103 103 231 00000000 00000000 00000000 00000000
1 0 8 104 104 232 00000000 00000000 00000000 00000000
1 0 8 105 105 233 00000000 00000000 00000000 00000000
1 0 8 106 106 234 00000000 00000000 00000000 00000000
1 0 8 107 107 235 00000000 00000000 00000000 00000000
1 0 8 108 108 236 00000000 00000000 00000000 00000000
1 0 8 109 109 237 00000000 00000000 00000000 00000000
1 0 8 110 110 238 00000000 00000000 00000000 00000000
1 0 8 111 111 239 00000000 00000000 00000000 00000000
1 0 8 112 112 240 00000000 00000000 00000000 00000000
1 0 8 113 113 241 00000000 00000000 00000000 00000000
1 0 8 114 114 242 00000000 00000000 00000000 00000000
1 0 8 115 115 243 00000000 00000000 00000000 00000000
1 0 8 116 116 244 00000000 00000000 00000000 00000000
1 0 8 117 117 245 00000000 00000000 00000000 00000000
1 0 8 118 118 246 00000000 00000000 00000000 00000000
1 0 8 119 119 247 00000000 00000000 00000000 00000000
1 0 8 120 120 248 00000000 00000000 00000000 00000000
1 0 8 121 121 249 00000000 00000000 00000000 00000000
1 0 8 122 122 250 00000000 00000000 00000000 00000000
1 0 8 123 123 251 00000000 00000000 00000000 00000000
1 0 8 124 124 252 00000000 00000000 00000000 00000000
1 0 8 125 125 253 00000000 00000000 00000000 00000000
1 0 8 126 126 254 00000000 00000000 00000000 00000000
1 0 8 127 127 255 00000000 00000000 00000000 00000000
1 0 8 128 256 384 00000000 00000000 00000000 00000000
1 0 8 129 257 385 00000000 00000000 00000000 00000000
1 0 8 130 258 386 00000000 00000000 00000000 00000000
1 0 8 131 259 387 00000000 00000000 00000000 00000000
1 0 8 132 260 388 00000000 00000000 00000000 00000000
1 0 8 133 261 389 00000000 00000000 00000000 00000000
1 0 8 134 262 390 00000000 00000000 00000000 00000000
1 0 8 135 263 391 00000000 00000000 00000000 00000000
1 0 8 136 264 392 00000000 00000000 00000000 00000000
1 0 8 137 265 393 00000000 00000000 00000000 00000000
1 0 8 138 266 394 00000000 00000000 00000000 00000000
1 0 8 139 267 395 00000000 00000000 00000000 00000000
1 0 8 140 268 396 00000000 00000000 00000000 00000000
1 0 8 141 269 397 00000000 00000000 00000000 00000000
1 0 8 142 270 398 00000000 00000000 00000000 00000000
1 0 8 143 271 399 00000000 00000000 00000000 00000000
1 0 8 144 272 400 00000000 00000000 00000000 00000000
1 0 8 145 273 401 00000000 00000000 00000000 00000000
1 0 8 146 274 402 00000000 00000000 00000000 00000000
1 0 8 147 275 403 00000000 00000000 00000000 00000000
1 0 8 148 276 404 00000000 00000000 00000000 00000000
1 0 8 149 277 405 00000000 00000000 00000000 00000000
1 0 8 150 278 406 00000000 00000000 00000000 00000000
1 0 8 151 279 407 00000000 00000000 00000000 00000000
1 0 8 152 280 408 00000000 00000000 00000000 00000000
1 0 8 153 281 409 00000000 00000000 00000000 00000000
1 0 8 154 282 410 00000000 00000000 00000000 00000000
1 0 8 155 283 411 00000000 00000000 00000000 00000000
1 0 8 156 284 412 00000000 00000000 00000000 00000000
1 0 8 157 285 413 00000000 00000000 00000000 00000000
1 0 8 158 286 414 00000000 00000000 00000000 00000000
1 0 8 159 287 415 00000000 00000000 00000000 00000000
1 0 8 160 288 416 00000000 00000000 00000000 00000000
1 0 8 161 289 417 00000000 00000000 00000000 00000000
1 0 8 162 290 418 00000000 00000000 00000000 00000000
1 0 8 163 291 419 00000000 00000000 00000000 00000000
1 0 8 164 292 420 00000000 00000000 00000000 00000000
1 0 8 165 293 421 00000000 00000000 00000000 00000000
1 0 8 166 294 422 00000000 00000000 00000000 00000000
1 0 8 167 295 423 00000000 00000000 00000000 00000000
1 0 8 168 296 424 00000000 00000000 00000000 00000000
1 0 8 169 297 425 00000000 00000000 00000000 00000000
1 0 8 170 298 426 00000000 00000000 00000000 00000000
1 0 8 171 299 427 00000000 00000000 00000000 00000000
1 0 8 172 300 428 00000000 00000000 00000000 00000000
1 0 8 173 301 429 00000000 00000000 00000000 00000000
1 0 8 174 302 430 00000000 00000000 00000000 00000000
1 0 8 175 303 431 00000000 00000000 00000000 00000000
1 0 8 176 304 432 00000000 00000000 00000000 00000000
1 0 8 177 305 433 00000000 00000000 00000000 00000000
1 0 8 178 306 434 00000000 00000000 00000000 00000000
1 0 8 179 307 435 00000000 00000000 00000000 00000000
1 0 8 180 308 436 00000000 00000000 00000000 00000000
1 0 8 181 309 437 00000000 00000000 00000000 00000000
1 0 8 182 310 438 00000000 00000000 00000000 00000000
1 0 8 183 311 439 00000000 00000000 00000000 00000000
1 0 8 184 312 440 00000000 00000000 00000000 00000000
1 0 8 185 313 441 00000000 00000000 00000000 00000000
1 0 8 186 314 442 00000000 00000000 00000000 00000000
1 0 8 187 315 443 00000000 00000000 00000000 00000000
1 0 8 188 316 444 00000000 00000000 00000000 00000000
1 0 8 189 317 445 00000000 00000000 00000000 00000000
1 0 8 190 318 446 00000000 00000000 00000000 00000000
1 0 8 191 319 447 00000000 00000000 00000000 00000000
1 0 8 192 320 448 00000000 00000000 00000000 00000000
1 0 8 193 321 449 00000000 00000000 00000000 00000000
1 0 8 194 322 450 00000000 00000000 00000000 00000000
1 0 8 195 323 451 00000000 00000000 00000000 00000000
1 0 8 196 324 452 00000000 00000000 00000000 00000000
1 0 8 197 325 453 00000000 00000000 00000000 00000000
1 0 8 198 326 454 00000000 00000000 00000000 00000000
1 0 8 199 327 455 00000000 00000000 00000000 00000000
1 0 8 200 328 456 00000000 00000000 00000000 00000000
1 0 8 201 329 457 00000000 00000000 00000000 00000000
1 0 8 202 330 458 00000000 00000000 00000000 00000000
1 0 8 203 331 459 00000000 00000000 00000000 00000000
1 0 8 204 332 460 00000000 00000000 00000000 00000000
1 0 8 205 333 461 00000000 00000000 00000000 00000000
1 0 8 206 334 462 00000000 00000000 00000000 00000000
1 0 8 207 335 463 00000000 00000000 00000000 00000000
1 0 8 208 336 464 00000000 00000000 00000000 00000000
1 0 8 209 337 465 00000000 00000000 00000000 00000000
1 0 8 210 338 466 00000000 00000000 00000000 00000000
1 0 8 211 339 467 00000000 00000000 00000000 00000000
1 0 8 212 340 468 00000000 00000000 00000000 00000000
1 0 8 213 341 469 00000000 00000000 00000000 00000000
1 0 8 214 342 470 00000000 00000000 00000000 00000000
1 0 8 215 343 471 00000000 00000000 00000000 00000000
1 0 8 216 344 472 00000000 00000000 00000000 00000000
1 0 8 217 345 473 00000000 00000000 00000000 00000000
1 0 8 218 346 474 00000000 00000000 00000000 00000000
1 0 8 219 347 475 00000000 00000000 00000000 00000000
1 0 8 220 348 476 00000000 00000000 00000000 00000000
1 0 8 221 349 477 00000000 00000000 00000000 00000000
1 0 8 222 350 478 00000000 00000000 00000000 00000000
1 0 8 223 351 479 00000000 00000000 00000000 00000000
1 0 8 224 352 480 00000000 00000000 00000000 00000000
1 0 8 225 353 481 00000000 00000000 00000000 00000000
1 0 8 226 354 482 00000000 00000000 00000000 00000000
1 0 8 227 355 483 00000000 00000000 00000000 00000000
1 0 8 228 356 484 00000000 00000000 00000000 00000000
1 0 8 229 357 485 00000000 00000000 00000000 00000000
1 0 8 230 358 486 00000000 00000000 00000000 00000000
1 0 8 231 359 487 00000000 00000000 00000000 00000000
1 0 8 232 360 488 00000000 00000000 00000000 00000000
1 0 8 233 361 489 00000000 00000000 00000000 00000000
1 0 8 234 362 490 00000000 00000000 00000000 00000000
1 0 8 235 363 491 00000000 00000000 00000000 00000000
1 0 8 236 364 492 00000000 00000000 00000000 00000000
1 0 8 237 365 493 00000000 00000000 00000000 00000000
1 0 8 238 366 494 00000000 00000000 00000000 00000000
1 0 8 239 367 495 00000000 00000000 00000000 00000000
1 0 8 240 368 496 00000000 00000000 00000000 00000000
1 0 8 241 369 497 00000000 00000000 00000000 00000000
1 0 8 242 370 498 00000000 00000000 00000000 00000000
1 0 8 243 371 499 00000000 00000000 00000000 00000000
1 0 8 244 372 500 00000000 00000000 00000000 00000000
1 0 8 245 373 501 00000000 00000000 00000000 00000000
1 0 8 246 374 502 00000000 00000000 00000000 00000000
1 0 8 247 375 503 00000000 00000000 00000000 00000000
1 0 8 248 376 504 00000000 00000000 00000000 00000000
1 0 8 249 377 505 00000000 00000000 00000000 00000000
1 0 8 250 378 506 00000000 00000000 00000000 00000000
1 0 8 251 379 507 00000000 00000000 00000000 00000000
1 0 8 252 380 508 00000000 00000000 00000000 00000000
1 0 8 253 381 509 00000000 00000000 00000000 00000000
1 0 8 254 382 510 00000000 00000000 00000000 00000000
1 0 8 255 383 511 00000000 00000000 00000000 00000000
1 0 9 0 0 256 00000000 00000000 00000000 00000000
1 0 9 1 1 257 00000000 00000000 00000000 00000000
1 0 9 2 2 258 00000000 00000000 00000000 00000000
1 0 9 3 3 259 00000000 00000000 00000000 00000000
1 0 9 4 4 260 00000000 00000000 00000000 00000000
1 0 9 5 5 261 00000000 00000000 00000000 00000000
1 0 9 6 6 262 00000000 00000000 00000000 00000000
1 0 9 7 7 263 00000000 00000000 00000000 00000000
1 0 9 8 8 264 00000000 00000000 00000000 00000000
1 0 9 9 9 265 00000000 00000000 00000000 00000000
1 0 9 10 10 266 00000000 00000000 00000000 00000000
1 0 9 11 11 267 00000000 00000000 00000000 00000000
1 0 9 12 12 268 00000000 00000000 00000000 00000000
1 0 9 13 13 269 00000000 00000000 00000000 00000000
1 0 9 14 14 270 00000000 00000000 00000000 00000000
1 0 9 15 15 271 00000000 00000000 00000000 00000000
1 0 9 16 16 272 00000000 00000000 00000000 00000000
1 0 9 17 17 273 00000000 00000000 00000000 00000000
1 0 9 18 18 274 00000000 00000000 00000000 00000000
1 0 9 19 19 275 00000000 00000000 00000000 00000000
1 0 9 20 20 276 00000000 00000000 00000000 00000000
1 0 9 21 21 277 00000000 00000000 00000000 00000000
1 0 9 22 22 278 00000000 00000000 00000000 00000000
1 0 9 23 23 279 00000000 00000000 00000000 00000000
1 0 9 24 24 280 00000000 00000000 00000000 00000000
1 0 9 25 25 281 00000000 00000000 00000000 00000000
1 0 9 26 26 282 00000000 00000000 00000000 00000000
1 0 9 27 27 283 00000000 00000000 00000000 00000000
1 0 9 28 28 284 00000000 00000000 00000000 00000000
1 0 9 29 29 285 00000000 00000000 00000000 00000000
1 0 9 30 30 286 00000000 00000000 00000000 00000000
1 0 9 31 31 287 00000000 00000000 00000000 00000000
1 0 9 32 32 288 00000000 00000000 00000000 00000000
1 0 9 33 33 289 00000000 00000000 00000000 00000000
1 0 9 34 34 290 00000000 00000000 00000000 00000000
1 0 9 35 35 291 00000000 00000000 00000000 00000000
1 0 9 36 36 292 00000000 00000000 00000000 00000000
1 0 9 37 37 293 00000000 00000000 00000000 00000000
1 0 9 38 38 294 00000000 00000000 00000000 00000000
1 0 9 39 39 295 00000000 00000000 00000000 00000000
1 0 9 40 40 296 00000000 00000000 00000000 00000000
1 0 9 41 41 297 00000000 00000000 00000000 00000000
1 0 9 42 42 298 00000000 00000000 00000000 00000000
1 0 9 43 43 299 00000000 00000000 00000000 00000000
1 0 9 44 44 300 00000000 00000000 00000000 00000000
1 0 9 45 45 301 00000000 00000000 00000000 00000000
1 0 9 46 46 302 00000000 00000000 00000000 00000000
1 0 9 47 47 303 00000000 00000000 00000000 00000000
1 0 9 48 48 304 00000000 00000000 00000000 00000000
1 0 9 49 49 305 00000000 00000000 00000000 00000000
1 0 9 50 50 306 00000000 00000000 00000000 00000000
1 0 9 51 51 307 00000000 00000000 00000000 00000000
1 0 9 52 52 308 00000000 00000000 00000000 00000000
1 0 9 53 53 309 00000000 00000000 00000000 00000000
1 0 9 54 54 310 00000000 00000000 00000000 00000000
1 0 9 55 55 311 00000000 00000000 00000000 00000000
1 0 9 56 56 312 00000000 00000000 00000000 00000000
1 0 9 57 57 313 00000000 00000000 00000000 00000000
1 0 9 58 58 314 00000000 00000000 00000000 00000000
1 0 9 59 59 315 00000000 00000000 00000000 00000000
1 0 9 60 60 316 00000000 00000000 00000000 00000000
1 0 9 61 61 317 00000000 00000000 00000000 00000000
1 0 9 62 62 318 00000000 00000000 00000000 00000000
1 0 9 63 63 319 00000000 00000000 00000000 00000000
1 0 9 64 64 320 00000000 00000000 00000000 00000000
1 0 9 65 65 321 00000000 00000000 00000000 00000000
1 0 9 66 66 322 00000000 00000000 00000000 00000000
1 0 9 67 67 323 00000000 00000000 00000000 00000000
1 0 9 68 68 324 00000000 00000000 00000000 00000000
1 0 9 69 69 325 00000000 00000000 00000000 00000000
1 0 9 70 70 326 00000000 00000000 00000000 00000000
1 0 9 71 71 327 00000000 00000000 00000000 00000000
1 0 9 72 72 328 00000000 00000000 00000000 00000000
1 0 9 73 73 329 00000000 00000000 00000000 00000000
1 0 9 74 74 330 00000000 00000000 00000000 00000000
1 0 9 75 75 331 00000000 00000000 00000000 00000000
1 0 9 76 76 332 00000000 00000000 00000000 00000000
1 0 9 77 77 333 00000000 00000000 00000000 00000000
1 0 9 78 78 334 00000000 00000000 00000000 00000000
1 0 9 79 79 335 00000000 00000000 00000000 00000000
1 0 9 80 80 336 00000000 00000000 00000000 00000000
1 0 9 81 81 337 00000000 00000000 00000000 00000000
1 0 9 82 82 338 00000000 00000000 00000000 00000000
1 0 9 83 83 339 00000000 00000000 00000000 00000000
1 0 9 84 84 340 00000000 00000000 00000000 00000000
1 0 9 85 85 341 00000000 00000000 00000000 00000000
1 0 9 86 86 342 00000000 00000000 00000000 00000000
1 0 9 87 87 343 00000000 00000000 00000000 00000000
1 0 9 88 88 344 00000000 00000000 00000000 00000000
1 0 9 89 89 345 00000000 00000000 00000000 00000000
1 0 9 90 90 346 00000000 00000000 00000000 00000000
1 0 9 91 91 347 00000000 00000000 00000000 00000000
1 0 9 92 92 348 00000000 00000000 00000000 00000000
1 0 9 93 93 349 00000000 00000000 00000000 00000000
1 0 9 94 94 350 00000000 00000000 00000000 00000000
1 0 9 95 95 351 00000000 00000000 00000000 00000000
1 0 9 96 96 352 00000000 00000000 00000000 00000000
1 0 9 97 97 353 00000000 00000000 00000000 00000000
1 0 9 98 98 354 00000000 00000000 00000000 00000000
1 0 9 99 99 355 00000000 00000000 00000000 00000000
1 0 9 100 100 356 00000000 00000000 00000000 00000000
1 0 9 101 101 357 00000000 00000000 00000000 00000000
1 0 9 102 102 358 00000000 00000000 00000000 00000000
1 0 9 103 103 359 00000000 00000000 00000000 00000000
1 0 9 104 104 360 00000000 00000000 00000000 00000000
1 0 9 105 105 361 00000000 00000000 00000000 00000000
1 0 9 106 106 362 00000000 00000000 00000000 00000000
1 0 9 107 107 363 00000000 00000000 00000000 00000000
1 0 9 108 108 364 00000000 00000000 00000000 00000000
1 0 9 109 109 365 00000000 00000000 00000000 00000000
1 0 9 110 110 366 00000000 00000000 00000000 00000000
1 0 9 111 111 367 00000000 00000000 00000000 00000000
1 0 9 112 112 368 00000000 00000000 00000000 00000000
1 0 9 113 113 369 00000000 00000000 00000000 00000000
1 0 9 114 114 370 00000000 00000000 00000000 00000000
1 0 9 115 115 371 00000000 00000000 00000000 00000000
1 0 9 116 116 372 00000000 00000000 00000000 00000000
1 0 9 117 117 373 00000000 00000000 00000000 00000000
1 0 9 118 118 374 00000000 00000000 00000000 00000000
1 0 9 119 119 375 00000000 00000000 00000000 00000000
1 0 9 120 120 376 00000000 00000000 00000000 00000000
1 0 9 121 121 377 00000000 00000000 00000000 00000000
1 0 9 122 122 378 00000000 00000000 00000000 00000000
1 0 9 123 123 379 00000000 00000000 00000000 00000000
1 0 9 124 124 380 00000000 00000000 00000000 00000000
1 0 9 125 125 381 00000000 00000000 00000000 00000000
1 0 9 126 126 382 00000000 00000000 00000000 00000000
1 0 9 127 127 383 00000000 00000000 00000000 00000000
1 0 9 128 128 384 00000000 00000000 00000000 00000000
1 0 9 129 129 385 00000000 00000000 00000000 00000000
1 0 9 130 130 386 00000000 00000000 00000000 00000000
1 0 9 131 131 387 00000000 00000000 00000000 00000000
1 0 9 132 132 388 00000000 00000000 00000000 00000000
1 0 9 133 133 389 00000000 00000000 00000000 00000000
1 0 9 134 134 390 00000000 00000000 00000000 00000000
1 0 9 135 135 391 00000000 00000000 00000000 00000000
1 0 9 136 136 392 00000000 00000000 00000000 00000000
1 0 9 137 137 393 00000000 00000000 00000000 00000000
1 0 9 138 138 394 00000000 00000000 00000000 00000000
1 0 9 139 139 395 00000000 00000000 00000000 00000000
1 0 9 140 140 396 00000000 00000000 00000000 00000000
1 0 9 141 141 397 00000000 00000000 00000000 00000000
1 0 9 142 142 398 00000000 00000000 00000000 00000000
1 0 9 143 143 399 00000000 00000000 00000000 00000000
1 0 9 144 144 400 00000000 00000000 00000000 00000000
1 0 9 145 145 401 00000000 00000000 00000000 00000000
1 0 9 146 146 402 00000000 00000000 00000000 00000000
1 0 9 147 147 403 00000000 00000000 00000000 00000000
1 0 9 148 148 404 00000000 00000000 00000000 00000000
1 0 9 149 149 405 00000000 00000000 00000000 00000000
1 0 9 150 150 406 00000000 00000000 00000000 00000000
1 0 9 151 151 407 00000000 00000000 00000000 00000000
1 0 9 152 152 408 00000000 00000000 00000000 00000000
1 0 9 153 153 409 00000000 00000000 00000000 00000000
1 0 9 154 154 410 00000000 00000000 00000000 00000000
1 0 9 155 155 411 00000000 00000000 00000000 00000000
1 0 9 156 156 412 00000000 00000000 00000000 00000000
1 0 9 157 157 413 00000000 00000000 00000000 00000000
1 0 9 158 158 414 00000000 00000000 00000000 00000000
1 0 9 159 159 415 00000000 00000000 00000000 00000000
1 0 9 160 160 416 00000000 00000000 00000000 00000000
1 0 9 161 161 417 00000000 00000000 00000000 00000000
1 0 9 162 162 418 00000000 00000000 00000000 00000000
1 0 9 163 163 419 00000000 00000000 00000000 00000000
1 0 9 164 164 420 00000000 00000000 00000000 00000000
1 0 9 165 165 421 00000000 00000000 00000000 00000000
1 0 9 166 166 422 00000000 00000000 00000000 00000000
1 0 9 167 167 423 00000000 00000000 00000000 00000000
1 0 9 168 168 424 00000000 00000000 00000000 00000000
1 0 9 169 169 425 00000000 00000000 00000000 00000000
1 0 9 170 170 426 00000000 00000000 00000000 00000000
1 0 9 171 171 427 00000000 00000000 00000000 00000000
1 0 9 172 172 428 00000000 00000000 00000000 00000000
1 0 9 173 173 429 00000000 00000000 00000000 00000000
1 0 9 174 174 430 00000000 00000000 00000000 00000000
1 0 9 175 175 431 00000000 00000000 00000000 00000000
1 0 9 176 176 432 00000000 00000000 00000000 00000000
1 0 9 177 177 433 00000000 00000000 00000000 00000000
1 0 9 178 178 434 00000000 00000000 00000000 00000000
1 0 9 179 179 435 00000000 00000000 00000000 00000000
1 0 9 180 180 436 00000000 00000000 00000000 00000000
1 0 9 181 181 437 00000000 00000000 00000000 00000000
1 0 9 182 182 438 00000000 00000000 00000000 00000000
1 0 9 183 183 439 00000000 00000000 00000000 00000000
1 0 9 184 184 440 00000000 00000000 00000000 00000000
1 0 9 185 185 441 00000000 00000000 00000000 00000000
1 0 9 186 186 442 00000000 00000000 00000000 00000000
1 0 9 187 187 443 00000000 00000000 00000000 00000000
1 0 9 188 188 444 00000000 00000000 00000000 00000000
1 0 9 189 189 445 00000000 00000000 00000000 00000000
1 0 9 190 190 446 00000000 00000000 00000000 00000000
1 0 9 191 191 447 00000000 00000000 00000000 00000000
1 0 9 192 192 448 00000000 00000000 00000000 00000000
1 0 9 193 193 449 00000000 00000000 00000000 00000000
1 0 9 194 194 450 00000000 00000000 00000000 00000000
1 0 9 195 195 451 00000000 00000000 00000000 00000000
1 0 9 196 196 452 00000000 00000000 00000000 00000000
1 0 9 197 197 453 00000000 00000000 00000000 00000000
1 0 9 198 198 454 00000000 00000000 00000000 00000000
1 0 9 199 199 455 00000000 00000000 00000000 00000000
1 0 9 200 200 456 00000000 00000000 00000000 00000000
1 0 9 201 201 457 00000000 00000000 00000000 00000000
1 0 9 202 202 458 00000000 00000000 00000000 00000000
1 0 9 203 203 459 00000000 00000000 00000000 00000000
1 0 9 204 204 460 00000000 00000000 00000000 00000000
1 0 9 205 205 461 00000000 00000000 00000000 00000000
1 0 9 206 206 462 00000000 00000000 00000000 00000000
1 0 9 207 207 463 00000000 00000000 00000000 00000000
1 0 9 208 208 464 00000000 00000000 00000000 00000000
1 0 9 209 209 465 00000000 00000000 00000000 00000000
1 0 9 210 210 466 00000000 00000000 00000000 00000000
1 0 9 211 211 467 00000000 00000000 00000000 00000000
1 0 9 212 212 468 00000000 00000000 00000000 00000000
1 0 9 213 213 469 00000000 00000000 00000000 00000000
1 0 9 214 214 470 00000000 00000000 00000000 00000000
1 0 9 215 215 471 00000000 00000000 00000000 00000000
1 0 9 216 216 472 00000000 00000000 00000000 00000000
1 0 9 217 217 473 00000000 00000000 00000000 00000000
1 0 9 218 218 474 00000000 00000000 00000000 00000000
1 0 9 219 219 475 00000000 00000000 00000000 00000000
1 0 9 220 220 476 00000000 00000000 00000000 00000000
1 0 9 221 221 477 00000000 00000000 00000000 00000000
1 0 9 222 222 478 00000000 00000000 00000000 00000000
1 0 9 223 223 479 00000000 00000000 00000000 00000000
1 0 9 224 224 480 00000000 00000000 00000000 00000000
1 0 9 225 225 481 00000000 00000000 00000000 00000000
1 0 9 226 226 482 00000000 00000000 00000000 00000000
1 0 9 227 227 483 00000000 00000000 00000000 00000000
1 0 9 228 228 484 00000000 00000000 00000000 00000000
1 0 9 229 229 485 00000000 00000000 00000000 00000000
1 0 9 230 230 486 00000000 00000000 00000000 00000000
1 0 9 231 231 487 00000000 00000000 00000000 00000000
1 0 9 232 232 488 00000000 00000000 00000000 00000000
1 0 9 233 233 489 00000000 00000000 00000000 00000000
1 0 9 234 234 490 00000000 00000000 00000000 00000000
1 0 9 235 235 491 00000000 00000000 00000000 00000000
1 0 9 236 236 492 00000000 00000000 00000000 00000000
1 0 9 237 237 493 00000000 00000000 00000000 00000000
1 0 9 238 238 494 00000000 00000000 00000000 00000000
1 0 9 239 239 495 00000000 00000000 00000000 00000000
1 0 9 240 240 496 00000000 00000000 00000000 00000000
1 0 9 241 241 497 00000000 00000000 00000000 00000000
1 0 9 242 242 498 00000000 00000000 00000000 00000000
1 0 9 243 243 499 00000000 00000000 00000000 00000000
1 0 9 244 244 500 00000000 00000000 00000000 00000000
1 0 9 245 245 501 00000000 00000000 00000000 00000000
1 0 9 246 246 502 00000000 00000000 00000000 00000000
1 0 9 247 247 503 00000000 00000000 00000000 00000000
1 0 9 248 248 504 00000000 00000000 00000000 00000000
1 0 9 249 249 505 00000000 00000000 00000000 00000000
1 0 9 250 250 506 00000000 00000000 00000000 00000000
1 0 9 251 251 507 00000000 00000000 00000000 00000000
1 0 9 252 252 508 00000000 00000000 00000000 00000000
1 0 9 253 253 509 00000000 00000000 00000000 00000000
1 0 9 254 254 510 00000000 00000000 00000000 00000000
1 0 9 255 255 511 00000000 00000000 00000000 00000000
0 1 1 0 0 1 0F5C28F6 00000000 0F5C28F6 00000000
0 1 1 1 2 3 00000000 00000000 00000000 00000000
0 1 1 2 4 5 00000000 00000000 00000000 00000000
0 1 1 3 6 7 00000000 00000000 00000000 00000000
0 1 1 4 8 9 00000000 00000000 00000000 00000000
0 1 1 5 10 11 00000000 00000000 00000000 00000000
0 1 1 6 12 13 00000000 00000000 00000000 00000000
0 1 1 7 14 15 00000000 00000000 00000000 00000000
0 1 1 8 16 17 00000000 00000000 00000000 00000000
0 1 1 9 18 19 00000000 00000000 00000000 00000000
0 1 1 10 20 21 00000000 00000000 00000000 00000000
0 1 1 11 22 23 00000000 00000000 00000000 00000000
0 1 1 12 24 25 00000000 00000000 00000000 00000000
0 1 1 13 26 27 00000000 00000000 00000000 00000000
0 1 1 14 28 29 00000000 00000000 00000000 00000000
0 1 1 15 30 31 00000000 00000000 00000000 00000000
0 1 1 16 32 33 00000000 00000000 00000000 00000000
0 1 1 17 34 35 00000000 00000000 00000000 00000000
0 1 1 18 36 37 00000000 00000000 00000000 00000000
0 1 1 19 38 39 00000000 00000000 00000000 00000000
0 1 1 20 40 41 00000000 00000000 00000000 00000000
0 1 1 21 42 43 00000000 00000000 00000000 00000000
0 1 1 22 44 45 00000000 00000000 00000000 00000000
0 1 1 23 46 47 00000000 00000000 00000000 00000000
0 1 1 24 48 49 00000000 F3333333 00000000 F3333333
0 1 1 25 50 51 00000000 00000000 00000000 00000000
0 1 1 26 52 53 00000000 00000000 00000000 00000000
0 1 1 27 54 55 00000000 00000000 00000000 00000000
0 1 1 28 56 57 00000000 00000000 00000000 00000000
0 1 1 29 58 59 00000000 00000000 00000000 00000000
0 1 1 30 60 61 00000000 00000000 00000000 00000000
0 1 1 31 62 63 00000000 00000000 00000000 00000000
0 1 2 0 0 2 0F5C28F6 00000000 0F5C28F6 00000000
0 1 2 1 1 3 0F5C28F6 00000000 0F5C28F6 00000000
0 1 2 2 4 6 00000000 00000000 00000000 00000000
0 1 2 3 5 7 00000000 00000000 00000000 00000000
0 1 2 4 8 10 00000000 00000000 00000000 00000000
0 1 2 5 9 11 00000000 00000000 00000000 00000000
0 1 2 6 12 14 00000000 00000000 00000000 00000000
0 1 2 7 13 15 00000000 00000000 00000000 00000000
0 1 2 8 16 18 00000000 00000000 00000000 00000000
0 1 2 9 17 19 00000000 00000000 00000000 00000000
0 1 2 10 20 22 00000000 00000000 00000000 00000000
0 1 2 11 21 23 00000000 00000000 00000000 00000000
0 1 2 12 24 26 00000000 00000000 00000000 00000000
0 1 2 13 25 27 00000000 00000000 00000000 00000000
0 1 2 14 28 30 00000000 00000000 00000000 00000000
0 1 2 15 29 31 00000000 00000000 00000000 00000000
0 1 2 16 32 34 00000000 00000000 00000000 00000000
0 1 2 17 33 35 00000000 00000000 00000000 00000000
0 1 2 18 36 38 00000000 00000000 00000000 00000000
0 1 2 19 37 39 00000000 00000000 00000000 00000000
0 1 2 20 40 42 00000000 00000000 00000000 00000000
0 1 2 21 41 43 00000000 00000000 00000000 00000000
0 1 2 22 44 46 00000000 00000000 00000000 00000000
0 1 2 23 45 47 00000000 00000000 00000000 00000000
0 1 2 24 48 50 00000000 F3333333 00000000 F3333333
0 1 2 25 49 51 00000000 F3333333 00000000 F3333333
0 1 2 26 52 54 00000000 00000000 00000000 00000000
0 1 2 27 53 55 00000000 00000000 00000000 00000000
0 1 2 28 56 58 00000000 00000000 00000000 00000000
0 1 2 29 57 59 00000000 00000000 00000000 00000000
0 1 2 30 60 62 00000000 00000000 00000000 00000000
0 1 2 31 61 63 00000000 00000000 00000000 00000000
0 1 3 0 0 4 07AE147B 00000000 07AE147B 00000000
0 1 3 1 1 5 07AE147B 00000000 07AE147B 00000000
0 1 3 2 2 6 07AE147B 00000000 07AE147B 00000000
0 1 3 3 3 7 07AE147B 00000000 07AE147B 00000000
0 1 3 4 8 12 00000000 00000000 00000000 00000000
0 1 3 5 9 13 00000000 00000000 00000000 00000000
0 1 3 6 10 14 00000000 00000000 00000000 00000000
0 1 3 7 11 15 00000000 00000000 00000000 00000000
0 1 3 8 16 20 00000000 00000000 00000000 00000000
0 1 3 9 17 21 00000000 00000000 00000000 00000000
0 1 3 10 18 22 00000000 00000000 00000000 00000000
0 1 3 11 19 23 00000000 00000000 00000000 00000000
0 1 3 12 24 28 00000000 00000000 00000000 00000000
0 1 3 13 25 29 00000000 00000000 00000000 00000000
0 1 3 14 26 30 00000000 00000000 00000000 00000000
0 1 3 15 27 31 00000000 00000000 00000000 00000000
0 1 3 16 32 36 00000000 00000000 00000000 00000000
0 1 3 17 33 37 00000000 00000000 00000000 00000000
0 1 3 18 34 38 00000000 00000000 00000000 00000000
0 1 3 19 35 39 00000000 00000000 00000000 00000000
0 1 3 20 40 44 00000000 00000000 00000000 00000000
0 1 3 21 41 45 00000000 00000000 00000000 00000000
0 1 3 22 42 46 00000000 00000000 00000000 00000000
0 1 3 23 43 47 00000000 00000000 00000000 00000000
0 1 3 24 48 52 00000000 F9999999 00000000 F9999999
0 1 3 25 49 53 00000000 F9999999 00000000 F9999999
0 1 3 26 50 54 00000000 F9999999 00000000 F9999999
0 1 3 27 51 55 00000000 F9999999 00000000 F9999999
0 1 3 28 56 60 00000000 00000000 00000000 00000000
0 1 3 29 57 61 00000000 00000000 00000000 00000000
0 1 3 30 58 62 00000000 00000000 00000000 00000000
0 1 3 31 59 63 00000000 00000000 00000000 00000000
0 1 4 0 0 8 03D70A3D 00000000 03D70A3D 00000000
0 1 4 1 1 9 03D70A3D 00000000 03D70A3D 00000000
0 1 4 2 2 10 03D70A3D 00000000 03D70A3D 00000000
0 1 4 3 3 11 03D70A3D 00000000 03D70A3D 00000000
0 1 4 4 4 12 03D70A3D 00000000 03D70A3D 00000000
0 1 4 5 5 13 03D70A3D 00000000 03D70A3D 00000000
0 1 4 6 6 14 03D70A3D 00000000 03D70A3D 00000000
0 1 4 7 7 15 03D70A3D 00000000 03D70A3D 00000000
0 1 4 8 16 24 00000000 00000000 00000000 00000000
0 1 4 9 17 25 00000000 00000000 00000000 00000000
0 1 4 10 18 26 00000000 00000000 00000000 00000000
0 1 4 11 19 27 00000000 00000000 00000000 00000000
0 1 4 12 20 28 00000000 00000000 00000000 00000000
0 1 4 13 21 29 00000000 00000000 00000000 00000000
0 1 4 14 22 30 00000000 00000000 00000000 00000000
0 1 4 15 23 31 00000000 00000000 00000000 00000000
0 1 4 16 32 40 00000000 00000000 00000000 00000000
0 1 4 17 33 41 00000000 00000000 00000000 00000000
0 1 4 18 34 42 00000000 00000000 00000000 00000000
0 1 4 19 35 43 00000000 00000000 00000000 00000000
0 1 4 20 36 44 00000000 00000000 00000000 00000000
0 1 4 21 37 45 00000000 00000000 00000000 00000000
0 1 4 22 38 46 00000000 00000000 00000000 00000000
0 1 4 23 39 47 00000000 00000000 00000000 00000000
0 1 4 24 48 56 00000000 FCCCCCCC 00000000 FCCCCCCC
0 1 4 25 49 57 00000000 FCCCCCCC 00000000 FCCCCCCC
0 1 4 26 50 58 00000000 FCCCCCCC 00000000 FCCCCCCC
0 1 4 27 51 59 00000000 FCCCCCCC 00000000 FCCCCCCC
0 1 4 28 52 60 00000000 FCCCCCCC 00000000 FCCCCCCC
0 1 4 29 53 61 00000000 FCCCCCCC 00000000 FCCCCCCC
0 1 4 30 54 62 00000000 FCCCCCCC 00000000 FCCCCCCC
0 1 4 31 55 63 00000000 FCCCCCCC 00000000 FCCCCCCC
0 1 5 0 0 16 01EB851E 00000000 01EB851E 00000000
0 1 5 1 1 17 01EB851E 00000000 01EB851E 00000000
0 1 5 2 2 18 01EB851E 00000000 01EB851E 00000000
0 1 5 3 3 19 01EB851E 00000000 01EB851E 00000000
0 1 5 4 4 20 01EB851E 00000000 01EB851E 00000000
0 1 5 5 5 21 01EB851E 00000000 01EB851E 00000000
0 1 5 6 6 22 01EB851E 00000000 01EB851E 00000000
0 1 5 7 7 23 01EB851E 00000000 01EB851E 00000000
0 1 5 8 8 24 01EB851E 00000000 01EB851E 00000000
0 1 5 9 9 25 01EB851E 00000000 01EB851E 00000000
0 1 5 10 10 26 01EB851E 00000000 01EB851E 00000000
0 1 5 11 11 27 01EB851E 00000000 01EB851E 00000000
0 1 5 12 12 28 01EB851E 00000000 01EB851E 00000000
0 1 5 13 13 29 01EB851E 00000000 01EB851E 00000000
0 1 5 14 14 30 01EB851E 00000000 01EB851E 00000000
0 1 5 15 15 31 01EB851E 00000000 01EB851E 00000000
0 1 5 16 32 48 00000000 FE666666 00000000 0199999A
0 1 5 17 33 49 FFB01666 FE6E4666 004FE99A 0191B99A
0 1 5 18 34 50 FF633FFF FE859332 009CC001 017A6CCE
0 1 5 19 35 51 FF1C6FFF FEAB6CCC 00E39001 01549334
0 1 5 20 36 52 FEDE5FFF FEDE5FFF 0121A001 0121A001
0 1 5 21 37 53 FEAB6CCC FF1C6FFF 01549334 00E39001
0 1 5 22 38 54 FE859332 FF633FFF 017A6CCE 009CC001
0 1 5 23 39 55 FE6E4666 FFB01666 0191B99A 004FE99A
0 1 5 24 40 56 FE666666 00000000 0199999A 00000000
0 1 5 25 41 57 FE6E4666 004FE99A 0191B99A FFB01666
0 1 5 26 42 58 FE859332 009CC001 017A6CCE FF633FFF
0 1 5 27 43 59 FEAB6CCC 00E39001 01549334 FF1C6FFF
0 1 5 28 44 60 FEDE5FFF 0121A001 0121A001 FEDE5FFF
0 1 5 29 45 61 FF1C6FFF 01549334 00E39001 FEAB6CCC
0 1 5 30 46 62 FF633FFF 017A6CCE 009CC001 FE859332
0 1 5 31 47 63 FFB01666 0191B99A 004FE99A FE6E4666
0 1 6 0 0 32 00F5C28F FF333333 00F5C28F 00CCCCCD
0 1 6 1 1 33 00BA4EAF FF3C05CA 0131366F 00C3FA36
0 1 6 2 2 34 0083FA07 FF55B757 01678B17 00AA48A9
0 1 6 3 3 35 00577253 FF7E12EC 019412CB 0081ED14
0 1 6 4 4 36 00388D09 FFB1A0AE 01B2F815 004E5F52
0 1 6 5 5 37 0029F112 FFEBED75 01C1940C 0014128B
0 1 6 6 6 38 002CE3E3 0027F431 01BEA13B FFD80BCF
0 1 6 7 7 39 0041249A 00608A5C 01AA6084 FF9F75A4
0 1 6 8 8 40 0064F28E 0090D001 01869290 FF6F2FFF
0 1 6 9 9 41 00953832 00B49DF4 01564CEC FF4B620C
0 1 6 10 10 42 00CDCE5D 00C8DEAB 011DB6C1 FF372155
0 1 6 11 11 43 0109D519 00CBD17C 00E1B005 FF342E84
0 1 6 12 12 44 014421E0 00BD3585 00A7633E FF42CA7B
0 1 6 13 13 45 0177AFA2 009E503B 0073D57C FF61AFC5
0 1 6 14 14 46 01A00B37 0071C887 004B79E7 FF8E3779
0 1 6 15 15 47 01B9BCC4 003B73DF 0031C85A FFC48C21
0 1 6 16 16 48 01C28F5C 00000000 0028F5C2 00000000
0 1 6 17 17 49 01B9BCC5 FFC48C22 0031C859 003B73DE
0 1 6 18 18 50 01A00B38 FF8E377A 004B79E6 0071C886
0 1 6 19 19 51 0177AFA3 FF61AFC6 0073D57B 009E503A
0 1 6 20 20 52 014421E1 FF42CA7C 00A7633D 00BD3584
0 1 6 21 21 53 0109D51A FF342E85 00E1B004 00CBD17B
0 1 6 22 22 54 00CDCE5E FF372156 011DB6C0 00C8DEAA
0 1 6 23 23 55 00953833 FF4B620D 01564CEB 00B49DF3
0 1 6 24 24 56 0064F28F FF6F3000 0186928F 0090D000
0 1 6 25 25 57 0041249B FF9F75A5 01AA6083 00608A5B
0 1 6 26 26 58 002CE3E4 FFD80BD0 01BEA13A 0027F430
0 1 6 27 27 59 0029F113 0014128C 01C1940B FFEBED74
0 1 6 28 28 60 00388D0A 004E5F53 01B2F814 FFB1A0AD
0 1 6 29 29 61 00577254 0081ED15 019412CA FF7E12EB
0 1 6 30 30 62 0083FA08 00AA48AA 01678B16 FF55B756
0 1 6 31 31 63 00BA4EB0 00C3FA37 0131366E FF3C05C9
0 2 1 0 0 1 00000000 00000000 170A3D71 00000000
0 2 1 1 2 3 00000000 00000000 00000000 EA3D70A4
0 2 1 2 4 5 00000000 00000000 104AAF7D F09D04EE
0 2 1 3 6 7 00000000 00000000 EFB55083 F09D04EE
0 2 1 4 8 9 00000000 00000000 EAB6BC9E 0853C2D2
0 2 1 5 10 11 00000000 00000000 08D128A2 141A86C0
0 2 1 6 12 13 00000000 00000000 F72ED75E 141A86C0
0 2 1 7 14 15 00000000 00000000 15494362 0853C2D2
0 2 1 8 16 17 00000000 00000000 047EB086 155785F4
0 2 1 9 18 19 00000000 00000000 1698E82F FBC13CD7
0 2 1 10 20 21 00000000 00000000 13283513 0C16D65A
0 2 1 11 22 23 00000000 00000000 0CCCE2F6 EDE83FA7
0 2 1 12 24 25 00000000 00000000 F3331D0A EDE83FA7
0 2 1 13 26 27 00000000 00000000 ECD7CAED 0C16D65A
0 2 1 14 28 29 00000000 00000000 E96717D1 FBC13CD7
0 2 1 15 30 31 00000000 00000000 FB814F7A 155785F4
0 2 1 16 32 33 00000000 00000000 11CF66B3 0DCDED05
0 2 1 17 34 35 00000000 00000000 0E9DCDC9 EF2DE61E
0 2 1 18 36 37 00000000 00000000 16EDD69F FDDDFD59
0 2 1 19 38 39 00000000 00000000 FDBDDF13 EA584386
0 2 1 20 40 41 00000000 00000000 E9F3BC7A F9AEF3A8
0 2 1 21 42 43 00000000 00000000 F94FD4D0 14D2B18D
0 2 1 22 44 45 00000000 00000000 EBAE377B 0A41F19D
0 2 1 23 46 47 00000000 00000000 0ADC693D 1330CB9A
0 2 1 24 48 49 00000000 00000000 F52396C3 1330CB9A
0 2 1 25 50 51 00000000 00000000 1451C885 0A41F19D
0 2 1 26 52 53 00000000 00000000 06B02B30 14D2B18D
0 2 1 27 54 55 00000000 00000000 160C4386 F9AEF3A8
0 2 1 28 56 57 00000000 00000000 024220ED EA584386
0 2 1 29 58 59 00000000 00000000 E9122961 FDDDFD59
0 2 1 30 60 61 00000000 00000000 F1623237 EF2DE61E
0 2 1 31 62 63 00000000 00000000 EE30994D 0DCDED05
0 2 2 0 0 2 00000000 00000000 00000000 00000000
0 2 2 1 1 3 0147AE15 00000000 2CCCCCCD 00000000
0 2 2 2 4 6 00000000 00000000 00000000 00000000
0 2 2 3 5 7 00E7B46B 00E7B46B 1FADAA8F E0525571
0 2 2 4 8 10 00000000 00000000 00000000 00000000
0 2 2 5 9 11 FED1435E FF829A30 D69C35DE 1124EB74
0 2 2 6 12 14 00000000 00000000 00000000 00000000
0 2 2 7 13 15 FF829A30 FED1435E EEDB148C 2963CA22
0 2 2 8 16 18 00000000 00000000 00000000 00000000
0 2 2 9 17 19 003FED5D FEBE9DC5 08BD73AF 2BF06E23
0 2 2 10 20 22 00000000 00000000 00000000 00000000
0 2 2 11 21 23 011074BA FF49F364 253FF56C 18E3B950
0 2 2 12 24 26 00000000 00000000 00000000 00000000
0 2 2 13 25 27 FF49F364 011074BA E71C46B0 DAC00A94
0 2 2 14 28 30 00000000 00000000 00000000 00000000
0 2 2 15 29 31 FEBE9DC5 003FED5D D40F91DD F7428C51
0 2 2 16 32 34 00000000 00000000 00000000 00000000
0 2 2 17 33 35 00FD4CD1 FF301F3C 22A18095 1C6BBACE
0 2 2 18 36 38 00000000 00000000 00000000 00000000
0 2 2 19 37 39 01461A25 00201E46 2C959319 FB9BDC6C
0 2 2 20 40 42 00000000 00000000 00000000 00000000
0 2 2 21 41 43 FEC66E07 005F1ED8 D5210AED F2FEC878
0 2 2 22 44 46 00000000 00000000 00000000 00000000
0 2 2 23 45 47 FEDF0315 FF658860 D87D6BE1 151E5ADA
0 2 2 24 48 50 00000000 00000000 00000000 00000000
0 2 2 25 49 51 FF658860 FEDF0315 EAE1A526 2782941F
0 2 2 26 52 54 00000000 00000000 00000000 00000000
0 2 2 27 53 55 005F1ED8 FEC66E07 0D013788 2ADEF513
0 2 2 28 56 58 00000000 00000000 00000000 00000000
0 2 2 29 57 59 00201E46 01461A25 04642394 D36A6CE7
0 2 2 30 60 62 00000000 00000000 00000000 00000000
0 2 2 31 61 63 FF301F3C 00FD4CD1 E3944532 DD5E7F6B
0 2 3 0 0 4 00000000 00000000 00000000 00000000
0 2 3 1 1 5 0147AD38 00000000 000000DC 00000000
0 2 3 2 2 6 00000000 00000000 00000000 00000000
0 2 3 3 3 7 00001E19 00000001 2CCCAEB3 FFFFFFFF
0 2 3 4 8 12 00000000 00000000 00000000 00000000
0 2 3 5 9 13 FED14429 FF829A84 FFFFFF35 FFFFFFAC
0 2 3 6 10 14 00000000 00000000 00000000 00000000
0 2 3 7 11 15 FFFFE432 00000B85 D69C51AC 1124DFEF
0 2 3 8 16 20 00000000 00000000 00000000 00000000
0 2 3 9 17 21 003FED30 FEBE9E9C 0000002C FFFFFF28
0 2 3 10 18 22 00000000 00000000 00000000 00000000
0 2 3 11 19 23 000005DF 00001D85 08BD6DCF 2BF0509D
0 2 3 12 24 28 00000000 00000000 00000000 00000000
0 2 3 13 25 29 FF49F3DE 01107403 FFFFFF86 000000B7
0 2 3 14 26 30 00000000 00000000 00000000 00000000
0 2 3 15 27 31 FFFFEF48 FFFFE6FC E71C5768 DAC02398
0 2 3 16 32 36 00000000 00000000 00000000 00000000
0 2 3 17 33 37 00FD4C25 FF301FC7 000000AB FFFFFF75
0 2 3 18 34 38 00000000 00000000 00000000 00000000
0 2 3 19 35 39 00001742 00001319 22A16952 1C6BA7B5
0 2 3 20 40 44 00000000 00000000 00000000 00000000
0 2 3 21 41 45 FEC66ED8 005F1E99 FFFFFF2E 0000003F
0 2 3 22 42 46 00000000 00000000 00000000 00000000
0 2 3 23 43 47 FFFFE333 FFFFF745 D52127B9 F2FED133
0 2 3 24 48 52 00000000 00000000 00000000 00000000
0 2 3 25 49 53 FF6588C7 FEDF03D7 FFFFFF99 FFFFFF3D
0 2 3 26 50 54 00000000 00000000 00000000 00000000
0 2 3 27 51 55 FFFFF1D0 00001A8A EAE1B356 27827994
0 2 3 28 56 60 00000000 00000000 00000000 00000000
0 2 3 29 57 61 00201E2F 0146194A 00000017 000000DA
0 2 3 30 58 62 00000000 00000000 00000000 00000000
0 2 3 31 59 63 000002F4 FFFFE20D 046420A0 D36A8AD9
0 2 4 0 0 8 00000000 00000000 00000000 00000000
0 2 4 1 1 9 FFFFFF82 0000001E 0147ADB6 FFFFFFE2
0 2 4 2 2 10 00000000 00000000 00000000 00000000
0 2 4 3 3 11 00000F0C 00000F0D 00000F0C FFFFF0F3
0 2 4 4 4 12 00000000 00000000 00000000 00000000
0 2 4 5 5 13 0000006E 0000006F 0000006E FFFFFF91
0 2 4 6 6 14 00000000 00000000 00000000 00000000
0 2 4 7 7 15 2CCCBFB0 00000416 FFFFEF02 FFFFFBE8
0 2 4 8 16 24 00000000 00000000 00000000 00000000
0 2 4 9 17 25 00000003 00000080 003FED2D FEBE9E1C
0 2 4 10 18 26 00000000 00000000 00000000 00000000
0 2 4 11 19 27 FFFFF42D 000011B2 000011B1 00000BD2
0 2 4 12 20 28 00000000 00000000 00000000 00000000
0 2 4 13 21 29 00000082 FFFFFFAA FFFFFFAA FFFFFF7E
0 2 4 14 22 30 00000000 00000000 00000000 00000000
0 2 4 15 23 31 08BD6D1E 2BF06214 000000B0 FFFFEE88
0 2 4 16 32 40 00000000 00000000 00000000 00000000
0 2 4 17 33 41 FFFFFFB0 00000066 00FD4C74 FF301F60
0 2 4 18 34 42 00000000 00000000 00000000 00000000
0 2 4 19 35 43 00000215 0000152E 0000152D FFFFFDEA
0 2 4 20 36 44 00000000 00000000 00000000 00000000
0 2 4 21 37 45 0000009B 00000010 0000000F FFFFFF64
0 2 4 22 38 46 00000000 00000000 00000000 00000000
0 2 4 23 39 47 22A173DD 1C6BB5A6 FFFFF575 FFFFF20E
0 2 4 24 48 56 00000000 00000000 00000000 00000000
0 2 4 25 49 57 00000052 0000005F FF658874 FEDF0377
0 2 4 26 50 58 00000000 00000000 00000000 00000000
0 2 4 27 51 59 FFFFEBA2 0000062C 0000062E 0000145E
0 2 4 28 52 60 00000000 00000000 00000000 00000000
0 2 4 29 53 61 0000002C FFFFFF6B FFFFFF6C FFFFFFD1
0 2 4 30 54 62 00000000 00000000 00000000 00000000
0 2 4 31 55 63 EAE1A7BA 278286A5 00000B9C FFFFF2EF
0 2 5 0 0 16 00000000 00000000 00000000 00000000
0 2 5 1 1 17 FFFFFFCE 0000004D FFFFFFB4 FFFFFFD1
0 2 5 2 2 18 00000000 00000000 00000000 00000000
0 2 5 3 3 19 00000785 0000122A 00000787 FFFFFCE2
0 2 5 4 4 20 00000000 00000000 00000000 00000000
0 2 5 5 5 21 00000037 FFFFFFE9 00000037 00000085
0 2 5 6 6 22 00000000 00000000 00000000 00000000
0 2 5 7 7 23 2CCCB1C9 000013A8 00000DE7 FFFFF06E
0 2 5 8 8 24 00000000 00000000 00000000 00000000
0 2 5 9 9 25 00000066 00000073 0147AD50 FFFFFF6F
0 2 5 10 10 26 00000000 00000000 00000000 00000000
0 2 5 11 11 27 00000786 FFFFEDD7 00000786 0000031B
0 2 5 12 12 28 00000000 00000000 00000000 00000000
0 2 5 13 13 29 00000036 00000017 00000038 FFFFFF79
0 2 5 14 14 30 00000000 00000000 00000000 00000000
0 2 5 15 15 31 FFFFF576 00000675 FFFFF98C FFFFF573
0 2 5 16 32 48 00000000 00000000 00000000 00000000
0 2 5 17 33 49 00000009 0000005A FFFFFFA7 0000000C
0 2 5 18 34 50 00000000 00000000 00000000 00000000
0 2 5 19 35 51 FFFFFA48 000012D0 000007CC 0000025E
0 2 5 20 36 52 00000000 00000000 00000000 00000000
0 2 5 21 37 53 0000001B FFFFFFCC 0000007F 00000044
0 2 5 22 38 54 00000000 00000000 00000000 00000000
0 2 5 23 39 55 22A15F3E 1C6BB8DD 0000149E FFFFFCC9
0 2 5 24 40 56 00000000 00000000 00000000 00000000
0 2 5 25 41 57 00000096 00000017 00FD4BDE FF301F49
0 2 5 26 42 58 00000000 00000000 00000000 00000000
0 2 5 27 43 59 00001156 FFFFF6BC 000003D6 0000072E
0 2 5 28 44 60 00000000 00000000 00000000 00000000
0 2 5 29 45 61 00000037 FFFFFFF0 FFFFFFD7 FFFFFF74
0 2 5 30 46 62 00000000 00000000 00000000 00000000
0 2 5 31 47 63 FFFFF3C2 FFFFFE4F 000001B2 FFFFF3BF
0 2 6 0 0 32 00000000 00000000 00000000 00000000
0 2 6 1 1 33 FFFFFFEF 00000052 FFFFFFDF FFFFFFFA
0 2 6 2 2 34 00000000 00000000 00000000 00000000
0 2 6 3 3 35 000003C0 000012EA 000003C4 FFFFFF40
0 2 6 4 4 36 00000000 00000000 00000000 00000000
0 2 6 5 5 37 00000019 FFFFFFD7 0000001D 00000011
0 2 6 6 6 38 00000000 00000000 00000000 00000000
0 2 6 7 7 39 2CCCB744 00000C84 FFFFFA84 00000724
0 2 6 8 8 40 00000000 00000000 00000000 00000000
0 2 6 9 9 41 0000006A 00000007 FFFFFFFC 0000006B
0 2 6 10 10 42 00000000 00000000 00000000 00000000
0 2 6 11 11 43 000003C3 FFFFED17 000003C3 000000BF
0 2 6 12 12 44 00000000 00000000 00000000 00000000
0 2 6 13 13 45 0000001A FFFFFFEE 0000001C 00000028
0 2 6 14 14 46 00000000 00000000 00000000 00000000
0 2 6 15 15 47 FFFFF949 0000093C FFFFFC2D FFFFFD38
0 2 6 16 16 48 00000000 00000000 00000000 00000000
0 2 6 17 17 49 FFFFFFE4 00000015 FFFFFFD0 FFFFFFBB
0 2 6 18 18 50 00000000 00000000 00000000 00000000
0 2 6 19 19 51 000003C3 FFFFFA5F 000003C3 00000283
0 2 6 20 20 52 00000000 00000000 00000000 00000000
0 2 6 21 21 53 0000001B FFFFFFFA 0000001B 0000008A
0 2 6 22 22 54 00000000 00000000 00000000 00000000
0 2 6 23 23 55 FFFFFF2A FFFFF146 00000EBC FFFFFF28
0 2 6 24 24 56 00000000 00000000 00000000 00000000
0 2 6 25 25 57 FFFFFFD8 FFFFFFCC 0147AD78 FFFFFFA2
0 2 6 26 26 58 00000000 00000000 00000000 00000000
0 2 6 27 27 59 000003C3 FFFFFD7C 000003C3 0000059E
0 2 6 28 28 60 00000000 00000000 00000000 00000000
0 2 6 29 29 61 0000001B 00000005 0000001D FFFFFF73
0 2 6 30 30 62 00000000 00000000 00000000 00000000
0 2 6 31 31 63 FFFFFB55 000000BD FFFFFE37 FFFFF4B5
0 3 1 0 0 1 1EB851EC F0000000 00000000 00000000
0 3 1 1 2 3 1EB851EC F0000000 00000000 00000000
0 3 1 2 4 5 1EB851EC F0000000 00000000 00000000
0 3 1 3 6 7 1EB851EC F0000000 00000000 00000000
0 3 1 4 8 9 1EB851EC F0000000 00000000 00000000
0 3 1 5 10 11 1EB851EC F0000000 00000000 00000000
0 3 1 6 12 13 1EB851EC F0000000 00000000 00000000
0 3 1 7 14 15 1EB851EC F0000000 00000000 00000000
0 3 1 8 16 17 1EB851EC 10000000 00000000 00000000
0 3 1 9 18 19 1EB851EC 10000000 00000000 00000000
0 3 1 10 20 21 1EB851EC 10000000 00000000 00000000
0 3 1 11 22 23 1EB851EC 10000000 00000000 00000000
0 3 1 12 24 25 1EB851EC 10000000 00000000 00000000
0 3 1 13 26 27 1EB851EC 10000000 00000000 00000000
0 3 1 14 28 29 1EB851EC 10000000 00000000 00000000
0 3 1 15 30 31 1EB851EC 10000000 00000000 00000000
0 3 1 16 32 33 E147AE14 F0000000 00000000 00000000
0 3 1 17 34 35 E147AE14 F0000000 00000000 00000000
0 3 1 18 36 37 E147AE14 F0000000 00000000 00000000
0 3 1 19 38 39 E147AE14 F0000000 00000000 00000000
0 3 1 20 40 41 E147AE14 F0000000 00000000 00000000
0 3 1 21 42 43 E147AE14 F0000000 00000000 00000000
0 3 1 22 44 45 E147AE14 F0000000 00000000 00000000
0 3 1 23 46 47 E147AE14 F0000000 00000000 00000000
0 3 1 24 48 49 E147AE14 10000000 00000000 00000000
0 3 1 25 50 51 E147AE14 10000000 00000000 00000000
0 3 1 26 52 53 E147AE14 10000000 00000000 00000000
0 3 1 27 54 55 E147AE14 10000000 00000000 00000000
0 3 1 28 56 57 E147AE14 10000000 00000000 00000000
0 3 1 29 58 59 E147AE14 10000000 00000000 00000000
0 3 1 30 60 61 E147AE14 10000000 00000000 00000000
0 3 1 31 62 63 E147AE14 10000000 00000000 00000000
0 3 2 0 0 2 3D70A3D8 E0000000 00000000 00000000
0 3 2 1 1 3 00000000 00000000 00000000 00000000
0 3 2 2 4 6 3D70A3D8 E0000000 00000000 00000000
0 3 2 3 5 7 00000000 00000000 00000000 00000000
0 3 2 4 8 10 3D70A3D8 E0000000 00000000 00000000
0 3 2 5 9 11 00000000 00000000 00000000 00000000
0 3 2 6 12 14 3D70A3D8 E0000000 00000000 00000000
0 3 2 7 13 15 00000000 00000000 00000000 00000000
0 3 2 8 16 18 3D70A3D8 20000000 00000000 00000000
0 3 2 9 17 19 00000000 00000000 00000000 00000000
0 3 2 10 20 22 3D70A3D8 20000000 00000000 00000000
0 3 2 11 21 23 00000000 00000000 00000000 00000000
0 3 2 12 24 26 3D70A3D8 20000000 00000000 00000000
0 3 2 13 25 27 00000000 00000000 00000000 00000000
0 3 2 14 28 30 3D70A3D8 20000000 00000000 00000000
0 3 2 15 29 31 00000000 00000000 00000000 00000000
0 3 2 16 32 34 C28F5C28 E0000000 00000000 00000000
0 3 2 17 33 35 00000000 00000000 00000000 00000000
0 3 2 18 36 38 C28F5C28 E0000000 00000000 00000000
0 3 2 19 37 39 00000000 00000000 00000000 00000000
0 3 2 20 40 42 C28F5C28 E0000000 00000000 00000000
0 3 2 21 41 43 00000000 00000000 00000000 00000000
0 3 2 22 44 46 C28F5C28 E0000000 00000000 00000000
0 3 2 23 45 47 00000000 00000000 00000000 00000000
0 3 2 24 48 50 C28F5C28 20000000 00000000 00000000
0 3 2 25 49 51 00000000 00000000 00000000 00000000
0 3 2 26 52 54 C28F5C28 20000000 00000000 00000000
0 3 2 27 53 55 00000000 00000000 00000000 00000000
0 3 2 28 56 58 C28F5C28 20000000 00000000 00000000
0 3 2 29 57 59 00000000 00000000 00000000 00000000
0 3 2 30 60 62 C28F5C28 20000000 00000000 00000000
0 3 2 31 61 63 00000000 00000000 00000000 00000000
0 3 3 0 0 4 3D70A3D8 E0000000 00000000 00000000
0 3 3 1 1 5 00000000 00000000 00000000 00000000
0 3 3 2 2 6 00000000 00000000 00000000 00000000
0 3 3 3 3 7 00000000 00000000 00000000 00000000
0 3 3 4 8 12 3D70A3D8 E0000000 00000000 00000000
0 3 3 5 9 13 00000000 00000000 00000000 00000000
0 3 3 6 10 14 00000000 00000000 00000000 00000000
0 3 3 7 11 15 00000000 00000000 00000000 00000000
0 3 3 8 16 20 3D70A3D8 20000000 00000000 00000000
0 3 3 9 17 21 00000000 00000000 00000000 00000000
0 3 3 10 18 22 00000000 00000000 00000000 00000000
0 3 3 11 19 23 00000000 00000000 00000000 00000000
0 3 3 12 24 28 3D70A3D8 20000000 00000000 00000000
0 3 3 13 25 29 00000000 00000000 00000000 00000000
0 3 3 14 26 30 00000000 00000000 00000000 00000000
0 3 3 15 27 31 00000000 00000000 00000000 00000000
0 3 3 16 32 36 C28F5C28 E0000000 00000000 00000000
0 3 3 17 33 37 00000000 00000000 00000000 00000000
0 3 3 18 34 38 00000000 00000000 00000000 00000000
0 3 3 19 35 39 00000000 00000000 00000000 00000000
0 3 3 20 40 44 C28F5C28 E0000000 00000000 00000000
0 3 3 21 41 45 00000000 00000000 00000000 00000000
0 3 3 22 42 46 00000000 00000000 00000000 00000000
0 3 3 23 43 47 00000000 00000000 00000000 00000000
0 3 3 24 48 52 C28F5C28 20000000 00000000 00000000
0 3 3 25 49 53 00000000 00000000 00000000 00000000
0 3 3 26 50 54 00000000 00000000 00000000 00000000
0 3 3 27 51 55 00000000 00000000 00000000 00000000
0 3 3 28 56 60 C28F5C28 20000000 00000000 00000000
0 3 3 29 57 61 00000000 00000000 00000000 00000000
0 3 3 30 58 62 00000000 00000000 00000000 00000000
0 3 3 31 59 63 00000000 00000000 00000000 00000000
0 3 4 0 0 8 3D70A3D8 E0000000 00000000 00000000
0 3 4 1 1 9 00000000 00000000 00000000 00000000
0 3 4 2 2 10 00000000 00000000 00000000 00000000
0 3 4 3 3 11 00000000 00000000 00000000 00000000
0 3 4 4 4 12 00000000 00000000 00000000 00000000
0 3 4 5 5 13 00000000 00000000 00000000 00000000
0 3 4 6 6 14 00000000 00000000 00000000 00000000
0 3 4 7 7 15 00000000 00000000 00000000 00000000
0 3 4 8 16 24 3D70A3D8 20000000 00000000 00000000
0 3 4 9 17 25 00000000 00000000 00000000 00000000
0 3 4 10 18 26 00000000 00000000 00000000 00000000
0 3 4 11 19 27 00000000 00000000 00000000 00000000
0 3 4 12 20 28 00000000 00000000 00000000 00000000
0 3 4 13 21 29 00000000 00000000 00000000 00000000
0 3 4 14 22 30 00000000 00000000 00000000 00000000
0 3 4 15 23 31 00000000 00000000 00000000 00000000
0 3 4 16 32 40 C28F5C28 E0000000 00000000 00000000
0 3 4 17 33 41 00000000 00000000 00000000 00000000
0 3 4 18 34 42 00000000 00000000 00000000 00000000
0 3 4 19 35 43 00000000 00000000 00000000 00000000
0 3 4 20 36 44 00000000 00000000 00000000 00000000
0 3 4 21 37 45 00000000 00000000 00000000 00000000
0 3 4 22 38 46 00000000 00000000 00000000 00000000
0 3 4 23 39 47 00000000 00000000 00000000 00000000
0 3 4 24 48 56 C28F5C28 20000000 00000000 00000000
0 3 4 25 49 57 00000000 00000000 00000000 00000000
0 3 4 26 50 58 00000000 00000000 00000000 00000000
0 3 4 27 51 59 00000000 00000000 00000000 00000000
0 3 4 28 52 60 00000000 00000000 00000000 00000000
0 3 4 29 53 61 00000000 00000000 00000000 00000000
0 3 4 30 54 62 00000000 00000000 00000000 00000000
0 3 4 31 55 63 00000000 00000000 00000000 00000000
0 3 5 0 0 16 3D70A3D8 00000000 00000000 E0000000
0 3 5 1 1 17 00000000 00000000 00000000 00000000
0 3 5 2 2 18 00000000 00000000 00000000 00000000
0 3 5 3 3 19 00000000 00000000 00000000 00000000
0 3 5 4 4 20 00000000 00000000 00000000 00000000
0 3 5 5 5 21 00000000 00000000 00000000 00000000
0 3 5 6 6 22 00000000 00000000 00000000 00000000
0 3 5 7 7 23 00000000 00000000 00000000 00000000
0 3 5 8 8 24 00000000 00000000 00000000 00000000
0 3 5 9 9 25 00000000 00000000 00000000 00000000
0 3 5 10 10 26 00000000 00000000 00000000 00000000
0 3 5 11 11 27 00000000 00000000 00000000 00000000
0 3 5 12 12 28 00000000 00000000 00000000 00000000
0 3 5 13 13 29 00000000 00000000 00000000 00000000
0 3 5 14 14 30 00000000 00000000 00000000 00000000
0 3 5 15 15 31 00000000 00000000 00000000 00000000
0 3 5 16 32 48 C28F5C28 00000000 00000000 E0000000
0 3 5 17 33 49 00000000 00000000 00000000 00000000
0 3 5 18 34 50 00000000 00000000 00000000 00000000
0 3 5 19 35 51 00000000 00000000 00000000 00000000
0 3 5 20 36 52 00000000 00000000 00000000 00000000
0 3 5 21 37 53 00000000 00000000 00000000 00000000
0 3 5 22 38 54 00000000 00000000 00000000 00000000
0 3 5 23 39 55 00000000 00000000 00000000 00000000
0 3 5 24 40 56 00000000 00000000 00000000 00000000
0 3 5 25 41 57 00000000 00000000 00000000 00000000
0 3 5 26 42 58 00000000 00000000 00000000 00000000
0 3 5 27 43 59 00000000 00000000 00000000 00000000
0 3 5 28 44 60 00000000 00000000 00000000 00000000
0 3 5 29 45 61 00000000 00000000 00000000 00000000
0 3 5 30 46 62 00000000 00000000 00000000 00000000
0 3 5 31 47 63 00000000 00000000 00000000 00000000
0 3 6 0 0 32 00000000 00000000 3D70A3D8 00000000
0 3 6 1 1 33 00000000 00000000 00000000 00000000
0 3 6 2 2 34 00000000 00000000 00000000 00000000
0 3 6 3 3 35 00000000 00000000 00000000 00000000
0 3 6 4 4 36 00000000 00000000 00000000 00000000
0 3 6 5 5 37 00000000 00000000 00000000 00000000
0 3 6 6 6 38 00000000 00000000 00000000 00000000
0 3 6 7 7 39 00000000 00000000 00000000 00000000
0 3 6 8 8 40 00000000 00000000 00000000 00000000
0 3 6 9 9 41 00000000 00000000 00000000 00000000
0 3 6 10 10 42 00000000 00000000 00000000 00000000
0 3 6 11 11 43 00000000 00000000 00000000 00000000
0 3 6 12 12 44 00000000 00000000 00000000 00000000
0 3 6 13 13 45 00000000 00000000 00000000 00000000
0 3 6 14 14 46 00000000 00000000 00000000 00000000
0 3 6 15 15 47 00000000 00000000 00000000 00000000
0 3 6 16 16 48 F0000000 F0000000 10000000 F0000000
0 3 6 17 17 49 00000000 00000000 00000000 00000000
0 3 6 18 18 50 00000000 00000000 00000000 00000000
0 3 6 19 19 51 00000000 00000000 00000000 00000000
0 3 6 20 20 52 00000000 00000000 00000000 00000000
0 3 6 21 21 53 00000000 00000000 00000000 00000000
0 3 6 22 22 54 00000000 00000000 00000000 00000000
0 3 6 23 23 55 00000000 00000000 00000000 00000000
0 3 6 24 24 56 00000000 00000000 00000000 00000000
0 3 6 25 25 57 00000000 00000000 00000000 00000000
0 3 6 26 26 58 00000000 00000000 00000000 00000000
0 3 6 27 27 59 00000000 00000000 00000000 00000000
0 3 6 28 28 60 00000000 00000000 00000000 00000000
0 3 6 29 29 61 00000000 00000000 00000000 00000000
0 3 6 30 30 62 00000000 00000000 00000000 00000000
0 3 6 31 31 63 00000000 00000000 00000000 00000000
0 4 1 0 0 1 0028428F 02041EB8 E7E17AE1 F5D8EB85
0 4 1 1 2 3 FA1C570A ED513333 F7FA147B 033BA3D7
0 4 1 2 4 5 FDBF28F6 FD8CE3D7 0CB1D70A FB829C29
0 4 1 3 6 7 02B09999 F4C347AE 0B45851E 0A8ABD71
0 4 1 4 8 9 FCC3B333 FF7FD999 FB35B852 F53D0CCC
0 4 1 5 10 11 1843B333 EEABB333 FDE73333 0302A8F6
0 4 1 6 12 13 EA3C47AE EE1E75C2 FD7FCCCD 046C570A
0 4 1 7 14 15 03B43333 0073F0A3 E7B65C29 FC83AE14
0 4 1 8 16 17 FFEE9EB8 02A60A3D 15B28F5C 115A051E
0 4 1 9 18 19 FB0A6147 04B528F6 FD62C28F 047B147B
0 4 1 10 20 21 00B2A3D7 FD090000 F0C528F6 18F5E666
0 4 1 11 22 23 EFCBAE14 0DE69C29 FC6470A3 0A98451F
0 4 1 12 24 25 FC958000 0992CCCC F6F3D70A 0B151EB8
0 4 1 13 26 27 FBE9051F 0A92C51E F840EB85 0EE8028F
0 4 1 14 28 29 0262F0A4 0CBF7AE1 00F5147B 02FE428F
0 4 1 15 30 31 06D68A3D F2BF7D70 11D3AE14 FCA1EE14
0 4 1 16 32 33 F276C7AE 00656B85 FAE13D71 E995BD71
0 4 1 17 34 35 F267D1EB 0FD9E666 00A33D70 077DF5C2
0 4 1 18 36 37 10C11EB8 01246147 FADDB852 0670051E
0 4 1 19 38 39 00C35C29 F6A0E666 18251EB8 F8A8FAE1
0 4 1 20 40 41 EFC3C28F FC8A8000 033E47AE E8EC8F5C
0 4 1 21 42 43 FC5DD70A 140C0CCD F1F6F5C2 057A63D7
0 4 1 22 44 45 05B68F5C EC531999 FC413D70 F7C9051E
0 4 1 23 46 47 FE4AA3D7 FE45947A F9DFD70A 0F3FAE14
0 4 1 24 48 49 0FB9C7AE 012C4CCD FF3CA3D7 06C7947B
0 4 1 25 50 51 01BA6B85 FBC3BAE1 135C28F6 0285970A
0 4 1 26 52 53 12B5828F 03D41999 F93EE8F5 0AE67AE1
0 4 1 27 54 55 118CBAE1 0EFFA8F5 059735C2 FD310A3D
0 4 1 28 56 57 F6868000 FA2BF5C2 F82928F6 EA0628F5
0 4 1 29 58 59 ED808000 0EE87333 0517B852 FC45170A
0 4 1 30 60 61 02628000 157E3333 EE3AD70A 065AAE14
0 4 1 31 62 63 11576147 0DB635C2 FA3928F5 03B8EE14
0 4 2 0 0 2 FA449999 EF5551EB 060BEB85 14B2EB85
0 4 2 1 1 3 EB1D1EB8 FDDED70A E4A5D70A EDD30000
0 4 2 2 4 6 006FC28F F2502B85 FB0E8F5D 08C99C29
0 4 2 3 5 7 173C947B F03D170B 02271999 06C82147
0 4 2 4 8 10 15076666 EE2B8CCC E4800000 10D42666
0 4 2 5 9 11 FE386148 F755D999 F8330F5C F3243FFF
0 4 2 6 12 14 EDF07AE1 EE926665 E688147B EDAA851F
0 4 2 7 13 15 FA037AE1 1CB5FAE1 00FC1EB9 EC22B333
0 4 2 8 16 18 FAF8FFFF 075B3333 04E43D71 FDF0E147
0 4 2 9 17 19 1A2DA3D7 13F7428F 11377AE1 0EBCC7AD
0 4 2 10 20 22 F07E51EB 0AEF9C29 10E6F5C3 EF2263D7
0 4 2 11 21 23 FB5D6E15 1C9175C3 E62CE3D7 155A5709
0 4 2 12 24 26 F87E851F 142591EA 00AC7AE1 FF0007AE
0 4 2 13 25 27 05DBD999 12D43333 E80BD47B 03560A3D
0 4 2 14 28 30 09397AE1 FF7EF851 FB8C6667 19FFFD71
0 4 2 15 29 31 FD97028F F12A947B 04532667 14D1F0A3
0 4 2 16 32 34 E4DE9999 103F51EB 000EF5C3 F08B851F
0 4 2 17 33 35 025F3333 E8F28001 F36347AF EA38FAE1
0 4 2 18 36 38 11847AE1 F7C547AD 0FFDC28F 0A837AE1
0 4 2 19 37 39 F386B333 EE4AE666 0234BD71 1E9523D6
0 4 2 20 40 42 EC219999 10968CCD F365EB85 E87E7333
0 4 2 21 41 43 08B8AB85 F6F5999A FDC3E3D7 DAE3851E
0 4 2 22 44 46 04013333 EA98AE13 076BEB85 EE0D851F
0 4 2 23 45 47 0B80EB84 FDE92E14 ED018F5C F1A8DC28
0 4 2 24 48 50 11743333 FCF007AE 0DFF5C29 056891EC
0 4 2 25 49 51 01C23AE1 F36B6B85 FCB70CCD 1A23BD71
0 4 2 26 52 54 24423D70 12D3C28E 0128C7AE F4D470A4
0 4 2 27 53 55 F66FF332 054F451F FC0DDEB8 107DB0A3
0 4 2 28 56 58 E4070000 091468F5 09060000 EB43828F
0 4 2 29 57 59 F46E4000 E4EE70A3 FBE411EC EF1DE147
0 4 2 30 60 62 13B9E147 233468F5 F10B1EB9 07C7FD71
0 4 2 31 61 63 F1F3C51E 0C21851F EA81E8F6 0093D709
0 4 3 0 0 4 FD5A2E13 F0D2BEB7 FCEA6B85 FE829333
0 4 3 1 1 5 F8332171 F125CBAE F2E9FD47 0CB90B5C
0 4 3 2 2 6 076AC3D6 0CD22E14 FEA127AE 07E0BD70
0 4 3 3 3 7 F3F5E1FE F3C0DBD3 F0AFF50C FA12242D
0 4 3 4 8 12 017BF0A3 EE5EF998 138B75C3 FFCC9334
0 4 3 5 9 13 0724EE37 07EF4C71 F7137311 EF668D27
0 4 3 6 10 14 E915428F 152608F6 FB6ABD71 FBAE1D70
0 4 3 7 11 15 F4BA8178 003EE08D 03788DE4 F2E55F71
0 4 3 8 16 20 F5BBA8F4 092567AD 053D570A FE35CB85
0 4 3 9 17 21 158CF554 15B8C866 04A0AE82 FE3E7A28
0 4 3 10 18 22 FA0350A3 F684F5C2 0AE0ECCD 076BEB84
0 4 3 11 19 23 1949AD04 08F31E78 F7EDCDDC 05C9A934
0 4 3 12 24 28 00DBFFFF 09D2451D F7A2851F 0A534CCD
0 4 3 13 25 29 FCD53A33 0505ABD6 09069F65 0DCE875C
0 4 3 14 26 30 0D563C28 01B9D0A4 F3563EB8 FD46370A
0 4 3 15 27 31 F9DADDB9 F8C73630 EE30F6C1 0A8ED40C
0 4 3 16 32 36 FB318A3C 04024CCB E9AD0F5C 0C3D051F
0 4 3 17 33 37 F683F607 F29F91A2 0BDB3D2B F652EE5E
0 4 3 18 34 38 05493851 F046E148 FAC5BD71 0044A3D6
0 4 3 19 35 39 03B9F0CB E984DDBA EFA956E3 00B41D26
0 4 3 20 40 44 F8116665 FD979D6F F4103333 12FEEF5D
0 4 3 21 41 45 07B06AA2 F6AC8D25 010840E2 00490C75
0 4 3 22 42 46 F0B9B851 F08943D7 02AC3333 F7F52F5B
0 4 3 23 43 47 00871FDF F93AC639 FD3CC3F7 E1A8BEE5
0 4 3 24 48 52 1ADB3851 07E1E51E F698FAE1 F50E2290
0 4 3 25 49 53 FF602E56 FEF7C5F6 02620C8A F473A58E
0 4 3 26 50 54 0169E666 021FE51F 0C9575C2 0348ACCD
0 4 3 27 51 55 059536FC 08A26F74 F721D5D0 11814DFC
0 4 3 28 56 60 FBE070A3 162468F4 E8268F5D F2F00000
0 4 3 29 57 61 F989A2E8 FBB8990D FAE49D18 E935D795
0 4 3 30 58 62 0866FEB8 FD1C31EB 009F0148 EE2750A3
0 4 3 31 59 63 05BF8BC4 FEF3EA19 F6248628 F029F72D
0 4 4 0 0 8 FF6B0F5A EF98DC27 FDEF1EB8 0139E28F
0 4 4 1 1 9 00EB1BEE FADF49C0 F7480582 F64681EE
0 4 4 2 2 10 03155494 15FD5D4F 04556F42 F6D4D0C5
0 4 4 3 3 11 F7EFDC92 FF216626 FC06056C F49F75AC
0 4 4 4 4 12 FE5B7F5C F57B8EB8 FE8EEC28 0907047A
0 4 4 5 5 13 F37F1F6B 0DA8F837 FF6ADDDB FF101325
0 4 4 6 6 14 FF6865CE 07162727 FF38C1E0 00CA9649
0 4 4 7 7 15 F43B9FBA 026CB3B0 FC745552 F7A5707C
0 4 4 8 16 24 FB4BD479 097BD664 FA6FD47B FFA99148
0 4 4 9 17 25 0A45F443 0DC9700F 0B470111 07EF5857
0 4 4 10 18 26 0254F2F6 F72797A6 F7AE5DAC FF5D5E1C
0 4 4 11 19 27 0821C9DC 05EE80DE 1127E328 03049D9A
0 4 4 12 20 28 07C851EB 0349A333 FD75051F FAEC2851
0 4 4 13 21 29 06F6F87D F84F8B39 FDA9B605 05EEEEEF
0 4 4 14 22 30 08F3DF8F 0926C4E9 01ED0D3D FE45269B
0 4 4 15 23 31 063618EC 016C9F93 F1B7B4F0 045D09A1
0 4 4 16 32 40 F9A17850 00CCF51C 019011EC 033557AE
0 4 4 17 33 41 FD0673F6 F38844B5 F97D8210 FF174CED
0 4 4 18 34 42 F7C68CD2 F8124F16 0D82AB7E F8349232
0 4 4 19 35 43 FED62BE7 F3385E5B 04E3C4E3 F64C7F5F
0 4 4 20 36 44 FE55FF5C 0C1668F6 EB571000 00269C28
0 4 4 21 37 45 05DCCCDE FAA16AE9 05FE704C FBB18375
0 4 4 22 38 46 F999166F 02084F52 012CA701 FE3C5484
0 4 4 23 39 47 F34D2559 0EE56C86 FC5C3189 F1CEB0A0
0 4 4 24 48 56 0B5DD479 0F032709 0F7D63D7 F8DEBE15
0 4 4 25 49 57 FBE24426 FEBE6D17 037DEA30 003958DF
0 4 4 26 50 58 02A7DEEA FD11EA92 FEC2077C 050DFA8C
0 4 4 27 51 59 03685709 017625EB 022CDFF3 072C4989
0 4 4 28 52 60 F4C47D70 0673C99A 01D47D70 EE9A58F6
0 4 4 29 53 61 F7A42106 00F21A02 0ABDEB84 F3818B8C
0 4 4 30 54 62 FFC34600 07BB5CE5 0CD22FC2 FB8D4FE7
0 4 4 31 55 63 FD16E74E 11F43F23 FA0AEE82 FF8D0ED9
0 4 5 0 0 16 FD5B71E9 FC8A5945 020F9D71 F30E82E1
0 4 5 1 1 17 06D78B60 0331E23D FA13908E F7AD6783
0 4 5 2 2 18 00ED2396 06766D95 022830FE 0F86EFB9
0 4 5 3 3 19 00FF3C24 FFC5B61B F6F0A06E FF5BB00B
0 4 5 4 4 20 0317AEF8 F926F59A FB43D064 FC54991E
0 4 5 5 5 21 F87C7A6C 01CC6BB8 FB02A4FE 0BDC8C7E
0 4 5 6 6 22 05A4F7A3 0128A2BD F9C36E2B 05ED8469
0 4 5 7 7 23 FB6BBB49 FE4E2820 F8CFE471 041E8B90
0 4 5 8 8 24 FECC5800 0365070A FF22C6B8 FDD4DB84
0 4 5 9 9 25 FE6E87C0 F4D55917 F8D97DC2 017128D7
0 4 5 10 10 26 037715E0 FF614CB4 00DE5962 F7738410
0 4 5 11 11 27 FA80366F F2573869 0185CEFD 02483D43
0 4 5 12 12 28 FE620EF3 073536EC 002CDD35 01D1CD8E
0 4 5 13 13 29 02541AF8 FDB6C044 FD16C2E2 015952E0
0 4 5 14 14 30 FE63E108 00D385B1 00D4E0D8 FFF71097
0 4 5 15 15 31 05A821AE FB139BBF F6CC33A4 FC91D4BD
0 4 5 16 32 48 027FA664 07E80E12 F721D1EC F8E4E70A
0 4 5 17 33 49 FC5F1EAC F98D3ACE 00A7554A F9FB09E6
0 4 5 18 34 50 FC8DD00E FA2C913D FB38BCC4 FDE5BDD9
0 4 5 19 35 51 013DAFB8 F94568AF FD987C2E F9F2F5AB
0 4 5 20 36 52 FD7A5B3B 0C4BD046 00DBA421 FFCA98B0
0 4 5 21 37 53 01009FFB 010D97E5 04DC2CE3 F993D303
0 4 5 22 38 54 005347AE 029AF2E7 F945CEC0 FF6D5C6B
0 4 5 23 39 55 022BD420 0AA07576 F1215138 0444F710
0 4 5 24 40 56 FD376800 F9DBF9EC 0458A9EC 09595DC2
0 4 5 25 41 57 FC83ACE9 FDCFB121 FCF9D527 01479BCB
0 4 5 26 42 58 0953EC70 FBB592E4 042EBF0E FC7EFF4E
0 4 5 27 43 59 04D29CBA F840A344 00112828 FE0BDC1A
0 4 5 28 44 60 EEDF53A6 05943E6C FC77BC5A FA925DBC
0 4 5 29 45 61 FB0F7A67 000E9874 0AEEF5E5 FBA2EB00
0 4 5 30 46 62 F9D04162 FEB82524 075C659E FF842F60
0 4 5 31 47 63 010EC201 F9B47B09 FB4D6F87 F81A3597
0 4 6 0 0 32 FFED8C26 023933AB FD6DE5C2 FA512599
0 4 6 1 1 33 014CAA4E FE910FE6 058AE112 04A0D256
0 4 6 2 2 34 FE3477C9 00B5E44B 02B8ABCD 05C08949
0 4 6 3 3 35 001D99E7 FC7C89CB 00E1A23D 03492C4F
0 4 6 4 4 36 02BBE8C2 02BD22CC 005BC636 F669D2CE
0 4 6 5 5 37 FCEEF1F9 01209AA8 FB8D8873 00ABD110
0 4 6 6 6 38 03AE6032 01927636 01F69770 FF962C86
0 4 6 7 7 39 01EBA008 02923DB1 F9801B40 FBBBEA6F
0 4 6 8 8 40 FC3E7443 0082AA64 028DE3BD 02E25CA6
0 4 6 9 9 41 FD43A878 FB11D51C 012ADF48 F9C383FA
0 4 6 10 10 42 028A36DB FA9EC3B3 00ECDF05 04C28901
0 4 6 11 11 43 FAF88443 F537B51D FF87B22B FD1F834B
0 4 6 12 12 44 FE7DCFFB 0C955EF5 FFE43EF7 FA9FD7F7
0 4 6 13 13 45 0079805F 013A878F 01DA9A99 FC7C38B5
0 4 6 14 14 46 FDF6AB9A 03526D3F 006D356E FD811871
0 4 6 15 15 47 FFBF7621 FCB41872 05E8AB8D FE5F834C
0 4 6 16 16 48 FD7A423D FDF6587A 04955B33 F5182A66
0 4 6 17 17 49 FA02D0C7 FBCEF6A3 0010BFC7 FBDE70DF
0 4 6 18 18 50 00837829 0A4FD8D9 01A4B8D5 053716DF
0 4 6 19 19 51 F8EC7B26 01B52DEB FE042548 FDA6821F
0 4 6 20 20 52 FD5F35D3 FDCF0E39 FDE49A91 FE858AE5
0 4 6 21 21 53 F9870B8C 054D2CAF 017B9972 068F5FCF
0 4 6 22 22 54 FE832718 05EB7A95 FB404712 000209D3
0 4 6 23 23 55 02C5DC86 0673E304 F60A07EA FDAAA88C
0 4 6 24 24 56 01562CF0 FA12E2A8 FDCC99C8 03C1F8DC
0 4 6 25 25 57 FDFFE1F3 012F85E7 FAD99BCF 0041A2EF
0 4 6 26 26 58 FDB8D8B1 FC053D79 032580B1 FB6E4697
0 4 6 27 27 59 00457453 01FC9E94 01405AA9 004B9EAE
0 4 6 28 28 60 00AE4091 0417DCA9 FF7E9CA3 FDB9F0E5
0 4 6 29 29 61 F8AE06FF 012CE806 0468BBE3 002C6ADA
0 4 6 30 30 62 FCC24703 FF806D83 041299D5 0076A313
0 4 6 31 31 63 FD5964B2 0271E02D F972CEF2 FA1FF48F
0 5 1 0 0 1 00000000 00000000 10A3D70A 00000000
0 5 1 1 2 3 00000000 00000000 F5C28F5C F0A3D70A
0 5 1 2 4 5 00000000 00000000 FB7979EC 0ADC74FE
0 5 1 3 6 7 00000000 00000000 1301CCBC 0ADC74FE
0 5 1 4 8 9 00000000 00000000 FCE84683 F1CF2869
0 5 1 5 10 11 00000000 00000000 134AC2BA 05E0C5C2
0 5 1 6 12 13 00000000 00000000 F48B9A49 05E0C5C2
0 5 1 7 14 15 00000000 00000000 F02BEF5F F1CF2869
0 5 1 8 16 17 00000000 00000000 16599341 F33A8748
0 5 1 9 18 19 00000000 00000000 0EEF08CA F77768B1
0 5 1 10 20 21 00000000 00000000 E5A2F11E 0F109ACA
0 5 1 11 22 23 00000000 00000000 053E789C FD00DFA7
0 5 1 12 24 25 00000000 00000000 FEC05D30 FD00DFA7
0 5 1 13 26 27 00000000 00000000 0646EB2A 0F109ACA
0 5 1 14 28 29 00000000 00000000 FC71C0F4 F77768B1
0 5 1 15 30 31 00000000 00000000 FAADB85E F33A8748
0 5 1 16 32 33 00000000 00000000 18F45100 F8C26482
0 5 1 17 34 35 00000000 00000000 0000D3F9 F27424FD
0 5 1 18 36 37 00000000 00000000 EE5A3152 0EB2D7AF
0 5 1 19 38 39 00000000 00000000 11A4A2E8 04757220
0 5 1 20 40 41 00000000 00000000 F9B72306 F64176D0
0 5 1 21 42 43 00000000 00000000 0A104DC4 0BDF99CD
0 5 1 22 44 45 00000000 00000000 FD53EA8C FE7E94B7
0 5 1 23 46 47 00000000 00000000 F470A3DB F0B6C641
0 5 1 24 48 49 00000000 00000000 098D77C4 F0B6C641
0 5 1 25 50 51 00000000 00000000 170DB7C8 FE7E94B7
0 5 1 26 52 53 00000000 00000000 E8F1A5FB 0BDF99CD
0 5 1 27 54 55 00000000 00000000 F6740FE9 F64176D0
0 5 1 28 56 57 00000000 00000000 01F47CAC 04757220
0 5 1 29 58 59 00000000 00000000 0BB3E12E 0EB2D7AF
0 5 1 30 60 61 00000000 00000000 F657B20A F27424FD
0 5 1 31 62 63 00000000 00000000 F91B7DB0 F8C26482
0 5 2 0 0 2 00000000 00000000 00000000 00000000
0 5 2 1 1 3 0147AE14 0A3D70A4 20000000 F5C28F5C
0 5 2 2 4 6 00000000 00000000 00000000 00000000
0 5 2 3 5 7 0655EEEA F7DAA842 F09D04EE 1DDE41BA
0 5 2 4 8 10 00000000 00000000 00000000 00000000
0 5 2 5 9 11 02C90C45 DE8465AF F70780C1 0519EB23
0 5 2 6 12 14 00000000 00000000 00000000 00000000
0 5 2 7 13 15 E65AC2B2 15B4D663 02BC71E0 F60CB521
0 5 2 8 16 18 00000000 00000000 00000000 00000000
0 5 2 9 17 19 0DD0FBF2 E44B7E7E 1EE22A90 02299012
0 5 2 10 20 22 00000000 00000000 00000000 00000000
0 5 2 11 21 23 E2A3D0C5 09D2222E E8A21177 144F1366
0 5 2 12 24 26 00000000 00000000 00000000 00000000
0 5 2 13 25 27 0DD0F7FA F6B9F47D EFAFC266 0347CAD1
0 5 2 14 28 30 00000000 00000000 00000000 00000000
0 5 2 15 29 31 EFAC483C FCC9B053 093739AC F225210F
0 5 2 16 32 34 00000000 00000000 00000000 00000000
0 5 2 17 33 35 0B6875FD F8C19089 26802C03 F8C3387B
0 5 2 18 36 38 00000000 00000000 00000000 00000000
0 5 2 19 37 39 F2CFA372 FD0E34C7 E9E4BF32 20577A97
0 5 2 20 40 42 00000000 00000000 00000000 00000000
0 5 2 21 41 43 0596BCD3 EC31290C EDD78939 0051C494
0 5 2 22 44 46 00000000 00000000 00000000 00000000
0 5 2 23 45 47 EE0AB0CD 0A0DF0DC 0C9D244B F2EF3892
0 5 2 24 48 50 00000000 00000000 00000000 00000000
0 5 2 25 49 51 080C0C7B D9A90E79 0B0EE30D 07C47E09
0 5 2 26 52 54 00000000 00000000 00000000 00000000
0 5 2 27 53 55 DF331CCB 156B89E4 F2B02F2B 0253A9B6
0 5 2 28 56 58 00000000 00000000 00000000 00000000
0 5 2 29 57 59 10A7545B F8C190F2 F341A4FD 1029534E
0 5 2 30 60 62 00000000 00000000 00000000 00000000
0 5 2 31 61 63 EF1A168C F958A74D FD954D88 EB8FA2AD
0 5 3 0 0 4 00000000 00000000 00000000 00000000
0 5 3 1 1 5 000000DB 000006E1 0147AD39 0A3D69C3
0 5 3 2 2 6 00000000 00000000 00000000 00000000
0 5 3 3 3 7 1FFFEA80 F5C2963E 00001580 FFFFF91E
0 5 3 4 8 12 00000000 00000000 00000000 00000000
0 5 3 5 9 13 000001DE FFFFE981 02C90A66 DE847C2D
0 5 3 6 10 14 00000000 00000000 00000000 00000000
0 5 3 7 11 15 F70786C7 0519E7B6 FFFFF9F9 0000036C
0 5 3 8 16 20 00000000 00000000 00000000 00000000
0 5 3 9 17 21 00000947 FFFFED63 0DD0F2AB E44B911B
0 5 3 10 18 22 00000000 00000000 00000000 00000000
0 5 3 11 19 23 1EE215D1 02298EA0 000014BF 00000172
0 5 3 12 24 28 00000000 00000000 00000000 00000000
0 5 3 13 25 29 00000946 FFFFF9C5 0DD0EEB4 F6B9FAB7
0 5 3 14 26 30 00000000 00000000 00000000 00000000
0 5 3 15 27 31 EFAFCD5C 0347C89D FFFFF50A 00000233
0 5 3 16 32 36 00000000 00000000 00000000 00000000
0 5 3 17 33 37 000007A9 FFFFFB21 0B686E53 F8C19567
0 5 3 18 34 38 00000000 00000000 00000000 00000000
0 5 3 19 35 39 26801226 F8C33D58 000019DC FFFFFB22
0 5 3 20 40 44 00000000 00000000 00000000 00000000
0 5 3 21 41 45 000003BF FFFFF2B2 0596B913 EC31365A
0 5 3 22 42 46 00000000 00000000 00000000 00000000
0 5 3 23 43 47 EDD7956C 0051C45E FFFFF3CC 00000036
0 5 3 24 48 52 00000000 00000000 00000000 00000000
0 5 3 25 49 53 00000566 FFFFE63F 080C0714 D9A92839
0 5 3 26 50 54 00000000 00000000 00000000 00000000
0 5 3 27 51 55 0B0EDB9F 07C478D1 0000076D 00000537
0 5 3 28 56 60 00000000 00000000 00000000 00000000
0 5 3 29 57 61 00000B2F FFFFFB23 10A7492B F8C195CF
0 5 3 30 58 62 00000000 00000000 00000000 00000000
0 5 3 31 59 63 F341AD8C 10294873 FFFFF770 00000ADB
0 5 4 0 0 8 00000000 00000000 00000000 00000000
0 5 4 1 1 9 FFFFFCFB FFFFF8B0 000003DF 00000E30
0 5 4 2 2 10 00000000 00000000 00000000 00000000
0 5 4 3 3 11 10A3CB68 00000401 0F5C1F18 F5C2923D
0 5 4 4 4 12 00000000 00000000 00000000 00000000
0 5 4 5 5 13 F0A3D627 0A3D7090 10A3D711 FFFFF932
0 5 4 6 6 14 00000000 00000000 00000000 00000000
0 5 4 7 7 15 00000E30 FFFFFC23 00000750 FFFFFCFB
0 5 4 8 16 24 00000000 00000000 00000000 00000000
0 5 4 9 17 25 000007B9 FFFFF20A 0000018D FFFFFB58
0 5 4 10 18 26 00000000 00000000 00000000 00000000
0 5 4 11 19 27 0DD5E171 093EA39B 110C345F F8EAEB05
0 5 4 12 20 28 00000000 00000000 00000000 00000000
0 5 4 13 21 29 FFFB086B ED8A2C94 0DD5EA3F F6C16486
0 5 4 14 22 30 00000000 00000000 00000000 00000000
0 5 4 15 23 31 00000FDB 000001CE 000004E3 FFFFFFA4
0 5 4 16 32 40 00000000 00000000 00000000 00000000
0 5 4 17 33 41 00000303 FFFFF6B3 000004A5 0000046D
0 5 4 18 34 42 00000000 00000000 00000000 00000000
0 5 4 19 35 43 0FEC5AE5 04D49386 1693B741 F3EEA9D2
0 5 4 20 36 44 00000000 00000000 00000000 00000000
0 5 4 21 37 45 FB7C07D5 FD9625E7 0FEC667D FB2B6F7F
0 5 4 22 38 46 00000000 00000000 00000000 00000000
0 5 4 23 39 47 0000129C FFFFFFCF 00000740 FFFFFB53
0 5 4 24 48 56 00000000 00000000 00000000 00000000
0 5 4 25 49 57 000006EE FFFFEEBC FFFFFE78 FFFFF782
0 5 4 26 50 58 00000000 00000000 00000000 00000000
0 5 4 27 51 59 0A8E6509 0CDCE5B3 00807695 FAE7931D
0 5 4 28 52 60 00000000 00000000 00000000 00000000
0 5 4 29 53 61 FD7D9E1C E686029C 0A8E68F8 F323259C
0 5 4 30 54 62 00000000 00000000 00000000 00000000
0 5 4 31 55 63 000009BE FFFFFF3C FFFFFDAE 000005FA
0 5 5 0 0 16 00000000 00000000 00000000 00000000
0 5 5 1 1 17 000000E9 FFFFF4BF FFFFFC11 000003F1
0 5 5 2 2 18 00000000 00000000 00000000 00000000
0 5 5 3 3 19 10A3D26B 000007E8 FFFFF8FD FFFFFC18
0 5 5 4 4 20 00000000 00000000 00000000 00000000
0 5 5 5 5 21 F0A3D1AC 000003F3 0000047A 0A3D6C9D
0 5 5 6 6 22 00000000 00000000 00000000 00000000
0 5 5 7 7 23 00000985 FFFFF678 000004AB 000005AA
0 5 5 8 8 24 00000000 00000000 00000000 00000000
0 5 5 9 9 25 FFFFFF80 000006CB 0000045E 00000765
0 5 5 10 10 26 00000000 00000000 00000000 00000000
0 5 5 11 11 27 FFFFF8E5 F5C28E66 0F5C2633 000003D6
0 5 5 12 12 28 00000000 00000000 00000000 00000000
0 5 5 13 13 29 FFFFFD69 FFFFFCAE 10A3D9A7 FFFFFC84
0 5 5 14 14 30 00000000 00000000 00000000 00000000
0 5 5 15 15 31 0000013A FFFFFE31 00000616 FFFFFEC9
0 5 5 16 32 48 00000000 00000000 00000000 00000000
0 5 5 17 33 49 00000336 FFFFF234 FFFFFFCC 0000047E
0 5 5 18 34 50 00000000 00000000 00000000 00000000
0 5 5 19 35 51 0FEC6531 04D497A3 FFFFF5B3 FFFFFBE3
0 5 5 20 36 52 00000000 00000000 00000000 00000000
0 5 5 21 37 53 F2741CA7 F8C26B69 0907EB2D 04D3BA7D
0 5 5 22 38 54 00000000 00000000 00000000 00000000
0 5 5 23 39 55 000009E0 FFFFFB0C 000008BC 000004C2
0 5 5 24 40 56 00000000 00000000 00000000 00000000
0 5 5 25 41 57 FFFFFE4E 000003CC 00000656 000000A0
0 5 5 26 42 58 00000000 00000000 00000000 00000000
0 5 5 27 43 59 0907DE9B FB2C4695 0D8BD8A5 F8C2633D
0 5 5 28 44 60 00000000 00000000 00000000 00000000
0 5 5 29 45 61 FFFFFD00 FFFFFFD5 0FEC697C FB2B6FA9
0 5 5 30 46 62 00000000 00000000 00000000 00000000
0 5 5 31 47 63 00000559 FFFFFAF5 000001E7 0000005D
0 5 6 0 0 32 00000000 00000000 00000000 00000000
0 5 6 1 1 33 0000015F FFFFF359 FFFFFF89 00000165
0 5 6 2 2 34 00000000 00000000 00000000 00000000
0 5 6 3 3 35 10A3D2FD 00000876 FFFFFF6D FFFFFF72
0 5 6 4 4 36 00000000 00000000 00000000 00000000
0 5 6 5 5 37 F0A3CD93 00000930 00000419 FFFFFAC2
0 5 6 6 6 38 00000000 00000000 00000000 00000000
0 5 6 7 7 39 00000700 FFFFF630 00000284 00000048
0 5 6 8 8 40 00000000 00000000 00000000 00000000
0 5 6 9 9 41 000000AD 00000541 FFFFFED3 00000189
0 5 6 10 10 42 00000000 00000000 00000000 00000000
0 5 6 11 11 43 FFFFFD6D F5C2906B FFFFFB77 FFFFFDFB
0 5 6 12 12 44 00000000 00000000 00000000 00000000
0 5 6 13 13 45 FFFFFE2F FFFFFFC0 FFFFFF39 FFFFFCEE
0 5 6 14 14 46 00000000 00000000 00000000 00000000
0 5 6 15 15 47 FFFFFE5D FFFFFC2F 000002DD 00000201
0 5 6 16 16 48 00000000 00000000 00000000 00000000
0 5 6 17 17 49 00000047 000001DA FFFFFBC9 00000216
0 5 6 18 18 50 00000000 00000000 00000000 00000000
0 5 6 19 19 51 FFFFFC05 00000393 FFFFFCF7 FFFFF885
0 5 6 20 20 52 00000000 00000000 00000000 00000000
0 5 6 21 21 53 FFFFFEC3 FFFFF9BC 000005B7 0A3D72E0
0 5 6 22 22 54 00000000 00000000 00000000 00000000
0 5 6 23 23 55 00000166 FFFFFDF3 00000344 000007B7
0 5 6 24 24 56 00000000 00000000 00000000 00000000
0 5 6 25 25 57 FFFFFFEF 00000173 0000046F 000005F1
0 5 6 26 26 58 00000000 00000000 00000000 00000000
0 5 6 27 27 59 FFFFFAA2 000000D6 0F5C2B90 00000300
0 5 6 28 28 60 00000000 00000000 00000000 00000000
0 5 6 29 29 61 0000020B FFFFFEA7 10A3D79B FFFFFDDD
0 5 6 30 30 62 00000000 00000000 00000000 00000000
0 5 6 31 31 63 0000021D FFFFFF1F 000003F9 FFFFFFA9
0 6 1 0 0 1 170A3D71 F47AE148 00000000 00000000
0 6 1 1 2 3 170A3D71 F47AE148 00000000 00000000
0 6 1 2 4 5 170A3D71 F47AE148 00000000 00000000
0 6 1 3 6 7 170A3D71 F47AE148 00000000 00000000
0 6 1 4 8 9 170A3D71 F47AE148 00000000 00000000
0 6 1 5 10 11 170A3D71 F47AE148 00000000 00000000
0 6 1 6 12 13 170A3D71 F47AE148 00000000 00000000
0 6 1 7 14 15 170A3D71 F47AE148 00000000 00000000
0 6 1 8 16 17 170A3D71 F47AE148 00000000 00000000
0 6 1 9 18 19 170A3D71 F47AE148 00000000 00000000
0 6 1 10 20 21 170A3D71 F47AE148 00000000 00000000
0 6 1 11 22 23 170A3D71 F47AE148 00000000 00000000
0 6 1 12 24 25 170A3D71 F47AE148 00000000 00000000
0 6 1 13 26 27 170A3D71 F47AE148 00000000 00000000
0 6 1 14 28 29 170A3D71 F47AE148 00000000 00000000
0 6 1 15 30 31 170A3D71 F47AE148 00000000 00000000
0 6 1 16 32 33 170A3D71 F47AE148 00000000 00000000
0 6 1 17 34 35 170A3D71 F47AE148 00000000 00000000
0 6 1 18 36 37 170A3D71 F47AE148 00000000 00000000
0 6 1 19 38 39 170A3D71 F47AE148 00000000 00000000
0 6 1 20 40 41 170A3D71 F47AE148 00000000 00000000
0 6 1 21 42 43 170A3D71 F47AE148 00000000 00000000
0 6 1 22 44 45 170A3D71 F47AE148 00000000 00000000
0 6 1 23 46 47 170A3D71 F47AE148 00000000 00000000
0 6 1 24 48 49 170A3D71 F47AE148 00000000 00000000
0 6 1 25 50 51 170A3D71 F47AE148 00000000 00000000
0 6 1 26 52 53 170A3D71 F47AE148 00000000 00000000
0 6 1 27 54 55 170A3D71 F47AE148 00000000 00000000
0 6 1 28 56 57 170A3D71 F47AE148 00000000 00000000
0 6 1 29 58 59 170A3D71 F47AE148 00000000 00000000
0 6 1 30 60 61 170A3D71 F47AE148 00000000 00000000
0 6 1 31 62 63 170A3D71 F47AE148 00000000 00000000
0 6 2 0 0 2 2E147AE2 E8F5C290 00000000 00000000
0 6 2 1 1 3 00000000 00000000 00000000 00000000
0 6 2 2 4 6 2E147AE2 E8F5C290 00000000 00000000
0 6 2 3 5 7 00000000 00000000 00000000 00000000
0 6 2 4 8 10 2E147AE2 E8F5C290 00000000 00000000
0 6 2 5 9 11 00000000 00000000 00000000 00000000
0 6 2 6 12 14 2E147AE2 E8F5C290 00000000 00000000
0 6 2 7 13 15 00000000 00000000 00000000 00000000
0 6 2 8 16 18 2E147AE2 E8F5C290 00000000 00000000
0 6 2 9 17 19 00000000 00000000 00000000 00000000
0 6 2 10 20 22 2E147AE2 E8F5C290 00000000 00000000
0 6 2 11 21 23 00000000 00000000 00000000 00000000
0 6 2 12 24 26 2E147AE2 E8F5C290 00000000 00000000
0 6 2 13 25 27 00000000 00000000 00000000 00000000
0 6 2 14 28 30 2E147AE2 E8F5C290 00000000 00000000
0 6 2 15 29 31 00000000 00000000 00000000 00000000
0 6 2 16 32 34 2E147AE2 E8F5C290 00000000 00000000
0 6 2 17 33 35 00000000 00000000 00000000 00000000
0 6 2 18 36 38 2E147AE2 E8F5C290 00000000 00000000
0 6 2 19 37 39 00000000 00000000 00000000 00000000
0 6 2 20 40 42 2E147AE2 E8F5C290 00000000 00000000
0 6 2 21 41 43 00000000 00000000 00000000 00000000
0 6 2 22 44 46 2E147AE2 E8F5C290 00000000 00000000
0 6 2 23 45 47 00000000 00000000 00000000 00000000
0 6 2 24 48 50 2E147AE2 E8F5C290 00000000 00000000
0 6 2 25 49 51 00000000 00000000 00000000 00000000
0 6 2 26 52 54 2E147AE2 E8F5C290 00000000 00000000
0 6 2 27 53 55 00000000 00000000 00000000 00000000
0 6 2 28 56 58 2E147AE2 E8F5C290 00000000 00000000
0 6 2 29 57 59 00000000 00000000 00000000 00000000
0 6 2 30 60 62 2E147AE2 E8F5C290 00000000 00000000
0 6 2 31 61 63 00000000 00000000 00000000 00000000
0 6 3 0 0 4 2E147AE2 E8F5C290 00000000 00000000
0 6 3 1 1 5 00000000 00000000 00000000 00000000
0 6 3 2 2 6 00000000 00000000 00000000 00000000
0 6 3 3 3 7 00000000 00000000 00000000 00000000
0 6 3 4 8 12 2E147AE2 E8F5C290 00000000 00000000
0 6 3 5 9 13 00000000 00000000 00000000 00000000
0 6 3 6 10 14 00000000 00000000 00000000 00000000
0 6 3 7 11 15 00000000 00000000 00000000 00000000
0 6 3 8 16 20 2E147AE2 E8F5C290 00000000 00000000
0 6 3 9 17 21 00000000 00000000 00000000 00000000
0 6 3 10 18 22 00000000 00000000 00000000 00000000
0 6 3 11 19 23 00000000 00000000 00000000 00000000
0 6 3 12 24 28 2E147AE2 E8F5C290 00000000 00000000
0 6 3 13 25 29 00000000 00000000 00000000 00000000
0 6 3 14 26 30 00000000 00000000 00000000 00000000
0 6 3 15 27 31 00000000 00000000 00000000 00000000
0 6 3 16 32 36 2E147AE2 E8F5C290 00000000 00000000
0 6 3 17 33 37 00000000 00000000 00000000 00000000
0 6 3 18 34 38 00000000 00000000 00000000 00000000
0 6 3 19 35 39 00000000 00000000 00000000 00000000
0 6 3 20 40 44 2E147AE2 E8F5C290 00000000 00000000
0 6 3 21 41 45 00000000 00000000 00000000 00000000
0 6 3 22 42 46 00000000 00000000 00000000 00000000
0 6 3 23 43 47 00000000 00000000 00000000 00000000
0 6 3 24 48 52 2E147AE2 E8F5C290 00000000 00000000
0 6 3 25 49 53 00000000 00000000 00000000 00000000
0 6 3 26 50 54 00000000 00000000 00000000 00000000
0 6 3 27 51 55 00000000 00000000 00000000 00000000
0 6 3 28 56 60 2E147AE2 E8F5C290 00000000 00000000
0 6 3 29 57 61 00000000 00000000 00000000 00000000
0 6 3 30 58 62 00000000 00000000 00000000 00000000
0 6 3 31 59 63 00000000 00000000 00000000 00000000
0 6 4 0 0 8 2E147AE2 E8F5C290 00000000 00000000
0 6 4 1 1 9 00000000 00000000 00000000 00000000
0 6 4 2 2 10 00000000 00000000 00000000 00000000
0 6 4 3 3 11 00000000 00000000 00000000 00000000
0 6 4 4 4 12 00000000 00000000 00000000 00000000
0 6 4 5 5 13 00000000 00000000 00000000 00000000
0 6 4 6 6 14 00000000 00000000 00000000 00000000
0 6 4 7 7 15 00000000 00000000 00000000 00000000
0 6 4 8 16 24 2E147AE2 E8F5C290 00000000 00000000
0 6 4 9 17 25 00000000 00000000 00000000 00000000
0 6 4 10 18 26 00000000 00000000 00000000 00000000
0 6 4 11 19 27 00000000 00000000 00000000 00000000
0 6 4 12 20 28 00000000 00000000 00000000 00000000
0 6 4 13 21 29 00000000 00000000 00000000 00000000
0 6 4 14 22 30 00000000 00000000 00000000 00000000
0 6 4 15 23 31 00000000 00000000 00000000 00000000
0 6 4 16 32 40 2E147AE2 E8F5C290 00000000 00000000
0 6 4 17 33 41 00000000 00000000 00000000 00000000
0 6 4 18 34 42 00000000 00000000 00000000 00000000
0 6 4 19 35 43 00000000 00000000 00000000 00000000
0 6 4 20 36 44 00000000 00000000 00000000 00000000
0 6 4 21 37 45 00000000 00000000 00000000 00000000
0 6 4 22 38 46 00000000 00000000 00000000 00000000
0 6 4 23 39 47 00000000 00000000 00000000 00000000
0 6 4 24 48 56 2E147AE2 E8F5C290 00000000 00000000
0 6 4 25 49 57 00000000 00000000 00000000 00000000
0 6 4 26 50 58 00000000 00000000 00000000 00000000
0 6 4 27 51 59 00000000 00000000 00000000 00000000
0 6 4 28 52 60 00000000 00000000 00000000 00000000
0 6 4 29 53 61 00000000 00000000 00000000 00000000
0 6 4 30 54 62 00000000 00000000 00000000 00000000
0 6 4 31 55 63 00000000 00000000 00000000 00000000
0 6 5 0 0 16 2E147AE2 E8F5C290 00000000 00000000
0 6 5 1 1 17 00000000 00000000 00000000 00000000
0 6 5 2 2 18 00000000 00000000 00000000 00000000
0 6 5 3 3 19 00000000 00000000 00000000 00000000
0 6 5 4 4 20 00000000 00000000 00000000 00000000
0 6 5 5 5 21 00000000 00000000 00000000 00000000
0 6 5 6 6 22 00000000 00000000 00000000 00000000
0 6 5 7 7 23 00000000 00000000 00000000 00000000
0 6 5 8 8 24 00000000 00000000 00000000 00000000
0 6 5 9 9 25 00000000 00000000 00000000 00000000
0 6 5 10 10 26 00000000 00000000 00000000 00000000
0 6 5 11 11 27 00000000 00000000 00000000 00000000
0 6 5 12 12 28 00000000 00000000 00000000 00000000
0 6 5 13 13 29 00000000 00000000 00000000 00000000
0 6 5 14 14 30 00000000 00000000 00000000 00000000
0 6 5 15 15 31 00000000 00000000 00000000 00000000
0 6 5 16 32 48 2E147AE2 E8F5C290 00000000 00000000
0 6 5 17 33 49 00000000 00000000 00000000 00000000
0 6 5 18 34 50 00000000 00000000 00000000 00000000
0 6 5 19 35 51 00000000 00000000 00000000 00000000
0 6 5 20 36 52 00000000 00000000 00000000 00000000
0 6 5 21 37 53 00000000 00000000 00000000 00000000
0 6 5 22 38 54 00000000 00000000 00000000 00000000
0 6 5 23 39 55 00000000 00000000 00000000 00000000
0 6 5 24 40 56 00000000 00000000 00000000 00000000
0 6 5 25 41 57 00000000 00000000 00000000 00000000
0 6 5 26 42 58 00000000 00000000 00000000 00000000
0 6 5 27 43 59 00000000 00000000 00000000 00000000
0 6 5 28 44 60 00000000 00000000 00000000 00000000
0 6 5 29 45 61 00000000 00000000 00000000 00000000
0 6 5 30 46 62 00000000 00000000 00000000 00000000
0 6 5 31 47 63 00000000 00000000 00000000 00000000
0 6 6 0 0 32 2E147AE2 E8F5C290 00000000 00000000
0 6 6 1 1 33 00000000 00000000 00000000 00000000
0 6 6 2 2 34 00000000 00000000 00000000 00000000
0 6 6 3 3 35 00000000 00000000 00000000 00000000
0 6 6 4 4 36 00000000 00000000 00000000 00000000
0 6 6 5 5 37 00000000 00000000 00000000 00000000
0 6 6 6 6 38 00000000 00000000 00000000 00000000
0 6 6 7 7 39 00000000 00000000 00000000 00000000
0 6 6 8 8 40 00000000 00000000 00000000 00000000
0 6 6 9 9 41 00000000 00000000 00000000 00000000
0 6 6 10 10 42 00000000 00000000 00000000 00000000
0 6 6 11 11 43 00000000 00000000 00000000 00000000
0 6 6 12 12 44 00000000 00000000 00000000 00000000
0 6 6 13 13 45 00000000 00000000 00000000 00000000
0 6 6 14 14 46 00000000 00000000 00000000 00000000
0 6 6 15 15 47 00000000 00000000 00000000 00000000
0 6 6 16 16 48 00000000 00000000 00000000 00000000
0 6 6 17 17 49 00000000 00000000 00000000 00000000
0 6 6 18 18 50 00000000 00000000 00000000 00000000
0 6 6 19 19 51 00000000 00000000 00000000 00000000
0 6 6 20 20 52 00000000 00000000 00000000 00000000
0 6 6 21 21 53 00000000 00000000 00000000 00000000
0 6 6 22 22 54 00000000 00000000 00000000 00000000
0 6 6 23 23 55 00000000 00000000 00000000 00000000
0 6 6 24 24 56 00000000 00000000 00000000 00000000
0 6 6 25 25 57 00000000 00000000 00000000 00000000
0 6 6 26 26 58 00000000 00000000 00000000 00000000
0 6 6 27 27 59 00000000 00000000 00000000 00000000
0 6 6 28 28 60 00000000 00000000 00000000 00000000
0 6 6 29 29 61 00000000 00000000 00000000 00000000
0 6 6 30 30 62 00000000 00000000 00000000 00000000
0 6 6 31 31 63 00000000 00000000 00000000 00000000
0 7 1 0 0 1 F0000431 00000000 0FFFFBCE 00000000
0 7 1 1 2 3 00000000 00000000 00000000 00000000
0 7 1 2 4 5 00000000 00000000 00000000 00000000
0 7 1 3 6 7 00000000 00000000 00000000 00000000
0 7 1 4 8 9 00000000 00000000 00000000 00000000
0 7 1 5 10 11 00000000 00000000 00000000 00000000
0 7 1 6 12 13 00000000 00000000 00000000 00000000
0 7 1 7 14 15 00000000 00000000 00000000 00000000
0 7 1 8 16 17 00000000 00000000 00000000 00000000
0 7 1 9 18 19 00000000 00000000 00000000 00000000
0 7 1 10 20 21 00000000 00000000 00000000 00000000
0 7 1 11 22 23 00000000 00000000 00000000 00000000
0 7 1 12 24 25 00000000 00000000 00000000 00000000
0 7 1 13 26 27 00000000 00000000 00000000 00000000
0 7 1 14 28 29 00000000 00000000 00000000 00000000
0 7 1 15 30 31 00000000 00000000 00000000 00000000
0 7 1 16 32 33 00000000 0FFFFBCE 00000000 F0000431
0 7 1 17 34 35 00000000 00000000 00000000 00000000
0 7 1 18 36 37 00000000 00000000 00000000 00000000
0 7 1 19 38 39 00000000 00000000 00000000 00000000
0 7 1 20 40 41 00000000 00000000 00000000 00000000
0 7 1 21 42 43 00000000 00000000 00000000 00000000
0 7 1 22 44 45 00000000 00000000 00000000 00000000
0 7 1 23 46 47 00000000 00000000 00000000 00000000
0 7 1 24 48 49 00000000 00000000 00000000 00000000
0 7 1 25 50 51 00000000 00000000 00000000 00000000
0 7 1 26 52 53 00000000 00000000 00000000 00000000
0 7 1 27 54 55 00000000 00000000 00000000 00000000
0 7 1 28 56 57 00000000 00000000 00000000 00000000
0 7 1 29 58 59 00000000 00000000 00000000 00000000
0 7 1 30 60 61 00000000 00000000 00000000 00000000
0 7 1 31 62 63 00000000 00000000 00000000 00000000
0 7 2 0 0 2 F0000431 00000000 F0000431 00000000
0 7 2 1 1 3 0FFFFBCE 00000000 0FFFFBCE 00000000
0 7 2 2 4 6 00000000 00000000 00000000 00000000
0 7 2 3 5 7 00000000 00000000 00000000 00000000
0 7 2 4 8 10 00000000 00000000 00000000 00000000
0 7 2 5 9 11 00000000 00000000 00000000 00000000
0 7 2 6 12 14 00000000 00000000 00000000 00000000
0 7 2 7 13 15 00000000 00000000 00000000 00000000
0 7 2 8 16 18 00000000 00000000 00000000 00000000
0 7 2 9 17 19 00000000 00000000 00000000 00000000
0 7 2 10 20 22 00000000 00000000 00000000 00000000
0 7 2 11 21 23 00000000 00000000 00000000 00000000
0 7 2 12 24 26 00000000 00000000 00000000 00000000
0 7 2 13 25 27 00000000 00000000 00000000 00000000
0 7 2 14 28 30 00000000 00000000 00000000 00000000
0 7 2 15 29 31 00000000 00000000 00000000 00000000
0 7 2 16 32 34 00000000 0FFFFBCE 00000000 0FFFFBCE
0 7 2 17 33 35 00000000 F0000431 00000000 F0000431
0 7 2 18 36 38 00000000 00000000 00000000 00000000
0 7 2 19 37 39 00000000 00000000 00000000 00000000
0 7 2 20 40 42 00000000 00000000 00000000 00000000
0 7 2 21 41 43 00000000 00000000 00000000 00000000
0 7 2 22 44 46 00000000 00000000 00000000 00000000
0 7 2 23 45 47 00000000 00000000 00000000 00000000
0 7 2 24 48 50 00000000 00000000 00000000 00000000
0 7 2 25 49 51 00000000 00000000 00000000 00000000
0 7 2 26 52 54 00000000 00000000 00000000 00000000
0 7 2 27 53 55 00000000 00000000 00000000 00000000
0 7 2 28 56 58 00000000 00000000 00000000 00000000
0 7 2 29 57 59 00000000 00000000 00000000 00000000
0 7 2 30 60 62 00000000 00000000 00000000 00000000
0 7 2 31 61 63 00000000 00000000 00000000 00000000
0 7 3 0 0 4 F8000218 00000000 F8000218 00000000
0 7 3 1 1 5 07FFFDE7 00000000 07FFFDE7 00000000
0 7 3 2 2 6 F8000218 00000000 F8000218 00000000
0 7 3 3 3 7 07FFFDE7 00000000 07FFFDE7 00000000
0 7 3 4 8 12 00000000 00000000 00000000 00000000
0 7 3 5 9 13 00000000 00000000 00000000 00000000
0 7 3 6 10 14 00000000 00000000 00000000 00000000
0 7 3 7 11 15 00000000 00000000 00000000 00000000
0 7 3 8 16 20 00000000 00000000 00000000 00000000
0 7 3 9 17 21 00000000 00000000 00000000 00000000
0 7 3 10 18 22 00000000 00000000 00000000 00000000
0 7 3 11 19 23 00000000 00000000 00000000 00000000
0 7 3 12 24 28 00000000 00000000 00000000 00000000
0 7 3 13 25 29 00000000 00000000 00000000 00000000
0 7 3 14 26 30 00000000 00000000 00000000 00000000
0 7 3 15 27 31 00000000 00000000 00000000 00000000
0 7 3 16 32 36 00000000 07FFFDE7 00000000 07FFFDE7
0 7 3 17 33 37 00000000 F8000218 00000000 F8000218
0 7 3 18 34 38 00000000 07FFFDE7 00000000 07FFFDE7
0 7 3 19 35 39 00000000 F8000218 00000000 F8000218
0 7 3 20 40 44 00000000 00000000 00000000 00000000
0 7 3 21 41 45 00000000 00000000 00000000 00000000
0 7 3 22 42 46 00000000 00000000 00000000 00000000
0 7 3 23 43 47 00000000 00000000 00000000 00000000
0 7 3 24 48 52 00000000 00000000 00000000 00000000
0 7 3 25 49 53 00000000 00000000 00000000 00000000
0 7 3 26 50 54 00000000 00000000 00000000 00000000
0 7 3 27 51 55 00000000 00000000 00000000 00000000
0 7 3 28 56 60 00000000 00000000 00000000 00000000
0 7 3 29 57 61 00000000 00000000 00000000 00000000
0 7 3 30 58 62 00000000 00000000 00000000 00000000
0 7 3 31 59 63 00000000 00000000 00000000 00000000
0 7 4 0 0 8 FC00010C 00000000 FC00010C 00000000
0 7 4 1 1 9 03FFFEF3 00000000 03FFFEF3 00000000
0 7 4 2 2 10 FC00010C 00000000 FC00010C 00000000
0 7 4 3 3 11 03FFFEF3 00000000 03FFFEF3 00000000
0 7 4 4 4 12 FC00010C 00000000 FC00010C 00000000
0 7 4 5 5 13 03FFFEF3 00000000 03FFFEF3 00000000
0 7 4 6 6 14 FC00010C 00000000 FC00010C 00000000
0 7 4 7 7 15 03FFFEF3 00000000 03FFFEF3 00000000
0 7 4 8 16 24 00000000 00000000 00000000 00000000
0 7 4 9 17 25 00000000 00000000 00000000 00000000
0 7 4 10 18 26 00000000 00000000 00000000 00000000
0 7 4 11 19 27 00000000 00000000 00000000 00000000
0 7 4 12 20 28 00000000 00000000 00000000 00000000
0 7 4 13 21 29 00000000 00000000 00000000 00000000
0 7 4 14 22 30 00000000 00000000 00000000 00000000
0 7 4 15 23 31 00000000 00000000 00000000 00000000
0 7 4 16 32 40 00000000 03FFFEF3 00000000 03FFFEF3
0 7 4 17 33 41 00000000 FC00010C 00000000 FC00010C
0 7 4 18 34 42 00000000 03FFFEF3 00000000 03FFFEF3
0 7 4 19 35 43 00000000 FC00010C 00000000 FC00010C
0 7 4 20 36 44 00000000 03FFFEF3 00000000 03FFFEF3
0 7 4 21 37 45 00000000 FC00010C 00000000 FC00010C
0 7 4 22 38 46 00000000 03FFFEF3 00000000 03FFFEF3
0 7 4 23 39 47 00000000 FC00010C 00000000 FC00010C
0 7 4 24 48 56 00000000 00000000 00000000 00000000
0 7 4 25 49 57 00000000 00000000 00000000 00000000
0 7 4 26 50 58 00000000 00000000 00000000 00000000
0 7 4 27 51 59 00000000 00000000 00000000 00000000
0 7 4 28 52 60 00000000 00000000 00000000 00000000
0 7 4 29 53 61 00000000 00000000 00000000 00000000
0 7 4 30 54 62 00000000 00000000 00000000 00000000
0 7 4 31 55 63 00000000 00000000 00000000 00000000
0 7 5 0 0 16 FE000086 00000000 FE000086 00000000
0 7 5 1 1 17 01FFFF79 00000000 01FFFF79 00000000
0 7 5 2 2 18 FE000086 00000000 FE000086 00000000
0 7 5 3 3 19 01FFFF79 00000000 01FFFF79 00000000
0 7 5 4 4 20 FE000086 00000000 FE000086 00000000
0 7 5 5 5 21 01FFFF79 00000000 01FFFF79 00000000
0 7 5 6 6 22 FE000086 00000000 FE000086 00000000
0 7 5 7 7 23 01FFFF79 00000000 01FFFF79 00000000
0 7 5 8 8 24 FE000086 00000000 FE000086 00000000
0 7 5 9 9 25 01FFFF79 00000000 01FFFF79 00000000
0 7 5 10 10 26 FE000086 00000000 FE000086 00000000
0 7 5 11 11 27 01FFFF79 00000000 01FFFF79 00000000
0 7 5 12 12 28 FE000086 00000000 FE000086 00000000
0 7 5 13 13 29 01FFFF79 00000000 01FFFF79 00000000
0 7 5 14 14 30 FE000086 00000000 FE000086 00000000
0 7 5 15 15 31 01FFFF79 00000000 01FFFF79 00000000
0 7 5 16 32 48 00000000 01FFFF79 00000000 01FFFF79
0 7 5 17 33 49 00000000 FE000086 00000000 FE000086
0 7 5 18 34 50 00000000 01FFFF79 00000000 01FFFF79
0 7 5 19 35 51 00000000 FE000086 00000000 FE000086
0 7 5 20 36 52 00000000 01FFFF79 00000000 01FFFF79
0 7 5 21 37 53 00000000 FE000086 00000000 FE000086
0 7 5 22 38 54 00000000 01FFFF79 00000000 01FFFF79
0 7 5 23 39 55 00000000 FE000086 00000000 FE000086
0 7 5 24 40 56 00000000 01FFFF79 00000000 01FFFF79
0 7 5 25 41 57 00000000 FE000086 00000000 FE000086
0 7 5 26 42 58 00000000 01FFFF79 00000000 01FFFF79
0 7 5 27 43 59 00000000 FE000086 00000000 FE000086
0 7 5 28 44 60 00000000 01FFFF79 00000000 01FFFF79
0 7 5 29 45 61 00000000 FE000086 00000000 FE000086
0 7 5 30 46 62 00000000 01FFFF79 00000000 01FFFF79
0 7 5 31 47 63 00000000 FE000086 00000000 FE000086
0 7 6 0 0 32 FF000043 00FFFFBC FF000043 FF000044
0 7 6 1 1 33 00E6E7C2 FF013C42 011917B6 00FEC3BE
0 7 6 2 2 34 FF31F235 00FB13BD FECE0E51 FF04EC43
0 7 6 3 3 35 00B5AFCF FF0B0640 014A4FA9 00F4F9C0
0 7 6 4 4 36 FF61F829 00EC83C1 FE9E085D FF137C3F
0 7 6 5 5 37 008751DB FF1E3A3B 0178AD9D 00E1C5C5
0 7 6 6 6 38 FF8E3A1D 00D4DBC7 FE71C669 FF2B2439
0 7 6 7 7 39 005D97E6 FF3A1C33 01A26792 00C5E3CD
0 7 6 8 8 40 FFB50413 00B503D0 FE4AFC73 FF4AFC30
0 7 6 9 9 41 003A1BEF FF5D982A 01C5E389 00A267D6
0 7 6 10 10 42 FFD4DC0A 008E39DA FE2B247C FF71C626
0 7 6 11 11 43 001E39F7 FF87521F 01E1C581 0078ADE1
0 7 6 12 12 44 FFEC8404 0061F7E6 FE137C82 FF9E081A
0 7 6 13 13 45 000B05FC FFB5B013 01F4F97C 004A4FED
0 7 6 14 14 46 FFFB1400 0031F1F2 FE04EC86 FFCE0E0E
0 7 6 15 15 47 00013BFE FFE6E806 01FEC37A 001917FA
0 7 6 16 16 48 FFFFFFFF 00000000 FE000087 00000000
0 7 6 17 17 49 00013BFE 001917FA 01FEC37A FFE6E806
0 7 6 18 18 50 FFFB1400 FFCE0E0E FE04EC86 0031F1F2
0 7 6 19 19 51 000B05FC 004A4FED 01F4F97C FFB5B013
0 7 6 20 20 52 FFEC8404 FF9E081A FE137C82 0061F7E6
0 7 6 21 21 53 001E39F7 0078ADE1 01E1C581 FF87521F
0 7 6 22 22 54 FFD4DC0A FF71C626 FE2B247C 008E39DA
0 7 6 23 23 55 003A1BEF 00A267D6 01C5E389 FF5D982A
0 7 6 24 24 56 FFB50413 FF4AFC30 FE4AFC73 00B503D0
0 7 6 25 25 57 005D97E6 00C5E3CD 01A26792 FF3A1C33
0 7 6 26 26 58 FF8E3A1D FF2B2439 FE71C669 00D4DBC7
0 7 6 27 27 59 008751DB 00E1C5C5 0178AD9D FF1E3A3B
0 7 6 28 28 60 FF61F829 FF137C3F FE9E085D 00EC83C1
0 7 6 29 29 61 00B5AFCF 00F4F9C0 014A4FA9 FF0B0640
0 7 6 30 30 62 FF31F235 FF04EC43 FECE0E51 00FB13BD
0 7 6 31 31 63 00E6E7C2 00FEC3BE 011917B6 FF013C42
0 8 1 0 0 1 11B2C6EE FC538467 07E6D2AB 03AC7B99
0 8 1 1 2 3 F7DAB65C 016EF54C F2DC2B1D 1165CC31
0 8 1 2 4 5 107439E4 FE3BF953 F6FA2EFB 109B86ED
0 8 1 3 6 7 EAD11EA7 03959E21 0164E102 0577643C
0 8 1 4 8 9 EABD71C7 030233BC 00B2A798 F4C84774
0 8 1 5 10 11 1241DD90 FD397EFE 074FD726 F35A9409
0 8 1 6 12 13 FAD3F8D6 002F0D27 0DCBDE8B ED310D0E
0 8 1 7 14 15 0FC587F2 FC4B7885 F672DD26 02C35A0F
0 8 1 8 16 17 FA52A67F 018496D0 0DB51822 11372E97
0 8 1 9 18 19 101E1F0D 030FFD13 F6B5CEB3 F5282B58
0 8 1 10 20 21 11FBB534 039C2C2B 079BEB19 0505C1D0
0 8 1 11 22 23 F75FCAB0 00468AA9 F2FF603C ED384E65
0 8 1 12 24 25 F856E397 FD29E80B F2BAFCB5 F3B33696
0 8 1 13 26 27 FB561759 FE275B23 0DE08453 10627A17
0 8 1 14 28 29 EAC5A537 FC4F359D 010BD8F4 03382A5F
0 8 1 15 30 31 12853531 01591B31 0702A28D 1191BAFF
0 8 1 16 32 33 076A932F FE4662C2 0D54D65D 10B71807
0 8 1 17 34 35 04EB102D 0398F6E7 F2298A47 053EACE8
0 8 1 18 36 37 153EDD58 0179CD56 FF20BB6C 114ED2CD
0 8 1 19 38 39 ED9C1BDF 0316B48A F8D69FCF F558BEBD
0 8 1 20 40 41 EE2869E3 00234B74 F83E7AD8 ED2E82C4
0 8 1 21 42 43 0862E8DC FC4D44D1 0D127AD5 02FDD0FA
0 8 1 22 44 45 EFB68327 FD31A5AC 09282E58 F386A7C1
0 8 1 23 46 47 1527EAE8 FE1D272E FE6EAEBE 1045008E
0 8 1 24 48 49 EF61AB73 039F3DCE 08E31AA4 04CCA526
0 8 1 25 50 51 153506B7 003ACD0A FEC79CFF ED3450F9
0 8 1 26 52 53 07E75A07 03092762 0D34AD42 F4F802F6
0 8 1 27 54 55 04689318 FD4173B6 F215F607 F32EFD21
0 8 1 28 56 57 056CCB1A FC514AD6 F23F40CB 037263FE
0 8 1 29 58 59 F00DDDD0 01640F1B 096BD891 117C19E0
0 8 1 30 60 61 EDE0DD31 FE31A151 F889FA0F 107F51EB
0 8 1 31 62 63 08DD2CA1 039221FB 0CEE445E 05AFE59D
0 8 2 0 0 2 098D7D4A FDC279B3 19D81092 FAE48F1B
0 8 2 1 1 3 194C9EDC 10D0507C F681067A F688A6B6
0 8 2 2 4 6 FB45588B 01D19774 25A31B3D FAA65B32
0 8 2 3 5 7 FC719337 0F36A5EB F182CABF 120067EF
0 8 2 4 8 10 FCFF4F57 003BB2BA D87B9437 05C8B4BE
0 8 2 5 9 11 F40D3BA1 ED78704E 0D58138F FC181E9A
0 8 2 6 12 14 0A9980C8 FC7A85AC EB0E70E4 03E394A2
0 8 2 7 13 15 108F389A F6BE2FE8 0B08847C E3A3EA34
0 8 2 8 16 18 0A70C58C 049493E3 EA348772 FE7499BD
0 8 2 9 17 19 02DD437A 1A815FE4 188CECCA 07ECFD4A
0 8 2 10 20 22 095B7FE4 03E2B6D4 1A9BEA84 0355A182
0 8 2 11 21 23 F4D4397E 12066194 1A639CB4 F805220C
0 8 2 12 24 26 F3ACFAF0 FB51432E FD00CC3E FF028CE8
0 8 2 13 25 27 031D76CC E5D2B243 E258829E 0193BAE9
0 8 2 14 28 30 FD4ADA68 FDA850CE D8407006 FAF61A6C
0 8 2 15 29 31 129D93F3 FC3587D2 EF7A1DF5 0A3ACCEC
0 8 2 16 32 34 0C55A35C 01DF59A9 027F8302 FAAD6BDB
0 8 2 17 33 35 12938345 1E8D8DC0 08162975 02E0A24E
0 8 2 18 36 38 02DAF937 049081E0 27A2C179 FE6318CC
0 8 2 19 37 39 F4797A29 187832FE 09C7FCAF 0A25729C
0 8 2 20 40 42 F68B52BF FC709045 E5C58107 03D606A3
0 8 2 21 41 43 FB3C4BD2 E01C07EF F540A9DE FA40FD99
0 8 2 22 44 46 04DE6E0F FB4ECCDA DA8E983F FF147E7E
0 8 2 23 45 47 196D2EE6 F517F903 F8E32DCA F1F5567F
0 8 2 24 48 50 0496B22A 03DA0AD8 DA2CA4BC 036470C4
0 8 2 25 49 51 F6176B9D 06050827 1BAEC9AB 03944225
0 8 2 26 52 54 0C4FED1F 004A9B18 037EC6EF 05C7B3AC
0 8 2 27 53 55 0063AA63 02E20CEF 1A05B021 E70DF8FD
0 8 2 28 56 58 F57AA8EA FDB559F1 155EED4A FAED3BBB
0 8 2 29 57 59 03BB5AAB FA068B6D E0C326EB 0CDE3C8F
0 8 2 30 60 62 F6BE09D2 01C3C34C E503B090 FA9F7F56
0 8 2 31 61 63 FE39DFAC 03910D8D F2DA1472 1D6D9649
0 8 3 0 0 4 02696AEA FFCA0893 07241260 FDF8711F
0 8 3 1 1 5 10C55EF0 0F0AF8E4 08873FEC 01C55798
0 8 3 2 2 6 0A3F35E2 EAA0B9EF 0F98DAB0 1043D52B
0 8 3 3 3 7 06BD2C49 FA066AEB EFC3DA31 FC823BCB
0 8 3 4 8 12 03CC680F FE5B1C33 F932E747 01E09687
0 8 3 5 9 13 FC9B89DB ED9B9EF2 F771B1C5 FFDCD15C
0 8 3 6 10 14 EE2F946C 0D5D21ED EA4BFFCA F86B92D1
0 8 3 7 11 15 F8BEAA74 042C3CD4 1499691A F7EBE1C6
0 8 3 8 16 20 09E622B8 043BA55B 008AA2D4 0058EE87
0 8 3 9 17 21 03DAF743 17932582 FF024C37 02EE3A62
0 8 3 10 18 22 F6C5147A F1EC579C F36F72F8 0C884220
0 8 3 11 19 23 001FCB4C FD745266 186D217E 0A78AAE4
0 8 3 12 24 28 F87BEAAC FC7CC9FE FB311044 FED47930
0 8 3 13 25 29 06CC7A5C EAFD6407 FC50FC70 FAD54E3B
0 8 3 14 26 30 FBFB7355 13610E71 010558E9 EBA17E77
0 8 3 15 27 31 FAA194AB 03037502 E7B6EDF3 FE9045E6
0 8 3 16 32 36 07984E49 0337EDC4 04BD5513 FEA76BE4
0 8 3 17 33 37 0DDD4B3B 1C009B35 04B63809 028CF28B
0 8 3 18 34 38 00714DE7 E9855531 020E351B 112816A9
0 8 3 19 35 39 042C1FA6 FA64B975 03EA09CE 087BE8D9
0 8 3 20 40 44 FDB4E066 FBDFAE8F F8D67258 0090E1B5
0 8 3 21 41 45 02C0558E E3359BC0 F87BF644 FCE66C2E
0 8 3 22 42 46 F26CFFC2 14A3B732 F3588144 EF324F70
0 8 3 23 43 47 F82D3277 049B1E58 FD137767 F5A5DF40
0 8 3 24 48 52 08734FA4 021252F8 FC236286 01C7B7E0
0 8 3 25 49 53 FC33E1A7 03E436E6 F9E389F5 0220D140
0 8 3 26 50 54 EFFA2C34 FFF2D4EB EA327888 03719BD9
0 8 3 27 51 55 FBD26CA7 0168ABA2 1FDC5D03 022B9682
0 8 3 28 56 60 F61C595E FFBC8E9E FF5E4F8C FDF8CB52
0 8 3 29 57 61 027FEDC7 FEE6A21C 013B6CE3 FB1FE950
0 8 3 30 58 62 07FF3650 0AF4C595 0D5FB6FA EFF87625
0 8 3 31 59 63 FF6F0E02 00ADA7DE E15418E8 0C3094B0
0 8 4 0 0 8 031AE97C FF129262 FF4E816E 00B77630
0 8 4 1 1 9 034C9419 FFACA6E0 0D78CAD7 0F5E5204
0 8 4 2 2 10 038CD080 005635D8 06B26562 EA4A8416
0 8 4 3 3 11 03E8A93A 012998AF 02D4830E F8DCD23B
0 8 4 4 4 12 04825473 0262C4EC 02A1BDED FB95AC32
0 8 4 5 5 13 05D67A25 04DD33ED 02B0C5C7 FCE823AB
0 8 4 6 6 14 0CCAB312 127C3FD3 02CE279E FDC79557
0 8 4 7 7 15 ECD22DA0 FE0B6E4C 02F1AC90 FE76CD7E
0 8 4 8 16 24 013106B2 005C37AC 08B51C06 03DF6DAE
0 8 4 9 17 25 010C50ED 00C7EBF7 02CEA655 16CB398B
0 8 4 10 18 26 00D0DCD6 013BC5EF F5F437A4 F0B091AD
0 8 4 11 19 27 006D4767 01C8AE5B FFB283E5 FBABA40B
0 8 4 12 20 28 FFAF8E02 0293EF21 00DB14D2 FDC4FF65
0 8 4 13 21 29 FDD2941B 0427D351 012FB81B FEC66711
0 8 4 14 22 30 F227C1FB 0D1B4C9F 0147B0FD FF6CF581
0 8 4 15 23 31 17282507 0A8BCF59 0144FC77 FFECDB8B
0 8 4 16 32 40 02A69757 FF8BCE29 04F1B6F1 03AC1F9B
0 8 4 17 33 41 02B1B89B 002CD1D8 0B2B929F 1BD3C95C
0 8 4 18 34 42 02B81DC1 00DB46DE FDB93025 E8AA0E52
0 8 4 19 35 43 02B785C0 01B12A33 017499E6 F8B38F41
0 8 4 20 36 44 02A71B63 02E87CC6 021639AF FBBEEF1E
0 8 4 21 37 45 025CAD16 05571EB2 02598AF2 FD35D3D8
0 8 4 22 38 46 FF8F91A3 12FE3378 027EA377 FE29E330
0 8 4 23 39 47 0153B5FC 09956535 029653D2 FEE683A3
0 8 4 24 48 56 FF47D481 00E770CB 092B7B23 012AE22D
0 8 4 25 49 57 FF0BB6D4 00F5AF1E FD282AD2 02EE87C8
0 8 4 26 50 58 FEB07C8D 01053F86 F149AFA7 FEED9564
0 8 4 27 51 59 FE1DB26A 01188525 FDB4BA3C 0050267D
0 8 4 28 52 60 FD0E16EC 0134B42A FF154B9A 009303B6
0 8 4 29 53 61 FA74DDD6 016D83F6 FF6EAC1E 00B34D4A
0 8 4 30 54 62 EAB4010B 02A92749 FF7E777D 00C8748F
0 8 4 31 55 63 206E6F0B 0152AEBE FF6DEDF7 00D8E7C4
0 8 5 0 0 16 0225F817 FFB76507 00F4F165 FF5B2D5B
0 8 5 1 1 17 023D5EC6 001E30DC 010F3552 FF8E7604
0 8 5 2 2 18 02634FD6 00950290 012980AA FFC13348
0 8 5 3 3 19 02A09F38 01344D95 01480A02 FFF54B19
0 8 5 4 4 20 030E0A7C 02372495 017449F6 002BA057
0 8 5 5 5 21 040AAB9C 047DDC46 01CBCE88 005F57A6
0 8 5 6 6 22 09CD2366 1225637D 02FD8FAC 0056DC55
0 8 5 7 7 23 FDD753F0 F4B1FEDB EEFAD9B0 09596F71
0 8 5 8 8 24 0196F78E FC012D15 FDB789E0 04B6491B
0 8 5 9 9 25 11A3CF79 04158555 FBD4FB5D 0B48CCAF
0 8 5 10 10 26 FE32BC87 FCB73E51 087FA8DB ED9345C5
0 8 5 11 11 27 FFB2FD67 FDC282DC 032185A7 FB1A4F5E
0 8 5 12 12 28 00398A37 FE4741B4 026833B5 FD4E6A7E
0 8 5 13 13 29 00830136 FEA21371 022DC490 FE461039
0 8 5 14 14 30 00B39108 FEE903AA 021A9696 FEDE91AC
0 8 5 15 15 31 00D799C8 FF25161A 021A12C8 FF51B764
0 8 5 16 32 48 00F735EB 00399F79 01AF616B FF522EAF
0 8 5 17 33 49 00F90845 00A6B856 01B8B055 FF861982
0 8 5 18 34 50 00F30EDC 012684FC 01C50EE4 FFB4C1E2
0 8 5 19 35 51 00E12C36 01D32EEB 01D6598A FFDDFB47
0 8 5 20 36 52 00B62701 02EBED47 01F0F461 FFFC8F7F
0 8 5 21 37 53 003C1500 055F1649 02209816 FFF80869
0 8 5 22 38 54 FCEF39EB 13D7F4B9 02A057B7 FF263EBF
0 8 5 23 39 55 0479D6B5 F50454A7 FCD9DF47 1491108D
0 8 5 24 40 56 030E4C8E FD40523C 01E36A62 066BCD5E
0 8 5 25 41 57 074CD61B 0F059963 03DEBC83 0CCE2FF9
0 8 5 26 42 58 012E7EB6 FB555D52 FC8AB16E ED54B100
0 8 5 27 43 59 017EC234 FD37AB1B FFF5D7B2 FB7BE425
0 8 5 28 44 60 01921168 FDFE7836 00842846 FDC076E8
0 8 5 29 45 61 019AFF66 FE78BD9C 00BE8B8C FEBD163C
0 8 5 30 46 62 01A1833A FED1214C 00DD203C FF58C1E4
0 8 5 31 47 63 01A7F429 FF17237F 00EE5FA9 FFCF6023
0 8 6 0 0 32 018E9700 FFF8823F 00976116 FFBEE2C7
0 8 6 1 1 33 01A2C5A2 0055D920 009A9924 FFC857BC
0 8 6 2 2 34 01C59420 00C3392C 009DBBB6 FFD1C964
0 8 6 3 3 35 01FFDB67 015900B1 00A0C3D1 FFDB4CE3
0 8 6 4 4 36 026A46E8 025237DD 00A3C394 FFE4ECB7
0 8 6 5 5 37 0363F0CD 048F21DC 00A6BACF FFEEBA6A
0 8 6 6 6 38 092372CF 122CA3B4 00A9B097 FFF8BFC8
0 8 6 7 7 39 FD2AAD00 F4AED03E 00ACA6F0 00032E9C
0 8 6 8 8 40 00E74785 FBF339F0 00AFB009 000DF324
0 8 6 9 9 41 10F10B18 03FC44BD 00B2C460 00194097
0 8 6 10 10 42 FD7CBCFD FC920244 00B5FF89 00253C0C
0 8 6 11 11 43 FEF99983 FD909317 00B963E3 0031EFC5
0 8 6 12 12 44 FF7C7B2A FE07A234 00BD0F0C 003F9F80
0 8 6 13 13 45 FFC1F30C FE539998 00C10E2A 004E79D8
0 8 6 14 14 46 FFEDFCE8 FE8A3839 00C59420 005ECB71
0 8 6 15 15 47 000CB5A6 FEB42CF3 00CAE422 0070E927
0 8 6 16 16 48 00239009 FED5E5F8 00D1615B 00854762
0 8 6 17 17 49 00355962 FEF1EC4D 00D9DBF0 009C89B7
0 8 6 18 18 50 0043A860 FF09C428 00E5D84A 00B76F20
0 8 6 19 19 51 004F79B6 FF1E8937 00F8904C 00D6C1E1
0 8 6 20 20 52 0059773A FF30E7E3 011AD2BC 00FAB873
0 8 6 21 21 53 00620729 FF416720 0169C75F 011DF086
0 8 6 22 22 54 00697BC3 FF506637 029413E9 0106761D
0 8 6 23 23 55 00701A69 FF5E3697 EE8ABF47 09FB38D9
0 8 6 24 24 56 007604FF FF6B12BA FD4184E1 054B3660
0 8 6 25 25 57 007B6805 FF771A2E FB599357 0BD1B280
0 8 6 26 26 58 0080430D FF828449 07FF65CD EE10C17B
0 8 6 27 27 59 0084BE0A FF8D59EA 029CC79C FB8CF574
0 8 6 28 28 60 0088ECF8 FF97C92E 01DF46BC FDB6A150
0 8 6 29 29 61 008CD880 FFA1E13F 01A0EC10 FEA42EF9
0 8 6 30 30 62 00908ADC FFABBA39 018A0BBA FF32D773
0 8 6 31 31 63 00940A99 FFB55EC6 0186082F FF9C589E
1 9 1 0 0 1 00000000 00000000 147AE148 00000000
1 9 1 1 2 3 00000000 00000000 F70A3D71 11EB851F
1 9 1 2 4 5 00000000 00000000 082557BE 0CABDDD3
1 9 1 3 6 7 00000000 00000000 EB2ECA6F 0CABDDD3
1 9 1 4 8 9 00000000 00000000 0F7E016D 06DB9162
1 9 1 5 10 11 00000000 00000000 EFE27A91 108E50DA
1 9 1 6 12 13 00000000 00000000 FF8F3495 108E50DA
1 9 1 7 14 15 00000000 00000000 E9A66D31 06DB9162
1 9 1 8 16 17 00000000 00000000 15D5A142 FC8104ED
1 9 1 9 18 19 00000000 00000000 04CAD9D4 EE6CA0BF
1 9 1 10 20 21 00000000 00000000 12D3FAD4 F1199DD5
1 9 1 11 22 23 00000000 00000000 F3F30CA4 F60B4F79
1 9 1 12 24 25 00000000 00000000 1601A3E3 F60B4F79
1 9 1 13 26 27 00000000 00000000 FC126757 F1199DD5
1 9 1 14 28 29 00000000 00000000 0CC8856D EE6CA0BF
1 9 1 15 30 31 00000000 00000000 EDA959D1 FC8104ED
1 9 1 16 32 33 00000000 00000000 F48914B1 11D56E0A
1 9 1 17 34 35 00000000 00000000 01211077 FE3E582B
1 9 1 18 36 37 00000000 00000000 F8B1191C 0B5E4AB9
1 9 1 19 38 39 00000000 00000000 08E7B35A F225CC91
1 9 1 20 40 41 00000000 00000000 F5D71BBE 0FCDD4D9
1 9 1 21 42 43 00000000 00000000 056E349F F78D7542
1 9 1 22 44 45 00000000 00000000 FCA7EA68 0533AFD0
1 9 1 23 46 47 00000000 00000000 0B0621C3 EEDA045F
1 9 1 24 48 49 00000000 00000000 E3D3E29C EEDA045F
1 9 1 25 50 51 00000000 00000000 088BC567 0533AFD0
1 9 1 26 52 53 00000000 00000000 F21F40A4 F78D7542
1 9 1 27 54 55 00000000 00000000 19F6B91C 0FCDD4D9
1 9 1 28 56 57 00000000 00000000 E93E1937 F225CC91
1 9 1 29 58 59 00000000 00000000 12AD319D 0B5E4AB9
1 9 1 30 60 61 00000000 00000000 FD1D47B5 FE3E582B
1 9 1 31 62 63 00000000 00000000 1D4C5959 11D56E0A
1 9 1 32 64 65 00000000 00000000 FAFCDC61 0D4720CC
1 9 1 33 66 67 00000000 00000000 1B1820F7 0C08CA46
1 9 1 34 68 69 00000000 00000000 0F9D446E 11E5FE7F
1 9 1 35 70 71 00000000 00000000 16B3E66C FF1EE6AC
1 9 1 36 72 73 00000000 00000000 05BCE026 10DF5A2C
1 9 1 37 74 75 00000000 00000000 1AF32EFA 06097D2B
1 9 1 38 76 77 00000000 00000000 171D1C7F 103311A7
1 9 1 39 78 79 00000000 00000000 0EFFCEBC F856951C
1 9 1 40 80 81 00000000 00000000 099524ED F0A12721
1 9 1 41 82 83 00000000 00000000 0C2E5579 F6C98B1B
1 9 1 42 84 85 00000000 00000000 0F63A145 EE9DF654
1 9 1 43 86 87 00000000 00000000 01D65C30 045AAD2B
1 9 1 44 88 89 00000000 00000000 0D83BE95 EE46220B
1 9 1 45 90 91 00000000 00000000 07962FEC FD5EDEFB
1 9 1 46 92 93 00000000 00000000 0EEBBE15 F19B44F6
1 9 1 47 94 95 00000000 00000000 FBCEECCA 0AACC850
1 9 1 48 96 97 00000000 00000000 F5CC582C 0AACC850
1 9 1 49 98 99 00000000 00000000 E667799B F19B44F6
1 9 1 50 100 101 00000000 00000000 E6AFF21F FD5EDEFB
1 9 1 51 102 103 00000000 00000000 F51D6270 EE46220B
1 9 1 52 104 105 00000000 00000000 ECC79A24 045AAD2B
1 9 1 53 106 107 00000000 00000000 EC41B190 EE9DF654
1 9 1 54 108 109 00000000 00000000 E472D1A8 F6C98B1B
1 9 1 55 110 111 00000000 00000000 FFA14FF8 F0A12721
1 9 1 56 112 113 00000000 00000000 013342EC F856951C
1 9 1 57 114 115 00000000 00000000 F08C4E65 103311A7
1 9 1 58 116 117 00000000 00000000 F5EC2B32 06097D2B
1 9 1 59 118 119 00000000 00000000 F439A2AF 10DF5A2C
1 9 1 60 120 121 00000000 00000000 FB321814 FF1EE6AC
1 9 1 61 122 123 00000000 00000000 F143D4E6 11E5FE7F
1 9 1 62 124 125 00000000 00000000 F22EFFD4 0C08CA46
1 9 1 63 126 127 00000000 00000000 F8FA5958 0D4720CC
1 9 1 64 128 129 00000000 00000000 173133BD 07430D79
1 9 1 65 130 131 00000000 00000000 1158B0F1 1061F49E
1 9 1 66 132 133 00000000 00000000 1CAA475A 10B81F85
1 9 1 67 134 135 00000000 00000000 FBDDCE95 06730693
1 9 1 68 136 137 00000000 00000000 1C10A371 0CFA7F7B
1 9 1 69 138 139 00000000 00000000 07269845 0C5B47F2
1 9 1 70 140 141 00000000 00000000 18E6BB89 11EA2369
1 9 1 71 142 143 00000000 00000000 F1361E93 FF8F6AA8
1 9 1 72 144 145 00000000 00000000 087979B5 F5AE77E9
1 9 1 73 146 147 00000000 00000000 096CC864 F1595036
1 9 1 74 148 149 00000000 00000000 0CA82556 EE5804E4
1 9 1 75 150 151 00000000 00000000 00AC0B56 FCEFB57C
1 9 1 76 152 153 00000000 00000000 0B6FAA7A F0DC37A6
1 9 1 77 154 155 00000000 00000000 0576E5F9 F669B00E
1 9 1 78 156 157 00000000 00000000 0BF357CA EE83F26C
1 9 1 79 158 159 00000000 00000000 FBC6FF81 03ED219E
1 9 1 80 160 161 00000000 00000000 ED7704EC 0F978A9E
1 9 1 81 162 163 00000000 00000000 FC0915E9 F72AD1D7
1 9 1 82 164 165 00000000 00000000 F0172399 04C78CD4
1 9 1 83 166 167 00000000 00000000 0A4D8E23 EEBAA874
1 9 1 84 168 169 00000000 00000000 ED5BD186 0B066321
1 9 1 85 170 171 00000000 00000000 036E2AB8 F1DF71EB
1 9 1 86 172 173 00000000 00000000 F53E840D FDCE7047
1 9 1 87 174 175 00000000 00000000 0F9B6652 EE36FAF4
1 9 1 88 176 177 00000000 00000000 EE5DABF0 F26E4A0E
1 9 1 89 178 179 00000000 00000000 EDDB3261 0BB47188
1 9 1 90 180 181 00000000 00000000 E6B38415 FEAE8566
1 9 1 91 182 183 00000000 00000000 FFA3BD88 11DF1705
1 9 1 92 184 185 00000000 00000000 E8C3D0B0 F7F16627
1 9 1 93 186 187 00000000 00000000 F5FC51F0 1001AF31
1 9 1 94 188 189 00000000 00000000 E87D33E5 059F0571
1 9 1 95 190 191 00000000 00000000 095934D3 1103FAC2
1 9 1 96 192 193 00000000 00000000 EE983154 1103FAC2
1 9 1 97 194 195 00000000 00000000 07811CEA 059F0571
1 9 1 98 196 197 00000000 00000000 F8FFB34F 1001AF31
1 9 1 99 198 199 00000000 00000000 119D29DF F7F16627
1 9 1 100 200 201 00000000 00000000 F2CA8C86 11DF1705
1 9 1 101 202 203 00000000 00000000 0D980A63 FEAE8566
1 9 1 102 204 205 00000000 00000000 0045B69A 0BB47188
1 9 1 103 206 207 00000000 00000000 12F3CEAA F26E4A0E
1 9 1 104 208 209 00000000 00000000 FB6AFCCF EE36FAF4
1 9 1 105 210 211 00000000 00000000 18E20A08 FDCE7047
1 9 1 106 212 213 00000000 00000000 0E5ADA54 F1DF71EB
1 9 1 107 214 215 00000000 00000000 14D5BE33 0B066321
1 9 1 108 216 217 00000000 00000000 0549FC7B EEBAA874
1 9 1 109 218 219 00000000 00000000 18BE0A90 04C78CD4
1 9 1 110 220 221 00000000 00000000 153C41A3 F72AD1D7
1 9 1 111 222 223 00000000 00000000 0DC16E40 0F978A9E
1 9 1 112 224 225 00000000 00000000 135CC8D9 03ED219E
1 9 1 113 226 227 00000000 00000000 EA765844 EE83F26C
1 9 1 114 228 229 00000000 00000000 FE763BA5 F669B00E
1 9 1 115 230 231 00000000 00000000 E31447F2 F0DC37A6
1 9 1 116 232 233 00000000 00000000 09A57CC0 FCEFB57C
1 9 1 117 234 235 00000000 00000000 E4B12AE0 EE5804E4
1 9 1 118 236 237 00000000 00000000 F382ED17 F1595036
1 9 1 119 238 239 00000000 00000000 E5DE8B30 F5AE77E9
1 9 1 120 240 241 00000000 00000000 01CF61F2 FF8F6AA8
1 9 1 121 242 243 00000000 00000000 F3748C69 11EA2369
1 9 1 122 244 245 00000000 00000000 F868D263 0C5B47F2
1 9 1 123 246 247 00000000 00000000 F5D97FF8 0CFA7F7B
1 9 1 124 248 249 00000000 00000000 FCDF23F1 06730693
1 9 1 125 250 251 00000000 00000000 F3B7AD45 10B81F85
1 9 1 126 252 253 00000000 00000000 F51A55A2 1061F49E
1 9 1 127 254 255 00000000 00000000 F986EBC8 07430D79
1 9 1 128 256 257 00000000 00000000 1A6774B7 03B620A9
1 9 1 129 258 259 00000000 00000000 02891E55 11880CEE
1 9 1 130 260 261 00000000 00000000 1476A738 0F055F63
1 9 1 131 262 263 00000000 00000000 EF1F56C7 09C5B075
1 9 1 132 264 265 00000000 00000000 195D5472 0A234E56
1 9 1 133 266 267 00000000 00000000 F83CF9BA 0EC6D1E6
1 9 1 134 268 269 00000000 00000000 0C727068 119E041E
1 9 1 135 270 271 00000000 00000000 E8937BE2 0347B2FB
1 9 1 136 272 273 00000000 00000000 0DE06587 F8F08DBB
1 9 1 137 274 275 00000000 00000000 0A295EF4 EF878BFD
1 9 1 138 276 277 00000000 00000000 10FF5EE8 EF5C75B5
1 9 1 139 278 279 00000000 00000000 FD5F85F6 F9589330
1 9 1 140 280 281 00000000 00000000 10B57CF1 F32C920E
1 9 1 141 282 283 00000000 00000000 0413E8F7 F37C2F5B
1 9 1 142 284 285 00000000 00000000 0EB2CBF2 EE14D34F
1 9 1 143 286 287 00000000 00000000 F71183DA 00384BC2
1 9 1 144 288 289 00000000 00000000 F2195F82 11154F7F
1 9 1 145 290 291 00000000 00000000 0126DD61 FA968AAB
1 9 1 146 292 293 00000000 00000000 F6FC2BF1 0840BB05
1 9 1 147 294 295 00000000 00000000 0AA4D481 F017EF7C
1 9 1 148 296 297 00000000 00000000 F39918E7 0DB6385B
1 9 1 149 298 299 00000000 00000000 06623F41 F47668F1
1 9 1 150 300 301 00000000 00000000 FBBE978A 018998CE
1 9 1 151 302 303 00000000 00000000 0D48951A EE25655E
1 9 1 152 304 305 00000000 00000000 E499A0F3 F04D02CC
1 9 1 153 306 307 00000000 00000000 F8A4E5B5 08A40717
1 9 1 154 308 309 00000000 00000000 E76C892A FB02490D
1 9 1 155 310 311 00000000 00000000 0E2C5AD5 1135FE85
1 9 1 156 312 313 00000000 00000000 E3DEEF08 F4CD71D1
1 9 1 157 314 315 00000000 00000000 03B0860D 0DFDA5CC
1 9 1 158 316 317 00000000 00000000 EEB7F4CE 01F9A586
1 9 1 159 318 319 00000000 00000000 167FCD47 11CF916F
1 9 1 160 320 321 00000000 00000000 F0758B5A 0F7B7E25
1 9 1 161 322 323 00000000 00000000 12290288 0905FE0E
1 9 1 162 324 325 00000000 00000000 01DA2748 1154061E
1 9 1 163 326 327 00000000 00000000 17D48A15 FB6ECC77
1 9 1 164 328 329 00000000 00000000 F8977C3D 11C1C921
1 9 1 165 330 331 00000000 00000000 16B99D39 02696446
1 9 1 166 332 333 00000000 00000000 0AD4A2D2 0E42EAEF
1 9 1 167 334 335 00000000 00000000 154EB67B F52634BC
1 9 1 168 336 337 00000000 00000000 062FDA57 EF0E01EA
1 9 1 169 338 339 00000000 00000000 13BE8750 FA2BA1ED
1 9 1 170 340 341 00000000 00000000 12560B67 EFE5501B
1 9 1 171 342 343 00000000 00000000 09962367 07DC2928
1 9 1 172 344 345 00000000 00000000 0D4592D8 EE1D1CFA
1 9 1 173 346 347 00000000 00000000 0FDFA946 01194F63
1 9 1 174 348 349 00000000 00000000 149BE3C6 F4212785
1 9 1 175 350 351 00000000 00000000 01D6FEBC 0D6CAD9E
1 9 1 176 352 353 00000000 00000000 050FD63D 07766102
1 9 1 177 354 355 00000000 00000000 E31EC970 EFB52C77
1 9 1 178 356 357 00000000 00000000 EF288100 F9C19F51
1 9 1 179 358 359 00000000 00000000 E7FFE9F0 EF33F044
1 9 1 180 360 361 00000000 00000000 F99FEFDE 00A8DA97
1 9 1 181 362 363 00000000 00000000 E361AA9A EE1796AD
1 9 1 182 364 365 00000000 00000000 E74174FF F3CDBAB4
1 9 1 183 366 367 00000000 00000000 F0458AEC F2DEEF12
1 9 1 184 368 369 00000000 00000000 022D5BBA FBDC042D
1 9 1 185 370 371 00000000 00000000 F4614E1F 116F61A9
1 9 1 186 372 373 00000000 00000000 F952AF58 096690CF
1 9 1 187 374 375 00000000 00000000 F63E7616 0F419BE6
1 9 1 188 376 377 00000000 00000000 FD9090C5 02D8C3D1
1 9 1 189 378 379 00000000 00000000 F46E72D3 11B143D7
1 9 1 190 380 381 00000000 00000000 F6190838 0E85FD15
1 9 1 191 382 383 00000000 00000000 F98AB39E 0A7F5C01
1 9 1 192 384 385 00000000 00000000 0A994835 0A7F5C01
1 9 1 193 386 387 00000000 00000000 1B565971 0E85FD15
1 9 1 194 388 389 00000000 00000000 1AD32913 11B143D7
1 9 1 195 390 391 00000000 00000000 0BD6000B 02D8C3D1
1 9 1 196 392 393 00000000 00000000 1440E5EB 0F419BE6
1 9 1 197 394 395 00000000 00000000 15334DBD 096690CF
1 9 1 198 396 397 00000000 00000000 1D4FF5B8 116F61A9
1 9 1 199 398 399 00000000 00000000 00AB6817 FBDC042D
1 9 1 200 400 401 00000000 00000000 08441412 F2DEEF12
1 9 1 201 402 403 00000000 00000000 0873B779 F3CDBAB4
1 9 1 202 404 405 00000000 00000000 0BD245AA EE1796AD
1 9 1 203 406 407 00000000 00000000 0021AF73 00A8DA97
1 9 1 204 408 409 00000000 00000000 0ADF0522 EF33F044
1 9 1 205 410 411 00000000 00000000 04A539B5 F9C19F51
1 9 1 206 412 413 00000000 00000000 0AF8CD3C EFB52C77
1 9 1 207 414 415 00000000 00000000 FB99045A 07766102
1 9 1 208 416 417 00000000 00000000 ED37032E 0D6CAD9E
1 9 1 209 418 419 00000000 00000000 F1387A4C F4212785
1 9 1 210 420 421 00000000 00000000 E8442D92 01194F63
1 9 1 211 422 423 00000000 00000000 02D51D0D EE1D1CFA
1 9 1 212 424 425 00000000 00000000 E8FD2EFB 07DC2928
1 9 1 213 426 427 00000000 00000000 F988CD14 EFE5501B
1 9 1 214 428 429 00000000 00000000 EB28294D FA2BA1ED
1 9 1 215 430 431 00000000 00000000 0BB308AE EF0E01EA
1 9 1 216 432 433 00000000 00000000 FA2CC7AB F52634BC
1 9 1 217 434 435 00000000 00000000 EC255F20 0E42EAEF
1 9 1 218 436 437 00000000 00000000 EDD79650 02696446
1 9 1 219 438 439 00000000 00000000 F6147DA4 11C1C921
1 9 1 220 440 441 00000000 00000000 F305412F FB6ECC77
1 9 1 221 442 443 00000000 00000000 EFE2EDC8 1154061E
1 9 1 222 444 445 00000000 00000000 EB6D9932 0905FE0E
1 9 1 223 446 447 00000000 00000000 FDC8AB85 0F7B7E25
1 9 1 224 448 449 00000000 00000000 F22439D0 11CF916F
1 9 1 225 450 451 00000000 00000000 01950DFE 01F9A586
1 9 1 226 452 453 00000000 00000000 F751C300 0DFDA5CC
1 9 1 227 454 455 00000000 00000000 0AEB1273 F4CD71D1
1 9 1 228 456 457 00000000 00000000 F3CD4AB1 1135FE85
1 9 1 229 458 459 00000000 00000000 06C3E567 FB02490D
1 9 1 230 460 461 00000000 00000000 FC288C1D 08A40717
1 9 1 231 462 463 00000000 00000000 0D68B941 F04D02CC
1 9 1 232 464 465 00000000 00000000 ED4DF590 EE25655E
1 9 1 233 466 467 00000000 00000000 1556B7F5 018998CE
1 9 1 234 468 469 00000000 00000000 01DE7BC5 F47668F1
1 9 1 235 470 471 00000000 00000000 1C4EF79C 0DB6385B
1 9 1 236 472 473 00000000 00000000 F6E4C44C F017EF7C
1 9 1 237 474 475 00000000 00000000 1ADE6EB1 0840BB05
1 9 1 238 476 477 00000000 00000000 0C8F5AFA FA968AAB
1 9 1 239 478 479 00000000 00000000 1970378D 11154F7F
1 9 1 240 480 481 00000000 00000000 1966F029 00384BC2
1 9 1 241 482 483 00000000 00000000 F85CA653 EE14D34F
1 9 1 242 484 485 00000000 00000000 0C8FA155 F37C2F5B
1 9 1 243 486 487 00000000 00000000 E8A3163F F32C920E
1 9 1 244 488 489 00000000 00000000 148BA6BA F9589330
1 9 1 245 490 491 00000000 00000000 EF38ECDA EF5C75B5
1 9 1 246 492 493 00000000 00000000 02AA0EFE EF878BFD
1 9 1 247 494 495 00000000 00000000 E59BC9D4 F8F08DBB
1 9 1 248 496 497 00000000 00000000 05E47730 0347B2FB
1 9 1 249 498 499 00000000 00000000 EFD76EEF 119E041E
1 9 1 250 500 501 00000000 00000000 F8BDA6E3 0EC6D1E6
1 9 1 251 502 503 00000000 00000000 F0685C03 0A234E56
1 9 1 252 504 505 00000000 00000000 FF42A51B 09C5B075
1 9 1 253 506 507 00000000 00000000 EED10BC3 0F055F63
1 9 1 254 508 509 00000000 00000000 F3539355 11880CEE
1 9 1 255 510 511 00000000 00000000 F45F5D2F 03B620A9
1 9 2 0 0 2 00000000 00000000 00000000 00000000
1 9 2 1 1 3 26666667 08F5C28F 028F5C29 F70A3D71
1 9 2 2 4 6 00000000 00000000 00000000 00000000
1 9 2 3 5 7 14D13591 217D1364 FB7979EB F7DAA842
1 9 2 4 8 10 00000000 00000000 00000000 00000000
1 9 2 5 9 11 200C5247 16F916D1 FEEFB093 F6BE0BF3
1 9 2 6 12 14 00000000 00000000 00000000 00000000
1 9 2 7 13 15 066AC5F7 26E7E3A9 F8B3A333 FA34BE0B
1 9 2 8 16 18 00000000 00000000 00000000 00000000
1 9 2 9 17 19 04424201 F7B62B19 27690083 014BDEC1
1 9 2 10 20 22 00000000 00000000 00000000 00000000
1 9 2 11 21 23 08DF4A4D FD269131 1CC8AB5B E50CAA79
1 9 2 12 24 26 00000000 00000000 00000000 00000000
1 9 2 13 25 27 071B41B8 F9F8E822 24E8060E F21DB6D0
1 9 2 14 28 30 00000000 00000000 00000000 00000000
1 9 2 15 29 31 09498A5A 00C346EE 10478080 DC15FA90
1 9 2 16 32 34 00000000 00000000 00000000 00000000
1 9 2 17 33 35 F2C76CDC 10B45D93 F64ABC86 12F67E81
1 9 2 18 36 38 00000000 00000000 00000000 00000000
1 9 2 19 37 39 EAD6E5AD 0276975F 068B4C8B 1445FE13
1 9 2 20 40 42 00000000 00000000 00000000 00000000
1 9 2 21 41 43 ED649100 0A5FA03A FE49A67C 153C0978
1 9 2 22 44 46 00000000 00000000 00000000 00000000
1 9 2 23 45 47 EB81EEC7 FA2D8E0D 0DCDE609 1039D193
1 9 2 24 48 50 00000000 00000000 00000000 00000000
1 9 2 25 49 51 E907926C E64E3EF8 DEA032CC F765C9C6
1 9 2 26 52 54 00000000 00000000 00000000 00000000
1 9 2 27 53 55 01ED157D DD96BC26 E2516BCB 11842E5E
1 9 2 28 56 58 00000000 00000000 00000000 00000000
1 9 2 29 57 59 F49C63F0 DF789AF4 DDDFCE7E 04D2FE2E
1 9 2 30 60 62 00000000 00000000 00000000 00000000
1 9 2 31 61 63 0EF2B5BF E0F1FED2 EB47D9AB 1B8AB184
1 9 2 32 64 66 00000000 00000000 00000000 00000000
1 9 2 33 65 67 0705A6A7 F22EFFD5 EEF4121B 285F41C3
1 9 2 34 68 70 00000000 00000000 00000000 00000000
1 9 2 35 69 71 0EBC2B1A FB321813 107E5DC2 2899E4EB
1 9 2 36 72 74 00000000 00000000 00000000 00000000
1 9 2 37 73 75 0BC65D51 F5EC2B32 FFB362FB 2BD28926
1 9 2 38 76 78 00000000 00000000 00000000 00000000
1 9 2 39 77 79 0F73B19B 013342EB 1EC68763 1F32E063
1 9 2 40 80 82 00000000 00000000 00000000 00000000
1 9 2 41 81 83 005EB008 E472D1A8 12CB99D2 FCCF7C9A
1 9 2 42 84 86 00000000 00000000 00000000 00000000
1 9 2 43 85 87 13BE4E70 ECC79A24 0B08F41A F0745284
1 9 2 44 88 90 00000000 00000000 00000000 00000000
1 9 2 45 89 91 0AE29D90 E6AFF21F 1024DF9A F5DC51F7
1 9 2 46 92 94 00000000 00000000 00000000 00000000
1 9 2 47 93 95 19988665 F5CC582C 043EF5C5 ED6A31C0
1 9 2 48 96 98 00000000 00000000 00000000 00000000
1 9 2 49 97 99 E7679D22 24454EB5 04311336 F11441EB
1 9 2 50 100 102 00000000 00000000 00000000 00000000
1 9 2 51 101 103 D4F6142A 08417C8B F869D014 F27C416B
1 9 2 52 104 106 00000000 00000000 00000000 00000000
1 9 2 53 105 107 DB659078 1818FB9B FE29A3D0 F09C5EBB
1 9 2 54 108 110 00000000 00000000 00000000 00000000
1 9 2 55 109 111 D513F8C9 F7283B23 F3D1AA87 F66ADB13
1 9 2 56 112 114 00000000 00000000 00000000 00000000
1 9 2 57 113 115 11665493 07CA46B7 F1003145 E8E2E381
1 9 2 58 116 118 00000000 00000000 00000000 00000000
1 9 2 59 117 119 06CB855E 11CFDA7C E50CD106 FA431FDA
1 9 2 60 120 122 00000000 00000000 00000000 00000000
1 9 2 61 121 123 0D181693 0DDB11C6 E94C1995 F062BB92
1 9 2 62 124 126 00000000 00000000 00000000 00000000
1 9 2 63 125 127 FF7620A0 130E70EE E4E7DF08 0503239E
1 9 2 64 128 130 00000000 00000000 00000000 00000000
1 9 2 65 129 131 2793285B F5EA5C88 06CF3F1F 189BBE6A
1 9 2 66 132 134 00000000 00000000 00000000 00000000
1 9 2 67 133 135 231D4DED 14DA50F0 163740C7 0C95EE1A
1 9 2 68 136 138 00000000 00000000 00000000 00000000
1 9 2 69 137 139 286BEB63 05D3E736 0FB55B7F 142117C0
1 9 2 70 140 142 00000000 00000000 00000000 00000000
1 9 2 71 141 143 18762631 20B404D6 195750E1 032041FC
1 9 2 72 144 146 00000000 00000000 00000000 00000000
1 9 2 73 145 147 F9D2C9EB EC41AF85 1720297F FF1B404D
1 9 2 74 148 150 00000000 00000000 00000000 00000000
1 9 2 75 149 151 0997DAD2 EDABF98E 0FB86FDA EF04103A
1 9 2 76 152 154 00000000 00000000 00000000 00000000
1 9 2 77 153 155 01D95A88 EB6551AD 1505FA6C F6531D9F
1 9 2 78 156 158 00000000 00000000 00000000 00000000
1 9 2 79 157 159 0FE07968 F2BCF2EB 0806362C EA4AF1ED
1 9 2 80 160 162 00000000 00000000 00000000 00000000
1 9 2 81 161 163 E4A1D6C3 138E74B5 F64C3315 0BA0A087
1 9 2 82 164 166 00000000 00000000 00000000 00000000
1 9 2 83 165 167 DED1CC0D FA79FEB1 015C7B25 0F151AF7
1 9 2 84 168 170 00000000 00000000 00000000 00000000
1 9 2 85 169 171 DF3B4371 07983869 FB7C5F9B 0E748DD9
1 9 2 86 172 174 00000000 00000000 00000000 00000000
1 9 2 87 173 175 E3757F01 EE3309F5 07078919 0D69D699
1 9 2 88 176 178 00000000 00000000 00000000 00000000
1 9 2 89 177 179 FA121D78 049317AD E2A93A68 E0497C6F
1 9 2 90 180 182 00000000 00000000 00000000 00000000
1 9 2 91 181 183 F8929B1A FF0AC7DE D4D46D10 FE5242EE
1 9 2 92 184 186 00000000 00000000 00000000 00000000
1 9 2 93 185 187 F8C57FE1 01F51437 D8C2217F EDEDB817
1 9 2 94 188 190 00000000 00000000 00000000 00000000
1 9 2 95 189 191 F9812EA7 FC45D09E D7793923 0EF83A44
1 9 2 96 192 194 00000000 00000000 00000000 00000000
1 9 2 97 193 195 F43736C5 0982DDD8 E8F92BE3 188517AC
1 9 2 98 196 198 00000000 00000000 00000000 00000000
1 9 2 99 197 199 F0F11976 FE648552 010E4D28 219ED910
1 9 2 100 200 202 00000000 00000000 00000000 00000000
1 9 2 101 201 203 F17911EC 04470CA2 F41C0720 1F772168
1 9 2 102 204 206 00000000 00000000 00000000 00000000
1 9 2 103 205 207 F2B400A8 F8C0A2DE 0DD76C8C 1EA84032
1 9 2 104 208 210 00000000 00000000 00000000 00000000
1 9 2 105 209 211 F9396D16 D554F0EC FD9C8C88 071904FC
1 9 2 106 212 214 00000000 00000000 00000000 00000000
1 9 2 107 213 215 19613D75 DD09B3B8 03547733 06B5301E
1 9 2 108 216 218 00000000 00000000 00000000 00000000
1 9 2 109 217 219 0A11894F D5FC9DE4 00826FA7 0778B304
1 9 2 110 220 222 00000000 00000000 00000000 00000000
1 9 2 111 221 223 24D3CC41 E9696397 05A4B705 04EC4017
1 9 2 112 224 226 00000000 00000000 00000000 00000000
1 9 2 113 225 227 01E0BB45 1976C95A 24D8D66D EE6379E2
1 9 2 114 228 230 00000000 00000000 00000000 00000000
1 9 2 115 229 231 EF52734B 1355681C 0D9A03FF D97DF800
1 9 2 116 232 234 00000000 00000000 00000000 00000000
1 9 2 117 233 235 F7FD81A4 183E8A9C 1B4D77DC E1A0E05C
1 9 2 118 236 238 00000000 00000000 00000000 00000000
1 9 2 119 237 239 E9316500 0B7AC506 FDD4752E D737DB66
1 9 2 120 240 242 00000000 00000000 00000000 00000000
1 9 2 121 241 243 13B9855B 0C1ADE3F EFE53E89 F303F711
1 9 2 122 244 246 00000000 00000000 00000000 00000000
1 9 2 123 245 247 056351DE 1681C7FA EB6E52E8 0234C7EA
1 9 2 124 248 250 00000000 00000000 00000000 00000000
1 9 2 125 249 251 0D974376 12BB594E EC27046C FA2AB3D8
1 9 2 126 252 254 00000000 00000000 00000000 00000000
1 9 2 127 253 255 FC5D631B 16DB08D6 EDD74829 09E8E066
1 9 2 128 256 258 00000000 00000000 00000000 00000000
1 9 2 129 257 259 2BEF81A5 012D0254 08DF67C9 063F3EFE
1 9 2 130 260 262 00000000 00000000 00000000 00000000
1 9 2 131 261 263 1E3C57AD 1FE6089C 0AB0F6C3 FE24B62A
1 9 2 132 264 266 00000000 00000000 00000000 00000000
1 9 2 133 265 267 28242658 11E6549C 0A96828C 02604810
1 9 2 134 268 270 00000000 00000000 00000000 00000000
1 9 2 135 269 271 0FBA2363 290A883C 092ABD6D FA318000
1 9 2 136 272 274 00000000 00000000 00000000 00000000
1 9 2 137 273 275 FD67F184 EEC72EC7 1E58D98A 0319ECAF
1 9 2 138 276 278 00000000 00000000 00000000 00000000
1 9 2 139 277 279 0A57F218 F1FCEFBF 17A6CBB8 ECBBFBAB
1 9 2 140 280 282 00000000 00000000 00000000 00000000
1 9 2 141 281 283 0431AC4C EF18A917 1D394D96 F7407B05
1 9 2 142 284 286 00000000 00000000 00000000 00000000
1 9 2 143 285 287 0EEB17B4 F7034F75 0E7A8030 E5265729
1 9 2 144 288 290 00000000 00000000 00000000 00000000
1 9 2 145 289 291 ECAFEA2D 0FEE721E F782D4D7 123C2CE0
1 9 2 146 292 294 00000000 00000000 00000000 00000000
1 9 2 147 293 295 E7141B6D FD9BE684 06E43C75 12E58F86
1 9 2 148 296 298 00000000 00000000 00000000 00000000
1 9 2 149 297 299 E80F81D8 0753F91A FF22AFF6 1418779C
1 9 2 150 300 302 00000000 00000000 00000000 00000000
1 9 2 151 301 303 E9E3FCE8 F44103B4 0D99322C 0ED22DE8
1 9 2 152 304 306 00000000 00000000 00000000 00000000
1 9 2 153 305 307 ED3DA80A F7A81D17 DBF599DC E8F1E881
1 9 2 154 308 310 00000000 00000000 00000000 00000000
1 9 2 155 309 311 F8A287AF ECD5EE38 D6368AA5 092EA3E2
1 9 2 156 312 314 00000000 00000000 00000000 00000000
1 9 2 157 313 315 F1DC94D4 F11CEBC4 D5E1493C F87DF7DE
1 9 2 158 316 318 00000000 00000000 00000000 00000000
1 9 2 159 317 319 0087863D EB79D83F DCE8635F 187972CD
1 9 2 160 320 322 00000000 00000000 00000000 00000000
1 9 2 161 321 323 F97B8968 FD527B9D E76F8D4C 21A480AD
1 9 2 162 324 326 00000000 00000000 00000000 00000000
1 9 2 163 325 327 FD48F3BF F97F7C09 066B5AD1 29289033
1 9 2 164 328 330 00000000 00000000 00000000 00000000
1 9 2 165 329 331 FB00E083 FB082BE8 F62E17F7 287B665A
1 9 2 166 332 334 00000000 00000000 00000000 00000000
1 9 2 167 333 335 FFFAD78E F8F43474 15AE6E16 2391A16A
1 9 2 168 336 338 00000000 00000000 00000000 00000000
1 9 2 169 337 339 005B7C44 DB4F7A9A 0C04386A 02CC893A
1 9 2 170 340 342 00000000 00000000 00000000 00000000
1 9 2 171 341 343 1A32348F E64F2CB4 0A79E23F F97B7382
1 9 2 172 344 346 00000000 00000000 00000000 00000000
1 9 2 173 345 347 0E5EE23B DE3D73B4 0C2C4375 FDFCC640
1 9 2 174 348 350 00000000 00000000 00000000 00000000
1 9 2 175 349 351 22089164 F24A28C9 072F3628 F5F82641
1 9 2 176 352 354 00000000 00000000 00000000 00000000
1 9 2 177 353 355 F4C502B4 24579792 155AA9C6 EA952A72
1 9 2 178 356 358 00000000 00000000 00000000 00000000
1 9 2 179 357 359 DE5C7144 11C1B561 FFF490BC E1C18941
1 9 2 180 360 362 00000000 00000000 00000000 00000000
1 9 2 181 361 363 E7B7868B 1D472FFD 0B885931 E40A8531
1 9 2 182 364 366 00000000 00000000 00000000 00000000
1 9 2 183 365 367 DA206411 03882FC8 F46285ED E41345A0
1 9 2 184 368 370 00000000 00000000 00000000 00000000
1 9 2 185 369 371 139CBD63 077AB60E F0BDFA11 F03D524C
1 9 2 186 372 374 00000000 00000000 00000000 00000000
1 9 2 187 373 375 08944B3E 13281AB9 EA111372 FFA506E5
1 9 2 188 376 378 00000000 00000000 00000000 00000000
1 9 2 189 377 379 0F41D49C 0E6A50FE EBDF4CEE F74736A4
1 9 2 190 380 382 00000000 00000000 00000000 00000000
1 9 2 191 381 383 00986439 14FB4977 EB99AC37 0810B0B3
1 9 2 192 384 386 00000000 00000000 00000000 00000000
1 9 2 193 385 387 191F454A EF290290 FC134B20 25D5B572
1 9 2 194 388 390 00000000 00000000 00000000 00000000
1 9 2 195 389 391 1DABECE4 05DB43CC 17FA6542 1D8743E2
1 9 2 196 392 394 00000000 00000000 00000000 00000000
1 9 2 197 393 395 1DA776BA FA0E4E29 0ADA551C 2474E9A3
1 9 2 198 396 398 00000000 00000000 00000000 00000000
1 9 2 199 397 399 192BF9E5 10C3F992 2173F18B 121AC9C0
1 9 2 200 400 402 00000000 00000000 00000000 00000000
1 9 2 201 401 403 FC11CEC6 EA6B3799 1476595E FB52A68B
1 9 2 202 404 406 00000000 00000000 00000000 00000000
1 9 2 203 405 407 0C7B2041 EDF5E73A 0B296B13 EE394620
1 9 2 204 408 410 00000000 00000000 00000000 00000000
1 9 2 205 409 411 04A0A473 EA8EB68F 111D65D1 F3D929F9
1 9 2 206 412 414 00000000 00000000 00000000 00000000
1 9 2 207 413 415 126F2E3E F41C281D 03826C3A EB4E30D1
1 9 2 208 416 418 00000000 00000000 00000000 00000000
1 9 2 209 417 419 E1582AB3 1C343352 F915DBA9 FEA527EA
1 9 2 210 420 422 00000000 00000000 00000000 00000000
1 9 2 211 421 423 D6614A8C FE443256 FA271098 03EE6C70
1 9 2 212 424 426 00000000 00000000 00000000 00000000
1 9 2 213 425 427 D8E27F16 0E535C14 F917DEE0 0164F63C
1 9 2 214 428 430 00000000 00000000 00000000 00000000
1 9 2 215 429 431 DA362B37 EE78993F FC1A2763 05DEAA9B
1 9 2 216 432 434 00000000 00000000 00000000 00000000
1 9 2 217 433 435 086FB29A 0900D59C EBE9DCBC E14B93DC
1 9 2 218 436 438 00000000 00000000 00000000 00000000
1 9 2 219 437 439 FF995F71 0C54E6A2 DC15CD2F F87DE1EA
1 9 2 220 440 442 00000000 00000000 00000000 00000000
1 9 2 221 441 443 0459474D 0B8BDEAF E1B13B11 EB51BA3F
1 9 2 222 444 446 00000000 00000000 00000000 00000000
1 9 2 223 445 447 FAE91757 0B3D5289 DBF21B0D 06CEA993
1 9 2 224 448 450 00000000 00000000 00000000 00000000
1 9 2 225 449 451 F41DDF56 103A8371 F02A944A 13649F6D
1 9 2 226 452 454 00000000 00000000 00000000 00000000
1 9 2 227 453 455 EC1F34D1 03129359 0284512F 18E8B83F
1 9 2 228 456 458 00000000 00000000 00000000 00000000
1 9 2 229 457 459 EECF93BE 0A72191E F8CB01A4 17F9E3EC
1 9 2 230 460 462 00000000 00000000 00000000 00000000
1 9 2 231 461 463 EC758EE9 FB3B4DD6 0BDB8951 160CC058
1 9 2 232 464 466 00000000 00000000 00000000 00000000
1 9 2 233 465 467 EED78E5E D8CEAD69 EBC45CC2 037C1D53
1 9 2 234 468 470 00000000 00000000 00000000 00000000
1 9 2 235 469 471 0F94B420 D8277155 F428436A 10C5608D
1 9 2 236 472 474 00000000 00000000 00000000 00000000
1 9 2 237 473 475 FF257F51 D53980CB EEA40947 0AF65E2D
1 9 2 238 476 478 00000000 00000000 00000000 00000000
1 9 2 239 477 479 1DA4AA79 E126531E FB7A0B7B 1406C238
1 9 2 240 480 482 00000000 00000000 00000000 00000000
1 9 2 241 481 483 077BC378 07DBA56F 2B521CDA F894F215
1 9 2 242 484 486 00000000 00000000 00000000 00000000
1 9 2 243 485 487 FFBC3363 0AD9191C 19630F47 DC1F459A
1 9 2 244 488 490 00000000 00000000 00000000 00000000
1 9 2 245 489 491 03E81C6F 0A1FA656 252F3105 E891800A
1 9 2 246 492 494 00000000 00000000 00000000 00000000
1 9 2 247 493 495 FB9A9CB9 09EBC229 09B98143 D52355D1
1 9 2 248 496 498 00000000 00000000 00000000 00000000
1 9 2 249 497 499 17827B4E 1370440C F4467312 F31F21EA
1 9 2 250 500 502 00000000 00000000 00000000 00000000
1 9 2 251 501 503 02E0F539 1E5E75E3 EE9A588D FF2F2DE9
1 9 2 252 504 506 00000000 00000000 00000000 00000000
1 9 2 253 505 507 0E48047E 1AF4A4B2 F03D45B8 F896BC38
1 9 2 254 508 510 00000000 00000000 00000000 00000000
1 9 2 255 509 511 F709B3FE 1D28AFBF EF9D72AC 05E76A1D
1 9 3 0 0 4 00000000 00000000 00000000 00000000
1 9 3 1 1 5 26664C9A 08F5BC8A 000019CC 00000604
1 9 3 2 2 6 00000000 00000000 00000000 00000000
1 9 3 3 3 7 000001B8 FFFFF9FC 028F5A70 F70A4374
1 9 3 4 8 12 00000000 00000000 00000000 00000000
1 9 3 5 9 13 200C3CBF 16F90762 00001587 00000F6E
1 9 3 6 10 14 00000000 00000000 00000000 00000000
1 9 3 7 11 15 FFFFFF49 FFFFF9C9 FEEFB149 F6BE1229
1 9 3 8 16 20 00000000 00000000 00000000 00000000
1 9 3 9 17 21 04423F22 F7B630AA 000002DE FFFFFA6E
1 9 3 10 18 22 00000000 00000000 00000000 00000000
1 9 3 11 19 23 00001A79 000000DE 2768E609 014BDDE2
1 9 3 12 24 28 00000000 00000000 00000000 00000000
1 9 3 13 25 29 071B3CF0 F9F8EC2F 000004C8 FFFFFBF3
1 9 3 14 26 30 00000000 00000000 00000000 00000000
1 9 3 15 27 31 000018CA FFFFF6AD 24E7ED44 F21DC023
1 9 3 16 32 36 00000000 00000000 00000000 00000000
1 9 3 17 33 37 F2C775BD 10B4525A FFFFF71F 00000B38
1 9 3 18 34 38 00000000 00000000 00000000 00000000
1 9 3 19 35 39 FFFFF97B 00000CBE F64AC30B 12F671C2
1 9 3 20 40 44 00000000 00000000 00000000 00000000
1 9 3 21 41 45 ED649D7F 0A5F9942 FFFFF381 000006F8
1 9 3 22 42 46 00000000 00000000 00000000 00000000
1 9 3 23 43 47 FFFFFEDB 00000E45 FE49A7A1 153BFB33
1 9 3 24 48 52 00000000 00000000 00000000 00000000
1 9 3 25 49 53 E907A1D8 E64E503A FFFFF094 FFFFEEBE
1 9 3 26 50 54 00000000 00000000 00000000 00000000
1 9 3 27 51 55 FFFFE994 FFFFFA39 DEA04938 F765CF8D
1 9 3 28 56 60 00000000 00000000 00000000 00000000
1 9 3 29 57 61 F49C6B96 DF78B0CE FFFFF85A FFFFEA26
1 9 3 30 58 62 00000000 00000000 00000000 00000000
1 9 3 31 59 63 FFFFE913 0000033F DDDFE56B 04D2FAEF
1 9 3 32 64 68 00000000 00000000 00000000 00000000
1 9 3 33 65 69 0705A1EE F22F091B 000004B8 FFFFF6B9
1 9 3 34 66 70 00000000 00000000 00000000 00000000
1 9 3 35 67 71 FFFFF48C 00001B20 EEF41D8E 285F26A2
1 9 3 36 72 76 00000000 00000000 00000000 00000000
1 9 3 37 73 77 0BC65566 F5EC31F7 000007EA FFFFF93B
1 9 3 38 74 78 00000000 00000000 00000000 00000000
1 9 3 39 75 79 FFFFFFCC 00001D72 FFB3632E 2BD26BB4
1 9 3 40 80 84 00000000 00000000 00000000 00000000
1 9 3 41 81 85 005EAFC7 E472E429 00000041 FFFFED7F
1 9 3 42 82 86 00000000 00000000 00000000 00000000
1 9 3 43 83 87 00000CA0 FFFFFDDC 12CB8D32 FCCF7EBE
1 9 3 44 88 92 00000000 00000000 00000000 00000000
1 9 3 45 89 93 0AE2963F E6B00320 00000751 FFFFEEFE
1 9 3 46 90 94 00000000 00000000 00000000 00000000
1 9 3 47 91 95 00000AD7 FFFFF931 1024D4C3 F5DC58C5
1 9 3 48 96 100 00000000 00000000 00000000 00000000
1 9 3 49 97 101 E767ADA8 24453657 FFFFEF7A 0000185D
1 9 3 50 98 102 00000000 00000000 00000000 00000000
1 9 3 51 99 103 000002D1 FFFFF5FB 04311065 F1144BEF
1 9 3 52 104 108 00000000 00000000 00000000 00000000
1 9 3 53 105 109 DB65A90F 1818EB6A FFFFE769 00001030
1 9 3 54 106 110 00000000 00000000 00000000 00000000
1 9 3 55 107 111 FFFFFEC3 FFFFF5AA FE29A50D F09C6910
1 9 3 56 112 116 00000000 00000000 00000000 00000000
1 9 3 57 113 117 116648E1 07CA417B 00000BB1 0000053B
1 9 3 58 114 118 00000000 00000000 00000000 00000000
1 9 3 59 115 119 FFFFF5EC FFFFF07A F1003B58 E8E2F306
1 9 3 60 120 124 00000000 00000000 00000000 00000000
1 9 3 61 121 125 0D180DC6 0DDB0878 000008CC 0000094E
1 9 3 62 122 126 00000000 00000000 00000000 00000000
1 9 3 63 123 127 FFFFF0BF FFFFF584 E94C28D5 F062C60E
1 9 3 64 128 132 00000000 00000000 00000000 00000000
1 9 3 65 129 133 27930DC4 F5EA634F 00001A96 FFFFF939
1 9 3 66 130 134 00000000 00000000 00000000 00000000
1 9 3 67 131 135 00000493 00001089 06CF3A8B 189BADE1
1 9 3 68 136 140 00000000 00000000 00000000 00000000
1 9 3 69 137 141 286BD03A 05D3E34C 00001B28 000003EA
1 9 3 70 138 142 00000000 00000000 00000000 00000000
1 9 3 71 139 143 00000A8D 00000D86 0FB550F1 14210A3A
1 9 3 72 144 148 00000000 00000000 00000000 00000000
1 9 3 73 145 149 F9D2CE0F EC41BCC8 FFFFFBDB FFFFF2BC
1 9 3 74 146 150 00000000 00000000 00000000 00000000
1 9 3 75 147 151 00000F88 FFFFFF67 172019F6 FF1B40E5
1 9 3 76 152 156 00000000 00000000 00000000 00000000
1 9 3 77 153 157 01D95949 EB655F83 0000013F FFFFF229
1 9 3 78 154 158 00000000 00000000 00000000 00000000
1 9 3 79 155 159 00000E20 FFFFF981 1505EC4C F653241D
1 9 3 80 160 164 00000000 00000000 00000000 00000000
1 9 3 81 161 165 E4A1E924 138E6791 FFFFED9E 00000D23
1 9 3 82 162 166 00000000 00000000 00000000 00000000
1 9 3 83 163 167 FFFFF97B 000007D0 F64C3999 0BA098B6
1 9 3 84 168 172 00000000 00000000 00000000 00000000
1 9 3 85 169 173 DF3B5973 0798334F FFFFE9FD 00000519
1 9 3 86 170 174 00000000 00000000 00000000 00000000
1 9 3 87 171 175 FFFFFCF7 000009B6 FB7C62A3 0E748422
1 9 3 88 176 180 00000000 00000000 00000000 00000000
1 9 3 89 177 181 FA122172 0493149A FFFFFC06 00000312
1 9 3 90 178 182 00000000 00000000 00000000 00000000
1 9 3 91 179 183 FFFFEC4A FFFFEAB3 E2A94E1E E04991BB
1 9 3 92 184 188 00000000 00000000 00000000 00000000
1 9 3 93 185 189 F8C584BB 01F512E6 FFFFFB25 00000150
1 9 3 94 186 190 00000000 00000000 00000000 00000000
1 9 3 95 187 191 FFFFE5A3 FFFFF3DD D8C23BDB EDEDC439
1 9 3 96 192 196 00000000 00000000 00000000 00000000
1 9 3 97 193 197 F4373EAE 0982D774 FFFFF816 00000664
1 9 3 98 194 198 00000000 00000000 00000000 00000000
1 9 3 99 195 199 FFFFF087 0000107A E8F93B5B 18850732
1 9 3 100 200 204 00000000 00000000 00000000 00000000
1 9 3 101 201 205 F1791BAD 044709C2 FFFFF63F 000002E0
1 9 3 102 202 206 00000000 00000000 00000000 00000000
1 9 3 103 203 207 FFFFF804 00001524 F41C0F1C 1F770C44
1 9 3 104 208 212 00000000 00000000 00000000 00000000
1 9 3 105 209 213 F93971A2 D5550D95 FFFFFB74 FFFFE357
1 9 3 106 210 214 00000000 00000000 00000000 00000000
1 9 3 107 211 215 FFFFFE64 000004C6 FD9C8E24 07190036
1 9 3 108 216 220 00000000 00000000 00000000 00000000
1 9 3 109 217 221 0A11828A D5FCBA1D 000006C4 FFFFE3C7
1 9 3 110 218 222 00000000 00000000 00000000 00000000
1 9 3 111 219 223 00000057 00000506 00826F4F 0778ADFE
1 9 3 112 224 228 00000000 00000000 00000000 00000000
1 9 3 113 225 229 01E0BA00 1976B83F 00000144 0000111B
1 9 3 114 226 230 00000000 00000000 00000000 00000000
1 9 3 115 227 231 000018C0 FFFFF42D 24D8BDAC EE6385B5
1 9 3 116 232 236 00000000 00000000 00000000 00000000
1 9 3 117 233 237 F7FD8705 183E7A53 FFFFFA9F 00001049
1 9 3 118 234 238 00000000 00000000 00000000 00000000
1 9 3 119 235 239 00001258 FFFFEB9A 1B4D6584 E1A0F4C2
1 9 3 120 240 244 00000000 00000000 00000000 00000000
1 9 3 121 241 245 13B97819 0C1AD61D 00000D41 00000821
1 9 3 122 242 246 00000000 00000000 00000000 00000000
1 9 3 123 243 247 FFFFF52E FFFFF748 EFE5495A F303FFC8
1 9 3 124 248 252 00000000 00000000 00000000 00000000
1 9 3 125 249 253 0D973A53 12BB4CB9 00000923 00000C95
1 9 3 126 250 254 00000000 00000000 00000000 00000000
1 9 3 127 251 255 FFFFF2AA FFFFFC16 EC2711C2 FA2AB7C2
1 9 3 128 256 260 00000000 00000000 00000000 00000000
1 9 3 129 257 261 2BEF6420 012D018A 00001D84 000000CA
1 9 3 130 258 262 00000000 00000000 00000000 00000000
1 9 3 131 259 263 000005F6 00000433 08DF61D2 063F3ACB
1 9 3 132 264 268 00000000 00000000 00000000 00000000
1 9 3 133 265 269 28240B60 11E64896 00001AF8 00000C06
1 9 3 134 266 270 00000000 00000000 00000000 00000000
1 9 3 135 267 271 0000071D 00000199 0A967B6F 02604677
1 9 3 136 272 276 00000000 00000000 00000000 00000000
1 9 3 137 273 277 FD67F341 EEC73A58 FFFFFE43 FFFFF46E
1 9 3 138 274 278 00000000 00000000 00000000 00000000
1 9 3 139 275 279 00001462 00000216 1E58C528 0319EA98
1 9 3 140 280 284 00000000 00000000 00000000 00000000
1 9 3 141 281 285 0431A97A EF18B471 000002D2 FFFFF4A5
1 9 3 142 282 286 00000000 00000000 00000000 00000000
1 9 3 143 283 287 000013A2 FFFFFA21 1D3939F4 F74080E3
1 9 3 144 288 292 00000000 00000000 00000000 00000000
1 9 3 145 289 293 ECAFF725 0FEE676A FFFFF307 00000AB4
1 9 3 146 290 294 00000000 00000000 00000000 00000000
1 9 3 147 291 295 FFFFFA4B 00000C42 F782DA8B 123C209E
1 9 3 148 296 300 00000000 00000000 00000000 00000000
1 9 3 149 297 301 E80F91EC 0753F42F FFFFEFEC 000004EB
1 9 3 150 298 302 00000000 00000000 00000000 00000000
1 9 3 151 299 303 FFFFFF6B 00000D82 FF22B08B 14186A1A
1 9 3 152 304 308 00000000 00000000 00000000 00000000
1 9 3 153 305 309 ED3DB4A3 F7A822B1 FFFFF367 FFFFFA65
1 9 3 154 306 310 00000000 00000000 00000000 00000000
1 9 3 155 307 311 FFFFE7CA FFFFF084 DBF5B212 E8F1F7FC
1 9 3 156 312 316 00000000 00000000 00000000 00000000
1 9 3 157 313 317 F1DC9E52 F11CF5C4 FFFFF682 FFFFF600
1 9 3 158 314 318 00000000 00000000 00000000 00000000
1 9 3 159 315 319 FFFFE3B5 FFFFFAF6 D5E16587 F87DFCE8
1 9 3 160 320 324 00000000 00000000 00000000 00000000
1 9 3 161 321 325 F97B8DC8 FD527D6A FFFFFBA0 FFFFFE32
1 9 3 162 322 326 00000000 00000000 00000000 00000000
1 9 3 163 323 327 FFFFEF80 0000169A E76F9DCC 21A46A12
1 9 3 164 328 332 00000000 00000000 00000000 00000000
1 9 3 165 329 333 FB00E3DD FB082F3E FFFFFCA5 FFFFFCAA
1 9 3 166 330 334 00000000 00000000 00000000 00000000
1 9 3 167 331 335 FFFFF967 00001B33 F62E1E8F 287B4B27
1 9 3 168 336 340 00000000 00000000 00000000 00000000
1 9 3 169 337 341 005B7C05 DB4F9340 0000003F FFFFE75A
1 9 3 170 338 342 00000000 00000000 00000000 00000000
1 9 3 171 339 343 00000812 000001E2 0C043058 02CC8758
1 9 3 172 344 348 00000000 00000000 00000000 00000000
1 9 3 173 345 349 0E5ED892 DE3D8A63 000009A8 FFFFE951
1 9 3 174 346 350 00000000 00000000 00000000 00000000
1 9 3 175 347 351 0000082D FFFFFEA7 0C2C3B47 FDFCC799
1 9 3 176 352 356 00000000 00000000 00000000 00000000
1 9 3 177 353 357 F4C50A3F 24577F28 FFFFF875 0000186A
1 9 3 178 354 358 00000000 00000000 00000000 00000000
1 9 3 179 355 359 00000E58 FFFFF19E 155A9B6E EA9538D4
1 9 3 180 360 364 00000000 00000000 00000000 00000000
1 9 3 181 361 365 E7B796D9 1D471C52 FFFFEFB1 000013AA
1 9 3 182 362 366 00000000 00000000 00000000 00000000
1 9 3 183 363 367 000007BE FFFFED38 0B885172 E40A97F8
1 9 3 184 368 372 00000000 00000000 00000000 00000000
1 9 3 185 369 373 139CB035 077AB107 00000D2D 00000507
1 9 3 186 370 374 00000000 00000000 00000000 00000000
1 9 3 187 371 375 FFFFF5C1 FFFFF56B F0BE044F F03D5CE1
1 9 3 188 376 380 00000000 00000000 00000000 00000000
1 9 3 189 377 381 0F41CA5B 0E6A4750 00000A41 000009AE
1 9 3 190 378 382 00000000 00000000 00000000 00000000
1 9 3 191 379 383 FFFFF27B FFFFFA26 EBDF5A73 F7473C7E
1 9 3 192 384 388 00000000 00000000 00000000 00000000
1 9 3 193 385 389 191F3469 EF290DE0 000010E1 FFFFF4B0
1 9 3 194 386 390 00000000 00000000 00000000 00000000
1 9 3 195 387 391 FFFFFD5D 0000196C FC134DC3 25D59C06
1 9 3 196 392 396 00000000 00000000 00000000 00000000
1 9 3 197 393 397 1DA762CE FA0E5227 000013EC FFFFFC01
1 9 3 198 394 398 00000000 00000000 00000000 00000000
1 9 3 199 395 399 0000074A 0000187F 0ADA4DD2 2474D123
1 9 3 200 400 404 00000000 00000000 00000000 00000000
1 9 3 201 401 405 FC11D169 EA6B4618 FFFFFD5D FFFFF180
1 9 3 202 402 406 00000000 00000000 00000000 00000000
1 9 3 203 403 407 00000DBE FFFFFCDC 14764BA0 FB52A9AE
1 9 3 204 408 412 00000000 00000000 00000000 00000000
1 9 3 205 409 413 04A0A156 EA8EC4F6 0000031C FFFFF198
1 9 3 206 410 414 00000000 00000000 00000000 00000000
1 9 3 207 411 415 00000B7F FFFFF7D7 111D5A51 F3D93221
1 9 3 208 416 420 00000000 00000000 00000000 00000000
1 9 3 209 417 421 E1583F49 1C34205F FFFFEB69 000012F3
1 9 3 210 418 422 00000000 00000000 00000000 00000000
1 9 3 211 419 423 FFFFFB5B FFFFFF18 F915E04D FEA528D2
1 9 3 212 424 428 00000000 00000000 00000000 00000000
1 9 3 213 425 429 D8E2995B 0E535274 FFFFE5BB 000009A0
1 9 3 214 426 430 00000000 00000000 00000000 00000000
1 9 3 215 427 431 FFFFFB5D 000000F1 F917E383 0164F54B
1 9 3 216 432 436 00000000 00000000 00000000 00000000
1 9 3 217 433 437 086FACEF 0900CF90 000005AB 0000060C
1 9 3 218 434 438 00000000 00000000 00000000 00000000
1 9 3 219 435 439 FFFFF282 FFFFEB62 EBE9EA3A E14BA87A
1 9 3 220 440 444 00000000 00000000 00000000 00000000
1 9 3 221 441 445 04594460 0B8BD6ED 000002EC 000007C1
1 9 3 222 442 446 00000000 00000000 00000000 00000000
1 9 3 223 443 447 FFFFEBA3 FFFFF21C E1B14F6D EB51C822
1 9 3 224 448 452 00000000 00000000 00000000 00000000
1 9 3 225 449 453 F41DE751 103A788A FFFFF805 00000AE6
1 9 3 226 450 454 00000000 00000000 00000000 00000000
1 9 3 227 451 455 FFFFF55D 00000D08 F02A9EED 13649264
1 9 3 228 456 460 00000000 00000000 00000000 00000000
1 9 3 229 457 461 EECF9F49 0A721219 FFFFF475 00000705
1 9 3 230 458 462 00000000 00000000 00000000 00000000
1 9 3 231 459 463 FFFFFB28 0000101C F8CB067C 17F9D3D0
1 9 3 232 464 468 00000000 00000000 00000000 00000000
1 9 3 233 465 469 EED799E4 D8CEC7BD FFFFF47A FFFFE5AB
1 9 3 234 466 470 00000000 00000000 00000000 00000000
1 9 3 235 467 471 FFFFF268 00000258 EBC46A5A 037C1AFA
1 9 3 236 472 476 00000000 00000000 00000000 00000000
1 9 3 237 473 477 FF257FE3 D5399D86 FFFFFF6D FFFFE344
1 9 3 238 474 478 00000000 00000000 00000000 00000000
1 9 3 239 475 479 FFFFF456 0000075D EEA414F0 0AF656CF
1 9 3 240 480 484 00000000 00000000 00000000 00000000
1 9 3 241 481 485 077BBE70 07DBA027 00000508 00000547
1 9 3 242 482 486 00000000 00000000 00000000 00000000
1 9 3 243 483 487 00001D1A FFFFFB05 2B51FFC0 F894F70F
1 9 3 244 488 492 00000000 00000000 00000000 00000000
1 9 3 245 489 493 03E819CE 0A1F9F8A 000002A0 000006CC
1 9 3 246 490 494 00000000 00000000 00000000 00000000
1 9 3 247 491 495 000018FA FFFFF043 252F180A E8918FC7
1 9 3 248 496 500 00000000 00000000 00000000 00000000
1 9 3 249 497 501 17826B82 137036FD 00000FCC 00000D0F
1 9 3 250 498 502 00000000 00000000 00000000 00000000
1 9 3 251 499 503 FFFFF820 FFFFF75A F4467AF2 F31F2A90
1 9 3 252 504 508 00000000 00000000 00000000 00000000
1 9 3 253 505 509 0E47FAE5 1AF49297 00000999 0000121B
1 9 3 254 506 510 00000000 00000000 00000000 00000000
1 9 3 255 507 511 FFFFF56A FFFFFB06 F03D504E F896C132
1 9 4 0 0 8 00000000 00000000 00000000 00000000
1 9 4 1 1 9 26665BF9 08F5BC71 FFFFF0A1 00000019
1 9 4 2 2 10 00000000 00000000 00000000 00000000
1 9 4 3 3 11 FFFFFDD9 FFFFFC22 000003DF FFFFFDDA
1 9 4 4 4 12 00000000 00000000 00000000 00000000
1 9 4 5 5 13 00000FE8 FFFFF61E 000009E4 00000FE6
1 9 4 6 6 14 00000000 00000000 00000000 00000000
1 9 4 7 7 15 FFFFFE36 0000032B 028F5C3A F70A4049
1 9 4 8 16 24 00000000 00000000 00000000 00000000
1 9 4 9 17 25 04423FFE F7B62D23 FFFFFF24 00000387
1 9 4 10 18 26 00000000 00000000 00000000 00000000
1 9 4 11 19 27 00000DAB FFFFF333 00000CCD 00000DAB
1 9 4 12 20 28 00000000 00000000 00000000 00000000
1 9 4 13 21 29 FFFFFEA5 FFFFFBC9 00000439 FFFFFEA5
1 9 4 14 22 30 00000000 00000000 00000000 00000000
1 9 4 15 23 31 FFFFF12B FFFFFBEC 2768F4DD 014BE1F6
1 9 4 16 32 40 00000000 00000000 00000000 00000000
1 9 4 17 33 41 F2C7723E 10B459E4 0000037E FFFFF876
1 9 4 18 34 42 00000000 00000000 00000000 00000000
1 9 4 19 35 43 0000031B 000009A1 FFFFF65F 0000031D
1 9 4 20 36 44 00000000 00000000 00000000 00000000
1 9 4 21 37 45 0000012C 00000A0D FFFFF5F2 0000012B
1 9 4 22 38 46 00000000 00000000 00000000 00000000
1 9 4 23 39 47 00000568 FFFFF9B2 F64ABDA2 12F67810
1 9 4 24 48 56 00000000 00000000 00000000 00000000
1 9 4 25 49 57 E90796CA E64E4893 00000B0E 000007A7
1 9 4 26 50 58 00000000 00000000 00000000 00000000
1 9 4 27 51 59 FFFFF1E5 00000853 FFFFF7AF FFFFF1E5
1 9 4 28 52 60 00000000 00000000 00000000 00000000
1 9 4 29 53 61 FFFFEFA8 FFFFFF17 000000EC FFFFEFA7
1 9 4 30 54 62 00000000 00000000 00000000 00000000
1 9 4 31 55 63 00000BDF 0000064F DEA03D59 F765C93D
1 9 4 32 64 72 00000000 00000000 00000000 00000000
1 9 4 33 65 73 0705A355 F22F033A FFFFFE99 000005E0
1 9 4 34 66 74 00000000 00000000 00000000 00000000
1 9 4 35 67 75 000007D6 0000134B FFFFECB6 000007D5
1 9 4 36 68 76 00000000 00000000 00000000 00000000
1 9 4 37 69 77 FFFFFDB8 FFFFF901 00000700 FFFFFDB7
1 9 4 38 70 78 00000000 00000000 00000000 00000000
1 9 4 39 71 79 00000A24 FFFFF23F EEF4136A 285F3463
1 9 4 40 80 88 00000000 00000000 00000000 00000000
1 9 4 41 81 89 005EAD67 E472D9AE 0000025F 00000A7A
1 9 4 42 82 90 00000000 00000000 00000000 00000000
1 9 4 43 83 91 0000053C FFFFF89F 00000764 0000053D
1 9 4 44 84 92 00000000 00000000 00000000 00000000
1 9 4 45 85 93 FFFFF6DE FFFFF6A0 00000962 FFFFF6DE
1 9 4 46 86 94 00000000 00000000 00000000 00000000
1 9 4 47 87 95 FFFFF895 FFFFFF81 12CB949D FCCF7F3D
1 9 4 48 96 104 00000000 00000000 00000000 00000000
1 9 4 49 97 105 E767A7A1 24454655 00000607 FFFFF001
1 9 4 50 98 106 00000000 00000000 00000000 00000000
1 9 4 51 99 107 FFFFFC64 FFFFF995 0000066C FFFFFC65
1 9 4 52 100 108 00000000 00000000 00000000 00000000
1 9 4 53 101 109 000003EC 00001472 FFFFEB8E 000003EA
1 9 4 54 102 110 00000000 00000000 00000000 00000000
1 9 4 55 103 111 FFFFFD0C 00000547 04311358 F11446A7
1 9 4 56 112 120 00000000 00000000 00000000 00000000
1 9 4 57 113 121 1166502E 07CA42DA FFFFF8B2 FFFFFEA0
1 9 4 58 114 122 00000000 00000000 00000000 00000000
1 9 4 59 115 123 FFFFF332 FFFFFD47 000002BA FFFFF333
1 9 4 60 116 124 00000000 00000000 00000000 00000000
1 9 4 61 117 125 00000876 FFFFFCC6 0000033A 00000874
1 9 4 62 118 126 00000000 00000000 00000000 00000000
1 9 4 63 119 127 00000395 00000A22 F10037C3 E8E2E8E4
1 9 4 64 128 136 00000000 00000000 00000000 00000000
1 9 4 65 129 137 27931BD9 F5EA5BE1 FFFFF1EB 0000076D
1 9 4 66 130 138 00000000 00000000 00000000 00000000
1 9 4 67 131 139 00000A8C 000005FB FFFFFA06 00000A8D
1 9 4 68 132 140 00000000 00000000 00000000 00000000
1 9 4 69 133 141 000009E7 FFFFEF52 000010AF 000009E6
1 9 4 70 134 142 00000000 00000000 00000000 00000000
1 9 4 71 135 143 FFFFFFA8 FFFFF60D 06CF3AE2 189BB7D3
1 9 4 72 144 152 00000000 00000000 00000000 00000000
1 9 4 73 145 153 F9D2C9E9 EC41B5DC 00000425 000006EC
1 9 4 74 146 154 00000000 00000000 00000000 00000000
1 9 4 75 147 155 00000776 FFFFF7EE 00000812 00000778
1 9 4 76 148 156 00000000 00000000 00000000 00000000
1 9 4 77 149 157 FFFFF74B FFFFFB71 0000048F FFFFF74B
1 9 4 78 150 158 00000000 00000000 00000000 00000000
1 9 4 79 151 159 FFFFF726 FFFFFE3C 172022D0 FF1B42A8
1 9 4 80 160 168 00000000 00000000 00000000 00000000
1 9 4 81 161 169 E4A1E08B 138E717A 00000899 FFFFF616
1 9 4 82 162 170 00000000 00000000 00000000 00000000
1 9 4 83 163 171 000000A4 0000072A FFFFF8D6 000000A6
1 9 4 84 164 172 00000000 00000000 00000000 00000000
1 9 4 85 165 173 FFFFFD60 00000FC4 FFFFF03E FFFFFD5E
1 9 4 86 166 174 00000000 00000000 00000000 00000000
1 9 4 87 167 175 000004BC FFFFFC7B F64C34DC 0BA09C3B
1 9 4 88 176 184 00000000 00000000 00000000 00000000
1 9 4 89 177 185 FA121F9C 049316E0 000001D6 FFFFFDBA
1 9 4 90 178 186 00000000 00000000 00000000 00000000
1 9 4 91 179 187 FFFFEB7D FFFFFF34 000000CD FFFFEB7E
1 9 4 92 180 188 00000000 00000000 00000000 00000000
1 9 4 93 181 189 FFFFFF8C 00000388 FFFFFC7A FFFFFF8A
1 9 4 94 182 190 00000000 00000000 00000000 00000000
1 9 4 95 183 191 0000083C 00000EB4 E2A945E2 E0498306
1 9 4 96 192 200 00000000 00000000 00000000 00000000
1 9 4 97 193 201 F4373B12 0982DC22 0000039C FFFFFB52
1 9 4 98 194 202 00000000 00000000 00000000 00000000
1 9 4 99 195 203 0000007F 00000FF9 FFFFF007 00000081
1 9 4 100 196 204 00000000 00000000 00000000 00000000
1 9 4 101 197 205 FFFFFF3C 00000728 FFFFF8DA FFFFFF3C
1 9 4 102 198 206 00000000 00000000 00000000 00000000
1 9 4 103 199 207 00000AF7 FFFFF8CD E8F93063 18850E65
1 9 4 104 208 216 00000000 00000000 00000000 00000000
1 9 4 105 209 217 F9396B2C D554FE05 00000676 00000F8F
1 9 4 106 210 218 00000000 00000000 00000000 00000000
1 9 4 107 211 219 00000194 00000331 FFFFFCD0 00000195
1 9 4 108 212 220 00000000 00000000 00000000 00000000
1 9 4 109 213 221 FFFFEF65 FFFFF3F2 00000C0F FFFFEF64
1 9 4 110 214 222 00000000 00000000 00000000 00000000
1 9 4 111 215 223 0000018D FFFFFD88 FD9C8C97 071902AE
1 9 4 112 224 232 00000000 00000000 00000000 00000000
1 9 4 113 225 233 01E0BD08 1976C1BB FFFFFCF8 FFFFF683
1 9 4 114 226 234 00000000 00000000 00000000 00000000
1 9 4 115 227 235 00000675 FFFFEDB5 0000124B 00000677
1 9 4 116 228 236 00000000 00000000 00000000 00000000
1 9 4 117 229 237 0000092F 000007ED FFFFF815 0000092D
1 9 4 118 230 238 00000000 00000000 00000000 00000000
1 9 4 119 231 239 FFFFF06C 00000352 24D8CD40 EE638262
1 9 4 120 240 248 00000000 00000000 00000000 00000000
1 9 4 121 241 249 13B980AD 0C1AD8E9 FFFFF76B FFFFFD33
1 9 4 122 242 250 00000000 00000000 00000000 00000000
1 9 4 123 243 251 FFFFF63A 0000010E FFFFFEF4 FFFFF63A
1 9 4 124 244 252 00000000 00000000 00000000 00000000
1 9 4 125 245 253 00000AB0 FFFFFD70 00000290 00000AB0
1 9 4 126 246 254 00000000 00000000 00000000 00000000
1 9 4 127 247 255 000004EC 00000665 EFE5446E F303F963
1 9 4 128 256 264 00000000 00000000 00000000 00000000
1 9 4 129 257 265 2BEF74E4 012CFDFB FFFFEF3C 0000038F
1 9 4 130 258 266 00000000 00000000 00000000 00000000
1 9 4 131 259 267 00000513 FFFFFF1E 000000E3 00000514
1 9 4 132 260 268 00000000 00000000 00000000 00000000
1 9 4 133 261 269 00000F26 FFFFF1A4 00000E5E 00000F26
1 9 4 134 262 270 00000000 00000000 00000000 00000000
1 9 4 135 263 271 FFFFFD34 FFFFFCD2 08DF649E 063F3DF8
1 9 4 136 272 280 00000000 00000000 00000000 00000000
1 9 4 137 273 281 FD67F0B1 EEC7340D 0000028F 0000064B
1 9 4 138 274 282 00000000 00000000 00000000 00000000
1 9 4 139 275 283 00000B3B FFFFF6DA 00000927 00000B3C
1 9 4 140 276 284 00000000 00000000 00000000 00000000
1 9 4 141 277 285 FFFFF958 FFFFFB17 000004EA FFFFF957
1 9 4 142 278 286 00000000 00000000 00000000 00000000
1 9 4 143 279 287 FFFFF4C6 FFFFFC11 1E58D062 0319EE87
1 9 4 144 288 296 00000000 00000000 00000000 00000000
1 9 4 145 289 297 ECAFF145 0FEE6F38 000005DF FFFFF832
1 9 4 146 290 298 00000000 00000000 00000000 00000000
1 9 4 147 291 299 00000345 000008FB FFFFF705 00000347
1 9 4 148 292 300 00000000 00000000 00000000 00000000
1 9 4 149 293 301 FFFFFEDC 00000BD8 FFFFF42A FFFFFEDC
1 9 4 150 294 302 00000000 00000000 00000000 00000000
1 9 4 151 295 303 000004E1 FFFFF9DD F782D5A9 123C26C1
1 9 4 152 304 312 00000000 00000000 00000000 00000000
1 9 4 153 305 313 ED3DACC1 F7A8213C 000007E1 00000174
1 9 4 154 306 314 00000000 00000000 00000000 00000000
1 9 4 155 307 315 FFFFEC27 0000045D FFFFFBA3 FFFFEC27
1 9 4 156 308 316 00000000 00000000 00000000 00000000
1 9 4 157 309 317 FFFFF6E5 0000037F FFFFFC81 FFFFF6E5
1 9 4 158 310 318 00000000 00000000 00000000 00000000
1 9 4 159 311 319 00000B91 00000C07 DBF5A681 E8F1EBF5
1 9 4 160 320 328 00000000 00000000 00000000 00000000
1 9 4 161 321 329 F97B8B10 FD527CFE 000002B8 0000006C
1 9 4 162 322 330 00000000 00000000 00000000 00000000
1 9 4 163 323 331 0000030C 0000138E FFFFEC74 0000030C
1 9 4 164 324 332 00000000 00000000 00000000 00000000
1 9 4 165 325 333 FFFFFCEA 0000014A FFFFFEB6 FFFFFCE8
1 9 4 166 326 334 00000000 00000000 00000000 00000000
1 9 4 167 327 335 00000C62 FFFFF57C E76F916A 21A47496
1 9 4 168 336 344 00000000 00000000 00000000 00000000
1 9 4 169 337 345 005B78CF DB4F854F 00000335 00000DF1
1 9 4 170 338 346 00000000 00000000 00000000 00000000
1 9 4 171 339 347 000004F9 FFFFFCE8 00000319 000004FA
1 9 4 172 340 348 00000000 00000000 00000000 00000000
1 9 4 173 341 349 FFFFF3CB FFFFF390 00000C73 FFFFF3CA
1 9 4 174 342 350 00000000 00000000 00000000 00000000
1 9 4 175 343 351 FFFFFBB3 FFFFFDDA 0C0434A5 02CC897E
1 9 4 176 352 360 00000000 00000000 00000000 00000000
1 9 4 177 353 361 F4C5094A 24578DF6 000000F4 FFFFF132
1 9 4 178 354 362 00000000 00000000 00000000 00000000
1 9 4 179 355 363 FFFFFFF9 FFFFF1A4 00000E5F FFFFFFFA
1 9 4 180 356 364 00000000 00000000 00000000 00000000
1 9 4 181 357 365 0000086E 00000FFB FFFFF006 0000086F
1 9 4 182 358 366 00000000 00000000 00000000 00000000
1 9 4 183 359 367 FFFFF5F4 0000062E 155AA57A EA9532A6
1 9 4 184 368 376 00000000 00000000 00000000 00000000
1 9 4 185 369 377 139CB853 077AB214 FFFFF7E1 FFFFFEF2
1 9 4 186 370 378 00000000 00000000 00000000 00000000
1 9 4 187 371 379 FFFFF595 FFFFFFD5 0000002B FFFFF595
1 9 4 188 372 380 00000000 00000000 00000000 00000000
1 9 4 189 373 381 00000918 FFFFFBED 00000414 00000919
1 9 4 190 374 382 00000000 00000000 00000000 00000000
1 9 4 191 375 383 00000458 0000075F F0BDFFF6 F03D5581
1 9 4 192 384 392 00000000 00000000 00000000 00000000
1 9 4 193 385 393 191F3C66 EF290534 FFFFF802 000008AC
1 9 4 194 386 394 00000000 00000000 00000000 00000000
1 9 4 195 387 395 00000B63 00000E08 FFFFF1F9 00000B64
1 9 4 196 388 396 00000000 00000000 00000000 00000000
1 9 4 197 389 397 000002C8 FFFFF1E9 00000E18 000002C7
1 9 4 198 390 398 00000000 00000000 00000000 00000000
1 9 4 199 391 399 000004EF FFFFF204 FC1348D3 25D5AA02
1 9 4 200 400 408 00000000 00000000 00000000 00000000
1 9 4 201 401 409 FC11CDF3 EA6B3E46 00000375 000007D2
1 9 4 202 402 410 00000000 00000000 00000000 00000000
1 9 4 203 403 411 0000054C FFFFF78F 00000872 0000054D
1 9 4 204 404 412 00000000 00000000 00000000 00000000
1 9 4 205 405 413 FFFFF76E FFFFFA13 000005EE FFFFF76D
1 9 4 206 406 414 00000000 00000000 00000000 00000000
1 9 4 207 407 415 FFFFF7D1 FFFFFFE9 147653CF FB52A9C5
1 9 4 208 416 424 00000000 00000000 00000000 00000000
1 9 4 209 417 425 E1583639 1C342DDB 0000090F FFFFF283
1 9 4 210 418 426 00000000 00000000 00000000 00000000
1 9 4 211 419 427 FFFFFD38 000001DF FFFFFE22 FFFFFD39
1 9 4 212 420 428 00000000 00000000 00000000 00000000
1 9 4 213 421 429 FFFFFF2D 000013C5 FFFFEC3B FFFFFF2D
1 9 4 214 422 430 00000000 00000000 00000000 00000000
1 9 4 215 423 431 0000027E 00000126 F915DDCE FEA527AC
1 9 4 216 432 440 00000000 00000000 00000000 00000000
1 9 4 217 433 441 086FB0F2 0900D235 FFFFFBFC FFFFFD5B
1 9 4 218 434 442 00000000 00000000 00000000 00000000
1 9 4 219 435 443 FFFFEEF0 FFFFFC71 00000392 FFFFEEF1
1 9 4 220 436 444 00000000 00000000 00000000 00000000
1 9 4 221 437 445 000005DA 00000032 FFFFFFD0 000005DA
1 9 4 222 438 446 00000000 00000000 00000000 00000000
1 9 4 223 439 447 000004D2 00000D7A EBE9E568 E14B9B00
1 9 4 224 448 456 00000000 00000000 00000000 00000000
1 9 4 225 449 457 F41DE448 103A7FC7 00000308 FFFFF8C3
1 9 4 226 450 458 00000000 00000000 00000000 00000000
1 9 4 227 451 459 00000131 00000BD6 FFFFF42B 00000132
1 9 4 228 452 460 00000000 00000000 00000000 00000000
1 9 4 229 453 461 00000176 00000972 FFFFF68E 00000174
1 9 4 230 454 462 00000000 00000000 00000000 00000000
1 9 4 231 455 463 000007C5 FFFFFA17 F02A9727 1364984D
1 9 4 232 464 472 00000000 00000000 00000000 00000000
1 9 4 233 465 473 EED78FCF D8CEBA70 00000A15 00000D4C
1 9 4 234 466 474 00000000 00000000 00000000 00000000
1 9 4 235 467 475 FFFFFA5E 000007F8 FFFFF80A FFFFFA60
1 9 4 236 468 476 00000000 00000000 00000000 00000000
1 9 4 237 469 477 FFFFED13 FFFFF899 00000767 FFFFED11
1 9 4 238 470 478 00000000 00000000 00000000 00000000
1 9 4 239 471 479 000007FD 00000087 EBC4625D 037C1A73
1 9 4 240 480 488 00000000 00000000 00000000 00000000
1 9 4 241 481 489 077BC1FD 07DBA273 FFFFFC73 FFFFFDB3
1 9 4 242 482 490 00000000 00000000 00000000 00000000
1 9 4 243 483 491 00000C0E FFFFEEF6 0000110C 00000C0E
1 9 4 244 484 492 00000000 00000000 00000000 00000000
1 9 4 245 485 493 00000527 00000021 FFFFFFE1 00000525
1 9 4 246 486 494 00000000 00000000 00000000 00000000
1 9 4 247 487 495 FFFFEEE6 FFFFFEDE 2B5210DA F894F830
1 9 4 248 496 504 00000000 00000000 00000000 00000000
1 9 4 249 497 505 17827631 13703C38 FFFFF551 FFFFFAC4
1 9 4 250 498 506 00000000 00000000 00000000 00000000
1 9 4 251 499 507 FFFFF7BC FFFFFF9D 00000064 FFFFF7BD
1 9 4 252 500 508 00000000 00000000 00000000 00000000
1 9 4 253 501 509 00000E6D FFFFFEA3 0000015F 00000E6B
1 9 4 254 502 510 00000000 00000000 00000000 00000000
1 9 4 255 503 511 00000346 000005F5 F44677AC F31F249B
1 9 5 0 0 16 00000000 00000000 00000000 00000000
1 9 5 1 1 17 147AD75E 00000006 11EB849A 08F5BC6A
1 9 5 2 2 18 00000000 00000000 00000000 00000000
1 9 5 3 3 19 0000010B FFFFF4F3 FFFFFCCD 0000072F
1 9 5 4 4 20 00000000 00000000 00000000 00000000
1 9 5 5 5 21 000005D2 FFFFFA74 00000A16 FFFFFBAA
1 9 5 6 6 22 00000000 00000000 00000000 00000000
1 9 5 7 7 23 FFFFFBA8 00000875 0000028E FFFFFAB5
1 9 5 8 8 24 00000000 00000000 00000000 00000000
1 9 5 9 9 25 FFFFFA20 00000020 FFFFF680 FFFFFFF8
1 9 5 10 10 26 00000000 00000000 00000000 00000000
1 9 5 11 11 27 0000040F FFFFF5D0 FFFFFFCF 0000080A
1 9 5 12 12 28 00000000 00000000 00000000 00000000
1 9 5 13 13 29 000002D0 00000758 00000714 0000088E
1 9 5 14 14 30 00000000 00000000 00000000 00000000
1 9 5 15 15 31 EE148FF7 F70A33DE 147ACC43 00000C6A
1 9 5 16 32 48 00000000 00000000 00000000 00000000
1 9 5 17 33 49 EB9E64C8 FDFE2E10 07290D76 12B62BD4
1 9 5 18 34 50 00000000 00000000 00000000 00000000
1 9 5 19 35 51 FFFFFDFE 00000C31 0000051C FFFFFD6F
1 9 5 20 36 52 00000000 00000000 00000000 00000000
1 9 5 21 37 53 FFFFFBAA 00000B91 00000582 FFFFFE7B
1 9 5 22 38 54 00000000 00000000 00000000 00000000
1 9 5 23 39 55 000006F3 FFFFF7A4 FFFFFE75 0000020E
1 9 5 24 40 56 00000000 00000000 00000000 00000000
1 9 5 25 41 57 0000046B FFFFF611 FFFFFF13 00000265
1 9 5 26 42 58 00000000 00000000 00000000 00000000
1 9 5 27 43 59 FFFFF7A1 000008F0 FFFFFEBD FFFFFA2C
1 9 5 28 44 60 00000000 00000000 00000000 00000000
1 9 5 29 45 61 FFFFF60C 00000720 FFFFFFE6 FFFFFA0A
1 9 5 30 46 62 00000000 00000000 00000000 00000000
1 9 5 31 47 63 0AAC4B5A 10F49C4B EB9E7248 0201DBC5
1 9 5 32 64 80 00000000 00000000 00000000 00000000
1 9 5 33 65 81 0101377C EB8B7F78 06046BD8 06A383C2
1 9 5 34 66 82 00000000 00000000 00000000 00000000
1 9 5 35 67 83 0000040B 0000051F 000003CB 00000E2B
1 9 5 36 68 84 00000000 00000000 00000000 00000000
1 9 5 37 69 85 FFFFF86C FFFFFDB2 0000054C FFFFFB4E
1 9 5 38 70 86 00000000 00000000 00000000 00000000
1 9 5 39 71 87 00000419 FFFFFCB6 0000060B FFFFF588
1 9 5 40 72 88 00000000 00000000 00000000 00000000
1 9 5 41 73 89 00000434 000000C2 FFFFFA64 0000051E
1 9 5 42 74 90 00000000 00000000 00000000 00000000
1 9 5 43 75 91 FFFFF67B FFFFFF64 FFFFF63B 00000870
1 9 5 44 76 92 00000000 00000000 00000000 00000000
1 9 5 45 77 93 FFFFFD10 0000000D 000009F0 FFFFFDA9
1 9 5 46 78 94 00000000 00000000 00000000 00000000
1 9 5 47 79 95 EDF2DA27 13EAA344 01013943 1474911E
1 9 5 48 96 112 00000000 00000000 00000000 00000000
1 9 5 49 97 113 FCFEB41C 144214CE EA68F384 10033186
1 9 5 50 98 114 00000000 00000000 00000000 00000000
1 9 5 51 99 115 FFFFF81D FFFFFF37 00000447 FFFFFA5D
1 9 5 52 100 116 00000000 00000000 00000000 00000000
1 9 5 53 101 117 000002F7 000005CF 000000F5 00000EA3
1 9 5 54 102 118 00000000 00000000 00000000 00000000
1 9 5 55 103 119 000003D7 000001DF FFFFF935 00000367
1 9 5 56 104 120 00000000 00000000 00000000 00000000
1 9 5 57 105 121 0000030D FFFFFBB9 000002F9 FFFFF447
1 9 5 58 106 122 00000000 00000000 00000000 00000000
1 9 5 59 107 123 FFFFFD22 0000009F 0000094A FFFFFBC5
1 9 5 60 108 124 00000000 00000000 00000000 00000000
1 9 5 61 109 125 FFFFF6C9 FFFFFD8D FFFFF4C5 0000065D
1 9 5 62 110 126 00000000 00000000 00000000 00000000
1 9 5 63 111 127 07324EDD 05565EDB FCFEC47B EBBDE7CB
1 9 5 64 128 144 00000000 00000000 00000000 00000000
1 9 5 65 129 145 0ED51B19 F1E0DE34 18BE00BF 04097DAC
1 9 5 66 130 146 00000000 00000000 00000000 00000000
1 9 5 67 131 147 00000622 FFFFFD90 0000046A 0000086A
1 9 5 68 132 148 00000000 00000000 00000000 00000000
1 9 5 69 133 149 000000A1 FFFFFA03 00000945 FFFFF54F
1 9 5 70 134 150 00000000 00000000 00000000 00000000
1 9 5 71 135 151 FFFFFE18 FFFFFF31 00000190 FFFFF6DB
1 9 5 72 136 152 00000000 00000000 00000000 00000000
1 9 5 73 137 153 FFFFFBF2 00000102 FFFFF5F8 0000066A
1 9 5 74 138 154 00000000 00000000 00000000 00000000
1 9 5 75 139 155 FFFFFDE0 FFFFFFD9 FFFFFC26 00000AB3
1 9 5 76 140 156 00000000 00000000 00000000 00000000
1 9 5 77 141 157 00000406 0000074E 00000CA8 00000298
1 9 5 78 142 158 00000000 00000000 00000000 00000000
1 9 5 79 143 159 F7FA24E2 0A7C8627 0ED51600 0E1F31AB
1 9 5 80 160 176 00000000 00000000 00000000 00000000
1 9 5 81 161 177 EFDAD4AF 0C99939B F4C70BDB 06F4DDDF
1 9 5 82 162 178 00000000 00000000 00000000 00000000
1 9 5 83 163 179 FFFFF791 000008F3 00000913 FFFFFE37
1 9 5 84 164 180 00000000 00000000 00000000 00000000
1 9 5 85 165 181 00000006 0000090E FFFFFD5A 000006B6
1 9 5 86 166 182 00000000 00000000 00000000 00000000
1 9 5 87 167 183 00000A60 FFFFFBA3 FFFFFA5C 000000D7
1 9 5 88 168 184 00000000 00000000 00000000 00000000
1 9 5 89 169 185 00000301 FFFFFA5E 00000597 FFFFFBB8
1 9 5 90 170 186 00000000 00000000 00000000 00000000
1 9 5 91 171 187 FFFFF3AC 000005B1 0000052A FFFFFAF5
1 9 5 92 172 188 00000000 00000000 00000000 00000000
1 9 5 93 173 189 FFFFF975 FFFFFFDC FFFFF6C9 FFFFFD82
1 9 5 94 174 190 00000000 00000000 00000000 00000000
1 9 5 95 175 191 06714FD8 183A2C51 EFDAE504 F3666FE9
1 9 5 96 192 208 00000000 00000000 00000000 00000000
1 9 5 97 193 209 F29F774C F07E2305 0197C3C6 1904B91D
1 9 5 98 194 210 00000000 00000000 00000000 00000000
1 9 5 99 195 211 000001C8 000008DF FFFFFEB6 00000719
1 9 5 100 196 212 00000000 00000000 00000000 00000000
1 9 5 101 197 213 FFFFF5FE 00000722 0000093E 00000006
1 9 5 102 198 214 00000000 00000000 00000000 00000000
1 9 5 103 199 215 0000046B FFFFFB66 0000068B FFFFFD66
1 9 5 104 200 216 00000000 00000000 00000000 00000000
1 9 5 105 201 217 000008CE FFFFF8FA FFFFFACE 00000258
1 9 5 106 202 218 00000000 00000000 00000000 00000000
1 9 5 107 203 219 FFFFF98E 00000124 FFFFF678 FFFFFF5C
1 9 5 108 204 220 00000000 00000000 00000000 00000000
1 9 5 109 205 221 FFFFF2CC 0000032D 0000060E FFFFFC0F
1 9 5 110 206 222 00000000 00000000 00000000 00000000
1 9 5 111 207 223 F659B0BB 090322F6 F29F7FA7 0F81EB6E
1 9 5 112 224 240 00000000 00000000 00000000 00000000
1 9 5 113 225 241 0BCADEC9 10BE6FC1 F615DE3F 08B851F9
1 9 5 114 226 242 00000000 00000000 00000000 00000000
1 9 5 115 227 243 FFFFFF74 FFFFFA02 00000700 FFFFF3B2
1 9 5 116 228 244 00000000 00000000 00000000 00000000
1 9 5 117 229 245 0000067E FFFFFECE 000002B0 0000091E
1 9 5 118 230 246 00000000 00000000 00000000 00000000
1 9 5 119 231 247 FFFFFBD2 FFFFFFDF FFFFF49A 00000373
1 9 5 120 232 248 00000000 00000000 00000000 00000000
1 9 5 121 233 249 FFFFFDF3 FFFFFFBD FFFFFF05 FFFFF6C5
1 9 5 122 234 250 00000000 00000000 00000000 00000000
1 9 5 123 235 251 0000055F 00000663 00000CEB 00000013
1 9 5 124 236 252 00000000 00000000 00000000 00000000
1 9 5 125 237 253 FFFFFDF2 FFFFFF6F FFFFFA22 000009BD
1 9 5 126 238 254 00000000 00000000 00000000 00000000
1 9 5 127 239 255 190DE0DE FF21FBDF 0BCAEC62 EF418683
1 9 5 128 256 272 00000000 00000000 00000000 00000000
1 9 5 129 257 273 130401A2 F8654220 18EB7342 08C7BBDA
1 9 5 130 258 274 00000000 00000000 00000000 00000000
1 9 5 131 259 275 000004A9 FFFFF8A3 00000069 0000067B
1 9 5 132 260 276 00000000 00000000 00000000 00000000
1 9 5 133 261 277 000003AE FFFFFA39 00000B78 FFFFF76B
1 9 5 134 262 278 00000000 00000000 00000000 00000000
1 9 5 135 263 279 FFFFFB93 00000388 000001A1 FFFFF94A
1 9 5 136 264 280 00000000 00000000 00000000 00000000
1 9 5 137 265 281 FFFFFA75 FFFFFFE9 FFFFF4C7 000003A5
1 9 5 138 266 282 00000000 00000000 00000000 00000000
1 9 5 139 267 283 00000292 FFFFFB9E FFFFFE50 00000976
1 9 5 140 268 284 00000000 00000000 00000000 00000000
1 9 5 141 269 285 0000034A 000008FB 00000B14 0000062B
1 9 5 142 270 286 00000000 00000000 00000000 00000000
1 9 5 143 271 287 F5DB6B44 FEA4719F 1303F95A 079ACC59
1 9 5 144 288 304 00000000 00000000 00000000 00000000
1 9 5 145 289 305 EC549EE0 05B44749 005B5264 0A3A27EF
1 9 5 146 290 306 00000000 00000000 00000000 00000000
1 9 5 147 291 307 FFFFFA97 00000BD1 000008AD FFFFFD29
1 9 5 148 292 308 00000000 00000000 00000000 00000000
1 9 5 149 293 309 FFFFFE5A 00000AAE 00000082 0000012A
1 9 5 150 294 310 00000000 00000000 00000000 00000000
1 9 5 151 295 311 00000975 FFFFF86E FFFFFB6B 0000016E
1 9 5 152 296 312 00000000 00000000 00000000 00000000
1 9 5 153 297 313 000002E1 FFFFF818 000002FD 0000001A
1 9 5 154 298 314 00000000 00000000 00000000 00000000
1 9 5 155 299 315 FFFFF478 000008F8 0000028C FFFFFA4E
1 9 5 156 300 316 00000000 00000000 00000000 00000000
1 9 5 157 301 317 FFFFF902 00000431 FFFFFB28 FFFFFAAB
1 9 5 158 302 318 00000000 00000000 00000000 00000000
1 9 5 159 303 319 0B2E2789 17F06736 EC54AE1F FA4BBF8A
1 9 5 160 320 336 00000000 00000000 00000000 00000000
1 9 5 161 321 337 F95665AC ECA25F29 00252564 10B01DD5
1 9 5 162 322 338 00000000 00000000 00000000 00000000
1 9 5 163 323 339 000002BA 0000071C 00000052 00000C72
1 9 5 164 324 340 00000000 00000000 00000000 00000000
1 9 5 165 325 341 FFFFF5E4 00000244 00000706 FFFFFF06
1 9 5 166 326 342 00000000 00000000 00000000 00000000
1 9 5 167 327 343 000004B7 FFFFFCA4 000007AB FFFFF8D8
1 9 5 168 328 344 00000000 00000000 00000000 00000000
1 9 5 169 329 345 000007E2 FFFFFD48 FFFFFAD6 00000324
1 9 5 170 330 346 00000000 00000000 00000000 00000000
1 9 5 171 331 347 FFFFF76F FFFFFEDC FFFFF505 00000430
1 9 5 172 332 348 00000000 00000000 00000000 00000000
1 9 5 173 333 349 FFFFF6CA 00000013 000007EC FFFFFCD5
1 9 5 174 334 350 00000000 00000000 00000000 00000000
1 9 5 175 335 351 EE192692 0E46C3E1 F9566AD8 135DB0B5
1 9 5 176 352 368 00000000 00000000 00000000 00000000
1 9 5 177 353 369 04BB6429 13ECF35B F009A521 106A9A9B
1 9 5 178 354 370 00000000 00000000 00000000 00000000
1 9 5 179 355 371 FFFFFB9B FFFFFBA5 0000045D FFFFF5FF
1 9 5 180 356 372 00000000 00000000 00000000 00000000
1 9 5 181 357 373 0000050B 00000314 00000363 00000CE6
1 9 5 182 358 374 00000000 00000000 00000000 00000000
1 9 5 183 359 375 FFFFFF03 000001AE FFFFF6F1 00000480
1 9 5 184 360 376 00000000 00000000 00000000 00000000
1 9 5 185 361 377 000000C0 FFFFFCB0 00000034 FFFFF482
1 9 5 186 362 378 00000000 00000000 00000000 00000000
1 9 5 187 363 379 000002CF 000002D1 00000B8F FFFFFD29
1 9 5 188 364 380 00000000 00000000 00000000 00000000
1 9 5 189 365 381 FFFFF8D7 FFFFFF4D FFFFF72F 00000921
1 9 5 190 366 382 00000000 00000000 00000000 00000000
1 9 5 191 367 383 109F3202 FE822CB6 04BB7378 EC1305F0
1 9 5 192 384 400 00000000 00000000 00000000 00000000
1 9 5 193 385 401 08874181 ED616531 1097FAE5 01C7A003
1 9 5 194 386 402 00000000 00000000 00000000 00000000
1 9 5 195 387 403 0000058B 00000209 000005D7 00000BFF
1 9 5 196 388 404 00000000 00000000 00000000 00000000
1 9 5 197 389 405 FFFFFC8B FFFFFADF 0000063D FFFFF709
1 9 5 198 390 406 00000000 00000000 00000000 00000000
1 9 5 199 391 407 0000019E FFFFFD03 00000350 FFFFF501
1 9 5 200 392 408 00000000 00000000 00000000 00000000
1 9 5 201 393 409 FFFFFF80 000001E2 FFFFF882 000006CA
1 9 5 202 394 410 00000000 00000000 00000000 00000000
1 9 5 203 395 411 FFFFF8D8 000000B8 FFFFF920 00000AAC
1 9 5 204 396 412 00000000 00000000 00000000 00000000
1 9 5 205 397 413 00000233 0000034F 00000BE5 FFFFFF77
1 9 5 206 398 414 00000000 00000000 00000000 00000000
1 9 5 207 399 415 F38C0905 1336FE9B 08873FCD 129EAB67
1 9 5 208 416 432 00000000 00000000 00000000 00000000
1 9 5 209 417 433 F5B00638 11B1AAC9 EBA83000 0A828311
1 9 5 210 418 434 00000000 00000000 00000000 00000000
1 9 5 211 419 435 FFFFF686 00000432 000006B2 FFFFFDAC
1 9 5 212 420 436 00000000 00000000 00000000 00000000
1 9 5 213 421 437 0000014A 00000781 FFFFFDE2 00000C43
1 9 5 214 422 438 00000000 00000000 00000000 00000000
1 9 5 215 423 439 00000852 FFFFFF86 FFFFFA2C 000001A0
1 9 5 216 424 440 00000000 00000000 00000000 00000000
1 9 5 217 425 441 000003A0 FFFFFB7D 0000056E FFFFF705
1 9 5 218 426 442 00000000 00000000 00000000 00000000
1 9 5 219 427 443 FFFFF6FC 000001DF 00000726 FFFFFB59
1 9 5 220 428 444 00000000 00000000 00000000 00000000
1 9 5 221 429 445 FFFFF7D1 FFFFFD36 FFFFF469 000001F6
1 9 5 222 430 446 00000000 00000000 00000000 00000000
1 9 5 223 431 447 0365C6DF 1056D265 F5B016EF EE4E5547
1 9 5 224 448 464 00000000 00000000 00000000 00000000
1 9 5 225 449 465 EDD2361C F6918B36 064BAE2C 19A8F490
1 9 5 226 450 466 00000000 00000000 00000000 00000000
1 9 5 227 451 467 00000076 00000ACC 000000BA 0000010A
1 9 5 228 452 468 00000000 00000000 00000000 00000000
1 9 5 229 453 469 FFFFF865 00000A89 00000911 FFFFFEE9
1 9 5 230 454 470 00000000 00000000 00000000 00000000
1 9 5 231 455 471 000004EB FFFFF92E 000002D9 000000E8
1 9 5 232 456 472 00000000 00000000 00000000 00000000
1 9 5 233 457 473 0000070E FFFFF624 FFFFFBFA 0000029E
1 9 5 234 458 474 00000000 00000000 00000000 00000000
1 9 5 235 459 475 FFFFF9F5 0000057A FFFFFA35 FFFFFBB8
1 9 5 236 460 476 00000000 00000000 00000000 00000000
1 9 5 237 461 477 FFFFF2F1 0000068C 0000039D FFFFFAE8
1 9 5 238 462 478 00000000 00000000 00000000 00000000
1 9 5 239 463 479 025855DF 09F6171A EDD24147 096E8132
1 9 5 240 480 496 00000000 00000000 00000000 00000000
1 9 5 241 481 497 112AAED6 0B2B0027 F6511326 FCB0A24B
1 9 5 242 482 498 00000000 00000000 00000000 00000000
1 9 5 243 483 499 0000027B FFFFF99D 00000993 FFFFF559
1 9 5 244 484 500 00000000 00000000 00000000 00000000
1 9 5 245 485 501 00000602 FFFFF9B0 FFFFFF24 00000670
1 9 5 246 486 502 00000000 00000000 00000000 00000000
1 9 5 247 487 503 FFFFFAAF FFFFFE69 FFFFF437 00000075
1 9 5 248 488 504 00000000 00000000 00000000 00000000
1 9 5 249 489 505 FFFFFCB2 0000049A FFFFFFC0 FFFFF918
1 9 5 250 490 506 00000000 00000000 00000000 00000000
1 9 5 251 491 507 000004FB 0000082A 00000C11 000003E4
1 9 5 252 492 508 00000000 00000000 00000000 00000000
1 9 5 253 493 509 00000360 FFFFFC33 FFFFFC80 000008F1
1 9 5 254 494 510 00000000 00000000 00000000 00000000
1 9 5 255 495 511 1A2756BB 03C004AD 112ABA1F F4D4F383
1 9 6 0 0 32 00000000 00000000 00000000 00000000
1 9 6 1 1 33 00000379 00000CD2 147AD3E5 FFFFF334
1 9 6 2 2 34 00000000 00000000 00000000 00000000
1 9 6 3 3 35 00000153 00000099 FFFFFFB7 FFFFF459
1 9 6 4 4 36 00000000 00000000 00000000 00000000
1 9 6 5 5 37 000003B8 00000359 0000021A FFFFF71B
1 9 6 6 6 38 00000000 00000000 00000000 00000000
1 9 6 7 7 39 FFFFFDDC FFFFFECA FFFFFDCC 000009AA
1 9 6 8 8 40 00000000 00000000 00000000 00000000
1 9 6 9 9 41 FFFFFA9F FFFFFB34 FFFFFF81 000004EC
1 9 6 10 10 42 00000000 00000000 00000000 00000000
1 9 6 11 11 43 000003FD 000000B4 00000011 FFFFF51C
1 9 6 12 12 44 00000000 00000000 00000000 00000000
1 9 6 13 13 45 0000035E 00000978 FFFFFF72 FFFFFDE0
1 9 6 14 14 46 00000000 00000000 00000000 00000000
1 9 6 15 15 47 000008E9 F70A47B1 EE14870D FFFFEC2D
1 9 6 16 16 48 00000000 00000000 00000000 00000000
1 9 6 17 17 49 11EB74B3 FFFFFD24 00000FE7 08F5BF46
1 9 6 18 18 50 00000000 00000000 00000000 00000000
1 9 6 19 19 51 FFFFFC6E 00000186 0000005E 000005A8
1 9 6 20 20 52 00000000 00000000 00000000 00000000
1 9 6 21 21 53 00000313 FFFFFBC4 00000703 FFFFFFE6
1 9 6 22 22 54 00000000 00000000 00000000 00000000
1 9 6 23 23 55 00000290 FFFFFD4D FFFFFFFE FFFFFD67
1 9 6 24 24 56 00000000 00000000 00000000 00000000
1 9 6 25 25 57 FFFFFC5E FFFFFF5C FFFFFA22 0000009C
1 9 6 26 26 58 00000000 00000000 00000000 00000000
1 9 6 27 27 59 FFFFFF16 000006E4 000000B8 00000126
1 9 6 28 28 60 00000000 00000000 00000000 00000000
1 9 6 29 29 61 000002B9 00000726 0000045B 00000168
1 9 6 30 30 62 00000000 00000000 00000000 00000000
1 9 6 31 31 63 147AC819 00000D78 00000429 FFFFFEF2
1 9 6 32 64 96 00000000 00000000 00000000 00000000
1 9 6 33 65 97 FFFFFDB5 FFFFFD9F 010139C7 EB8B81D9
1 9 6 34 66 98 00000000 00000000 00000000 00000000
1 9 6 35 67 99 FFFFFE20 00000354 000005EA 000001CA
1 9 6 36 68 100 00000000 00000000 00000000 00000000
1 9 6 37 69 101 FFFFFEE2 000000B6 FFFFF98A FFFFFCFC
1 9 6 38 70 102 00000000 00000000 00000000 00000000
1 9 6 39 71 103 0000041E FFFFFDDD FFFFFFFA FFFFFED9
1 9 6 40 72 104 00000000 00000000 00000000 00000000
1 9 6 41 73 105 00000169 FFFFFDD8 000002CB 000002EA
1 9 6 42 74 106 00000000 00000000 00000000 00000000
1 9 6 43 75 107 FFFFFAD5 0000011B FFFFFBA5 FFFFFE49
1 9 6 44 76 108 00000000 00000000 00000000 00000000
1 9 6 45 77 109 FFFFFC04 00000413 0000010C FFFFFBF9
1 9 6 46 78 110 00000000 00000000 00000000 00000000
1 9 6 47 79 111 F9FB9C66 06A392EF F3F73DC0 0D471055
1 9 6 48 80 112 00000000 00000000 00000000 00000000
1 9 6 49 81 113 0C08CFE7 0D470CD5 F9FB9BF1 F95C76ED
1 9 6 50 82 114 00000000 00000000 00000000 00000000
1 9 6 51 83 115 FFFFFE94 000005DC 00000536 0000084E
1 9 6 52 84 116 00000000 00000000 00000000 00000000
1 9 6 53 85 117 000008E1 FFFFF9C8 FFFFFC6B 00000186
1 9 6 54 86 118 00000000 00000000 00000000 00000000
1 9 6 55 87 119 0000067D FFFFFC51 FFFFFF8D FFFFF937
1 9 6 56 88 120 00000000 00000000 00000000 00000000
1 9 6 57 89 121 FFFFF854 00000626 00000210 FFFFFEF8
1 9 6 58 90 122 00000000 00000000 00000000 00000000
1 9 6 59 91 123 FFFFF605 000003E6 00000035 0000048A
1 9 6 60 92 124 00000000 00000000 00000000 00000000
1 9 6 61 93 125 00000B44 FFFFFD6B FFFFFEAC 0000003D
1 9 6 62 94 126 00000000 00000000 00000000 00000000
1 9 6 63 95 127 01013259 14748756 000006E9 000009C8
1 9 6 64 128 160 00000000 00000000 00000000 00000000
1 9 6 65 129 161 000005BB 0000047A 0ED5155D F1E0D9BA
1 9 6 66 130 162 00000000 00000000 00000000 00000000
1 9 6 67 131 163 00000053 0000044A 000005CF FFFFF946
1 9 6 68 132 164 00000000 00000000 00000000 00000000
1 9 6 69 133 165 00000274 000000FE FFFFFE2C FFFFF904
1 9 6 70 134 166 00000000 00000000 00000000 00000000
1 9 6 71 135 167 000001AB FFFFFA9E FFFFFC6D 00000492
1 9 6 72 136 168 00000000 00000000 00000000 00000000
1 9 6 73 137 169 FFFFFCBE FFFFFD8E FFFFFF34 00000374
1 9 6 74 138 170 00000000 00000000 00000000 00000000
1 9 6 75 139 171 FFFFFE8A 000006B3 FFFFFF56 FFFFF925
1 9 6 76 140 172 00000000 00000000 00000000 00000000
1 9 6 77 141 173 000000FD 000006C3 00000309 0000008B
1 9 6 78 142 174 00000000 00000000 00000000 00000000
1 9 6 79 143 175 085C0A67 03398EFB EF9E1A7B 0742F72B
1 9 6 80 144 176 00000000 00000000 00000000 00000000
1 9 6 81 145 177 1061F2C5 07430373 085C0DF9 FCC67A39
1 9 6 82 146 178 00000000 00000000 00000000 00000000
1 9 6 83 147 179 00000009 00000021 00000461 00000849
1 9 6 84 148 180 00000000 00000000 00000000 00000000
1 9 6 85 149 181 00000837 FFFFFA3E 0000010D FFFFFB10
1 9 6 86 150 182 00000000 00000000 00000000 00000000
1 9 6 87 151 183 000002E6 FFFFFD58 FFFFFEAA FFFFF982
1 9 6 88 152 184 00000000 00000000 00000000 00000000
1 9 6 89 153 185 FFFFF777 00000318 FFFFFE81 00000352
1 9 6 90 154 186 00000000 00000000 00000000 00000000
1 9 6 91 155 187 FFFFFA9C 0000065C 0000018A 00000456
1 9 6 92 156 188 00000000 00000000 00000000 00000000
1 9 6 93 157 189 00000A60 000003D5 00000248 FFFFFEC3
1 9 6 94 158 190 00000000 00000000 00000000 00000000
1 9 6 95 159 191 0ED50ADC 0E1F2BA9 00000B24 00000601
1 9 6 96 192 224 00000000 00000000 00000000 00000000
1 9 6 97 193 225 FFFFF936 FFFFFE76 F29F7E16 F07E248E
1 9 6 98 194 226 00000000 00000000 00000000 00000000
1 9 6 99 195 227 FFFFFFC2 000001A6 00000206 00000738
1 9 6 100 196 228 00000000 00000000 00000000 00000000
1 9 6 101 197 229 FFFFFD92 00000183 FFFFF86C 0000059F
1 9 6 102 198 230 00000000 00000000 00000000 00000000
1 9 6 103 199 231 0000008C FFFFFEFA 000003DE FFFFFC6C
1 9 6 104 200 232 00000000 00000000 00000000 00000000
1 9 6 105 201 233 000003A6 FFFFFD32 00000528 FFFFFBC8
1 9 6 106 202 234 00000000 00000000 00000000 00000000
1 9 6 107 203 235 000000DB FFFFFFB5 FFFFF8B3 0000016F
1 9 6 108 204 236 00000000 00000000 00000000 00000000
1 9 6 109 205 237 FFFFF8D3 0000027C FFFFF9F9 000000B0
1 9 6 110 206 238 00000000 00000000 00000000 00000000
1 9 6 111 207 239 FBF8B974 F7FF3601 FA60F746 1103ECF5
1 9 6 112 208 240 00000000 00000000 00000000 00000000
1 9 6 113 209 241 059F0EBC 1103E64A FBF8B50A 0800D2D2
1 9 6 114 210 242 00000000 00000000 00000000 00000000
1 9 6 115 211 243 FFFFF873 000001FD 00000643 0000051B
1 9 6 116 212 244 00000000 00000000 00000000 00000000
1 9 6 117 213 245 00000802 FFFFFCAE 0000013C 00000358
1 9 6 118 214 246 00000000 00000000 00000000 00000000
1 9 6 119 215 247 00000838 00000203 FFFFFE52 FFFFFB63
1 9 6 120 216 248 00000000 00000000 00000000 00000000
1 9 6 121 217 249 FFFFFADB 0000050E FFFFFFF3 FFFFFD4A
1 9 6 122 218 250 00000000 00000000 00000000 00000000
1 9 6 123 219 251 FFFFF58E FFFFFC9B 000000EA 000002C1
1 9 6 124 220 252 00000000 00000000 00000000 00000000
1 9 6 125 221 253 0000073F FFFFFA3A FFFFFECF 000001D4
1 9 6 126 222 254 00000000 00000000 00000000 00000000
1 9 6 127 223 255 F29F7B03 0F81E6DA 000004A3 00000494
1 9 6 128 256 288 00000000 00000000 00000000 00000000
1 9 6 129 257 289 000005F4 000009B7 1303FBAE F8653869
1 9 6 130 258 290 00000000 00000000 00000000 00000000
1 9 6 131 259 291 00000174 000002C2 00000334 FFFFF5E0
1 9 6 132 260 292 00000000 00000000 00000000 00000000
1 9 6 133 261 293 000003A0 00000235 0000000E FFFFF803
1 9 6 134 262 294 00000000 00000000 00000000 00000000
1 9 6 135 263 295 FFFFFF09 FFFFFBD7 FFFFFC89 000007B1
1 9 6 136 264 296 00000000 00000000 00000000 00000000
1 9 6 137 265 297 FFFFFB14 FFFFFC55 FFFFFF60 00000393
1 9 6 138 266 298 00000000 00000000 00000000 00000000
1 9 6 139 267 299 00000285 00000502 0000000D FFFFF69C
1 9 6 140 268 300 00000000 00000000 00000000 00000000
1 9 6 141 269 301 000002A2 00000871 000000A8 00000089
1 9 6 142 270 302 00000000 00000000 00000000 00000000
1 9 6 143 271 303 076369F5 FAEE67D5 EE78014F 03B609C9
1 9 6 144 272 304 00000000 00000000 00000000 00000000
1 9 6 145 273 305 118803E6 03B61B6B 07636F5C 0511A06F
1 9 6 146 274 306 00000000 00000000 00000000 00000000
1 9 6 147 275 307 FFFFFD96 FFFFFF81 000002D2 000006F9
1 9 6 148 276 308 00000000 00000000 00000000 00000000
1 9 6 149 277 309 00000621 FFFFFB36 00000557 FFFFFC34
1 9 6 150 278 310 00000000 00000000 00000000 00000000
1 9 6 151 279 311 000002D2 FFFFFDF7 FFFFFECE FFFFFB53
1 9 6 152 280 312 00000000 00000000 00000000 00000000
1 9 6 153 281 313 FFFFF944 000000D6 FFFFFB82 000002CE
1 9 6 154 282 314 00000000 00000000 00000000 00000000
1 9 6 155 283 315 FFFFFCB1 000006A5 0000019F 000002D1
1 9 6 156 284 316 00000000 00000000 00000000 00000000
1 9 6 157 285 317 00000715 00000657 000003FF FFFFFFD3
1 9 6 158 286 318 00000000 00000000 00000000 00000000
1 9 6 159 287 319 1303F048 079ACAB0 00000912 000001A8
1 9 6 160 320 352 00000000 00000000 00000000 00000000
1 9 6 161 321 353 FFFFFA3F FFFFFDD7 F9566B6D ECA26151
1 9 6 162 322 354 00000000 00000000 00000000 00000000
1 9 6 163 323 355 FFFFFEA0 0000021C 0000041A 00000500
1 9 6 164 324 356 00000000 00000000 00000000 00000000
1 9 6 165 325 357 FFFFFDE4 0000014D FFFFF800 000000F7
1 9 6 166 326 358 00000000 00000000 00000000 00000000
1 9 6 167 327 359 00000281 FFFFFF49 00000235 FFFFFD5B
1 9 6 168 328 360 00000000 00000000 00000000 00000000
1 9 6 169 329 361 000002E5 FFFFFD4D 000004FD FFFFFFFB
1 9 6 170 330 362 00000000 00000000 00000000 00000000
1 9 6 171 331 363 FFFFFD9D FFFFFEDA FFFFF9D1 00000002
1 9 6 172 332 364 00000000 00000000 00000000 00000000
1 9 6 173 333 365 FFFFFA04 0000035D FFFFFCC6 FFFFFCB5
1 9 6 174 334 366 00000000 00000000 00000000 00000000
1 9 6 175 335 367 F71F22B3 FECB5478 F6FA03DF 0F7B6F68
1 9 6 176 336 368 00000000 00000000 00000000 00000000
1 9 6 177 337 369 09060531 0F7B68C3 F71F2033 0134B511
1 9 6 178 338 370 00000000 00000000 00000000 00000000
1 9 6 179 339 371 FFFFFABD 00000597 00000595 000006DB
1 9 6 180 340 372 00000000 00000000 00000000 00000000
1 9 6 181 341 373 00000867 FFFFFAFB FFFFFE9F 0000040B
1 9 6 182 342 374 00000000 00000000 00000000 00000000
1 9 6 183 343 375 00000872 FFFFFE80 FFFFFF38 FFFFFA58
1 9 6 184 344 376 00000000 00000000 00000000 00000000
1 9 6 185 345 377 FFFFF9B1 000005F4 00000125 FFFFFD30
1 9 6 186 346 378 00000000 00000000 00000000 00000000
1 9 6 187 347 379 FFFFF4BE 000000A0 00000046 00000390
1 9 6 188 348 380 00000000 00000000 00000000 00000000
1 9 6 189 349 381 00000981 FFFFFB54 FFFFFE6B 00000180
1 9 6 190 350 382 00000000 00000000 00000000 00000000
1 9 6 191 351 383 F9566610 135DA934 000004C8 00000780
1 9 6 192 384 416 00000000 00000000 00000000 00000000
1 9 6 193 385 417 00000262 FFFFFFC7 08873F1E ED616569
1 9 6 194 386 418 00000000 00000000 00000000 00000000
1 9 6 195 387 419 FFFFFED7 00000466 000006B3 FFFFFDA2
1 9 6 196 388 420 00000000 00000000 00000000 00000000
1 9 6 197 389 421 0000009A 00000071 FFFFFBF0 FFFFFA6D
1 9 6 198 390 422 00000000 00000000 00000000 00000000
1 9 6 199 391 423 000003DF FFFFFBAE FFFFFDBF 00000154
1 9 6 200 392 424 00000000 00000000 00000000 00000000
1 9 6 201 393 425 FFFFFF27 FFFFFE1C 00000059 000003C6
1 9 6 202 394 426 00000000 00000000 00000000 00000000
1 9 6 203 395 427 FFFFFB1E 000004C6 FFFFFDBA FFFFFBF2
1 9 6 204 396 428 00000000 00000000 00000000 00000000
1 9 6 205 397 429 FFFFFE92 0000052A 000003A0 FFFFFE24
1 9 6 206 398 430 00000000 00000000 00000000 00000000
1 9 6 207 399 431 0211F919 08B7B606 F17A0FEB 0A7F4894
1 9 6 208 400 432 00000000 00000000 00000000 00000000
1 9 6 209 401 433 0E860033 0A7F4C4B 0211FAB1 F74853B7
1 9 6 210 402 434 00000000 00000000 00000000 00000000
1 9 6 211 403 435 000000D5 00000322 00000501 000008DC
1 9 6 212 404 436 00000000 00000000 00000000 00000000
1 9 6 213 405 437 00000906 FFFFF991 FFFFFD36 FFFFFD77
1 9 6 214 406 438 00000000 00000000 00000000 00000000
1 9 6 215 407 439 00000422 FFFFFC3E FFFFFF2E FFFFF8C2
1 9 6 216 408 440 00000000 00000000 00000000 00000000
1 9 6 217 409 441 FFFFF74E 00000526 00000134 000001A4
1 9 6 218 410 442 00000000 00000000 00000000 00000000
1 9 6 219 411 443 FFFFF851 000005B5 000000CF 000004F7
1 9 6 220 412 444 00000000 00000000 00000000 00000000
1 9 6 221 413 445 00000BC6 0000007A 0000001E FFFFFEFC
1 9 6 222 414 446 00000000 00000000 00000000 00000000
1 9 6 223 415 447 088735F2 129EA20A 000009DA 0000095C
1 9 6 224 448 480 00000000 00000000 00000000 00000000
1 9 6 225 449 481 FFFFF9A6 FFFFFD9B EDD23C76 F6918D9B
1 9 6 226 450 482 00000000 00000000 00000000 00000000
1 9 6 227 451 483 0000007C 000001FB FFFFFFFA 000008D1
1 9 6 228 452 484 00000000 00000000 00000000 00000000
1 9 6 229 453 485 FFFFFD5B 00000111 FFFFFB09 00000977
1 9 6 230 454 486 00000000 00000000 00000000 00000000
1 9 6 231 455 487 FFFFFFE4 FFFFFDA9 00000506 FFFFFB85
1 9 6 232 456 488 00000000 00000000 00000000 00000000
1 9 6 233 457 489 00000441 FFFFFDCE 000002CD FFFFF856
1 9 6 234 458 490 00000000 00000000 00000000 00000000
1 9 6 235 459 491 000001BF 00000277 FFFFF835 00000303
1 9 6 236 460 492 00000000 00000000 00000000 00000000
1 9 6 237 461 493 FFFFF823 0000011B FFFFFACD 00000571
1 9 6 238 462 494 00000000 00000000 00000000 00000000
1 9 6 239 463 495 04520256 F82691B2 FE065388 11CF8568
1 9 6 240 464 496 00000000 00000000 00000000 00000000
1 9 6 241 465 497 01F9B1FB 11CF7E8B 0451FC31 07D97605
1 9 6 242 466 498 00000000 00000000 00000000 00000000
1 9 6 243 467 499 FFFFF9E1 FFFFFD7D 000006D9 0000038D
1 9 6 244 468 500 00000000 00000000 00000000 00000000
1 9 6 245 469 501 00000792 FFFFFE52 0000017E 00000096
1 9 6 246 470 502 00000000 00000000 00000000 00000000
1 9 6 247 471 503 00000556 000004DE FFFFFD82 FFFFFC0A
1 9 6 248 472 504 00000000 00000000 00000000 00000000
1 9 6 249 473 505 FFFFFBE5 00000410 00000015 FFFFFE8E
1 9 6 250 474 506 00000000 00000000 00000000 00000000
1 9 6 251 475 507 FFFFF8B2 FFFFF94D 00000182 0000026B
1 9 6 252 476 508 00000000 00000000 00000000 00000000
1 9 6 253 477 509 000004C7 FFFFF9B0 FFFFFED5 00000138
1 9 6 254 478 510 00000000 00000000 00000000 00000000
1 9 6 255 479 511 EDD23BD2 096E7E2F 00000574 00000303
1 9 7 0 0 64 00000000 00000000 00000000 00000000
1 9 7 1 1 65 00000087 00000547 000002F1 0000078B
1 9 7 2 2 66 00000000 00000000 00000000 00000000
1 9 7 3 3 67 FFFFFFF9 00000215 00000159 FFFFFE83
1 9 7 4 4 68 00000000 00000000 00000000 00000000
1 9 7 5 5 69 00000167 00000227 00000251 00000131
1 9 7 6 6 70 00000000 00000000 00000000 00000000
1 9 7 7 7 71 00000081 FFFFFDB2 FFFFFD5B 00000118
1 9 7 8 8 72 00000000 00000000 00000000 00000000
1 9 7 9 9 73 FFFFFD7B FFFFFC53 FFFFFD23 FFFFFEE1
1 9 7 10 10 74 00000000 00000000 00000000 00000000
1 9 7 11 11 75 0000000E 00000228 000003EE FFFFFE8C
1 9 7 12 12 76 00000000 00000000 00000000 00000000
1 9 7 13 13 77 0000014B 0000078E 00000213 000001EA
1 9 7 14 14 78 00000000 00000000 00000000 00000000
1 9 7 15 15 79 00000B29 00000476 FFFFFDBF F70A433A
1 9 7 16 16 80 00000000 00000000 00000000 00000000
1 9 7 17 17 81 11EB7539 0000005E FFFFFF79 FFFFFCC6
1 9 7 18 18 82 00000000 00000000 00000000 00000000
1 9 7 19 19 83 00000024 00000314 FFFFFC4A FFFFFE72
1 9 7 20 20 84 00000000 00000000 00000000 00000000
1 9 7 21 21 85 00000126 FFFFF87A 000001EC 0000034A
1 9 7 22 22 86 00000000 00000000 00000000 00000000
1 9 7 23 23 87 00000100 FFFFFAEE 00000190 0000025E
1 9 7 24 24 88 00000000 00000000 00000000 00000000
1 9 7 25 25 89 FFFFFFC9 00000454 FFFFFC95 FFFFFB08
1 9 7 26 26 90 00000000 00000000 00000000 00000000
1 9 7 27 27 91 00000038 000008C3 FFFFFEDE FFFFFE21
1 9 7 28 28 92 00000000 00000000 00000000 00000000
1 9 7 29 29 93 000000E8 FFFFFDD0 000001D0 00000956
1 9 7 30 30 94 00000000 00000000 00000000 00000000
1 9 7 31 31 95 147AD97A 000010B1 FFFFEE9E FFFFFCC7
1 9 7 32 32 96 00000000 00000000 00000000 00000000
1 9 7 33 33 97 FFFFF8EB FFFFFFA0 147ADAF9 FFFFF394
1 9 7 34 34 98 00000000 00000000 00000000 00000000
1 9 7 35 35 99 0000004E FFFFF71F FFFFFF68 FFFFFD39
1 9 7 36 36 100 00000000 00000000 00000000 00000000
1 9 7 37 37 101 0000005F FFFFFF0E 000001BB FFFFF80C
1 9 7 38 38 102 00000000 00000000 00000000 00000000
1 9 7 39 39 103 FFFFFE5D 0000050A FFFFFF6F 000004A0
1 9 7 40 40 104 00000000 00000000 00000000 00000000
1 9 7 41 41 105 00000079 00000094 FFFFFF07 00000458
1 9 7 42 42 106 00000000 00000000 00000000 00000000
1 9 7 43 43 107 0000006A FFFFFCDE FFFFFFA6 FFFFF83E
1 9 7 44 44 108 00000000 00000000 00000000 00000000
1 9 7 45 45 109 FFFFFDCB FFFFFFB9 000001A7 FFFFFE27
1 9 7 46 46 110 00000000 00000000 00000000 00000000
1 9 7 47 47 111 FFFFFB1D FFFFEE10 EE148BEF FFFFFE1C
1 9 7 48 48 112 00000000 00000000 00000000 00000000
1 9 7 49 49 113 000004B7 08F5BCC3 00000B2F 00000283
1 9 7 50 50 114 00000000 00000000 00000000 00000000
1 9 7 51 51 115 00000091 FFFFFDF2 FFFFFFCD 000007B6
1 9 7 52 52 116 00000000 00000000 00000000 00000000
1 9 7 53 53 117 0000056F 00000038 00000193 FFFFFFAE
1 9 7 54 54 118 00000000 00000000 00000000 00000000
1 9 7 55 55 119 FFFFFEBF 000001DE 0000013F FFFFFB88
1 9 7 56 56 120 00000000 00000000 00000000 00000000
1 9 7 57 57 121 FFFFFBEC 00000073 FFFFFE36 00000029
1 9 7 58 58 122 00000000 00000000 00000000 00000000
1 9 7 59 59 123 000000D0 FFFFFE5A FFFFFFE8 000002CC
1 9 7 60 60 124 00000000 00000000 00000000 00000000
1 9 7 61 61 125 000002DA 000000AF 00000180 000000B9
1 9 7 62 62 126 00000000 00000000 00000000 00000000
1 9 7 63 63 127 FFFFFEDE FFFFFA6C 0000054A 00000486
1 9 7 64 128 192 00000000 00000000 00000000 00000000
1 9 7 65 129 193 FFFFFF6F 000001A3 0000064B 000002D7
1 9 7 66 130 194 00000000 00000000 00000000 00000000
1 9 7 67 131 195 00000028 000002FA 0000002A 00000150
1 9 7 68 132 196 00000000 00000000 00000000 00000000
1 9 7 69 133 197 0000003B 00000186 00000239 FFFFFF78
1 9 7 70 134 198 00000000 00000000 00000000 00000000
1 9 7 71 135 199 000000E9 FFFFFCBC 000000C1 FFFFFDE2
1 9 7 72 136 200 00000000 00000000 00000000 00000000
1 9 7 73 137 201 FFFFFF6B FFFFFCBB FFFFFD53 000000D3
1 9 7 74 138 202 00000000 00000000 00000000 00000000
1 9 7 75 139 203 FFFFFF8E 00000300 FFFFFEFC 000003B2
1 9 7 76 140 204 00000000 00000000 00000000 00000000
1 9 7 77 141 205 FFFFFE59 00000684 000002A3 0000003E
1 9 7 78 142 206 00000000 00000000 00000000 00000000
1 9 7 79 143 207 0000035B 00000E12 085C070B 033980E8
1 9 7 80 144 208 00000000 00000000 00000000 00000000
1 9 7 81 145 209 1061E8F3 074306F0 000009D1 FFFFFC82
1 9 7 82 146 210 00000000 00000000 00000000 00000000
1 9 7 83 147 211 FFFFFE90 000003B0 00000178 FFFFFC70
1 9 7 84 148 212 00000000 00000000 00000000 00000000
1 9 7 85 149 213 000004BC FFFFF8D5 0000037A 00000169
1 9 7 86 150 214 00000000 00000000 00000000 00000000
1 9 7 87 151 215 0000041C FFFFFB64 FFFFFECA 000001F4
1 9 7 88 152 216 00000000 00000000 00000000 00000000
1 9 7 89 153 217 FFFFFD3E 000004D2 FFFFFA38 FFFFFE46
1 9 7 90 154 218 00000000 00000000 00000000 00000000
1 9 7 91 155 219 FFFFFA63 000007D5 00000039 FFFFFE87
1 9 7 92 156 220 00000000 00000000 00000000 00000000
1 9 7 93 157 221 000002DD FFFFFDE8 00000783 000005EC
1 9 7 94 158 222 00000000 00000000 00000000 00000000
1 9 7 95 159 223 0ED515CC 0E1F3691 FFFFF510 FFFFF517
1 9 7 96 160 224 00000000 00000000 00000000 00000000
1 9 7 97 161 225 FFFFFFEE 00000BCA 0ED5156E F1E0CDF0
1 9 7 98 162 226 00000000 00000000 00000000 00000000
1 9 7 99 163 227 00000652 FFFFFB1C FFFFFF7C FFFFFE2A
1 9 7 100 164 228 00000000 00000000 00000000 00000000
1 9 7 101 165 229 000002BB FFFFFF81 FFFFFB71 FFFFF983
1 9 7 102 166 230 00000000 00000000 00000000 00000000
1 9 7 103 167 231 FFFFFBE0 00000112 0000008C 00000380
1 9 7 104 168 232 00000000 00000000 00000000 00000000
1 9 7 105 169 233 FFFFFC97 0000004D 0000029D 00000327
1 9 7 106 170 234 00000000 00000000 00000000 00000000
1 9 7 107 171 235 00000229 FFFFFF56 FFFFFD2D FFFFF9CE
1 9 7 108 172 236 00000000 00000000 00000000 00000000
1 9 7 109 173 237 00000396 0000027D FFFFFF72 FFFFFE0D
1 9 7 110 174 238 00000000 00000000 00000000 00000000
1 9 7 111 175 239 FFFFFD43 FFFFF1E7 EF9E1D37 07430543
1 9 7 112 176 240 00000000 00000000 00000000 00000000
1 9 7 113 177 241 085C0D6D FCC681E8 0000008B FFFFF850
1 9 7 114 178 242 00000000 00000000 00000000 00000000
1 9 7 115 179 243 00000132 0000003B 0000032E 0000080D
1 9 7 116 180 244 00000000 00000000 00000000 00000000
1 9 7 117 181 245 000000DB FFFFFBC8 00000031 FFFFFF48
1 9 7 118 182 246 00000000 00000000 00000000 00000000
1 9 7 119 183 247 FFFFFF1B FFFFFF33 FFFFFF8F FFFFFA4F
1 9 7 120 184 248 00000000 00000000 00000000 00000000
1 9 7 121 185 249 FFFFFED2 000002F3 FFFFFFAE 0000005F
1 9 7 122 186 250 00000000 00000000 00000000 00000000
1 9 7 123 187 251 000000A9 000000BA 000000E1 0000039C
1 9 7 124 188 252 00000000 00000000 00000000 00000000
1 9 7 125 189 253 000001DD FFFFFE91 0000006B 00000031
1 9 7 126 190 254 00000000 00000000 00000000 00000000
1 9 7 127 191 255 0000035E 0000009A 000007C6 00000566
1 9 7 128 256 320 00000000 00000000 00000000 00000000
1 9 7 129 257 321 0000000C 000003EB 000005E8 000005CB
1 9 7 130 258 322 00000000 00000000 00000000 00000000
1 9 7 131 259 323 00000032 00000286 00000142 0000003C
1 9 7 132 260 324 00000000 00000000 00000000 00000000
1 9 7 133 261 325 000000F2 000001FD 000002AE 00000037
1 9 7 134 262 326 00000000 00000000 00000000 00000000
1 9 7 135 263 327 00000092 FFFFFD29 FFFFFE76 FFFFFEAD
1 9 7 136 264 328 00000000 00000000 00000000 00000000
1 9 7 137 265 329 FFFFFE44 FFFFFC53 FFFFFCD0 00000001
1 9 7 138 266 330 00000000 00000000 00000000 00000000
1 9 7 139 267 331 FFFFFFEF 000002A0 00000295 00000262
1 9 7 140 268 332 00000000 00000000 00000000 00000000
1 9 7 141 269 333 FFFFFFE9 0000075A 000002B9 00000116
1 9 7 142 270 334 00000000 00000000 00000000 00000000
1 9 7 143 271 335 0000094C 00000B42 076360A8 FAEE5C92
1 9 7 144 272 336 00000000 00000000 00000000 00000000
1 9 7 145 273 337 1187FE91 03B61E1E 00000555 FFFFFD4C
1 9 7 146 274 338 00000000 00000000 00000000 00000000
1 9 7 147 275 339 FFFFFF77 00000387 FFFFFE1F FFFFFBF9
1 9 7 148 276 340 00000000 00000000 00000000 00000000
1 9 7 149 277 341 00000310 FFFFF8B6 00000310 00000280
1 9 7 150 278 342 00000000 00000000 00000000 00000000
1 9 7 151 279 343 00000289 FFFFFAD7 00000049 0000031F
1 9 7 152 280 344 00000000 00000000 00000000 00000000
1 9 7 153 281 345 FFFFFE5E 00000464 FFFFFAE6 FFFFFC72
1 9 7 154 282 346 00000000 00000000 00000000 00000000
1 9 7 155 283 347 FFFFFD46 000008DB FFFFFF6A FFFFFDC9
1 9 7 156 284 348 00000000 00000000 00000000 00000000
1 9 7 157 285 349 000001EC FFFFFE20 00000528 00000836
1 9 7 158 286 350 00000000 00000000 00000000 00000000
1 9 7 159 287 351 1304002A 079AD2C8 FFFFF01E FFFFF7E8
1 9 7 160 288 352 00000000 00000000 00000000 00000000
1 9 7 161 289 353 FFFFFAF0 000006B5 130400BE F86531B3
1 9 7 162 290 354 00000000 00000000 00000000 00000000
1 9 7 163 291 355 000003C6 FFFFF88C FFFFFF6E FFFFFD54
1 9 7 164 292 356 00000000 00000000 00000000 00000000
1 9 7 165 293 357 00000177 FFFFFFC5 FFFFFE97 FFFFF83D
1 9 7 166 294 358 00000000 00000000 00000000 00000000
1 9 7 167 295 359 FFFFFCA6 00000342 FFFFFFE2 0000046E
1 9 7 168 296 360 00000000 00000000 00000000 00000000
1 9 7 169 297 361 FFFFFE9D FFFFFF8A 000000C3 00000408
1 9 7 170 298 362 00000000 00000000 00000000 00000000
1 9 7 171 299 363 0000019D FFFFFDF5 FFFFFE6F FFFFF8A7
1 9 7 172 300 364 00000000 00000000 00000000 00000000
1 9 7 173 301 365 FFFFFFF8 0000028C 000000B0 FFFFFDFC
1 9 7 174 302 366 00000000 00000000 00000000 00000000
1 9 7 175 303 367 FFFFFCB1 FFFFEEE5 EE78049D 03B61AE3
1 9 7 176 304 368 00000000 00000000 00000000 00000000
1 9 7 177 305 369 0763677C 0511A4DE 000007E0 FFFFFB90
1 9 7 178 306 370 00000000 00000000 00000000 00000000
1 9 7 179 307 371 00000136 FFFFFF13 0000019C 000007E5
1 9 7 180 308 372 00000000 00000000 00000000 00000000
1 9 7 181 309 373 0000044D FFFFFCBA 00000109 FFFFFF7A
1 9 7 182 310 374 00000000 00000000 00000000 00000000
1 9 7 183 311 375 FFFFFE8C 00000063 00000042 FFFFFAEF
1 9 7 184 312 376 00000000 00000000 00000000 00000000
1 9 7 185 313 377 FFFFFCBE 00000289 FFFFFEC4 00000045
1 9 7 186 314 378 00000000 00000000 00000000 00000000
1 9 7 187 315 379 0000011C FFFFFFA6 00000082 0000032A
1 9 7 188 316 380 00000000 00000000 00000000 00000000
1 9 7 189 317 381 000002E4 FFFFFF4A 0000011A 00000088
1 9 7 190 318 382 00000000 00000000 00000000 00000000
1 9 7 191 319 383 00000255 FFFFFCF8 000006BD 000004B0
1 9 7 192 384 448 00000000 00000000 00000000 00000000
1 9 7 193 385 449 FFFFFDF4 FFFFFED8 0000046E 000000EE
1 9 7 194 386 450 00000000 00000000 00000000 00000000
1 9 7 195 387 451 FFFFFFCD 00000324 FFFFFF09 00000142
1 9 7 196 388 452 00000000 00000000 00000000 00000000
1 9 7 197 389 453 FFFFFF25 0000010F 00000175 FFFFFF61
1 9 7 198 390 454 00000000 00000000 00000000 00000000
1 9 7 199 391 455 0000017C FFFFFCC2 00000262 FFFFFEEC
1 9 7 200 392 456 00000000 00000000 00000000 00000000
1 9 7 201 393 457 00000106 FFFFFD27 FFFFFE20 000000F5
1 9 7 202 394 458 00000000 00000000 00000000 00000000
1 9 7 203 395 459 FFFFFEF0 000002FF FFFFFC2E 000001C7
1 9 7 204 396 460 00000000 00000000 00000000 00000000
1 9 7 205 397 461 FFFFFC74 0000055E 0000021E FFFFFFCC
1 9 7 206 398 462 00000000 00000000 00000000 00000000
1 9 7 207 399 463 FFFFFDB7 00000B52 0211FB61 08B7AAB4
1 9 7 208 400 464 00000000 00000000 00000000 00000000
1 9 7 209 401 465 0E85F3DC 0A7F507E 00000C56 FFFFFBCC
1 9 7 210 402 466 00000000 00000000 00000000 00000000
1 9 7 211 403 467 FFFFFD94 00000347 00000340 FFFFFFDB
1 9 7 212 404 468 00000000 00000000 00000000 00000000
1 9 7 213 405 469 000005BC FFFFF91A 0000034A 00000076
1 9 7 214 406 470 00000000 00000000 00000000 00000000
1 9 7 215 407 471 00000568 FFFFFCC0 FFFFFEBA FFFFFF7E
1 9 7 216 408 472 00000000 00000000 00000000 00000000
1 9 7 217 409 473 FFFFFCDE 00000531 FFFFFA70 FFFFFFF5
1 9 7 218 410 474 00000000 00000000 00000000 00000000
1 9 7 219 411 475 FFFFF804 00000594 0000004C 00000020
1 9 7 220 412 476 00000000 00000000 00000000 00000000
1 9 7 221 413 477 0000031C FFFFFD6A 000008AA 00000310
1 9 7 222 414 478 00000000 00000000 00000000 00000000
1 9 7 223 415 479 08873AC2 129EAC2C FFFFFB30 FFFFF5DE
1 9 7 224 416 480 00000000 00000000 00000000 00000000
1 9 7 225 417 481 000005A4 00000D40 0887397A ED615828
1 9 7 226 418 482 00000000 00000000 00000000 00000000
1 9 7 227 419 483 000007B6 FFFFFE2F FFFFFEFC FFFFFF73
1 9 7 228 420 484 00000000 00000000 00000000 00000000
1 9 7 229 421 485 0000032A FFFFFE79 FFFFF8C6 FFFFFBF3
1 9 7 230 422 486 00000000 00000000 00000000 00000000
1 9 7 231 423 487 FFFFFBEB FFFFFF0F 000001D3 00000245
1 9 7 232 424 488 00000000 00000000 00000000 00000000
1 9 7 233 425 489 FFFFFC1C 00000243 0000043C 00000183
1 9 7 234 426 490 00000000 00000000 00000000 00000000
1 9 7 235 427 491 00000228 0000008B FFFFFB92 FFFFFB67
1 9 7 236 428 492 00000000 00000000 00000000 00000000
1 9 7 237 429 493 0000058C FFFFFF8B FFFFFE14 FFFFFE99
1 9 7 238 430 494 00000000 00000000 00000000 00000000
1 9 7 239 431 495 FFFFFC6A FFFFF599 F17A1380 0A7F52FB
1 9 7 240 432 496 00000000 00000000 00000000 00000000
1 9 7 241 433 497 0212010B F7485960 FFFFF9A5 FFFFFA56
1 9 7 242 434 498 00000000 00000000 00000000 00000000
1 9 7 243 435 499 000000CE 000000F7 00000432 000007E5
1 9 7 244 436 500 00000000 00000000 00000000 00000000
1 9 7 245 437 501 FFFFFE1E FFFFFE19 FFFFFF18 FFFFFF5D
1 9 7 246 438 502 00000000 00000000 00000000 00000000
1 9 7 247 439 503 FFFFFFDF FFFFFEB5 FFFFFF4F FFFFFA0D
1 9 7 248 440 504 00000000 00000000 00000000 00000000
1 9 7 249 441 505 00000052 0000017E 000000E2 00000026
1 9 7 250 442 506 00000000 00000000 00000000 00000000
1 9 7 251 443 507 FFFFFFF7 00000121 000000D7 000003D5
1 9 7 252 444 508 00000000 00000000 00000000 00000000
1 9 7 253 445 509 000000B9 FFFFFEFA FFFFFF65 00000002
1 9 7 254 446 510 00000000 00000000 00000000 00000000
1 9 7 255 447 511 00000246 0000030B 00000794 00000651
1 9 8 0 0 128 00000000 00000000 00000000 00000000
1 9 8 1 1 129 FFFFFFFF 00000376 00000087 000001D0
1 9 8 2 2 130 00000000 00000000 00000000 00000000
1 9 8 3 3 131 0000002B 00000284 FFFFFFCD FFFFFF90
1 9 8 4 4 132 00000000 00000000 00000000 00000000
1 9 8 5 5 133 000000E7 000001D1 0000007F 00000055
1 9 8 6 6 134 00000000 00000000 00000000 00000000
1 9 8 7 7 135 0000006A FFFFFD2A 00000016 00000088
1 9 8 8 8 136 00000000 00000000 00000000 00000000
1 9 8 9 9 137 FFFFFE18 FFFFFCA1 FFFFFF62 FFFFFFB1
1 9 8 10 10 138 00000000 00000000 00000000 00000000
1 9 8 11 11 139 00000036 00000296 FFFFFFD8 FFFFFF92
1 9 8 12 12 140 00000000 00000000 00000000 00000000
1 9 8 13 13 141 000000E1 00000721 00000069 0000006D
1 9 8 14 14 142 00000000 00000000 00000000 00000000
1 9 8 15 15 143 000009AC 00000831 0000017C FFFFFC45
1 9 8 16 16 144 00000000 00000000 00000000 00000000
1 9 8 17 17 145 11EB79C0 FFFFFFF7 FFFFFB78 00000067
1 9 8 18 18 146 00000000 00000000 00000000 00000000
1 9 8 19 19 147 00000041 00000382 FFFFFFE3 FFFFFF92
1 9 8 20 20 148 00000000 00000000 00000000 00000000
1 9 8 21 21 149 000000DD FFFFF7F4 00000049 00000086
1 9 8 22 22 150 00000000 00000000 00000000 00000000
1 9 8 23 23 151 00000100 FFFFFA6B 00000000 00000083
1 9 8 24 24 152 00000000 00000000 00000000 00000000
1 9 8 25 25 153 00000026 000004EE FFFFFFA2 FFFFFF66
1 9 8 26 26 154 00000000 00000000 00000000 00000000
1 9 8 27 27 155 0000004D 00000932 FFFFFFEB FFFFFF90
1 9 8 28 28 156 00000000 00000000 00000000 00000000
1 9 8 29 29 157 000000D9 FFFFFD2E 0000000F 000000A2
1 9 8 30 30 158 00000000 00000000 00000000 00000000
1 9 8 31 31 159 147ADB52 00000CA4 FFFFFE28 0000040C
1 9 8 32 32 160 00000000 00000000 00000000 00000000
1 9 8 33 33 161 000000B2 000003E7 FFFFF838 FFFFFBB9
1 9 8 34 34 162 00000000 00000000 00000000 00000000
1 9 8 35 35 163 0000005C FFFFF792 FFFFFFF2 FFFFFF8C
1 9 8 36 36 164 00000000 00000000 00000000 00000000
1 9 8 37 37 165 000000D3 FFFFFE4C FFFFFF8B 000000C2
1 9 8 38 38 166 00000000 00000000 00000000 00000000
1 9 8 39 39 167 FFFFFE6D 00000483 FFFFFFEF 00000087
1 9 8 40 40 168 00000000 00000000 00000000 00000000
1 9 8 41 41 169 FFFFFF72 000001CF 00000106 FFFFFEC5
1 9 8 42 42 170 00000000 00000000 00000000 00000000
1 9 8 43 43 171 00000073 FFFFFD55 FFFFFFF7 FFFFFF89
1 9 8 44 44 172 00000000 00000000 00000000 00000000
1 9 8 45 45 173 000000CF FFFFFED2 FFFFFCFB 000000E6
1 9 8 46 46 174 00000000 00000000 00000000 00000000
1 9 8 47 47 175 FFFFF68D FFFFF56D 0000048F FFFFF8A3
1 9 8 48 48 176 00000000 00000000 00000000 00000000
1 9 8 49 49 177 00000502 000001D4 FFFFFFB4 08F5BAEE
1 9 8 50 50 178 00000000 00000000 00000000 00000000
1 9 8 51 51 179 00000093 FFFFFE71 FFFFFFFD FFFFFF81
1 9 8 52 52 180 00000000 00000000 00000000 00000000
1 9 8 53 53 181 000000CB FFFFFF22 000004A3 00000116
1 9 8 54 54 182 00000000 00000000 00000000 00000000
1 9 8 55 55 183 FFFFFEE0 00000148 FFFFFFDE 00000096
1 9 8 56 56 184 00000000 00000000 00000000 00000000
1 9 8 57 57 185 FFFFFF4F 0000010E FFFFFC9D FFFFFF64
1 9 8 58 58 186 00000000 00000000 00000000 00000000
1 9 8 59 59 187 000000CE FFFFFEE5 00000002 FFFFFF75
1 9 8 60 60 188 00000000 00000000 00000000 00000000
1 9 8 61 61 189 000000C6 FFFFFF5C 00000214 00000152
1 9 8 62 62 190 00000000 00000000 00000000 00000000
1 9 8 63 63 191 FFFFFFC5 FFFFFB89 FFFFFF19 FFFFFEE3
1 9 8 64 64 192 00000000 00000000 00000000 00000000
1 9 8 65 65 193 000002D0 00000098 00000020 000006F2
1 9 8 66 66 194 00000000 00000000 00000000 00000000
1 9 8 67 67 195 00000152 FFFFFF21 00000006 FFFFFF61
1 9 8 68 68 196 00000000 00000000 00000000 00000000
1 9 8 69 69 197 000000C2 FFFFFF87 0000018E 000001A9
1 9 8 70 70 198 00000000 00000000 00000000 00000000
1 9 8 71 71 199 FFFFFD91 0000005C FFFFFFC9 000000BC
1 9 8 72 72 200 00000000 00000000 00000000 00000000
1 9 8 73 73 201 FFFFFF43 000000A8 FFFFFDDF FFFFFE38
1 9 8 74 74 202 00000000 00000000 00000000 00000000
1 9 8 75 75 203 000003E1 FFFFFF46 0000000D FFFFFF46
1 9 8 76 76 204 00000000 00000000 00000000 00000000
1 9 8 77 77 205 000000BD FFFFFFAC 00000155 0000023E
1 9 8 78 78 206 00000000 00000000 00000000 00000000
1 9 8 79 79 207 FFFFFEAD F70A4789 FFFFFF11 FFFFFBB1
1 9 8 80 80 208 00000000 00000000 00000000 00000000
1 9 8 81 81 209 FFFFFC26 FFFFFA9D 00000352 00000229
1 9 8 82 82 210 00000000 00000000 00000000 00000000
1 9 8 83 83 211 FFFFFC39 FFFFFF60 00000011 FFFFFF12
1 9 8 84 84 212 00000000 00000000 00000000 00000000
1 9 8 85 85 213 000000B8 FFFFFFCA 00000134 00000380
1 9 8 86 86 214 00000000 00000000 00000000 00000000
1 9 8 87 87 215 000001EE 0000012D FFFFFFA2 00000131
1 9 8 88 88 216 00000000 00000000 00000000 00000000
1 9 8 89 89 217 FFFFFF40 00000062 FFFFFD54 FFFFFAA6
1 9 8 90 90 218 00000000 00000000 00000000 00000000
1 9 8 91 91 219 FFFFFEC9 FFFFFF6E 00000015 FFFFFEB2
1 9 8 92 92 220 00000000 00000000 00000000 00000000
1 9 8 93 93 221 000000B1 FFFFFFE4 0000011F 00000972
1 9 8 94 94 222 00000000 00000000 00000000 00000000
1 9 8 95 95 223 FFFFF721 0000061C FFFFF77D FFFFF6AA
1 9 8 96 96 224 00000000 00000000 00000000 00000000
1 9 8 97 97 225 00000096 FFFFFC95 147ADA62 FFFFF6FF
1 9 8 98 98 226 00000000 00000000 00000000 00000000
1 9 8 99 99 227 FFFFFF4C FFFFFF7A 0000001C FFFFFDBE
1 9 8 100 100 228 00000000 00000000 00000000 00000000
1 9 8 101 101 229 000000AB FFFFFFFC 0000010F FFFFF810
1 9 8 102 102 230 00000000 00000000 00000000 00000000
1 9 8 103 103 231 0000007F 000000BA FFFFFEEF 000003E6
1 9 8 104 104 232 00000000 00000000 00000000 00000000
1 9 8 105 105 233 FFFFFF40 00000026 FFFFFFC6 00000432
1 9 8 106 106 234 00000000 00000000 00000000 00000000
1 9 8 107 107 235 FFFFFF87 FFFFFF84 0000001F FFFFF8BA
1 9 8 108 108 236 00000000 00000000 00000000 00000000
1 9 8 109 109 237 000000A2 00000012 00000104 FFFFFE14
1 9 8 110 110 238 00000000 00000000 00000000 00000000
1 9 8 111 111 239 000001F4 FFFFFECB EE1489FA FFFFFF51
1 9 8 112 112 240 00000000 00000000 00000000 00000000
1 9 8 113 113 241 000003F4 000004BF 0000073A FFFFFDC3
1 9 8 114 114 242 00000000 00000000 00000000 00000000
1 9 8 115 115 243 FFFFFFA7 FFFFFF8A 00000025 0000082C
1 9 8 116 116 244 00000000 00000000 00000000 00000000
1 9 8 117 117 245 00000099 0000002A 000000F9 FFFFFF84
1 9 8 118 118 246 00000000 00000000 00000000 00000000
1 9 8 119 119 247 00000037 00000098 00000107 FFFFFAF0
1 9 8 120 120 248 00000000 00000000 00000000 00000000
1 9 8 121 121 249 FFFFFF4C FFFFFFEE FFFFFEEA 0000003A
1 9 8 122 122 250 00000000 00000000 00000000 00000000
1 9 8 123 123 251 FFFFFFBD FFFFFF8F 0000002B 0000033D
1 9 8 124 124 252 00000000 00000000 00000000 00000000
1 9 8 125 125 253 0000008C 00000041 000000F4 00000077
1 9 8 126 126 254 00000000 00000000 00000000 00000000
1 9 8 127 127 255 FFFFFED3 FFFFFF79 00000677 0000050D
1 9 8 128 256 384 00000000 00000000 00000000 00000000
1 9 8 129 257 385 FFFFFEFC 00000168 00000110 00000282
1 9 8 130 258 386 00000000 00000000 00000000 00000000
1 9 8 131 259 387 0000001C 000002D5 00000016 FFFFFFB1
1 9 8 132 260 388 00000000 00000000 00000000 00000000
1 9 8 133 261 389 0000001C 00000192 000000D6 0000006A
1 9 8 134 262 390 00000000 00000000 00000000 00000000
1 9 8 135 263 391 000000BD FFFFFCDB FFFFFFD5 0000004D
1 9 8 136 264 392 00000000 00000000 00000000 00000000
1 9 8 137 265 393 FFFFFF51 FFFFFCA9 FFFFFEF3 FFFFFFA9
1 9 8 138 266 394 00000000 00000000 00000000 00000000
1 9 8 139 267 395 FFFFFFD9 000002E6 00000015 FFFFFFBA
1 9 8 140 268 396 00000000 00000000 00000000 00000000
1 9 8 141 269 397 FFFFFF1B 000006C8 000000CD 00000092
1 9 8 142 270 398 00000000 00000000 00000000 00000000
1 9 8 143 271 399 0000059E 00000B52 000003AE FFFFFFF0
1 9 8 144 272 400 00000000 00000000 00000000 00000000
1 9 8 145 273 401 11880249 03B61D11 FFFFFC47 0000010D
1 9 8 146 274 402 00000000 00000000 00000000 00000000
1 9 8 147 275 403 FFFFFF62 000003C5 00000014 FFFFFFC1
1 9 8 148 276 404 00000000 00000000 00000000 00000000
1 9 8 149 277 405 00000252 FFFFF7F1 000000BE 000000C5
1 9 8 150 278 406 00000000 00000000 00000000 00000000
1 9 8 151 279 407 000002AD FFFFFA99 FFFFFFDB 0000003D
1 9 8 152 280 408 00000000 00000000 00000000 00000000
1 9 8 153 281 409 FFFFFF65 00000538 FFFFFEF9 FFFFFF2C
1 9 8 154 282 410 00000000 00000000 00000000 00000000
1 9 8 155 283 411 FFFFFD34 00000914 00000012 FFFFFFC6
1 9 8 156 284 412 00000000 00000000 00000000 00000000
1 9 8 157 285 413 0000014A FFFFFD12 000000A2 0000010E
1 9 8 158 286 414 00000000 00000000 00000000 00000000
1 9 8 159 287 415 130402FE 079ACF3D FFFFFD2C 0000038B
1 9 8 160 288 416 00000000 00000000 00000000 00000000
1 9 8 161 289 417 00000435 000005E1 FFFFF6BB 000000D3
1 9 8 162 290 418 00000000 00000000 00000000 00000000
1 9 8 163 291 419 000003B6 FFFFF8C3 00000010 FFFFFFC9
1 9 8 164 292 420 00000000 00000000 00000000 00000000
1 9 8 165 293 421 00000119 FFFFFE2A 0000005D 0000019A
1 9 8 166 294 422 00000000 00000000 00000000 00000000
1 9 8 167 295 423 FFFFFCC3 00000307 FFFFFFE3 0000003B
1 9 8 168 296 424 00000000 00000000 00000000 00000000
1 9 8 169 297 425 FFFFFF37 00000204 FFFFFF65 FFFFFD86
1 9 8 170 298 426 00000000 00000000 00000000 00000000
1 9 8 171 299 427 00000192 FFFFFE2C 0000000A FFFFFFC8
1 9 8 172 300 428 00000000 00000000 00000000 00000000
1 9 8 173 301 429 00000106 FFFFFEB1 FFFFFEF2 000003DB
1 9 8 174 302 430 00000000 00000000 00000000 00000000
1 9 8 175 303 431 FFFFF8DB FFFFF6FA 000003D5 FFFFF7EA
1 9 8 176 304 432 00000000 00000000 00000000 00000000
1 9 8 177 305 433 00000731 00000038 0763604B 0511A4A6
1 9 8 178 306 434 00000000 00000000 00000000 00000000
1 9 8 179 307 435 00000130 FFFFFF4E 00000006 FFFFFFC4
1 9 8 180 308 436 00000000 00000000 00000000 00000000
1 9 8 181 309 437 000000FA FFFFFF05 00000352 FFFFFDB5
1 9 8 182 310 438 00000000 00000000 00000000 00000000
1 9 8 183 311 439 FFFFFEA0 0000001D FFFFFFEC 00000045
1 9 8 184 312 440 00000000 00000000 00000000 00000000
1 9 8 185 313 441 FFFFFF22 0000013C FFFFFD9C 0000014C
1 9 8 186 314 442 00000000 00000000 00000000 00000000
1 9 8 187 315 443 0000011C FFFFFFE9 00000000 FFFFFFBD
1 9 8 188 316 444 00000000 00000000 00000000 00000000
1 9 8 189 317 445 000000F5 FFFFFF3F 000001EF 0000000B
1 9 8 190 318 446 00000000 00000000 00000000 00000000
1 9 8 191 319 447 000002B6 FFFFFD63 FFFFFF9E FFFFFF95
1 9 8 192 320 448 00000000 00000000 00000000 00000000
1 9 8 193 321 449 0000035D 000000AD 0000028B 0000051D
1 9 8 194 322 450 00000000 00000000 00000000 00000000
1 9 8 195 323 451 0000014B 0000008F FFFFFFF7 FFFFFFAD
1 9 8 196 324 452 00000000 00000000 00000000 00000000
1 9 8 197 325 453 000000F2 FFFFFF6C 000001BC 000000CA
1 9 8 198 326 454 00000000 00000000 00000000 00000000
1 9 8 199 327 455 FFFFFE7F FFFFFE42 FFFFFFF7 0000006A
1 9 8 200 328 456 00000000 00000000 00000000 00000000
1 9 8 201 329 457 FFFFFF14 000000D1 FFFFFDBC FFFFFF2F
1 9 8 202 330 458 00000000 00000000 00000000 00000000
1 9 8 203 331 459 000002A8 000002CD FFFFFFEC FFFFFF95
1 9 8 204 332 460 00000000 00000000 00000000 00000000
1 9 8 205 333 461 000000EE FFFFFF93 000001CA 00000183
1 9 8 206 334 462 00000000 00000000 00000000 00000000
1 9 8 207 335 463 07635FCC FAEE5DFB 000000DC FFFFFE97
1 9 8 208 336 464 00000000 00000000 00000000 00000000
1 9 8 209 337 465 FFFFFE3F FFFFF9DE 00000715 0000036E
1 9 8 210 338 466 00000000 00000000 00000000 00000000
1 9 8 211 339 467 FFFFFE43 FFFFFC92 FFFFFFDB FFFFFF66
1 9 8 212 340 468 00000000 00000000 00000000 00000000
1 9 8 213 341 469 000000EC FFFFFFB5 00000224 000002CB
1 9 8 214 342 470 00000000 00000000 00000000 00000000
1 9 8 215 343 471 00000045 0000023C 00000003 000000E2
1 9 8 216 344 472 00000000 00000000 00000000 00000000
1 9 8 217 345 473 FFFFFF08 00000084 FFFFFBDE FFFFFBEE
1 9 8 218 346 474 00000000 00000000 00000000 00000000
1 9 8 219 347 475 FFFFFFAA FFFFFEBE FFFFFFC0 FFFFFF0A
1 9 8 220 348 476 00000000 00000000 00000000 00000000
1 9 8 221 349 477 000000E8 FFFFFFD4 00000440 00000862
1 9 8 222 350 478 00000000 00000000 00000000 00000000
1 9 8 223 351 479 FFFFF60C 00000132 FFFFFA12 FFFFF6B6
1 9 8 224 352 480 00000000 00000000 00000000 00000000
1 9 8 225 353 481 FFFFFF6A FFFFFD94 13040154 F865341E
1 9 8 226 354 482 00000000 00000000 00000000 00000000
1 9 8 227 355 483 FFFFFFEB FFFFFF35 FFFFFF83 FFFFFE1F
1 9 8 228 356 484 00000000 00000000 00000000 00000000
1 9 8 229 357 485 000000E6 FFFFFFF1 FFFFFDB0 FFFFF84B
1 9 8 230 358 486 00000000 00000000 00000000 00000000
1 9 8 231 359 487 FFFFFFDA 000000C4 00000008 000003AA
1 9 8 232 360 488 00000000 00000000 00000000 00000000
1 9 8 233 361 489 FFFFFEFF 00000040 000001C3 000003C8
1 9 8 234 362 490 00000000 00000000 00000000 00000000
1 9 8 235 363 491 00000002 FFFFFF6C FFFFFE6C FFFFF93A
1 9 8 236 364 492 00000000 00000000 00000000 00000000
1 9 8 237 365 493 000000E3 0000000E FFFFFFCD FFFFFDEE
1 9 8 238 366 494 00000000 00000000 00000000 00000000
1 9 8 239 367 495 00000274 FFFFFCCF EE780228 03B61E13
1 9 8 240 368 496 00000000 00000000 00000000 00000000
1 9 8 241 369 497 000005E2 00000192 000001FE FFFFF9FE
1 9 8 242 370 498 00000000 00000000 00000000 00000000
1 9 8 243 371 499 0000000D FFFFFF8B 0000018F 00000859
1 9 8 244 372 500 00000000 00000000 00000000 00000000
1 9 8 245 373 501 000000DE 0000002B 0000002A FFFFFF4F
1 9 8 246 374 502 00000000 00000000 00000000 00000000
1 9 8 247 375 503 FFFFFFD1 00000073 00000071 FFFFFA7B
1 9 8 248 376 504 00000000 00000000 00000000 00000000
1 9 8 249 377 505 FFFFFEF6 FFFFFFFD FFFFFFCE 00000047
1 9 8 250 378 506 00000000 00000000 00000000 00000000
1 9 8 251 379 507 00000013 FFFFFFA2 0000006F 00000388
1 9 8 252 380 508 00000000 00000000 00000000 00000000
1 9 8 253 381 509 000000DB 0000004A 0000003F 0000003E
1 9 8 254 382 510 00000000 00000000 00000000 00000000
1 9 8 255 383 511 FFFFFFA8 FFFFFF19 00000714 00000597
1 9 9 0 0 256 00000000 00000000 00000000 00000000
1 9 9 1 1 257 FFFFFF7F 00000270 0000007F 00000106
1 9 9 2 2 258 00000000 00000000 00000000 00000000
1 9 9 3 3 259 0000002F 000002AC FFFFFFFB FFFFFFD8
1 9 9 4 4 260 00000000 00000000 00000000 00000000
1 9 9 5 5 261 0000008C 000001B0 0000005A 00000020
1 9 9 6 6 262 00000000 00000000 00000000 00000000
1 9 9 7 7 263 00000070 FFFFFCFB FFFFFFFA 0000002F
1 9 9 8 8 264 00000000 00000000 00000000 00000000
1 9 9 9 9 265 FFFFFE85 FFFFFCB1 FFFFFF93 FFFFFFEF
1 9 9 10 10 266 00000000 00000000 00000000 00000000
1 9 9 11 11 267 00000038 000002BD FFFFFFFE FFFFFFD9
1 9 9 12 12 268 00000000 00000000 00000000 00000000
1 9 9 13 13 269 00000087 000006FB 00000059 00000025
1 9 9 14 14 270 00000000 00000000 00000000 00000000
1 9 9 15 15 271 000008A1 00000925 0000010B FFFFFF0B
1 9 9 16 16 272 00000000 00000000 00000000 00000000
1 9 9 17 17 273 11EB83F2 FFFFFA9A FFFFF5CE 0000055C
1 9 9 18 18 274 00000000 00000000 00000000 00000000
1 9 9 19 19 275 00000042 000003A9 FFFFFFFE FFFFFFD9
1 9 9 20 20 276 00000000 00000000 00000000 00000000
1 9 9 21 21 277 00000086 FFFFF7C9 00000056 0000002B
1 9 9 22 22 278 00000000 00000000 00000000 00000000
1 9 9 23 23 279 00000107 FFFFFA3D FFFFFFF9 0000002D
1 9 9 24 24 280 00000000 00000000 00000000 00000000
1 9 9 25 25 281 00000092 0000050B FFFFFF94 FFFFFFE3
1 9 9 26 26 282 00000000 00000000 00000000 00000000
1 9 9 27 27 283 0000004D 00000958 FFFFFFFF FFFFFFDA
1 9 9 28 28 284 00000000 00000000 00000000 00000000
1 9 9 29 29 285 00000083 FFFFFCFE 00000055 00000030
1 9 9 30 30 286 00000000 00000000 00000000 00000000
1 9 9 31 31 287 147AD41F 00001067 00000733 FFFFFC3D
1 9 9 32 32 288 00000000 00000000 00000000 00000000
1 9 9 33 33 289 0000036F 000003D2 FFFFFD43 00000014
1 9 9 34 34 290 00000000 00000000 00000000 00000000
1 9 9 35 35 291 0000005B FFFFF7B9 00000001 FFFFFFD9
1 9 9 36 36 292 00000000 00000000 00000000 00000000
1 9 9 37 37 293 0000007F FFFFFE15 00000053 00000037
1 9 9 38 38 294 00000000 00000000 00000000 00000000
1 9 9 39 39 295 FFFFFE78 00000457 FFFFFFF4 0000002B
1 9 9 40 40 296 00000000 00000000 00000000 00000000
1 9 9 41 41 297 FFFFFFDC 000001FA FFFFFF96 FFFFFFD4
1 9 9 42 42 298 00000000 00000000 00000000 00000000
1 9 9 43 43 299 00000070 FFFFFD7A 00000002 FFFFFFDA
1 9 9 44 44 300 00000000 00000000 00000000 00000000
1 9 9 45 45 301 0000007E FFFFFE96 00000050 0000003C
1 9 9 46 46 302 00000000 00000000 00000000 00000000
1 9 9 47 47 303 FFFFF5D1 FFFFF8E0 000000BB FFFFFC8C
1 9 9 48 48 304 00000000 00000000 00000000 00000000
1 9 9 49 49 305 00000587 FFFFFEF9 FFFFFF7B 000002DB
1 9 9 50 50 306 00000000 00000000 00000000 00000000
1 9 9 51 51 307 0000008F FFFFFE96 00000003 FFFFFFDA
1 9 9 52 52 308 00000000 00000000 00000000 00000000
1 9 9 53 53 309 0000007C FFFFFEE2 0000004E 00000040
1 9 9 54 54 310 00000000 00000000 00000000 00000000
1 9 9 55 55 311 FFFFFEEF 0000011D FFFFFFF1 0000002B
1 9 9 56 56 312 00000000 00000000 00000000 00000000
1 9 9 57 57 313 FFFFFFB7 00000147 FFFFFF97 FFFFFFC7
1 9 9 58 58 314 00000000 00000000 00000000 00000000
1 9 9 59 59 315 000000C9 FFFFFF0B 00000005 FFFFFFD9
1 9 9 60 60 316 00000000 00000000 00000000 00000000
1 9 9 61 61 317 0000007A FFFFFF14 0000004C 00000048
1 9 9 62 62 318 00000000 00000000 00000000 00000000
1 9 9 63 63 319 FFFFFFF0 FFFFFBE2 FFFFFFD4 FFFFFFA6
1 9 9 64 64 320 00000000 00000000 00000000 00000000
1 9 9 65 65 321 000002D1 FFFFFF54 FFFFFFFF 00000144
1 9 9 66 66 322 00000000 00000000 00000000 00000000
1 9 9 67 67 323 0000014D FFFFFF47 00000005 FFFFFFD9
1 9 9 68 68 324 00000000 00000000 00000000 00000000
1 9 9 69 69 325 00000079 FFFFFF37 00000049 0000004F
1 9 9 70 70 326 00000000 00000000 00000000 00000000
1 9 9 71 71 327 FFFFFDA1 00000032 FFFFFFEF 0000002A
1 9 9 72 72 328 00000000 00000000 00000000 00000000
1 9 9 73 73 329 FFFFFFA8 000000F2 FFFFFF9A FFFFFFB6
1 9 9 74 74 330 00000000 00000000 00000000 00000000
1 9 9 75 75 331 000003DA FFFFFF6E 00000006 FFFFFFD8
1 9 9 76 76 332 00000000 00000000 00000000 00000000
1 9 9 77 77 333 00000076 FFFFFF56 00000046 00000056
1 9 9 78 78 334 00000000 00000000 00000000 00000000
1 9 9 79 79 335 00000054 F70A4842 FFFFFE58 FFFFFF46
1 9 9 80 80 336 00000000 00000000 00000000 00000000
1 9 9 81 81 337 FFFFFB05 FFFFFC5E 00000121 FFFFFE3E
1 9 9 82 82 338 00000000 00000000 00000000 00000000
1 9 9 83 83 339 FFFFFC31 FFFFFF87 00000007 FFFFFFD9
1 9 9 84 84 340 00000000 00000000 00000000 00000000
1 9 9 85 85 341 00000076 FFFFFF6D 00000042 0000005D
1 9 9 86 86 342 00000000 00000000 00000000 00000000
1 9 9 87 87 343 00000201 00000101 FFFFFFED 0000002B
1 9 9 88 88 344 00000000 00000000 00000000 00000000
1 9 9 89 89 345 FFFFFFA0 000000BE FFFFFFA0 FFFFFFA4
1 9 9 90 90 346 00000000 00000000 00000000 00000000
1 9 9 91 91 347 FFFFFEC0 FFFFFF97 00000008 FFFFFFD7
1 9 9 92 92 348 00000000 00000000 00000000 00000000
1 9 9 93 93 349 00000073 FFFFFF7F 0000003D 00000065
1 9 9 94 94 350 00000000 00000000 00000000 00000000
1 9 9 95 95 351 FFFFFA26 000007DD FFFFFCFA FFFFFE3F
1 9 9 96 96 352 00000000 00000000 00000000 00000000
1 9 9 97 97 353 FFFFFF0F FFFFFE1C 00000187 FFFFFE78
1 9 9 98 98 354 00000000 00000000 00000000 00000000
1 9 9 99 99 355 FFFFFF42 FFFFFFA3 0000000A FFFFFFD7
1 9 9 100 100 356 00000000 00000000 00000000 00000000
1 9 9 101 101 357 00000072 FFFFFF8F 00000038 0000006D
1 9 9 102 102 358 00000000 00000000 00000000 00000000
1 9 9 103 103 359 00000096 0000008D FFFFFFE8 0000002D
1 9 9 104 104 360 00000000 00000000 00000000 00000000
1 9 9 105 105 361 FFFFFF9A 00000097 FFFFFFA6 FFFFFF8F
1 9 9 106 106 362 00000000 00000000 00000000 00000000
1 9 9 107 107 363 FFFFFF7B FFFFFFAF 0000000B FFFFFFD5
1 9 9 108 108 364 00000000 00000000 00000000 00000000
1 9 9 109 109 365 00000071 FFFFFF9C 00000031 00000076
1 9 9 110 110 366 00000000 00000000 00000000 00000000
1 9 9 111 111 367 FFFFFFAB FFFFFDDD 00000249 000000ED
1 9 9 112 112 368 00000000 00000000 00000000 00000000
1 9 9 113 113 369 00000348 FFFFFF9F 000000AC 0000051F
1 9 9 114 114 370 00000000 00000000 00000000 00000000
1 9 9 115 115 371 FFFFFF9A FFFFFFB5 0000000C FFFFFFD5
1 9 9 116 116 372 00000000 00000000 00000000 00000000
1 9 9 117 117 373 0000006F FFFFFFAA 00000029 00000080
1 9 9 118 118 374 00000000 00000000 00000000 00000000
1 9 9 119 119 375 00000051 0000006A FFFFFFE5 0000002E
1 9 9 120 120 376 00000000 00000000 00000000 00000000
1 9 9 121 121 377 FFFFFF98 0000007B FFFFFFB4 FFFFFF73
1 9 9 122 122 378 00000000 00000000 00000000 00000000
1 9 9 123 123 379 FFFFFFAF FFFFFFBB 0000000D FFFFFFD3
1 9 9 124 124 380 00000000 00000000 00000000 00000000
1 9 9 125 125 381 0000006E FFFFFFB4 0000001E 0000008C
1 9 9 126 126 382 00000000 00000000 00000000 00000000
1 9 9 127 127 383 FFFFFEF4 FFFFFFE6 FFFFFFDE FFFFFF92
1 9 9 128 128 384 00000000 00000000 00000000 00000000
1 9 9 129 129 385 00000182 0000005E FFFFFF04 00000172
1 9 9 130 130 386 00000000 00000000 00000000 00000000
1 9 9 131 131 387 FFFFFFBE FFFFFFC0 0000000E FFFFFFD0
1 9 9 132 132 388 00000000 00000000 00000000 00000000
1 9 9 133 133 389 0000006D FFFFFFBD 00000011 00000097
1 9 9 134 134 390 00000000 00000000 00000000 00000000
1 9 9 135 135 391 00000033 00000057 FFFFFFE3 00000031
1 9 9 136 136 392 00000000 00000000 00000000 00000000
1 9 9 137 137 393 FFFFFF94 00000063 FFFFFFCE FFFFFF4D
1 9 9 138 138 394 00000000 00000000 00000000 00000000
1 9 9 139 139 395 FFFFFFC8 FFFFFFC4 00000010 FFFFFFCE
1 9 9 140 140 396 00000000 00000000 00000000 00000000
1 9 9 141 141 397 0000006C FFFFFFC6 FFFFFFFC 000000A6
1 9 9 142 142 398 00000000 00000000 00000000 00000000
1 9 9 143 143 399 00000060 FFFFFC55 0000011C FFFFFFEF
1 9 9 144 144 400 00000000 00000000 00000000 00000000
1 9 9 145 145 401 FFFFFEA2 000001EB FFFFFCD6 FFFFFE7B
1 9 9 146 146 402 00000000 00000000 00000000 00000000
1 9 9 147 147 403 FFFFFFD0 FFFFFFC8 00000012 FFFFFFCA
1 9 9 148 148 404 00000000 00000000 00000000 00000000
1 9 9 149 149 405 0000006B FFFFFFCF FFFFFFDD 000000B7
1 9 9 150 150 406 00000000 00000000 00000000 00000000
1 9 9 151 151 407 00000023 0000004B FFFFFFDD 00000037
1 9 9 152 152 408 00000000 00000000 00000000 00000000
1 9 9 153 153 409 FFFFFF93 00000052 0000000F FFFFFF14
1 9 9 154 154 410 00000000 00000000 00000000 00000000
1 9 9 155 155 411 FFFFFFD7 FFFFFFCA 00000013 FFFFFFC6
1 9 9 156 156 412 00000000 00000000 00000000 00000000
1 9 9 157 157 413 00000069 FFFFFFD7 FFFFFFA5 000000CB
1 9 9 158 158 414 00000000 00000000 00000000 00000000
1 9 9 159 159 415 00000140 000002AF FFFFFCE8 0000015D
1 9 9 160 160 416 00000000 00000000 00000000 00000000
1 9 9 161 161 417 FFFFFE50 000001F6 FFFFF9E8 FFFFF9C2
1 9 9 162 162 418 00000000 00000000 00000000 00000000
1 9 9 163 163 419 FFFFFFDC FFFFFFCB 00000016 FFFFFFC1
1 9 9 164 164 420 00000000 00000000 00000000 00000000
1 9 9 165 165 421 00000069 FFFFFFDF FFFFFF21 000000E3
1 9 9 166 166 422 00000000 00000000 00000000 00000000
1 9 9 167 167 423 00000018 00000043 FFFFFFD6 00000043
1 9 9 168 168 424 00000000 00000000 00000000 00000000
1 9 9 169 169 425 FFFFFF93 0000003F 00000173 FFFFFE85
1 9 9 170 170 426 00000000 00000000 00000000 00000000
1 9 9 171 171 427 FFFFFFE0 FFFFFFCF 00000016 FFFFFFB9
1 9 9 172 172 428 00000000 00000000 00000000 00000000
1 9 9 173 173 429 00000068 FFFFFFE4 FFFFFC92 00000102
1 9 9 174 174 430 00000000 00000000 00000000 00000000
1 9 9 175 175 431 FFFFFDD8 FFFFFCEB 000006B6 FFFFFBB7
1 9 9 176 176 432 00000000 00000000 00000000 00000000
1 9 9 177 177 433 FFFFFFCE 00000104 FFFFFFE6 08F5B9EA
1 9 9 178 178 434 00000000 00000000 00000000 00000000
1 9 9 179 179 435 FFFFFFE4 FFFFFFD0 00000018 FFFFFFB0
1 9 9 180 180 436 00000000 00000000 00000000 00000000
1 9 9 181 181 437 00000066 FFFFFFEB 0000043C 0000012B
1 9 9 182 182 438 00000000 00000000 00000000 00000000
1 9 9 183 183 439 00000010 0000003E FFFFFFCE 00000058
1 9 9 184 184 440 00000000 00000000 00000000 00000000
1 9 9 185 185 441 FFFFFF93 00000033 FFFFFD09 FFFFFF31
1 9 9 186 186 442 00000000 00000000 00000000 00000000
1 9 9 187 187 443 FFFFFFE7 FFFFFFD1 0000001B FFFFFFA3
1 9 9 188 188 444 00000000 00000000 00000000 00000000
1 9 9 189 189 445 00000066 FFFFFFF1 000001AE 00000161
1 9 9 190 190 446 00000000 00000000 00000000 00000000
1 9 9 191 191 447 FFFFFF88 FFFFFFBB FFFFFF90 FFFFFF27
1 9 9 192 192 448 00000000 00000000 00000000 00000000
1 9 9 193 193 449 000000F1 000000C2 FFFFFF2F 00000630
1 9 9 194 194 450 00000000 00000000 00000000 00000000
1 9 9 195 195 451 FFFFFFEA FFFFFFD3 0000001C FFFFFF8D
1 9 9 196 196 452 00000000 00000000 00000000 00000000
1 9 9 197 197 453 00000063 FFFFFFF6 0000012B 000001B2
1 9 9 198 198 454 00000000 00000000 00000000 00000000
1 9 9 199 199 455 0000000A 00000039 FFFFFFBE 00000083
1 9 9 200 200 456 00000000 00000000 00000000 00000000
1 9 9 201 201 457 FFFFFF90 00000024 FFFFFE4E FFFFFE14
1 9 9 202 202 458 00000000 00000000 00000000 00000000
1 9 9 203 203 459 FFFFFFED FFFFFFD5 0000001F FFFFFF71
1 9 9 204 204 460 00000000 00000000 00000000 00000000
1 9 9 205 205 461 00000062 FFFFFFFD 000000F2 00000241
1 9 9 206 206 462 00000000 00000000 00000000 00000000
1 9 9 207 207 463 FFFFFEC7 FFFFFE2F 00000049 FFFFFD81
1 9 9 208 208 464 00000000 00000000 00000000 00000000
1 9 9 209 209 465 FFFFFFA1 FFFFFDB7 000003B1 00000471
1 9 9 210 210 466 00000000 00000000 00000000 00000000
1 9 9 211 211 467 FFFFFFEF FFFFFFD5 00000021 FFFFFF3D
1 9 9 212 212 468 00000000 00000000 00000000 00000000
1 9 9 213 213 469 00000062 00000003 000000D2 0000037D
1 9 9 214 214 470 00000000 00000000 00000000 00000000
1 9 9 215 215 471 00000006 00000036 FFFFFF9C 000000FA
1 9 9 216 216 472 00000000 00000000 00000000 00000000
1 9 9 217 217 473 FFFFFF90 00000016 FFFFFDC4 FFFFFA90
1 9 9 218 218 474 00000000 00000000 00000000 00000000
1 9 9 219 219 475 FFFFFFF1 FFFFFFD7 00000023 FFFFFEDB
1 9 9 220 220 476 00000000 00000000 00000000 00000000
1 9 9 221 221 477 0000005F 00000008 000000BF 0000096A
1 9 9 222 222 478 00000000 00000000 00000000 00000000
1 9 9 223 223 479 FFFFFCA3 000000C6 FFFFFAD9 FFFFF5E4
1 9 9 224 224 480 00000000 00000000 00000000 00000000
1 9 9 225 225 481 0000081F 00000455 147AD243 FFFFF2A9
1 9 9 226 226 482 00000000 00000000 00000000 00000000
1 9 9 227 227 483 FFFFFFF5 FFFFFFD7 00000027 FFFFFDE7
1 9 9 228 228 484 00000000 00000000 00000000 00000000
1 9 9 229 229 485 0000005E 0000000E 000000B0 FFFFF802
1 9 9 230 230 486 00000000 00000000 00000000 00000000
1 9 9 231 231 487 00000001 00000033 FFFFFEED 000003B3
1 9 9 232 232 488 00000000 00000000 00000000 00000000
1 9 9 233 233 489 FFFFFF91 0000000B 00000035 00000427
1 9 9 234 234 490 00000000 00000000 00000000 00000000
1 9 9 235 235 491 FFFFFFF6 FFFFFFD8 00000028 FFFFF8E2
1 9 9 236 236 492 00000000 00000000 00000000 00000000
1 9 9 237 237 493 0000005D 00000012 000000A7 FFFFFE02
1 9 9 238 238 494 00000000 00000000 00000000 00000000
1 9 9 239 239 495 000009FE 00000415 EE147FFC FFFFFB3B
1 9 9 240 240 496 00000000 00000000 00000000 00000000
1 9 9 241 241 497 00000216 000001A7 00000524 FFFFFC1B
1 9 9 242 242 498 00000000 00000000 00000000 00000000
1 9 9 243 243 499 FFFFFFF7 FFFFFFD9 0000002D 00000853
1 9 9 244 244 500 00000000 00000000 00000000 00000000
1 9 9 245 245 501 0000005C 00000018 0000009C FFFFFF6C
1 9 9 246 246 502 00000000 00000000 00000000 00000000
1 9 9 247 247 503 FFFFFFFD 00000031 00000109 FFFFFABF
1 9 9 248 248 504 00000000 00000000 00000000 00000000
1 9 9 249 249 505 FFFFFF91 FFFFFFFD FFFFFF59 0000003D
1 9 9 250 250 506 00000000 00000000 00000000 00000000
1 9 9 251 251 507 FFFFFFF9 FFFFFFD8 00000031 00000364
1 9 9 252 252 508 00000000 00000000 00000000 00000000
1 9 9 253 253 509 0000005C 0000001C 00000098 0000005A
1 9 9 254 254 510 00000000 00000000 00000000 00000000
1 9 9 255 255 511 FFFFFFBA FFFFFFB0 000006BC 0000055C
1 10 1 0 0 1 04664A3D FEE2547A 0B1DCF5C 0F376E14
1 10 1 1 2 3 F6500CCD F764CF5C 03E087AE 000F828F
1 10 1 2 4 5 0D225EB8 075ED47B 0AEF2B85 F2BF0CCD
1 10 1 3 6 7 1448C51E 04B2D999 012F7D70 121B11EB
1 10 1 4 8 9 0440028F 007F999A ECEE170A EA4A23D7
1 10 1 5 10 11 ED57B0A3 087D0CCC FD2B35C2 002CFD70
1 10 1 6 12 13 00C3B0A4 F966D70A EF599C29 FA073852
1 10 1 7 14 15 0436E148 EF192666 0D4147AE F86787AE
1 10 1 8 16 17 07AC451F 082B51EB F54D8CCD 0228A3D7
1 10 1 9 18 19 F3DF7852 F3D53D71 00B3A148 FDECEB85
1 10 1 10 20 21 F595B5C3 0B2ACA3D F048C000 EF3F35C2
1 10 1 11 22 23 F8C65999 F0C6428F 085FCA3D F923F5C2
1 10 1 12 24 25 F6672666 0E0EC28F F417CA3D F5648A3D
1 10 1 13 26 27 062207AE 08148CCD F71AAB85 13D1170A
1 10 1 14 28 29 F2732666 F72CEE14 FA24970A FB3BFD70
1 10 1 15 30 31 E9A9C28F 07775C29 FB72E147 FFCC4CCD
1 10 1 16 32 33 0B57C7AE FEAF9EB8 FDBB3333 1A54CCCC
1 10 1 17 34 35 EAC86B85 F9CD07AE 0613D70A 033BC000
1 10 1 18 36 37 F10D8A3D EF953AE1 0B1C28F5 FDC7A147
1 10 1 19 38 39 FC30BD71 0C5C970A EC59EB85 FB177852
1 10 1 20 40 41 0508FAE1 EB9D6147 F8770A3D FC23FAE1
1 10 1 21 42 43 FE4523D7 FEE23852 12DD70A4 02846148
1 10 1 22 44 45 00730F5C EE6C7333 100F5C29 01F50CCD
1 10 1 23 46 47 031DF0A4 0EC77333 0F62E148 F6854A3D
1 10 1 24 48 49 F5672E14 0FFDDEB8 0E10F5C2 07AFCA3D
1 10 1 25 50 51 F947D1EB F7A5D1EB 133570A3 0179147A
1 10 1 26 52 53 FA4C4CCC FA71CF5C FFEE6666 F98007AE
1 10 1 27 54 55 FE572E14 FCE675C2 0F5BD70A EB1EA8F5
1 10 1 28 56 57 03B3FAE1 0C300A3D F1F28F5C F9FF851E
1 10 1 29 58 59 F85875C3 FF0CAE14 FD400000 F106F0A3
1 10 1 30 60 61 16AD947B 0281F5C3 FD4E147B F5FA23D7
1 10 1 31 62 63 0A4D947A 18671EB8 0FC8F5C2 FE8FB852
1 10 1 32 64 65 FEDD6147 0B83C7AE E7C5C28F 0E57CCCD
1 10 1 33 66 67 FF35451E E99FC000 FE24E8F5 014E4A3D
1 10 1 34 68 69 05639EB8 EC9FA8F5 0E88A3D7 F9EA9EB8
1 10 1 35 70 71 F607AB85 FDDA70A3 066BF333 E89C428F
1 10 1 36 72 73 0602E666 FBA607AE FED4CCCC EF2691EB
1 10 1 37 74 75 127463D7 EB83DC29 0684970A 05DE999A
1 10 1 38 76 77 F99BDC29 FEE2E147 FB64CCCD 00411EB8
1 10 1 39 78 79 01FB6E14 0191D47B F30C451E F578E3D7
1 10 1 40 80 81 123675C2 FA430F5C FD7851EB 07E83852
1 10 1 41 82 83 0C7C0CCD 0874B0A3 FE34F852 04952666
1 10 1 42 84 85 FC448A3D FE71947B FD1CCCCC FF62EB85
1 10 1 43 86 87 052A87AE 0B7775C2 F083EE14 F6EC947A
1 10 1 44 88 89 FD33E666 FF7C3852 0C51EB85 0973C7AE
1 10 1 45 90 91 FDA12148 11ABDC29 0EFCB0A4 F9A90F5C
1 10 1 46 92 93 ED9C3852 FD03B851 066F5C29 FBEC8A3D
1 10 1 47 94 95 F89FD99A 07036B85 FEDF4000 EC084CCD
1 10 1 48 96 97 0019D999 F734851E 0AEE4A3D EF0575C2
1 10 1 49 98 99 105E1EB8 015C970A 0163851E 1852FD70
1 10 1 50 100 101 002647AE F8582147 1246147B 089CBAE1
1 10 1 51 102 103 F4CAC28F EAAA8000 F98D1EB8 FEBF75C3
1 10 1 52 104 105 F4989999 0EC71EB8 08F70A3D F51D7AE1
1 10 1 53 106 107 FC59E147 FDBA51EB FC347AE1 181A8F5C
1 10 1 54 108 109 FEB751EB F6AFF852 FDFE147A 1252BAE1
1 10 1 55 110 111 068DB851 FC57599A F207AE14 183663D7
1 10 1 56 112 113 FDBF451E 091B1EB8 EA54970A F7A8051E
1 10 1 57 114 115 FA920A3D 09898F5C 1475C28F 0664CCCD
1 10 1 58 116 117 0C0870A4 F9E17D70 FCDD70A4 F2767333
1 10 1 59 118 119 0DCB0000 150191EB 0431999A 0360B5C2
1 10 1 60 120 121 FC7A70A3 FEE31999 0E8FAE14 EA6BCCCC
1 10 1 61 122 123 05F03333 07B44CCD F57428F6 FB486B85
1 10 1 62 124 125 F8C247AE 0C584CCC F787AE14 070D8A3D
1 10 1 63 126 127 0389F5C2 0F3D428F FBDC7AE1 020DCCCC
1 10 1 64 128 129 F944F5C3 06E368F6 02680000 ED4687AE
1 10 1 65 130 131 FE8CA3D7 FCFFFAE1 F2CCCCCD E9C26666
1 10 1 66 132 133 FA800000 04A40000 FA55C28F 083E051F
1 10 1 67 134 135 0ECB851E F86ECA3D 0983D70A 0CDD4A3D
1 10 1 68 136 137 FA03EB85 F7FBBAE1 0C1D1EB8 11E92147
1 10 1 69 138 139 F937C28F 0928A666 FED147AE F96F170A
1 10 1 70 140 141 12E71EB8 023A5999 00000000 E9C40CCC
1 10 1 71 142 143 100AF5C2 0124D1EB 009E6666 1883F0A3
1 10 1 72 144 145 050CB852 034F70A3 0C43D70A ED66C28F
1 10 1 73 146 147 FA1ACCCC 14D0BAE1 03E7AE14 032E8CCD
1 10 1 74 148 149 0AFD5C29 F9A4A8F5 06E70A3D 12A2428F
1 10 1 75 150 151 04F79999 F3C511EB 034CCCCC F13DD47A
1 10 1 76 152 153 F2FA8F5C F0346666 F129EB85 FA52AE14
1 10 1 77 154 155 FDD75C28 FE59B5C2 EE0051EB F05EF851
1 10 1 78 156 157 FC2BAE14 0E231C29 08A6147A F24A7333
1 10 1 79 158 159 070F851E 07F0CCCC 08947AE1 0BA61999
1 10 1 80 160 161 FF08B852 02461EB8 0E7A8F5C FAD9FAE1
1 10 1 81 162 163 0453CF5C 0BF70F5C 06A7CA3D F9176B85
1 10 1 82 164 165 FC12EE14 09DE7AE1 0E7807AE 052DF0A4
1 10 1 83 166 167 EB8A2147 F29A170A FC373AE1 F1F23AE1
1 10 1 84 168 169 FA08A666 FC82947B 04BA8CCC 08601EB8
1 10 1 85 170 171 042E68F5 FFC7051F EDAB828F 0055947B
1 10 1 86 172 173 0E954A3D 0F485EB8 06FF5999 07A968F5
1 10 1 87 174 175 F97691EB FAD691EB 03B28CCC F36BF851
1 10 1 88 176 177 10B228F6 F469BD71 FAF0A3D7 0AC93852
1 10 1 89 178 179 0DF5CA3D FA951EB8 04827333 EFB93333
1 10 1 90 180 181 09C0AB85 FD4F6666 F64035C2 195F0F5C
1 10 1 91 182 183 EB08FD70 F97AA3D7 068B68F5 11494CCD
1 10 1 92 184 185 041C970A EE856B85 0BC887AE F89647AE
1 10 1 93 186 187 0633A147 FD6430A4 ED145EB8 026CF333
1 10 1 94 188 189 F36D11EB E9D3570A 0DB5547A FC8C0A3D
1 10 1 95 190 191 0200451E EC5E8A3D F34EEE14 03CE9999
1 10 1 96 192 193 0206DEB8 FD08028F EF592B85 F2525EB8
1 10 1 97 194 195 EAA375C2 1544570A 01BF0A3D 03516B85
1 10 1 98 196 197 FF41970A 07DC7333 1AB035C2 052068F6
1 10 1 99 198 199 F825DC29 E854DEB8 10C66666 0414028F
1 10 1 100 200 201 12F07852 00486147 02E69C29 035D851E
1 10 1 101 202 203 FA09DC29 03AA851F 0F38A3D7 E932147B
1 10 1 102 204 205 F5B6B5C2 096DD70A FD0791EB 077ED70A
1 10 1 103 206 207 09A34CCD EF660A3D 0FCC7AE1 04A275C2
1 10 1 104 208 209 FB4D5EB8 003147AE F8853AE1 1B162E14
1 10 1 105 210 211 00DEDC29 156F91EB 143D70A4 FBD1970A
1 10 1 106 212 213 F016CF5C EE097333 F5E163D7 01FDD999
1 10 1 107 214 215 FBDF570A 0B8E1EB8 0A7DC28F 0163851E
1 10 1 108 216 217 0AFFE3D7 E952170A FCE42666 00682B85
1 10 1 109 218 219 007B6B85 074D028F 0EF5C28F 042AAB85
1 10 1 110 220 221 F3F54000 FE9391EB FA8B1C29 EF682147
1 10 1 111 222 223 FA0C0F5C F76A87AE F0DC7AE1 F4AF2666
1 10 1 112 224 225 03D4C28F F2BDD70A F32BD70A 0D1547AE
1 10 1 113 226 227 0EF7F5C2 02E68000 FED851EB F124A3D7
1 10 1 114 228 229 F2656666 16DC8CCC F53851EB FF53D999
1 10 1 115 230 231 02CCDEB8 0935BD71 0B8CB0A4 F259147B
1 10 1 116 232 233 FD2D147B E86363D7 194CCCCD FFC47D71
1 10 1 117 234 235 0A0BCCCD 03018F5C 0D9947AE F6D623D7
1 10 1 118 236 237 E7818F5C 0B5E0CCC FD38F5C2 0AEE11EB
1 10 1 119 238 239 08E7C000 EB3A6147 FE75A666 073E6147
1 10 1 120 240 241 F94728F5 05BF07AE F29B851E FD2B35C2
1 10 1 121 242 243 ED5ED70A F4C38000 08947AE1 034E570A
1 10 1 122 244 245 F90ED70A 13D24CCD ED3EB852 FBEB0000
1 10 1 123 246 247 04AE7333 00C5E3D7 E97C8CCD FBF9D99A
1 10 1 124 248 249 EFE6851E 0CEB0A3D F95BD70A 0A7F4CCC
1 10 1 125 250 251 0276851F EF2691EB 1634CCCD 0B32EE14
1 10 1 126 252 253 15D2AE14 FCCD9999 02680000 EBA38A3D
1 10 1 127 254 255 1A66BAE1 048B4000 FFC7CA3D FAEE547B
1 10 1 128 256 257 F101FD71 EEB4B852 F772AB85 F9A8D70A
1 10 1 129 258 259 04AF0000 FCE068F6 EA2A3D71 1224C000
1 10 1 130 260 261 0A248CCD 093091EB 0706D47B 082F63D7
1 10 1 131 262 263 017047AE 085B8000 F6E947AE ED0351EC
1 10 1 132 264 265 F8FB970A F992D70A F0881C29 EF99BD70
1 10 1 133 266 267 FCFBCCCC 02FB4A3D 0BDDC28F E7A7BAE1
1 10 1 134 268 269 FAF9E147 02435EB8 ECD51EB8 193D11EB
1 10 1 135 270 271 071A851F EF2AA3D7 08C947AE FE71947B
1 10 1 136 272 273 11E7CF5C FD4B0000 FAADA666 04FE3333
1 10 1 137 274 275 F2D13333 05BC8000 0A733333 05BA147B
1 10 1 138 276 277 098035C2 E85587AE FB30C51E FED5599A
1 10 1 139 278 279 EE02F5C2 0E437333 033EB851 FE574A3D
1 10 1 140 280 281 12894A3D FF15B333 FE842B85 1373428F
1 10 1 141 282 283 F91570A4 07FB23D7 0672E148 EDD4C28F
1 10 1 142 284 285 F69BD70A 0D0C0A3D F09D1EB8 0184BD70
1 10 1 143 286 287 FB8F0A3D FDA46E14 FD82E147 0AEE11EB
1 10 1 144 288 289 138ACCCC FCFC051E F8C0F5C2 EA9E6666
1 10 1 145 290 291 FA3E0000 0A67A666 EA0E147B 04100CCC
1 10 1 146 292 293 E77E7AE1 0321AE14 0228A3D7 1844CCCC
1 10 1 147 294 295 EDA407AE F2AC2148 FC0A2148 FFCBC000
1 10 1 148 296 297 12775C29 16393333 F9D3851F FEA2DC29
1 10 1 149 298 299 FC8207AE 0D068A3D 132035C2 FA7570A3
1 10 1 150 300 301 ED8FAE14 FBC83D70 09133333 141FF5C2
1 10 1 151 302 303 0046828F F7377D71 F383BAE1 03A47852
1 10 1 152 304 305 1799A3D7 0C4BDEB8 FE4B851F F4E77852
1 10 1 153 306 307 01A7B852 E44AFAE1 FBF8A3D7 003CF0A4
1 10 1 154 308 309 F47647AE FB9D1EB8 FD66B852 F12E1999
1 10 1 155 310 311 E9172147 FD029EB8 02D53AE1 004A947B
1 10 1 156 312 313 FD4A1EB8 0819D47B 07428F5C 074630A4
1 10 1 157 314 315 E617547B F43CA3D7 01088CCD 045BD70A
1 10 1 158 316 317 02CF6666 15AE451E F22051EB F9952666
1 10 1 159 318 319 001A4A3D FF1EF0A4 0C2ADEB8 06B8D70A
1 10 1 160 320 321 EF027D70 0C34C51E F9317D70 F9FE170A
1 10 1 161 322 323 04132148 FFFFE3D7 16E4B0A4 F956028F
1 10 1 162 324 325 029E028F 0A7EDC29 18369C29 F462428F
1 10 1 163 326 327 05C79C29 FB0E570A FBB22148 0F638A3D
1 10 1 164 328 329 EE59170A 0246E3D7 07CECF5C F105BAE1
1 10 1 165 330 331 0D49170A 0B095999 F36E2B85 F77711EB
1 10 1 166 332 333 F79768F5 01F3828F FEE6BAE1 EE2AAB85
1 10 1 167 334 335 F6ECB0A3 F00FE147 07BFD999 F5AE3D70
1 10 1 168 336 337 F70830A4 06790A3D 04E53AE1 F58947AE
1 10 1 169 338 339 0885A148 F43B51EB 0E577852 0679428F
1 10 1 170 340 341 0756E8F5 06A6947A F6406E14 F5F8D1EB
1 10 1 171 342 343 0224599A 019E428F 0C9163D7 FD115C29
1 10 1 172 344 345 0011B5C2 04C61999 195E828F F6A2A8F5
1 10 1 173 346 347 0DDFCA3D FAFFEE14 FE4F2666 EFD1BAE1
1 10 1 174 348 349 FA5B2666 FCFA7AE1 09AAAB85 0BB1FAE1
1 10 1 175 350 351 ED837852 003D9999 FC901C29 05FC147A
1 10 1 176 352 353 FF50E147 0D035999 15570A3D F8C0D999
1 10 1 177 354 355 F41F9999 FBD32148 0462E147 119B7852
1 10 1 178 356 357 F5A9D70A F2AA7AE1 F52A3D70 FB10C28F
1 10 1 179 358 359 127BC28F FA0CB852 F86570A3 FDB38000
1 10 1 180 360 361 F73A3D70 1178B5C3 046D70A3 00BAE3D7
1 10 1 181 362 363 05C66666 FDE7A3D7 06DC7AE1 08A6147B
1 10 1 182 364 365 08730A3D 0A32F5C2 127AE147 0CFFB851
1 10 1 183 366 367 14C4F5C2 05CF6B85 FF48F5C2 FB4751EB
1 10 1 184 368 369 F55870A3 FCDF6B85 F7D19999 EE86147B
1 10 1 185 370 371 E65BA3D7 F200C000 FEA00000 F7898CCD
1 10 1 186 372 373 01498F5C FC9DC000 0E68F5C2 06A0170A
1 10 1 187 374 375 0BBCC28F F04CB5C3 FCB33333 FE799C29
1 10 1 188 376 377 FFCBA3D7 FAE451EB F2D051EB 0E40B333
1 10 1 189 378 379 FB816666 F2C33AE1 EC799999 F4E74000
1 10 1 190 380 381 0DD3CCCC F448F5C2 F8423D70 F9B2F5C2
1 10 1 191 382 383 156AD70A EC99F0A4 054428F6 02E13852
1 10 1 192 384 385 0011D1EB F9C92E14 0CCD1EB8 F3860A3D
1 10 1 193 386 387 03A5051F FEB27AE1 EE200000 F476B852
1 10 1 194 388 389 FA543852 11941999 EB8A3D71 097B0A3D
1 10 1 195 390 391 0868B333 06C8051F F3AE147B 0CF9C7AE
1 10 1 196 392 393 0F3FE666 0AB96147 02A051EB 0BAB28F5
1 10 1 197 394 395 FAB5051E 0D53FAE1 ED5AE147 02FABD70
1 10 1 198 396 397 FF94DC29 06C40F5C 128570A4 FDEC7AE1
1 10 1 199 398 399 FD458000 0180570A 145D1EB8 0C48AE14
1 10 1 200 400 401 FEAE4CCC 012168F5 14366666 1994D999
1 10 1 201 402 403 F5A92E14 FAEEFD71 0A1428F5 155AE3D7
1 10 1 202 404 405 F1FB947B FED2D1EB 09AE147B EB8F4CCC
1 10 1 203 406 407 F071570A 044DA666 0B0E147B 0CA2FD70
1 10 1 204 408 409 00940F5C 06857852 FE133333 0CE0CF5C
1 10 1 205 410 411 0637428F 07D2C51E F68DC28F 115B3AE1
1 10 1 206 412 413 F8B1570A ED31147A F59051EB FDDE6666
1 10 1 207 414 415 F587BD70 F2F92147 0F62E147 FB663AE1
1 10 1 208 416 417 02EB3AE1 EE43DC29 0D8E9C29 06A623D7
1 10 1 209 418 419 F68430A4 FBF6547B 07427333 F92AE3D7
1 10 1 210 420 421 FB8C828F 032AB333 F263170A EA98E666
1 10 1 211 422 423 FE420F5C 123935C3 0BCFAE14 FDB64000
1 10 1 212 424 425 F6FBDEB8 F37730A4 FB022147 023FA148
1 10 1 213 426 427 03ACF0A4 FFBE547B F2CCCCCD EBF9028F
1 10 1 214 428 429 10257852 01442B85 08FA7333 E7F330A4
1 10 1 215 430 431 00C9BD70 0469970A 1B55C28F F5FB5999
1 10 1 216 432 433 F18C5EB8 F7159C29 07CC63D7 F570C000
1 10 1 217 434 435 F14EC51E 056447AE 07FBE8F5 EEF1A8F6
1 10 1 218 436 437 0BC42147 0C5028F5 F83ADEB8 FA8C1999
1 10 1 219 438 439 07538000 165675C2 0486147B 040C6B85
1 10 1 220 440 441 0E13EE14 08248000 0B34E8F5 00A375C3
1 10 1 221 442 443 F25F051F 11D4AB85 FDFA8F5C 013EAB85
1 10 1 222 444 445 FD5491EB 074E3852 152963D7 F00947AE
1 10 1 223 446 447 EF123852 0E4EC7AE F511999A F6CC051F
1 10 1 224 448 449 FFAD0F5C 03F90F5C F57EB852 FF3B8A3D
1 10 1 225 450 451 0BFEFAE1 ECADBD70 FD947AE1 FE71CCCC
1 10 1 226 452 453 F752A8F6 ECA6B333 0D1E147B F956C7AE
1 10 1 227 454 455 E70AFAE1 0B704F5C 00C8A3D7 09D67333
1 10 1 228 456 457 E7CF3852 FE883D70 03F5C28F F3E43333
1 10 1 229 458 459 076F3852 FCCD28F6 136DC28F 16DCA8F6
1 10 1 230 460 461 097123D7 EF84828F F367AE14 FA60A666
1 10 1 231 462 463 094DF0A4 11B64F5C 07A8A3D7 091FA148
1 10 1 232 464 465 FD2F0F5C F4AD9C29 E9BD1EB8 FC59C51F
1 10 1 233 466 467 0D0D23D7 0405451E 0BCFAE14 0339C51E
1 10 1 234 468 469 F6561999 FF66FD70 F92A8F5C 074D028F
1 10 1 235 470 471 0486BD70 007ED47B 0F5BD70A 17305EB8
1 10 1 236 472 473 E8ED3851 F3F951EB 038FAE14 FEC13851
1 10 1 237 474 475 E4B10F5C 0E3791EB FFB99999 09C82666
1 10 1 238 476 477 11979EB8 02116E14 03851EB8 FEE4170A
1 10 1 239 478 479 006EA8F5 FB3C1999 EDF5C28F EAA4570A
1 10 1 240 480 481 F429F0A4 FC9B0000 09DBD70A 018F147B
1 10 1 241 482 483 F822E3D7 0990B5C2 EC05C51F 1074AB85
1 10 1 242 484 485 FAB8A666 0904E666 07B70CCC FD275C29
1 10 1 243 486 487 F9D75EB8 EC01970A F94387AE 01818CCD
1 10 1 244 488 489 019F23D7 F49FF852 124D1EB8 02202B85
1 10 1 245 490 491 F9F69C29 FCE4CF5C 14FB68F6 12F9EE14
1 10 1 246 492 493 EA63547B FA9AD70A FD2F2B85 0BAC428F
1 10 1 247 494 495 0A7B028F FCF27333 F17BA666 E79A87AE
1 10 1 248 496 497 00026B85 F9319999 16E147AE F99F6147
1 10 1 249 498 499 090AF333 0C2A35C3 FE64451F 0AD99C29
1 10 1 250 500 501 FB7C3AE1 F25D428F 0C94E8F5 FC00570A
1 10 1 251 502 503 0593E8F6 11A65C29 EA3BF333 F92F9EB8
1 10 1 252 504 505 12FCE666 F43E2E14 00F2E147 FC76EB85
1 10 1 253 506 507 114BD47B 0FED970A FE3D8CCD 0511028F
1 10 1 254 508 509 F6EAB5C3 F5C968F5 04D01C29 F3882147
1 10 1 255 510 511 FD6F30A4 0F050CCD 16BAAB85 F549CF5C
1 10 2 0 0 2 FAB6570A F64723D6 0E163D70 077D851E
1 10 2 1 1 3 0B2D51EB 0B56E666 0B0E4CCD 1317F5C2
1 10 2 2 4 6 216B23D6 0C11AE14 F8D9999A 02ABFAE2
1 10 2 3 5 7 1D0A3D70 F18F8F5D F8D4199A F3EE8A3D
1 10 2 4 8 10 F197B332 08FCA666 16E851EC F8028CCE
1 10 2 5 9 11 ED1B147A ED1EEE15 ECC1199A E7755999
1 10 2 6 12 14 04FA91EC E87FFD70 FC8CCF5C 0A4DB0A4
1 10 2 7 13 15 E7C123D7 ECC5F0A4 F6F2147B 07488000
1 10 2 8 16 18 FB8BBD71 FC008F5C 13CCCCCD 1456147A
1 10 2 9 17 19 F33A7852 0175028F F760A148 02DC451F
1 10 2 10 20 22 EE5C0F5C FBF10CCC FCCF5C2A 1A6487AE
1 10 2 11 21 23 E96CB5C2 E6DF6B85 F724CA3E F79EFFFF
1 10 2 12 24 26 FC892E14 16234F5C F0451EB8 05FA35C2
1 10 2 13 25 27 07E8E147 FE49DEB8 E046B333 EC7F35C2
1 10 2 14 28 30 DC1CE8F5 FEA44A3D 08C963D7 EFB591EB
1 10 2 15 29 31 F9F0E3D7 FFC91C29 FA584A3D F6AEDEB7
1 10 2 16 32 34 F6203333 F87CA666 208F5C29 04E2970A
1 10 2 17 33 35 00F6F333 1440F5C2 FA7F7333 2068A3D6
1 10 2 18 36 38 ED3E47AE FBF1D1EB F4DCCCCC E338A3D7
1 10 2 19 37 39 0633A147 116DB5C2 1004B0A3 EA218CCC
1 10 2 20 40 42 034E1EB8 EA7F9999 06C3D70A ECBB28F5
1 10 2 21 41 43 FAFB6B85 E9468A3D F5F2A8F5 0F016B85
1 10 2 22 44 46 03910000 FD33E666 FD551EB8 DFA50000
1 10 2 23 45 47 0694A666 F2922B85 198A11EC 1157EE15
1 10 2 24 48 50 EEAEFFFF 07A3B0A3 FC1F5C29 18580CCD
1 10 2 25 49 51 0F8A0A3C F47A599A 0C97E148 1AE53AE0
1 10 2 26 52 54 F8A37AE0 F758451E FBF51EB8 FD8B599A
1 10 2 27 53 55 EB0D0F5B EA2430A4 14CFBD71 08DBDEB8
1 10 2 28 56 58 FC0C70A4 0B3CB851 0B5B851E 0D235C29
1 10 2 29 57 59 E2F97FFF FCBF851E 00EB9EB9 F73F851E
1 10 2 30 60 62 20FB28F5 1AE9147B 0C600001 EA1AD70B
1 10 2 31 61 63 FBDDCCCD E6312E15 FEBE5C29 05C31999
1 10 2 32 64 66 FE12A665 F52387AE FFA81C29 21E407AE
1 10 2 33 65 67 E9140CCC 1032E3D8 E6777852 0C7CB5C2
1 10 2 34 68 70 FB6B4A3D EA7A1998 0F5BF333 EEC53852
1 10 2 35 69 71 F724E666 F37EAB85 25EC6148 005691EB
1 10 2 36 72 74 18774A3D E729E3D7 F38E828F 10222B85
1 10 2 37 73 75 04B36666 E8A1FAE1 F8F63332 F5AB28F5
1 10 2 38 76 78 FB974A3D 0074B5C2 F7A06E15 FD510CCC
1 10 2 39 77 79 F0DDB0A4 0D34D99A 05EBE8F6 F34D63D6
1 10 2 40 80 82 1EB2828F 02B7BFFF 05BA68F5 F1CE5EB9
1 10 2 41 81 83 020D7851 09B34000 F8E32B85 061D30A4
1 10 2 42 84 86 016F11EB 09E90A3D F71A028F F2FA1EB9
1 10 2 43 85 87 F4096146 0EDEFD71 06303852 EFE6D999
1 10 2 44 88 90 FAD507AE 1128147B FF92C51E EDD05C29
1 10 2 45 89 91 05FAFAE1 FA77170A 12A8DC29 18707852
1 10 2 46 92 94 E63C11EC 040723D6 F4FC5EB8 F6004CCC
1 10 2 47 93 95 F277A8F6 FD0D4A3D 1A670F5C FACBCA3D
1 10 2 48 96 98 1077F851 F8911C28 EFBBBAE1 F5D7EE14
1 10 2 49 97 99 234147AD EDA1F0A4 F29B4CCD F068FAE0
1 10 2 50 100 102 F4F10A3D E302A147 0B5B851F 0DADA147
1 10 2 51 101 103 11058A3E 0F0F9C29 13869EB8 0229D999
1 10 2 52 104 106 F0F27AE0 0C8170A3 F83EB852 110CCCCD
1 10 2 53 105 107 21119999 F8E90000 F0DC7AE1 F151F5C2
1 10 2 54 108 110 05450A3C F30751EC F829999A FA589EB8
1 10 2 55 109 111 16347851 204B0CCD E5C7B0A3 045A68F5
1 10 2 56 112 114 F8514F5B 12A4AE14 032D3AE1 FF918F5C
1 10 2 57 113 115 F0B963D7 E332428F E3EFCA3D 0C1DC7AD
1 10 2 58 116 118 19D370A4 0EE30F5B FE3D70A4 E4DFEB85
1 10 2 59 117 119 003E2666 EE44D999 F97CBAE2 F6A80CCD
1 10 2 60 120 122 026AA3D6 06976666 F68A3D70 F72ECCCC
1 10 2 61 121 123 09D81999 F4F7A3D6 1347428F DFDFF5C2
1 10 2 62 124 126 FC4C3D70 1B958F5B F53851EC FD1B0A3D
1 10 2 63 125 127 F9957AE0 0B310F5C F579E148 02EA051E
1 10 2 64 128 130 F7D1999A 03E363D7 FAB851EC 09E36E15
1 10 2 65 129 131 EC2A6666 FA79BAE1 18A5999A E013547B
1 10 2 66 132 134 094B851E FD12CA3D EBB47AE2 0C3535C3
1 10 2 67 133 135 07330CCC FEBA2E15 ED787852 11C1DC29
1 10 2 68 136 138 F33BAE14 01246147 00CC28F6 EED3147B
1 10 2 69 137 139 058C35C2 1317D999 12AE07AE 10BA68F5
1 10 2 70 140 142 22F2147A 035F2B84 02DC28F6 011587AE
1 10 2 71 141 143 1883F0A3 E925A666 E77C0F5D EA627332
1 10 2 72 144 146 FF27851E 18202B84 0AF1EB86 EE7EB5C2
1 10 2 73 145 147 0F7263D7 E97F147B 09154A3D F14E70A3
1 10 2 74 148 150 0FF4F5C2 ED69BAE0 0605C290 05DF970A
1 10 2 75 149 151 F824DEB7 0F5575C3 15A935C3 15EF0F5B
1 10 2 76 152 154 F0D1EB84 EE8E1C28 F5233334 F1DAB0A4
1 10 2 77 153 155 E188E3D6 0C525C29 00CAF334 E852FFFF
1 10 2 78 156 158 033B3332 1613E8F5 F51C28F6 06324F5D
1 10 2 79 157 159 144C2E13 E9B5F852 FCFFFAE1 FADEEE14
1 10 2 80 160 162 035C87AE 0E3D2E14 FAB4E8F6 F64F0F5C
1 10 2 81 161 163 0791FAE1 F43230A4 156323D7 0181C51E
1 10 2 82 164 166 E79D0F5B FC7891EB 1088CCCD 174463D7
1 10 2 83 165 167 006A428F 08F6B5C3 1C85CCCD 01652B85
1 10 2 84 168 170 FE370F5B FC49999A F5DA3D71 FCBB8F5C
1 10 2 85 169 171 05102147 1AB49C29 0464F851 F60BA147
1 10 2 86 172 174 080BDC28 0A1EF0A3 151EB852 1471CCCD
1 10 2 87 173 175 FA6B51EA 03F6DC29 13936148 0B5BF5C1
1 10 2 88 176 178 1EA7F333 EEFEDC29 02BC5EB9 F9D49EB9
1 10 2 89 177 179 EAA9D70A 0646C51F 0B3770A4 0F4BAB85
1 10 2 90 180 182 F4C9A8F5 F6CA0A3D 1EB7AE15 03D4C28F
1 10 2 91 181 183 0789828F 12D3A667 E4F6E8F5 1FEA7851
1 10 2 92 184 186 0A503851 EBE99C29 FDE8F5C3 F1213AE1
1 10 2 93 185 187 0E357AE1 0B81E8F6 095B947B E5AAA666
1 10 2 94 188 190 F56D5709 D631E147 F16CCCCD FD74CCCD
1 10 2 95 189 191 1183EE13 093D1C29 09E6BAE1 EFDAF851
1 10 2 96 192 194 ECAA547A 124C5999 176368F6 E7C3AB85
1 10 2 97 193 195 F2AA970A F093547B EC07C000 F41168F5
1 10 2 98 196 198 F7677333 F03151EB 071BBAE1 1F87947B
1 10 2 99 197 199 1EC43851 F45A0290 169C3333 15E6CF5C
1 10 2 100 200 202 0CFA547B 03F2E666 18E69C29 FC9DDC28
1 10 2 101 201 203 EC18B0A4 F424E147 19B487AE 129628F5
1 10 2 102 204 206 FF5A028F F8D3E147 EC1368F5 1A07CCCD
1 10 2 103 205 207 01AA07AD F7B25C29 F8651C29 174B51EB
1 10 2 104 208 210 FC2C3AE1 15A0D999 FA6E828F EAC1B5C3
1 10 2 105 209 211 F456D1EB 06D8BD70 FCB3A3D7 2F539EB8
1 10 2 106 212 214 EBF62666 F99791EB F4377852 E27B547B
1 10 2 107 213 215 F744E8F5 F780170A F47DDEB9 0C7B9C28
1 10 2 108 216 218 0B7B4F5C F09F1999 0A847852 E205147B
1 10 2 109 217 219 010ED1EB F17268F6 F8B97AE1 0F5DEE14
1 10 2 110 220 222 EE014F5C F5FE1999 F9E930A4 07290A3D
1 10 2 111 221 223 EF3A428F FE8BA666 05DBF5C3 E0449C28
1 10 2 112 224 226 12CCB851 F5A4570A F4DCCCCD EFD7570A
1 10 2 113 225 227 E4507AE1 0E3CF5C3 02073333 0BED9999
1 10 2 114 228 230 F532451E 20124A3D EF9887AE 0DA6CF5B
1 10 2 115 229 231 E7916666 F3C728F5 02DF3D70 0AE08A3D
1 10 2 116 232 234 0738E148 EB64F333 F32147AE E561D47B
1 10 2 117 233 235 1022F0A4 F22B35C3 2276A8F6 0D5DC51F
1 10 2 118 236 238 F0694F5C F6986E13 DE99CF5C 2023AB85
1 10 2 119 237 239 04775709 0C786B85 F5FA947B 0963B851
1 10 2 120 240 242 E6A5FFFF FA8287AE 0BE851EB 10FB87AE
1 10 2 121 241 243 F5E9DC28 F496BAE1 EF4D2E14 05BFB0A3
1 10 2 122 244 246 FDBD4A3D 149830A4 F46063D7 130C68F6
1 10 2 123 245 247 E93891EC 126E7333 F144DEB8 E5678CCD
1 10 2 124 248 250 F25D0A3D FC119C28 ED6FFFFF 1DC47852
1 10 2 125 249 251 048EC51E F44A7FFF EE28E8F6 20B41999
1 10 2 126 252 254 303968F5 0158D999 FB6BF333 F8425999
1 10 2 127 253 255 FD56547B EBDBC000 0779AB85 EB6B547A
1 10 2 128 256 258 F5B0FD71 EB952148 EC52FD71 F1D44F5C
1 10 2 129 257 259 09976B85 0F7E9999 E54DEB85 E3D3147B
1 10 2 130 260 262 0B94D47B 118C11EB 08B4451F 00D511EB
1 10 2 131 261 263 F40A2667 11461C29 1A03828F FF18AB85
1 10 2 132 264 266 F5F763D6 FC8E2147 FBFFCA3E F6978CCD
1 10 2 133 265 267 D82FD70A E3BBFAE1 08E06148 FB777FFF
1 10 2 134 268 270 02146666 F16E028F F3DF5C28 1318BAE1
1 10 2 135 269 271 EB46B333 1073CA3D EE638A3D 22065999
1 10 2 136 272 274 04B9028F 03078000 1F169C29 F78E8000
1 10 2 137 273 275 0067BAE1 FA8B0000 F4F391EB 0F716666
1 10 2 138 276 278 F7832B84 F698FAE1 1B7D4000 DA12147B
1 10 2 139 277 279 F9880F5B FB96A149 FCD97AE1 021411EB
1 10 2 140 280 282 0B9EBAE1 0710D70A 1973D999 F71A8F5C
1 10 2 141 281 283 EC58EE14 0D006147 10AF68F6 19E623D7
1 10 2 142 284 286 F22AE147 0AB07851 FB0CCCCD 0F679C29
1 10 2 143 285 287 FB8B30A3 0401DC29 E5AF0CCD FF079EB7
1 10 2 144 288 290 0DC8CCCC 0763AB84 194CCCCC F2945EB8
1 10 2 145 289 291 FCD1028E 009051EB F4B0E8F6 D4AC7AE1
1 10 2 146 292 294 D522828F F5CDCF5C F9DA7333 10758CCC
1 10 2 147 293 295 01F463D7 1C3AAB84 025CE3D7 144EEE14
1 10 2 148 296 298 0EF963D7 233FBD70 15F5547B 0932A8F6
1 10 2 149 297 299 F448F5C2 EB82A667 FF5E147C 11C311EB
1 10 2 150 300 302 EDD630A3 F2FFBAE1 ED492B85 0490BFFF
1 10 2 151 301 303 0CB7AB85 209C3AE1 056EBAE1 07A3B0A3
1 10 2 152 304 306 19415C29 F096D999 15F1EB85 2800E3D7
1 10 2 153 305 307 FE8875C3 F8EED47B FE0E947B F0E01C29
1 10 2 154 308 310 DD8D68F5 F89FBD70 0B5F2667 FE9A8000
1 10 2 155 309 311 FDB14CCD EE58DEB8 FD1C23D7 F403547A
1 10 2 156 312 314 E3617333 FC567852 1732CA3D 13DD30A4
1 10 2 157 313 315 0B9E6666 063DA3D7 02E6B852 084EBD71
1 10 2 158 316 318 02E9B0A3 14CD35C2 02B51C29 168F547A
1 10 2 159 317 319 F8D928F5 ED6A47AE EB677AE1 05C0051E
1 10 2 160 320 322 F3159EB8 0C34A8F5 EAEF5C28 0C34E147
1 10 2 161 321 323 F2877FFF E3196666 FFDB7AE1 10E2C7AE
1 10 2 162 324 326 08659EB8 058D3333 FCD66666 0F70851F
1 10 2 163 325 327 279A2666 F8B02147 08D311EC F01463D7
1 10 2 164 328 330 FBA22E14 0D503D70 E1100000 F73D8A3E
1 10 2 165 329 331 FF45E147 FD978F5C 1057BD71 E473E666
1 10 2 166 332 334 EE841998 F20363D6 00AAB852 11E3A148
1 10 2 167 333 335 F494F851 E66AD1EC 09387D71 F5EA851E
1 10 2 168 336 338 FF8DD1EC FAB45C28 EE828F5C 123DB852
1 10 2 169 337 339 0B5E7D70 E731CF5C FE6BF852 03E0C000
1 10 2 170 340 342 097B428F 0844D709 05328F5B 050851EB
1 10 2 171 341 343 F351CA3D E9676E14 F92F11EB 028A35C2
1 10 2 172 344 346 0DF17FFF FFC607AD F231EB85 09C62B85
1 10 2 173 345 347 09303D70 F853828F 298CC7AE F4F1CF5B
1 10 2 174 348 350 E7DE9EB8 FD38147A 0CD7AE14 FCBCE148
1 10 2 175 349 351 0FA6BFFF 0F21DEB8 03AE970B 0842170A
1 10 2 176 352 354 F3707AE0 08D67AE1 0B3147AE 11303851
1 10 2 177 353 355 26F2828F F45DF852 03BB91EB FD23BAE0
1 10 2 178 356 358 08259999 ECB73333 E32E147B F89DC28F
1 10 2 179 357 359 F2DDBD70 02AB51EC F776BD70 F3763332
1 10 2 180 360 362 FD00A3D6 0F60599A F173D70A 139111EC
1 10 2 181 361 363 0D13851E F9DE68F6 FBC75C28 07975EB8
1 10 2 182 364 366 1D37FFFF 10026147 F3AE147B 04638A3D
1 10 2 183 365 367 0DC23332 0DB6C28F 17338F5C 0C48AE13
1 10 2 184 368 370 DBB4147A EEE02B85 0EFCCCCC 0ADEAB85
1 10 2 185 369 371 EF5B2666 EFE6147B 00480CCC ED26147B
1 10 2 186 372 374 0D0651EB ECEA75C3 F58CCCCD 0C510A3D
1 10 2 187 373 375 0CE291EB 09ECE3D7 0FEF5999 03534A3D
1 10 2 188 376 378 FB4D0A3D EDA78CCC 044A3D71 0821170A
1 10 2 189 377 379 E7B791EB 21C7199A FDE911EB FABA4CCC
1 10 2 190 380 382 233EA3D6 E0E2E666 F868F5C2 07AF051E
1 10 2 191 381 383 FB2375C2 F46ECCCC F561051E FEF71EB8
1 10 2 192 384 386 03B6D70A F87BA8F5 FC6CCCCC FB16B333
1 10 2 193 385 387 0143D70A 05660A3D 18566666 E1A60A3D
1 10 2 194 388 390 02BCEB85 185C1EB8 F1EB851F 0ACC147A
1 10 2 195 389 391 F884051F 15CCF5C2 DE9075C3 FD291EB8
1 10 2 196 392 394 09F4EB84 180D5C28 148AE148 FD656666
1 10 2 197 393 395 059B0F5B 1E5047AE FFA5947B F9060A3C
1 10 2 198 396 398 FCDA5C29 08446666 024F5C29 0543B852
1 10 2 199 397 399 1ECE1EB8 E98F5C29 063CC290 12499999
1 10 2 200 400 402 F4577AE0 FC106666 09051EB8 06326B84
1 10 2 201 401 403 29914A3D 0F80B0A4 FEDB828F 23A9028E
1 10 2 202 404 406 E26CEB85 03207851 018A3D71 FA852B85
1 10 2 203 405 407 165111EB E0813851 FD0B170B F69D6147
1 10 2 204 408 410 06CB51EB 0E583D70 FA5CCCCD FEB2B334
1 10 2 205 409 411 0F6E6E14 16530CCD ECB7F852 036E91EB
1 10 2 206 412 414 EE39147A E02A35C1 0329999A FA37F333
1 10 2 207 413 415 F0F68CCC EE7B851F FA2A170A 0D4147AD
1 10 2 208 416 418 F96F6B85 EA3A30A4 0C670A3D F24D87AE
1 10 2 209 417 419 06B98000 FF63B0A4 1463B852 0DE8970A
1 10 2 210 420 422 F9CE91EB 1563E8F6 FD4A7333 F0F17D70
1 10 2 211 421 423 F019570A DEC93852 F4ACD70A F668947A
1 10 2 212 424 426 FAA8CF5C F335851F F34EEE14 F3B8DC29
1 10 2 213 425 427 E6FB23D6 0F72D47B 0F091EB8 F50C6E15
1 10 2 214 428 430 10EF35C2 05ADC28F 0F5BBAE2 FCDA947B
1 10 2 215 429 431 FEF5CCCC CC9D6E15 12FF199A 0348F333
1 10 2 216 432 434 E2DB23D6 FC79E3D7 003D999A F1B1547B
1 10 2 217 433 435 F6BE0CCD ED74D70B 18DABAE1 FD6CA8F5
1 10 2 218 436 438 1317A147 22A69EB7 0470A147 F5F9B333
1 10 2 219 437 439 FC474A3D F606051E F42E7333 FF122E14
1 10 2 220 440 442 0072F333 19F92B85 1BB4E8F5 F64FD47B
1 10 2 221 441 443 0C73947A 02A8E667 09F63D70 FE9E051F
1 10 2 222 444 446 EC66CA3D 159D0000 0E425999 F8FF70A4
1 10 2 223 445 447 0BF568F6 FAF7AE14 1E5D5EB8 E51AE148
1 10 2 224 448 450 0BAC0A3D F0A6CCCC F3AE147B 174B51EC
1 10 2 225 449 451 F3F0851E 01A70F5C F70CEB86 FCD0051E
1 10 2 226 452 454 DE5DA3D7 F817028F 1047AE15 E13663D7
1 10 2 227 453 455 16F487AE F88E23D7 0347A148 FA1F6B85
1 10 2 228 456 458 EF3E70A4 FB556666 E0600000 01BB147A
1 10 2 229 457 459 1AD26B85 E07670A4 ED191999 0751F5C2
1 10 2 230 460 462 12BF147B 013AD1EB 00233333 DDCE3333
1 10 2 231 461 463 FC874F5C F2B8028F EA480CCC 02094A3D
1 10 2 232 464 466 0A3C3333 F8B2E147 F021EB85 F0A8570B
1 10 2 233 465 467 ECF6E3D6 F08A170B E683599A 08297333
1 10 2 234 468 470 FADCD709 FFE5D1EB F1CF5C29 FEE828F5
1 10 2 235 469 471 105AEE14 F7F12B85 E1FA30A4 16A8D999
1 10 2 236 472 474 CD9E47AD 0230E3D6 043C28F5 E5C1C000
1 10 2 237 473 475 0D57D47A FF079EB8 F9C787AE FE7AD1EA
1 10 2 238 476 478 120647AD FD4D87AD 1128F5C3 06D5547B
1 10 2 239 477 479 EE2975C2 10EE547B 18E0C7AE ECD9D999
1 10 2 240 480 482 EC4CD47B 062BB5C2 FC070CCD F30A4A3E
1 10 2 241 481 483 1A50828F 15894F5C F9672B85 ED94D99A
1 10 2 242 484 486 F490051E F5067D70 00E147AE 1D034F5C
1 10 2 243 485 487 09389999 03E3D47B 06357FFF F66AE3D7
1 10 2 244 488 490 FB95C000 F184C7AE 07A887AE F7BB28F6
1 10 2 245 489 491 25470CCC ED24C28F FF5330A4 171B947B
1 10 2 246 492 494 F4DE570A F78D4A3D DFE851EC FDA863D7
1 10 2 247 493 495 E4C9B333 1A309C29 1594A3D7 FD27E8F5
1 10 2 248 496 498 090D5EB8 055BCF5C F6F77852 ED0763D6
1 10 2 249 497 499 21BAE3D7 FB3B1C28 0C07AB85 F803A666
1 10 2 250 500 502 011023D7 04039EB8 F5E851EB E0B6E666
1 10 2 251 501 503 05C487AD 11C463D7 13654A3D E63C4A3D
1 10 2 252 504 506 2448BAE1 042BC51E 01B111EB E450970A
1 10 2 253 505 507 0603E3D6 FE395EB8 FBE1DEB8 FAB47852
1 10 2 254 508 510 F459E667 04CE75C2 F97B851F E6C45C28
1 10 2 255 509 511 FA19EB85 DCCD75C2 0F864CCD 0A42CCCC
1 10 3 0 0 4 0E10BD70 012C68F5 ECA5999A F51ABAE1
1 10 3 1 1 5 0AC0250E F64C3DB4 006D2CDC 150AA8B2
1 10 3 2 2 6 08611C29 0751F5C2 05B52147 002B8F5C
1 10 3 3 3 7 03CBF56C 10595271 07425760 02BEA351
1 10 3 4 8 12 FB49228F F8BE51EB F64E90A3 103E547B
1 10 3 5 9 13 E72EF407 F855B37A 05EC2073 F4C93A9A
1 10 3 6 10 14 109B0148 FDBADEB9 064D50A4 FA47AE15
1 10 3 7 11 15 FC273A7D F45AFADA F099DF1D F31A5EBE
1 10 3 8 16 20 F4F3E666 FBF8CE14 0697D70A 0007C148
1 10 3 9 17 21 E8BFC684 FFD3896E 0A7AB1CE 01A17920
1 10 3 10 18 22 1718AA3D 0BC35C28 FCB4228F 0892B852
1 10 3 11 19 23 FBDB8599 07860E0A FB851BAF FB563714
1 10 3 12 24 28 EC530B84 0A63CCCC 10362290 0BBF8290
1 10 3 13 25 29 01BCA516 0135EAF5 062C3C30 FD13F3C3
1 10 3 14 26 30 EFFD5851 FE9868F6 0047C667 0761CCCC
1 10 3 15 27 31 EED7EDC3 FB8AB0D9 F16EC56F F0F484E9
1 10 3 16 32 36 F1AF3D70 FA373C28 0470F5C2 FE456A3E
1 10 3 17 33 37 08D6321F 0E189993 F820C113 06285C2F
1 10 3 18 34 38 01E3FFFF 0802E51F 1EAB5C29 FCDFB1EB
1 10 3 19 35 39 EFDAA1A7 1245D8E7 0AA4D18B 0E22CAEF
1 10 3 20 40 44 036F8F5C F3D9BFFF FFDE8F5C F6A5D999
1 10 3 21 41 45 FB11E144 ED903CA8 FFE98A40 FBB64D94
1 10 3 22 42 46 F3346B85 F7B3051E 138F6B85 F50823D6
1 10 3 23 43 47 F8138A6A F8577AFE FDDF1E8A 16A9F086
1 10 3 24 48 52 F3A93D6F FF7DFAE0 FB05C28F 0825B5C2
1 10 3 25 49 53 F8A2989F F9EAD840 16E7719D FA8F815A
1 10 3 26 50 54 FCD55AE1 0E31770A FF4A0147 0A2695C2
1 10 3 27 51 55 02122280 02F53766 0A85BEC8 17F0037A
1 10 3 28 56 60 0E83CCCC 1312E665 ED88A3D8 F829D1EB
1 10 3 29 57 61 E6E6CFCD F6B61119 FC12B031 06097405
1 10 3 30 58 62 FABB2E14 0061AE14 10A0570A 0CC1AE14
1 10 3 31 59 63 02F10A5D FA07F56C FDFA945B FD378FB2
1 10 3 32 64 68 FCBEF850 EFCED0A3 0153AE14 0554B70B
1 10 3 33 65 69 ECFCAEC1 06CF26CF FC175E0B 0963BD09
1 10 3 34 66 70 F736AA3D 09440A3E 087171EB 189FFD70
1 10 3 35 67 71 E5F1FB2F F8B76363 00857D23 13C5525F
1 10 3 36 72 76 0A074A3C F3CF4CCC 0E700000 F35A970A
1 10 3 37 73 77 01AB3D36 FE560619 03082930 EA4BF4C7
1 10 3 38 74 78 F86FC7AD 0C40DEB8 FB1EBAE1 03E14CCC
1 10 3 39 75 79 F5E5EA4C FD3AE063 031048E6 F8704891
1 10 3 40 80 84 1010CA3C 0650651D 0EA1B852 FC675AE1
1 10 3 41 81 85 020DE774 0E565960 FFFF90DC FB5CE6A0
1 10 3 42 82 86 FC5A43D6 FD5A2E15 0960251E F47430A3
1 10 3 43 83 87 F4907933 068F844F 0452B251 FF8DAC55
1 10 3 44 88 92 F0888CCD 0A979C28 0A4C7AE1 06907852
1 10 3 45 89 93 FD29DC73 00F98634 08D11E6D F97D90D6
1 10 3 46 90 94 FAC988F5 FC69FEB8 04C93C29 F1665D70
1 10 3 47 91 95 FE27CAEE 04B997D7 1481113A 13B6E07B
1 10 3 48 96 100 02B48146 EDC9DEB7 0DC3770A 0AC73D71
1 10 3 49 97 101 1CF85E12 F61F83BC 0648E99A F7826CE8
1 10 3 50 98 102 FEB4AE13 F53E347B F1070CCD 0099B999
1 10 3 51 99 103 F32A37FD F0896F87 FF7114CF FFDF8B59
1 10 3 52 104 108 FB1BC28E FFC46147 F5D6B852 0CBD0F5B
1 10 3 53 105 109 23CD4E59 00058FAB FD444B3F F8E37055
1 10 3 54 106 110 F94BAB85 0C719999 FEF30CCD 049B3333
1 10 3 55 107 111 033D58BE 00641891 ED9F2222 F0EDDD31
1 10 3 56 112 116 09125FFF 10C3DEB7 EF3EEF5B 01E0CF5D
1 10 3 57 113 117 F22DDE70 EB3E5BAE FE8B8566 F7F3E6E0
1 10 3 58 114 118 F4069332 00AA0F5C 0F26A7AE FEE78000
1 10 3 59 115 119 F0F7AFEA 0BAA02F6 F2F81A52 0073C4B6
1 10 3 60 120 124 FF5B70A3 11167AE0 030F3333 F580EB86
1 10 3 61 121 125 069C4637 00B57520 033BD361 F4422EB6
1 10 3 62 122 126 F9D2A3D6 00FB3D70 FCB7999A F6338F5C
1 10 3 63 123 127 0E63E0D3 F2A0B927 04E361BB ED3F3C9B
1 10 3 64 128 132 008E8F5C 007B1709 F7430A3E 03684CCD
1 10 3 65 129 133 F82D9C5D FA3E11C2 F3FCCA09 003BA91E
1 10 3 66 130 134 0376C3D7 0F177999 F7418E15 FACBF47B
1 10 3 67 131 135 1927072C F04F8CEC FF7E926E EFC3C78E
1 10 3 68 136 140 0B16E147 0241C665 E824CCCD FEE29AE1
1 10 3 69 137 141 035C9218 F8CCB8D1 022FA3AA 1A4B20C7
1 10 3 70 138 142 00F0D852 F5FB75C2 FFDB50A4 F8D79EB8
1 10 3 71 139 143 0A5D7BEF 18AC6796 08508BBF F80E015E
1 10 3 72 144 148 078E3D70 02C4F332 F79947AE 155B3852
1 10 3 73 145 149 0A5DFFBC FCF26604 0514641A EC8CAE76
1 10 3 74 146 150 0868C148 F43C7999 02892A3E FA423C29
1 10 3 75 147 151 04A35716 E93D8CB3 0471F326 0810E3EF
1 10 3 76 152 156 FA068F5B 0251028E F6CB5C29 EC3D199A
1 10 3 77 153 157 F0103081 F71ABEE6 F178B355 15379D42
1 10 3 78 154 158 FDAAC148 FE5F43D7 F77871EC F37B6CCD
1 10 3 79 155 159 FFA4C651 F70942E8 01262CE3 F149BD16
1 10 3 80 160 164 F57CCB84 055ADFFF 0DDFBC2A 08E24E15
1 10 3 81 161 165 0719D7FA FD1ED024 007822E6 F7136080
1 10 3 82 162 166 08FCA666 F2E32148 F1B84290 036BEE14
1 10 3 83 163 167 011A52A5 F62D15F1 1448D131 0B54AF2D
1 10 3 84 168 172 032175C1 0334451E FB159999 F915547C
1 10 3 85 169 173 01F5C2B0 10BA358B 031A5E96 09FA669D
1 10 3 86 170 174 0526051E F3CE6B85 F0B43852 08ED23D7
1 10 3 87 171 175 FF4AD436 F015F681 051A241A 05F5AAC5
1 10 3 88 176 180 09B8CE13 F2E47332 14EF251F FC1A68F6
1 10 3 89 177 181 FEA70F39 07212ECF EC02C7D1 FF25964F
1 10 3 90 178 182 034890A3 ED8E7852 FF73CE15 0C462666
1 10 3 91 179 183 1A734867 05EC1F1D F0C4283D 095F8C67
1 10 3 92 184 188 FFDEC7AC E10DBEB7 0A7170A4 0ADBDD71
1 10 3 93 185 189 1090310F 02D3DAB8 FDA549D1 08AE0E3E
1 10 3 94 186 190 FDAEE147 FFDA370A 003A147B F14703D6
1 10 3 95 187 191 FB786DDD F50A65D7 0DE3269D F0A0408F
1 10 3 96 192 196 F208E3D6 013ED5C1 FAA170A4 110D83D7
1 10 3 97 193 197 0017A191 E94AC967 F292F579 07488B13
1 10 3 98 194 198 1B757EB8 F053F852 FBEDEA3E F76FB332
1 10 3 99 195 199 F5C3BECA EA4C0B0E F6440136 09C55DE6
1 10 3 100 200 204 062A2B84 FE6363D6 06D028F6 058F8290
1 10 3 101 201 205 F3B37455 F68C4E92 F8653C4F FD9892B4
1 10 3 102 202 206 1977347A 0845399A FF6F67AE F458A28E
1 10 3 103 203 207 17C6E3A5 03BF1630 01EDA409 0ED712C4
1 10 3 104 208 212 F41130A3 079C35C1 081B0A3D 0E04A3D7
1 10 3 105 209 213 F413EAFE 03814AF9 0042E6EC 03577277
1 10 3 106 210 214 EE74EB84 FB451EB8 0BF9970A EF7C970A
1 10 3 107 211 215 06D5355E 17519B79 F5DE6E78 1802033F
1 10 3 108 216 220 FCBE4F5C F34E9998 0EBD0000 FD508000
1 10 3 109 217 221 FA15BB5B FE2398E9 06F9168F F34ED00D
1 10 3 110 218 222 08D6C147 F40DF1EB 01ADB70B EDF7228F
1 10 3 111 219 223 EF127114 10D4A734 09A709CC FE8946E0
1 10 3 112 224 228 03FF7EB7 0ADB50A3 0ECD3999 EAC90667
1 10 3 113 225 229 E532C2CD 0B6F9494 FF1DB813 02CD612E
1 10 3 114 226 230 0141CE13 001F67AE F39AFEB9 EFB7EF5C
1 10 3 115 227 231 03D81F42 011A6537 FE2F13F0 0AD33461
1 10 3 116 232 236 FBD11852 F0FEB0A2 0B67C8F6 FA664290
1 10 3 117 233 237 0E0E5C78 FBEA0CA1 0214942C F6412921
1 10 3 118 234 238 09A27999 0364028F E97ECE15 E1FDD1EB
1 10 3 119 235 239 18182679 06E80DAD 0A5E827D 0675B771
1 10 3 120 240 244 F231A51D 078D5C29 F4745AE1 F2F52B85
1 10 3 121 241 245 F96B70B1 08DD3BFF FC7E6B77 EBB97EE1
1 10 3 122 242 246 0F7A5D70 0E4D91EC FC6DF47A 02ADF5C2
1 10 3 123 243 247 F374C1DA 117C36F7 FBD86C3A F44379AB
1 10 3 124 248 252 114B3998 FEB53AE0 E111D0A4 FD5C6148
1 10 3 125 249 253 FA376930 F3F7478C 0A575BEE 00533872
1 10 3 126 250 254 F2D92CCB 112C4290 FA96D333 0C9835C2
1 10 3 127 251 255 ED292A99 14FC3284 00FFBE5D 0BB7E714
1 10 3 128 256 260 00A2E8F5 FE909999 F50E147B ED0487AF
1 10 3 129 257 261 06AC9FE9 121539A5 02EACB9B FD695FF3
1 10 3 130 258 262 F69407AD F490051F F5BEF5C3 FD444A3D
1 10 3 131 259 263 E922BAE7 E908E1BC FC2B309D FACA32BE
1 10 3 132 264 268 FC05E51E F6FE11EA F9F17EB8 05900F5C
1 10 3 133 265 269 EA955051 FF02B870 ED9A86B9 E4B94270
1 10 3 134 266 270 078C428F 015C1852 F47387AF F53B747A
1 10 3 135 267 271 16B1A638 F7EE3021 F22EBB10 03894FDD
1 10 3 136 272 276 FE1E1709 FCD03D70 069AEB85 06374290
1 10 3 137 273 277 FC5B211E FDFFAAB4 040C99C2 FC8B554C
1 10 3 138 274 278 FC945851 EE08A000 228243D7 0985E000
1 10 3 139 275 279 FC5309CF 0819BB13 F8A0881B 0757AB53
1 10 3 140 280 284 FEE4CE13 08E0A7AD 0CB9ECCD FE302F5D
1 10 3 141 281 285 F603D32A 097E3533 F6551AEA 03822C13
1 10 3 142 282 286 146DBAE0 FE06E148 05061EB8 F913AE14
1 10 3 143 283 287 114DB6C1 1698B4DD FF61B235 034D6EF9
1 10 3 144 288 292 F175A7AD FE98BD70 1C53251F 08CAEE14
1 10 3 145 289 293 09146092 099235D8 F3BCA1FC F6FE1C12
1 10 3 146 290 294 14E12CCC FC5CF5C3 046BA000 F63768F5
1 10 3 147 291 295 00B0A8FD E2525264 F4003FF9 F25A287C
1 10 3 148 296 300 FE67CA3C 0B1FBC28 1091999A 18200148
1 10 3 149 297 301 0A2AFE7B FCC9C7AB EA1DF747 EEB8DEBB
1 10 3 150 298 302 0D430A3C 0DF4BEB9 08B24A3E FB3DEA3D
1 10 3 151 299 303 0076C789 04426BCE FEE74CF3 0D80A61C
1 10 3 152 304 308 FB67628E F49B4B84 1DD9F99A FBFB8E14
1 10 3 153 305 309 F835AB57 F70A88A1 0652CA6B 01E44BD9
1 10 3 154 306 310 0A4635C2 0E50DEB8 0BABB5C2 19B0051E
1 10 3 155 307 311 FBCFF2BD FDB28BCE 023EA1BD F32D905A
1 10 3 156 312 316 F32591EA 0891D70A F03BE148 F3C4A148
1 10 3 157 313 317 FCB5D70A FF14086A 0EE88F5C 07299B6C
1 10 3 158 314 318 16E10F5B 08940A3E 0051BAE1 0B492666
1 10 3 159 315 319 0AC3DDB9 096705AA F822DA99 FEE7B7C6
1 10 3 160 320 324 FDBD9EB8 08E0EE13 F5580000 0353BAE1
1 10 3 161 321 325 04AE42E9 E0F69A8F EDD93D15 0222CBD7
1 10 3 162 322 326 FD2FF0A3 07AF3D70 EDBF6B85 0485A3D6
1 10 3 163 323 327 F72E2368 0AF39EE7 08AD5778 05EF28C7
1 10 3 164 328 332 F51323D6 FFA9D0A3 068F0A3E 0DA66CCD
1 10 3 165 329 333 F28E13A0 F9C9C4C7 0CB7CDA6 03CDCA95
1 10 3 166 330 334 F979D0A4 FB4968F6 E7962F5C FBF42148
1 10 3 167 331 335 0158A7D3 F2881486 0EFF159D F1EBD1E0
1 10 3 168 336 340 04848A3D 017C9998 FB0947AF F937C290
1 10 3 169 337 341 F9367292 F0177A44 12280ADE F71A5518
1 10 3 170 338 342 F9C570A3 0685947C F4BD1EB9 0BB823D6
1 10 3 171 339 343 0284C70B 037368B8 FBE73147 006D5748
1 10 3 172 344 348 FAE80F5B FE7F0E13 130970A3 0146F999
1 10 3 173 345 349 0F7A4864 FBFAC699 F9B5F50C FC58BBF5
1 10 3 174 346 350 F7776666 FE773EB8 FABA851E 0B4EECCC
1 10 3 175 347 351 166491BE F6403A42 132835F0 FEB19518
1 10 3 176 352 356 FDCB0A3C FAC6D709 F5A570A4 0E0FA3D7
1 10 3 177 353 357 0FC62046 FFC548C2 172C6248 F498AF90
1 10 3 178 354 358 01E7851E 170111EB 0949C290 FA2F2665
1 10 3 179 355 359 00739015 06054486 034801D5 F71E765A
1 10 3 180 360 364 0D1C51EA 0FB15D70 EFE451EC FFAEFC2A
1 10 3 181 361 365 10403C61 FCEB2913 FCD348BD FCF33FE3
1 10 3 182 362 366 FAEBB0A3 0FF17EB9 F6882667 039F9333
1 10 3 183 363 367 FA078F9A F73FFCAC 01BFCC8E 1057620C
1 10 3 184 368 372 F45D3332 EDE550A3 E756E148 00FADAE1
1 10 3 185 369 373 FFBE17F2 F6E72A48 EF9D0E74 F8FEEA32
1 10 3 186 370 374 0DA6EB84 0AA8EF5C 0155E148 0035BC28
1 10 3 187 371 375 FBAEC1C0 EFC3D4CD 04994B0C FD623FAD
1 10 3 188 376 380 0F45D709 E7453999 EC073333 06625333
1 10 3 189 377 381 EE0CDCA0 0E84A1A8 F9AAB54A 134277F2
1 10 3 190 378 382 05FCA147 07DC10A4 FE4D9C29 00450666
1 10 3 191 379 383 02582C2E 017C150B FB90E5BC F93E37C1
1 10 3 192 384 388 0339E147 086BE3D6 007CF5C3 F00FC51E
1 10 3 193 385 389 05B1A8D7 0D0D88C2 FB922E33 F858817A
1 10 3 194 386 390 039C70A3 0495970A F8D05C29 F6811C28
1 10 3 195 387 391 16FC681F FDA632AE 0159FE47 E3FFD78E
1 10 3 196 392 396 0367A3D6 1028E147 068D47AE 07E47AE1
1 10 3 197 393 397 05C2A458 FC550992 FFD86B02 21FB3E1C
1 10 3 198 394 398 0CE74CCD FD8B051F 07A3947B FFDA6147
1 10 3 199 395 399 04156C5B F3D7547E FB90281F 052EB5BE
1 10 3 200 400 404 EB623332 FF986F5B 08F547AE FC77F70B
1 10 3 201 401 405 1189EA00 F4B9F246 1807603C 1AC6BE5E
1 10 3 202 402 406 01C5251E 0254170A 073FF99A 03DE547A
1 10 3 203 403 407 FD27EBAA 16318B6E 01B396E4 0D777720
1 10 3 204 408 412 FA823332 F7413998 0C491EB8 171703D8
1 10 3 205 409 413 FC34C943 0A490339 1339A4D1 0C0A0993
1 10 3 206 410 414 FA4A5FFF FDC48CCD 00126CCD 00EE2667
1 10 3 207 411 415 FD1BD509 FF17C523 EF9C2349 0456CCC7
1 10 3 208 416 420 F99EFEB7 FFCF0CCD FFD06CCD EA6B23D7
1 10 3 209 417 421 F1FF7572 F992E2D6 14BA0A8E 05D0CDCE
1 10 3 210 418 422 FEAC43D6 FA818A3E 0DBAC666 F7CBFD70
1 10 3 211 419 423 0ACEBE19 0E5962D9 0994FA39 FF8F3431
1 10 3 212 424 428 05CC028F FC71A3D6 F4DCCCCD F6C3E148
1 10 3 213 425 429 E0F4B561 F5ECC811 06066E75 19860C69
1 10 3 214 426 430 F814C147 F22E90A3 FB3A2CCD 018A4B85
1 10 3 215 427 431 01F68B5C F2A591F4 0D12935C 0266DC20
1 10 3 216 432 436 FAF9628E 0F904146 E7E1C148 ECE9A290
1 10 3 217 433 437 F6873F8E F4844C13 0036CD3E F8F08AF7
1 10 3 218 434 438 FB1BA666 F6A0599A 0521F334 FB10FAE0
1 10 3 219 435 439 1046F4C8 033814F6 0893C618 FA3493FE
1 10 3 220 440 444 F66CDEB7 17CB15C2 0A06147B 022E15C2
1 10 3 221 441 445 08ACA8BB FB529EA7 03C6EBBF 075647BF
1 10 3 222 442 446 0A5A2CCC F406BD71 115ABC28 02491709
1 10 3 223 443 447 F0BCAADB FE14F900 19399295 00890C1E
1 10 3 224 448 452 F504D709 F45EE7AD 16A73333 FC47E51F
1 10 3 225 449 453 FF741336 F6141895 F47C71E8 0B92F6C7
1 10 3 226 450 454 EA723C28 0381D1EC 093BD852 13C98000
1 10 3 227 451 455 F849AC71 FF5319BB FEC33F15 FD7CEB63
1 10 3 228 456 460 00FEC28F FE481C28 EE3FAE15 FD0D4A3E
1 10 3 229 457 461 077CF6B5 ECC35C0D 135574CF F3B31497
1 10 3 230 458 462 DF171999 00CBF0A4 0148E667 00EF23D6
1 10 3 231 459 463 FEF28C87 0A9E60FA EE268D11 FCB394C8
1 10 3 232 464 468 028C851D FC4C5998 07AFAE15 FC6687AE
1 10 3 233 465 469 F96A698E EFA3776A F38C7A48 00E69FA0
1 10 3 234 466 470 F7850A3C FF6C7D71 F89CE148 F13BD999
1 10 3 235 467 471 05E1D4E5 06AF2535 E0A184B5 017A4DFD
1 10 3 236 472 476 EFD247AC FFBF35C1 DDCC0000 0271AE15
1 10 3 237 473 477 0659D16B 0BCEADA2 06FE030F F338F116
1 10 3 238 474 478 0588BEB7 EA4C651F FEB36A3D FB755AE1
1 10 3 239 475 479 ED52F89F FD36E37D 0C748F0F 0143EE6D
1 10 3 240 480 484 F06E6CCC FD991999 FBDE67AE 08929C29
1 10 3 241 481 485 11CAE869 08E22556 08859A25 0CA72A06
1 10 3 242 482 486 0C852E14 F9148148 EF81DEB8 F9F5C8F6
1 10 3 243 483 487 F71E55F9 F7FBC042 0248D58B F5991958
1 10 3 244 488 492 F83A0B85 F48908F5 035BB47B FCFBBEB9
1 10 3 245 489 493 12470167 0973AD70 13000B65 E3B1151E
1 10 3 246 490 494 02A875C2 0BE96B85 050011EC EBD1BD71
1 10 3 247 491 495 F706F768 04EDFCFF 084C393C 122D977B
1 10 3 248 496 500 050EC147 04AFB70A 03FE9D71 00AC1852
1 10 3 249 497 501 192F883E 01DB9969 088B5B98 F95F82BF
1 10 3 250 498 502 EBD72F5C FB8F88F6 0B2048F6 F177DAE0
1 10 3 251 499 503 F60C7CF0 FE4240F3 15FB2E94 F9C16573
1 10 3 252 504 508 0C5150A3 047D1D70 17F76A3D FFAEA7AE
1 10 3 253 505 509 F47A6B9D F4C0ED22 11897839 09787196
1 10 3 254 506 510 F43AB709 F56A88F6 0D765AE1 EEE60E14
1 10 3 255 507 511 FC148814 F43C710B FFCD56A4 06780747
1 10 4 0 0 8 04ACEFFF FCF55D6F 0963CD71 04370B85
1 10 4 1 1 9 F871D720 FC5B45B3 124E4DEE F9F0F801
1 10 4 2 2 10 0942066F FCFC98EA FF1F15B9 0A555CD8
1 10 4 3 3 11 FBC87B60 07B92ABD 08037A0C 08A027B3
1 10 4 4 4 12 FE71F70A FF66151F EE33A290 F5B4A5C1
1 10 4 5 5 13 F9E658CD 09EE4572 0686D40F 0B1C6340
1 10 4 6 6 14 FE9A7AA0 FFE11A79 071AA6A6 004A74E3
1 10 4 7 7 15 084676E6 0A46CBE3 FEFBE07A F877D76D
1 10 4 8 16 24 F0A378F5 032E4D70 04506D71 F8CA80A4
1 10 4 9 17 25 F568971D 0023DA44 F3572F67 FFAFAF2A
1 10 4 10 18 26 0564231C 0B0B9CAC 11B48720 00B7BF7C
1 10 4 11 19 27 F8962333 0AD58970 03456265 FCB0849A
1 10 4 12 20 28 092BACCD F7E8CF5C FD6C2A3D 081EF1EC
1 10 4 13 21 29 02B56B93 FE85E413 07C5463B 031B950D
1 10 4 14 22 30 00DCD2BE 0193DA4E FBD74FD0 06FEDE04
1 10 4 15 23 31 019C49E5 0767D92E F9E8D1C9 F3EE5DE6
1 10 4 16 32 40 FA8F6666 F7087E13 F71FD70A 032EBE15
1 10 4 17 33 41 FE9CF6DB FF798818 0A393B43 0E9F117A
1 10 4 18 34 42 F97CA71F 05983CD9 086758DF 026AA845
1 10 4 19 35 43 F2DF8741 0B54D2C9 FCFB1A65 06F1061D
1 10 4 20 36 44 FD8B67AD FF336D71 06E58E15 FF11FCCD
1 10 4 21 37 45 FA19997B 03F09828 FE072797 0237C406
1 10 4 22 38 46 048A9E2E FB663399 1A20BDFA 01797E51
1 10 4 23 39 47 0AA4498D FD017B6F 000087FD 11214F7F
1 10 4 24 48 56 0116851D 094870A2 F292B851 F6358A3E
1 10 4 25 49 57 EEF23606 FD7860C7 09B06298 FC727779
1 10 4 26 50 58 FCB0577D 09182312 00250363 051953F8
1 10 4 27 51 59 FED749A4 FEFA5CA1 033AD8DC 03FADAC5
1 10 4 28 52 60 F997CA3C 0D4E88F5 016DF852 FAD72CCD
1 10 4 29 53 61 0EFDFF4A FDF06F96 07E97252 FC9F11C4
1 10 4 30 54 62 FE46C22B FAAFE94F 01033F1B 0F76AC73
1 10 4 31 55 63 05A9920A 0DA41EB3 04DC2CBE 0A4BE4C7
1 10 4 32 64 72 03632146 F1CF0EB7 F95BD70A FDFFC1EB
1 10 4 33 65 73 F6F2318E 02510C5A F60A7D32 047E1A74
1 10 4 34 66 74 FD43D151 0BA39766 F9F2D8EB FDA072D8
1 10 4 35 67 75 EFC29472 007EA273 F62F66BC F838C0EF
1 10 4 36 68 76 FA57228F FB725B85 06FC8B85 09E25B85
1 10 4 37 69 77 F37095AC 077272C4 08A6C85E 01F14A44
1 10 4 38 70 78 0751930F 0CAA7E02 011FDEDB 0BF57F6E
1 10 4 39 71 79 FD660EE7 0CCAC918 031F6E3B 06FA8946
1 10 4 40 80 88 004CAB84 087400A2 0FC41EB8 FDDC647A
1 10 4 41 81 89 FFE742EA 08296256 0226A48A 062CF70A
1 10 4 42 82 90 FB10C7C8 FF4053ED 01497C0E FE19DA27
1 10 4 43 83 91 FC1CA5A7 05095784 F873D38B 01862CCA
1 10 4 44 84 92 0A991852 F90D7000 0408A000 0359EAE0
1 10 4 45 85 93 FB4E1801 FADAA69E 04B178DB 00824002
1 10 4 46 86 94 FDD5780D FDB25827 0B8AAD11 F6C1D87B
1 10 4 47 87 95 FC76440D F2BF1345 07DC6E43 0CCE990F
1 10 4 48 96 104 FEE821EA F6C71FFE 03CC5F5C F702BEB8
1 10 4 49 97 105 1F071C7D F43896BC FDF14195 01E6ED00
1 10 4 50 98 106 0161CB71 01642933 FD52E2A1 F3DA0B47
1 10 4 51 99 107 FA620A25 F6D8C22E F8C82DD7 F9B0AD58
1 10 4 52 100 108 0D404332 0A78428F 008333D8 004EFAE1
1 10 4 53 101 109 006157E2 FE60CB38 05E791B8 F921A1B0
1 10 4 54 102 110 FA838349 FF0B0C11 F6838983 018EAD87
1 10 4 55 103 111 0553B143 0A6A455A FA1D638B F57545FE
1 10 4 56 112 120 0436E850 10ED2CCB 04DB77AE FFD6B1EB
1 10 4 57 113 121 FC476474 F4AF319C F5E679FC F68F2A12
1 10 4 58 114 122 F82D0757 02DCF04C FBD98BDB FDCD1F10
1 10 4 59 115 123 F50F5F34 FCA03B07 FBE850B6 0F09C7EF
1 10 4 60 116 124 F25FED70 FF68CE15 FCDF01EA 02780147
1 10 4 61 117 125 F93AD6C4 FCBAB0AD 0550AEA2 FB393633
1 10 4 62 118 126 05459930 0413B82F 09E10E7E FAD3C7D1
1 10 4 63 119 127 F3A3611A 07F41FF7 FF54B938 F87FA4BF
1 10 4 64 128 136 05D2B851 015E6EB6 FABBD70B FF1CA852
1 10 4 65 129 137 FC43A38F F926E054 FBE9F8CD 0117316E
1 10 4 66 130 138 FE85D95D 03ABE78A 04F0EA79 0B6B920E
1 10 4 67 131 139 19F51309 F816A05E FF31F423 F838EC8E
1 10 4 68 132 140 FB12D28F 0DA1C000 FC3037AF F5C68CCC
1 10 4 69 133 141 05B8B7EA FA1356BE EE44121E 06285260
1 10 4 70 134 142 F925EA9D FFFAC73A FE1BA377 FAD12D40
1 10 4 71 135 143 FA62D213 F9F6320D 051BC05B F5CD9581
1 10 4 72 144 152 00CA6665 028AFAE0 06C3D70B 0039F852
1 10 4 73 145 153 FC1E9C84 FD69E2DE 0E3F6338 FF888326
1 10 4 74 146 154 02CDE387 FA5E0E5D 059ADDC1 F9DE6B3B
1 10 4 75 147 155 FE1C2C27 F311D41E 06872AEF F62BB894
1 10 4 76 148 156 F1EB30A4 0F47EE15 05AE170A 06134A3D
1 10 4 77 149 157 0F1EF86F F8ED2339 F5F56BAB F39F8B3D
1 10 4 78 150 158 FFDB9AD6 049211F1 02AD8F68 F5B02A37
1 10 4 79 151 159 FEE06D15 0A9BF5CF 05918611 FD74EE1F
1 10 4 80 160 168 FC4F20A2 0447928E F92DAAE2 01134D70
1 10 4 81 161 169 07A8166C 05E98A55 FF71C18E F73545CF
1 10 4 82 162 170 0200AEED F34FF628 06FBF779 FF932B20
1 10 4 83 163 171 F910840E F85EAFB3 0809CE96 FDCE663D
1 10 4 84 164 172 037A8853 06E65A3E 0A6533D7 01FBF3D6
1 10 4 85 165 173 04400F9C F831F621 FC38134A FEE16A5F
1 10 4 86 166 174 016C70FC 03F678B4 F04BD194 FF757560
1 10 4 87 167 175 08ECF910 01EFA50A 0B5BD820 09650A22
1 10 4 88 176 184 04CBCADF E9F918F4 04ED0333 08EB5A3E
1 10 4 89 177 185 0784C4F2 01B3A1B3 F7224A46 056D8D1B
1 10 4 90 178 186 00C53A7B F78B9251 02835627 F602E601
1 10 4 91 179 187 074BBAF7 02F4E132 13278D6F 02F73DEA
1 10 4 92 180 188 0FE58147 F8D47C29 0509A3D7 0345ECCD
1 10 4 93 181 189 FA772ECD FF000883 F18B9903 00258DCB
1 10 4 94 182 190 FA70DBC2 0B430D19 0502F252 0103194D
1 10 4 95 183 191 EF06B59C 09219C4A 01BD72A0 003DF01C
1 10 4 96 192 200 FC1987AD FFD11CCB F5EF5C29 016DB8F5
1 10 4 97 193 201 F88E5D83 F2A216A0 0789440D F6A8B2C6
1 10 4 98 194 202 19A81FBE F215AE95 01CD5EFA FE3E49BD
1 10 4 99 195 203 01299D59 EAE1BB95 F49A2171 FF6A4F79
1 10 4 100 196 204 0018799A 051EAD70 FA88F70A 0BEED666
1 10 4 101 197 205 F9A1B0BA 079D53F2 F8F144BE FFAB3720
1 10 4 102 198 206 FA0B5242 0009BA6C 01E297FC F765F8C6
1 10 4 103 199 207 FD14E6F6 FDA9442B F92F1A40 0C1C19BB
1 10 4 104 208 216 F867BFFF FD7567AC FBA970A3 0A26CE14
1 10 4 105 209 217 F6F34B2B 0206529F FD209FD3 017AF859
1 10 4 106 210 218 F62148E4 F649687C F853A2A0 04FBB63C
1 10 4 107 211 219 07F3C1EF 16B31B8A FEE1736F 009E7FEE
1 10 4 108 212 220 02B5C51E FFA3D1EB 0565451E 0E60D1EB
1 10 4 109 213 221 F8EEF040 00E0D407 0753F6AC 02769E6F
1 10 4 110 214 222 FF04989A FD86A550 0CF4FE70 F1F5F1BA
1 10 4 111 215 223 F6320813 0AD5494D FFAC6665 0D2CB9F1
1 10 4 112 224 232 FFE84B84 FDED00A2 04173332 0CEE5000
1 10 4 113 225 233 F84F7C7B 012416FA ECE34651 0A4B7D9A
1 10 4 114 226 234 053BCBF9 FDDA9245 FC060219 0244D569
1 10 4 115 227 235 09B90CBE F6BE29A3 FA1F1284 0A5C3B93
1 10 4 116 228 236 0499BE14 EFB09EB8 0A337B84 FB1867AE
1 10 4 117 229 237 FAA879C0 024E0B23 04753E52 007F560B
1 10 4 118 230 238 F7265735 0A6CD225 FC74A783 E54B1D37
1 10 4 119 231 239 FB89BBBA 0071BFCA 02A55836 0A617496
1 10 4 120 240 248 01BE6F5A 03214B84 F07335C2 046C10A4
1 10 4 121 241 249 F7BC49F1 FFFACC75 01AF26BF 08E26F89
1 10 4 122 242 250 092922A0 11DF64CE 06513AD0 FC6E2D1E
1 10 4 123 243 251 FFD135BC 1575EEF6 F3A38C1E FC064800
1 10 4 124 244 252 F8E85E14 08F1AD70 FB8BFCCC EA037E14
1 10 4 125 245 253 FC6B17F9 F105E40B 0013537D FAB39AD5
1 10 4 126 246 254 04949B97 FECCCBD9 F7D958E3 03E129E9
1 10 4 127 247 255 FFB416CB F4870379 FC24556F FFBC7631
1 10 4 128 256 264 FE546709 FAC755C1 024E81EB 03C943D7
1 10 4 129 257 265 F94126BA 0CAEB27F 0D6B792E 05668725
1 10 4 130 258 266 FE7039C7 F817EF40 F823CDE5 FC7815DE
1 10 4 131 259 267 F52EB914 E87D6BF1 F3F401D2 008B75CB
1 10 4 132 260 268 FD4F11EB F989847B F7BF028F F37B0333
1 10 4 133 261 269 F860E4D0 0C6C5137 0A89E6CA F0FD0EBB
1 10 4 134 262 270 FB2629A7 0685F59C FA98CC1B F6BE54A0
1 10 4 135 263 271 0524D82D FE67BC16 F706586F FC6276A8
1 10 4 136 272 280 FE81728D 02D8728E FF9CA47B F9F7CAE2
1 10 4 137 273 281 FB61C315 054B910E 00F95E09 F8B419A6
1 10 4 138 274 282 04D08A44 EF18C746 F7C3CE0C FEEFD8BA
1 10 4 139 275 283 0BE95667 0061757E F069B367 07B84594
1 10 4 140 276 284 02658D70 FCBEAAE2 04355E14 097897AE
1 10 4 141 277 285 057EC3EF 021111E8 FE8DD5D3 FA7A4364
1 10 4 142 278 286 0D07D534 056ED4E7 157A6EA2 04170B19
1 10 4 143 279 287 FD3B29C0 024394F7 FB655E5A 0514165B
1 10 4 144 288 296 F7EEB8F4 04DC3CCC F986EEB8 F9BC80A4
1 10 4 145 289 297 089F4CBB 015B36F1 007513D7 0836FEE7
1 10 4 146 290 298 1410055F FE6D4E92 00D1276D FDEFA730
1 10 4 147 291 299 0266C5A4 F1C2F032 FE49E358 F08F6232
1 10 4 148 292 300 1A399333 FC1CAA3D 021991EB 0CAE43D7
1 10 4 149 293 301 F612FF75 08E93A97 FDA9A287 EE14E17B
1 10 4 150 294 302 FD741127 F9B7420D 06F78ED9 FC8026E7
1 10 4 151 295 303 FD1734AB F3260266 F6E90B4D FF342616
1 10 4 152 304 312 F7467A3C FE969147 0420E852 F604BA3D
1 10 4 153 305 313 FA68A6F7 FBB9680A FDCD045F FB512096
1 10 4 154 306 314 10423F56 021A1873 FA03F66C 0C36C645
1 10 4 155 307 315 044F34E9 FBACC9AE F780BDD3 0205C220
1 10 4 156 308 316 08CF4D71 05DFD666 150AAC29 F61BB7AE
1 10 4 157 309 317 039E23C4 F8B041CA 02B4A6A6 09340A0E
1 10 4 158 310 318 09B66852 08BDAAB6 01F54D70 10F25A68
1 10 4 159 311 319 048BA5AE FB997670 FDB2FC0E F79419EA
1 10 4 160 320 328 F9686147 04455F5A 04553D71 049B8EB8
1 10 4 161 321 329 FAF0DEA3 F02F4C76 09BD6445 F0C74E18
1 10 4 162 322 330 FA9EE5B3 047B85B0 02910AEF 0333B7C0
1 10 4 163 323 331 F5A044FB 0246DB0A 018DDE6D 08ACC3DC
1 10 4 164 324 332 017F3666 FE625851 F3D8C99A 04F1628F
1 10 4 165 325 333 F63F797B FA77112F F799C399 07ABBAA7
1 10 4 166 326 334 FE131484 0C52A555 EFAC5700 F832FE81
1 10 4 167 327 335 FAB7957F 0699EBB4 0DF5C1F9 FF553D12
1 10 4 168 336 344 FFB64CCB FFFDD3D5 04CE3D71 017EC5C3
1 10 4 169 337 345 02FCA445 F33A2161 F639CE4D FCDD58E3
1 10 4 170 338 346 F953818C 05BC4A37 0071EF16 00C94A45
1 10 4 171 339 347 010A6141 F5840566 017A65C9 0DEF6352
1 10 4 172 340 348 FE2820A3 F31728F7 FCE1270B 06209999
1 10 4 173 341 349 08980DE3 FF27E01A 098FFCFB F7F274FE
1 10 4 174 342 350 003B272B 03B9AF14 F481F78D 07FE74C2
1 10 4 175 343 351 F4DA222C FD26C171 070D0F1A 034695D7
1 10 4 176 352 360 0573AE13 053C1A3C F8575C29 F58ABCCC
1 10 4 177 353 361 0ECDEBB6 FB5A3363 00F83490 046B155F
1 10 4 178 354 362 04CB0987 12EF405B FD1C7B97 0411D18F
1 10 4 179 355 363 FB0A8F5E 0418127B 056900B6 01ED320B
1 10 4 180 356 364 FAAA3667 0F15A8F5 FAFB3A3D FEF9FAE1
1 10 4 181 357 365 0AC909AE FC592A5C 0C63589A F83F8534
1 10 4 182 358 366 0945C36D FF2893C7 0003FF23 FB06929D
1 10 4 183 359 367 03F59D94 F3AD0E4E FF526440 0371680C
1 10 4 184 368 376 01D1851D EA95451D F28BAE15 03500B85
1 10 4 185 369 377 FA5B81D9 0597B7D2 05629619 F14F7276
1 10 4 186 370 378 0BB8AC58 05FDF84C 01EE3F2C 04AAF710
1 10 4 187 371 379 FEF9CBA4 F7156564 FCB4F61C F8AE6F68
1 10 4 188 372 380 F6DC9A3D 0A79D3D7 F07A470B F6810709
1 10 4 189 373 381 01EA5B9E FBBCFB9C EDB2B2D6 FD41EE96
1 10 4 190 374 382 015CEBA2 009C0A78 FFF8F5A6 FF99B1B0
1 10 4 191 375 383 030E03FA 02A96264 018B4712 FAB8DD48
1 10 4 192 384 392 0350C28E 0C4A628E FFE91EB8 FC218148
1 10 4 193 385 393 04CE5DD9 03BADA4C 00E34AFD 0952AE76
1 10 4 194 386 394 057FB72B FCDC8D75 FE1CB977 07B90995
1 10 4 195 387 395 06A85BEB FA9C93AE 10540C33 03099F00
1 10 4 196 388 396 0430B851 F4C13EB8 FC4C3D71 FB4E8666
1 10 4 197 389 397 0D833B66 F5BDFAA9 EE0EF2CC 029A86D1
1 10 4 198 390 398 F9A77DE8 F89A77B8 FF28DE40 FDE6A470
1 10 4 199 391 399 03B78D89 F074648A FDA270BD F38B7304
1 10 4 200 400 408 F2F23332 FB6CD479 F8700000 042B9AE1
1 10 4 201 401 409 08FC1FD9 FFD71DC0 088DCA27 F4E2D486
1 10 4 202 402 410 FE13C962 0264C350 03B15BBC FFEF53BA
1 10 4 203 403 411 FD9B0E2A 0C4240B4 FF8CDD80 09EF4ABA
1 10 4 204 404 412 100625C3 F8176C29 F8EF21EB 04608AE1
1 10 4 205 405 413 0DE5AF79 02341CAF 0A21B0C3 1892A1AF
1 10 4 206 406 414 03EDABA1 01947433 03524DF9 0249E047
1 10 4 207 407 415 094098C4 07DD767C F872FE20 059A00A4
1 10 4 208 416 424 FFB580A2 FE205851 F9E97E14 01AEB47B
1 10 4 209 417 425 E8BB0002 FE12A9CA 09447570 FB80390C
1 10 4 210 418 426 F7A6C2E6 FB2AD920 070580F0 FF56B11E
1 10 4 211 419 427 FF9C67D4 03B671F9 0B325644 0AA2F0DF
1 10 4 212 420 428 FB4A270A FAC72B85 048645C2 EFA3F851
1 10 4 213 421 429 15004084 FB3DA00E FFB9CA0A 0A932DC0
1 10 4 214 422 430 0918C2B0 FD0A90A7 04A203B6 FAC16CC9
1 10 4 215 423 431 FF3634EC FC2B3833 0A5EC54C 0363FBFD
1 10 4 216 432 440 F8B320A2 13ADAB84 024641EC FBE295C2
1 10 4 217 433 441 FE605523 F6701CDD F826EA6B FE142F35
1 10 4 218 434 442 FCFB12C2 F36B8148 FE2093A4 0334D852
1 10 4 219 435 443 04550053 084B0E6C 0BF1F475 FAED068A
1 10 4 220 436 444 F507EB85 F171C70B F2D9D5C3 FB77DB85
1 10 4 221 437 445 02C60BEC F9523527 FD70C152 FF9E55CF
1 10 4 222 438 446 FD3D1E97 F696EC01 07E4D49D 047A0EDF
1 10 4 223 439 447 F8BD11D1 F8075AED 0FD6B447 022D3911
1 10 4 224 448 456 FB01CCCB F95381EA FA030A3D FB0B65C2
1 10 4 225 449 457 FF81431B F0B855D1 FFF2D01B 055BC2C3
1 10 4 226 450 458 E9DEA0F7 0DAB9A65 00939B31 F5D63787
1 10 4 227 451 459 00D904DB 022E2BA5 F770A795 FD24EE15
1 10 4 228 452 460 09DA3EB8 07041B85 0CCCF47A F543C999
1 10 4 229 453 461 F0DC8A97 FF35A360 039FE751 0C5D5366
1 10 4 230 454 462 047E302D 091BEBF2 04BDA825 0AAD940E
1 10 4 231 455 463 06FEE13F 03AEE06B F7C45DD5 F9CE0AF7
1 10 4 232 464 472 F92F6664 FE05C7AC 095D1EB8 FE4691EC
1 10 4 233 465 473 01E69E77 FC0EF358 F783CB17 F3948412
1 10 4 234 466 474 F60B3DF3 F6153293 0179CC49 09574ADD
1 10 4 235 467 475 FE14ABBE 0B6FB14C 07CD2926 FB3F73E8
1 10 4 236 468 476 0510AE14 0F4D43D7 029F0000 ED1943D7
1 10 4 237 469 477 F288AE55 FFAA53AA 0103CBF3 013C4BF6
1 10 4 238 470 478 FB28F9BA FAAE8ECC FD73E78E F68D4ACC
1 10 4 239 471 479 EACDCDF0 FDC56606 F5D3B6C4 03B4E7F6
1 10 4 240 480 488 F4543C28 F9111146 FC1A30A4 04880852
1 10 4 241 481 489 1325E38A 054F8647 FEA504DE 03929F0F
1 10 4 242 482 490 0B694651 FFCFCA07 011BE7C3 F944B741
1 10 4 243 483 491 FC1E9C33 01147400 FAFFB9C5 F6E74C42
1 10 4 244 484 492 FC6D1333 029B73D7 FF71547B 05F72851
1 10 4 245 485 493 F38C6A47 02F7537A 14F92FDD 09AFD68C
1 10 4 246 486 494 EED9DC21 0258D70A 00A80297 F79CF1EC
1 10 4 247 487 495 00C99605 F0D06356 017F3F85 04C8B602
1 10 4 248 496 504 08B008F4 04966A3D FC5EB852 00194CCD
1 10 4 249 497 505 051E53A8 FDF0370F 14113496 03EB6259
1 10 4 250 498 506 EE045618 FE332E91 FDD2D944 FD5C5A65
1 10 4 251 499 507 F4D70FE1 FEB06D26 01356D0F FF91D3CC
1 10 4 252 500 508 01D6A28F F45A570B 0227FAE1 0C51C147
1 10 4 253 501 509 054A9957 F2C5F6A9 0340C241 06998C15
1 10 4 254 502 510 FAC1E434 FA05499D 105E64C2 F7729143
1 10 4 255 503 511 0C51DDEF F9ED660D 09A950A5 FFD3FF65
1 10 5 0 0 16 FAA83479 0011D56F 0A04BB85 FCE387FF
1 10 5 1 1 17 F70AC70F FF47B6DA 01671011 FD138ED8
1 10 5 2 2 18 093B9C04 02906A83 00066A6A FA6C2E67
1 10 5 3 3 19 FDD1AC14 0A6CDB42 FDF6CF4C FD4C4F7A
1 10 5 4 4 20 FF9ABB91 F998C4C1 FED73B79 05CD505D
1 10 5 5 5 21 FD1699BF 036DD1A6 FCCFBF0D 068073CC
1 10 5 6 6 22 00320CF1 FFD7D1A4 FE686DAF 000948D4
1 10 5 7 7 23 07ED266A 051227FB 0059507C 0534A3E7
1 10 5 8 8 24 0117270A FFF34F0A 084CA666 0443BC7A
1 10 5 9 9 25 0A3BE7F4 0335928F 081265FA F6BB6571
1 10 5 10 10 26 FC812573 FCD9BED2 029DF045 0D7B9E06
1 10 5 11 11 27 01B8CAA0 03DF5C86 064AAF6C 04C0CB2C
1 10 5 12 12 28 FAE21A45 F8E49A57 F351884B FCD00B69
1 10 5 13 13 29 00E564A5 021AD83C 05A16F69 09018B04
1 10 5 14 14 30 06CFD38A FDB5AB7D 004AD31C 0294C965
1 10 5 15 15 31 014D25F3 02BF2241 FDAEBA87 F5B8B52B
1 10 5 16 32 48 FDD2F5C1 0028775A FCBC70A5 F6E006B8
1 10 5 17 33 49 F6B26187 00290F8A 07EA9553 FF50788E
1 10 5 18 34 50 FCF43BAE 07A1C8D2 FC886B70 FDF67406
1 10 5 19 35 51 F8ABBAAC 05900F83 FA33CC94 05C4C345
1 10 5 20 36 52 01362E0A 0691F892 FC5539A2 F8A174DE
1 10 5 21 37 53 005B9CD4 FB2A226B F9BDFCA6 08C675BD
1 10 5 22 38 54 FF7C980A FD7AAEF7 050E0624 FDEB84A1
1 10 5 23 39 55 0C9009DA FD0E8B82 FE143FB2 FFF2EFEC
1 10 5 24 40 56 F6AAB0A4 084E02E2 00752666 FAE0BB32
1 10 5 25 41 57 026CA1DD 02E7E8FB 07CC9965 0BB7287F
1 10 5 26 42 58 06879499 002A765B 01DFC445 024031E9
1 10 5 27 43 59 FF3F71C2 0105BBE3 FDBBA8A2 05EB4A39
1 10 5 28 44 60 011E6AEA 00DA943E 05C7232A FE37688E
1 10 5 29 45 61 FAC94018 0050D429 033DE77E 01E6EFDD
1 10 5 30 46 62 0F8E1638 F966740C 0A92A7C2 08130A44
1 10 5 31 47 63 FE9F44BA 030AADC8 01614342 0E16A1B6
1 10 5 32 64 80 01D7E665 FD2187AC 018B3AE1 F4AD870A
1 10 5 33 65 81 FC38C895 052B8B4A FAB968F9 FD258110
1 10 5 34 66 82 FC35B220 066AF6FD 010E1F30 0538A069
1 10 5 35 67 83 F7A9A473 036BD849 F818EFFF FD12CA29
1 10 5 36 68 84 FE75F7C4 F7852BA9 FBE12ACA 03ED2FDB
1 10 5 37 69 85 F646BE47 043EF6DE FD29D765 03337BE6
1 10 5 38 70 86 022E4AC7 06E494B9 05234847 05C5E949
1 10 5 39 71 87 F7DAD445 06D69339 058B3AA1 05F435DF
1 10 5 40 72 88 FB9C1DC2 F71DD199 FDBFB948 06E1F051
1 10 5 41 73 89 FDD6D074 0096CD29 F833ACBE 03E74D4B
1 10 5 42 74 90 FBD9CE15 FE950AF2 FE190AD5 FF0B67E6
1 10 5 43 75 91 FDD2A4C6 FED3467C F85CC1F6 F9657A72
1 10 5 44 76 92 0340815D 0254C8E5 03BC0A27 078D929F
1 10 5 45 77 93 02841264 FF74BE0B 0622B5FA 027C8C39
1 10 5 46 78 94 F976494F 080A6B00 07A9958B 03EB146E
1 10 5 47 79 95 FEF4ABBF FC712CCC 042AC27B 0A895C7A
1 10 5 48 96 112 018F851D 03DA2664 FD589CCD F2ECF99A
1 10 5 49 97 113 0C95D3D3 F4ECAA2C 127148A9 FF4BEC90
1 10 5 50 98 114 FD9FE13F 0383EA9E 03C1EA31 FDE03E94
1 10 5 51 99 115 F7B4BD9D FD0F403C 02AD4C87 F9C981F2
1 10 5 52 100 116 01997B74 09D7DEC4 0BA6C7BE 00A063CA
1 10 5 53 101 117 FCF31E8A 0118598C 036E3958 FD4871AC
1 10 5 54 102 118 002622DA FDDDCB6D FA5D606E 012D40A3
1 10 5 55 103 119 055BA0D8 0C0BA5A3 FFF8106A FE5E9FB7
1 10 5 56 104 120 01D188A3 F913A385 01FAD6B9 FDEF1B33
1 10 5 57 105 121 FB53A8E5 06D32182 029D98AF FB13CB7E
1 10 5 58 106 122 FE70B825 FC438559 FEE22A7B F79685ED
1 10 5 59 107 123 03C7A234 FA5E7CE0 F5008BA2 FF523078
1 10 5 60 108 124 023C3B64 00633C22 FE46F874 FFEBBEBE
1 10 5 61 109 125 FF6A6B65 FD133340 067D2653 FC0E6E70
1 10 5 62 110 126 F5B419FD 014721CF 00CF6F85 00478BB7
1 10 5 63 111 127 FCA75B42 FE790FFA FD760848 F6FC3604
1 10 5 64 128 144 034E8F5A 01F4B4CB 028428F6 FF69B9EB
1 10 5 65 129 145 FBFA15F5 FBAFA692 00498D99 FD7739C2
1 10 5 66 130 146 FF7AA3E9 FEB27D4E FF0B3573 04F96A3C
1 10 5 67 131 147 0899DEC0 F7318A3D 115B3448 00E51621
1 10 5 68 132 148 FDF5FE09 113263B2 FD1CD485 FC6F5C4E
1 10 5 69 133 149 041ECFD7 F4C950D4 0199E813 054A05EA
1 10 5 70 134 150 FEA8806F 00EE16C7 FA7D6A2D FF0CB073
1 10 5 71 135 151 02493AA5 FE910F85 F819976D FB652287
1 10 5 72 136 152 FD7AE7AE FC2C68A4 FD40EF5C 02F03FAE
1 10 5 73 137 153 FC569712 F99A9F07 FF9361BA 077C9267
1 10 5 74 138 154 FE90D7FA 044B49D7 0660127E 07204837
1 10 5 75 139 155 F9B2A10F FC20AD48 057F5313 FC183F46
1 10 5 76 140 156 FE3BE33B F6BB5200 FDF45473 FF0B3ACC
1 10 5 77 141 157 F7DE93B6 0B037D52 F6657E68 FB24D50E
1 10 5 78 142 158 FBD80236 01A8DE04 0243A140 F9284F3C
1 10 5 79 143 159 FF934E53 FB9B0257 05887207 FA329329
1 10 5 80 160 176 008D75C0 F72055C1 FBC1AAE2 0D273CCD
1 10 5 81 161 177 07AE6BD3 030EA359 FFF9AA99 02DAE6FB
1 10 5 82 162 178 FFBD4C16 F59A6565 024362D6 FDB590C3
1 10 5 83 163 179 0063002D FB632DE2 F8AD83E1 FCFB81D0
1 10 5 84 164 180 04D315B4 FB4B7AAE FEA7729E 0B9ADF90
1 10 5 85 165 181 002C0AD2 FE1EE7D7 041404CA FA130E49
1 10 5 86 166 182 04D9B81C 06B44E6B FC92B8E0 FD422A49
1 10 5 87 167 183 0748F083 0A2EBA91 01A4088D F7C0EA79
1 10 5 88 168 184 010C8290 FE13251F F8212852 03002851
1 10 5 89 169 185 033FB46B FF6C1F5F FC320D23 F7C9266F
1 10 5 90 170 186 FE65A50F 0089B004 08965269 FF097B1C
1 10 5 91 171 187 FFEE6976 F61DAF63 081B6520 07B0B6D9
1 10 5 92 172 188 0492E62F FE0DC8AB 05D24DA7 03EE2B2B
1 10 5 93 173 189 0428E0E3 03650417 F80F3267 FB7C6647
1 10 5 94 174 190 F606D621 FE4D8DE5 FA44FB73 0127E77B
1 10 5 95 175 191 04D985BA 0468B16D 06825266 04FC58B5
1 10 5 96 192 208 FA40A3D5 FEA3423B 01D8E3D7 012DDA8F
1 10 5 97 193 209 F809A980 FB313760 0084B402 F770DF40
1 10 5 98 194 210 06690FE6 F671A5F2 133F0FD8 FBA408A2
1 10 5 99 195 211 0A3166A3 FCAB46C0 F6F836B5 EE3674D4
1 10 5 100 196 212 00E0ED64 0179781B FF378C36 03A53555
1 10 5 101 197 213 FB37C875 06FD3819 FE69E845 00A01BD9
1 10 5 102 198 214 FBB0FB2D FFFFCF39 FE5A5715 0009EB33
1 10 5 103 199 215 02E596AA 04B2057F FA2F504C F8F73EAB
1 10 5 104 200 216 000B151E 02E22429 F5E4470A FE8B94CB
1 10 5 105 201 217 04C635DC FC97FFE0 02C30E30 FA10B2E6
1 10 5 106 202 218 04ABDD8F 01B67867 FD21816B FC87D155
1 10 5 107 203 219 FADE8F3E 000041A2 F9BB9232 FF6A0DD6
1 10 5 108 204 220 00717AC3 FEF9BC83 FA177C47 0CF519E3
1 10 5 109 205 221 FA1BE588 FCC65112 FED55F36 02E4E60E
1 10 5 110 206 222 F84552F9 FFB48CB0 099D4503 F7B16C16
1 10 5 111 207 223 FE098E21 FFA043AE FB258C1F 0C7BD60C
1 10 5 112 224 240 00D35D6F 00872613 FF14EE15 FD65DA8F
1 10 5 113 225 241 F819B7F2 015DE172 0035C488 FFC63588
1 10 5 114 226 242 0A44B359 056E2234 FAF7189F F86C7010
1 10 5 115 227 243 0ABF3625 045821D5 FEF9D699 F26607CD
1 10 5 116 228 244 02F477CF FD83B9FD 01A54645 F22CE4BB
1 10 5 117 229 245 F61B899B FE7B2789 048CF025 03D2E399
1 10 5 118 230 246 FBE5A1D1 02DDF2DC FB40B563 078EDF48
1 10 5 119 231 247 F81D33A3 FF3F9955 036C8817 01322675
1 10 5 120 232 248 0441A1EB 0E3D8D1F FFD59147 FEB0C2E1
1 10 5 121 233 249 FAA2EEB0 037471C4 F24057A0 06D70BD6
1 10 5 122 234 250 FB276B43 FEE633BD 00DE96D5 035EA1AB
1 10 5 123 235 251 FED77861 0B6C6AD1 FB479A23 FEEFD0C1
1 10 5 124 236 252 FEE6D9E5 06E52FC8 0B4CA19F F43337E6
1 10 5 125 237 253 00B9CC93 026E3565 03BB71BF FE1120A5
1 10 5 126 238 254 02BC4840 F26A0A9F F9B85F42 F2E11297
1 10 5 127 239 255 03306C31 05B231A5 FF74EC05 04AF42F1
1 10 5 128 256 272 FE6AECCA FECFE427 FFE97A3E FBF77199
1 10 5 129 257 273 FAE10E6A 09636D6F FE601850 034B450F
1 10 5 130 258 274 FE357C22 F35130A9 003ABDA4 04C6BE97
1 10 5 131 259 275 FFA62B33 F1182A19 F5888DE1 F76541D7
1 10 5 132 260 276 FE59D526 FAC537D8 FEF53CC4 FEC44CA2
1 10 5 133 261 277 FE932EDA 048046E8 F9CDB5F6 07EC0A4E
1 10 5 134 262 278 0293DD37 FE482388 F8924C6F 083DD214
1 10 5 135 263 279 03697EB5 00C80277 01BB5977 FD9FB99F
1 10 5 136 264 280 FE232666 02164FAE 042B5B84 01B2F428
1 10 5 137 265 281 03096AD5 02EF30A7 0A620E59 0277567D
1 10 5 138 266 282 FD27934C 023DFCBF FAFC3A98 FA3A191F
1 10 5 139 267 283 0184122C 049BAE07 F26FEFA6 FBEFC7C3
1 10 5 140 268 284 FDBBCFAB F4E766DD FA0332E3 FE939C55
1 10 5 141 269 285 04562074 FB311A8F 0633C656 F5CBF42B
1 10 5 142 270 286 F428C641 F55F63FF 067005D9 015EF0A1
1 10 5 143 271 287 FE43FB23 FC26A925 F8C25D4B 003BCD83
1 10 5 144 288 304 F79A9998 01B96709 00541F5C 0322D5C3
1 10 5 145 289 305 0126F564 FF2075C5 07785756 023AC12B
1 10 5 146 290 306 11F1B339 FD12CC32 021E5225 015A8260
1 10 5 147 291 307 01CA7745 F5E2B334 009C4E5F FBE03CFE
1 10 5 148 292 308 124DD122 FD04A7A9 07EBC210 FF180293
1 10 5 149 293 309 F9009B88 00EBA2BF FD1263EC 07FD97D7
1 10 5 150 294 310 049F7946 FA0B36A0 F8D497E0 FFAC0B6C
1 10 5 151 295 311 FCD4AD3F F6EA7964 0042876B FC3B8902
1 10 5 152 296 312 F7C5D47A FACDCC29 01C11A3E FEEEB47B
1 10 5 153 297 313 FE258BBD 05A486D7 024F8819 0292780F
1 10 5 154 298 314 07321F1E FF653FE5 F99F084E FE8A674B
1 10 5 155 299 315 0258744B FB4035B2 FBF16F0D F54F2C80
1 10 5 156 300 316 F61D11AA 0265F954 0BFC8040 0A484A82
1 10 5 157 301 317 00435452 F2768789 FD664E34 FB9E59F1
1 10 5 158 302 318 05D25401 F60C134F 01253AD7 06741397
1 10 5 159 303 319 FBC30F93 03F4C1D6 FB25FBB9 FB3F6440
1 10 5 160 320 336 FC8F5708 02219997 FCD90A3E 0223C5C3
1 10 5 161 321 337 FDB06E62 F1898EBB FD407040 FEA5BDBB
1 10 5 162 322 338 FB532B59 062AF11B FF4BBA59 FE509495
1 10 5 163 323 339 F8554EAA FC7D9755 FD4AF650 05C943B5
1 10 5 164 324 340 FB885D35 FB479678 05F6D931 031AC1D8
1 10 5 165 325 341 FD2907BD F96CD82D F91671BD 010A3901
1 10 5 166 326 342 00CD6866 06C47AF9 FD45AC1E 058E2A5B
1 10 5 167 327 343 FADFC976 087D5269 FFD7CC08 FE1C994B
1 10 5 168 328 344 02EA0199 FFE6A8A4 016B3BD7 04B4E614
1 10 5 169 329 345 04492C4A FD7CFE88 057437FA F34A4F90
1 10 5 170 330 346 018FB49C 013EB63B 01015652 01F50185
1 10 5 171 331 347 0628EE1A FFDA1889 FB64F052 08D2AB53
1 10 5 172 332 348 FD31654B 01688CAB F6A7644F 0388D5E3
1 10 5 173 333 349 F5967C17 0486EA3B 02034781 0324D06B
1 10 5 174 334 350 FEACCE43 FA9B177B F0FF88BD FD97E705
1 10 5 175 335 351 03D78146 FD5F4E35 0A1E40B2 01F5EEDD
1 10 5 176 352 368 03A29997 F7E8AFAC 01D1147B 0D536A90
1 10 5 177 353 369 052E4362 00F81B0E 099FA854 FA621854
1 10 5 178 354 370 08F52E5D 09FE1200 FBD5DB29 08F12E5A
1 10 5 179 355 371 FA9E31E1 FE9FE6A3 006C5D7D 05782BD7
1 10 5 180 356 372 FDCE2BC9 0E7A1092 FCDC0A9D 009B9862
1 10 5 181 357 373 0427272E FC31A6BC 06A1E280 002783A0
1 10 5 182 358 374 052DBA6A FF10F6E2 04180902 00179CE4
1 10 5 183 359 375 03953C24 F89981A2 00606170 FB138CAC
1 10 5 184 360 376 FDD3B3D6 017F875C FA83A852 F40B3570
1 10 5 185 361 377 F8C17F09 0100573F 0836B587 036ABE1F
1 10 5 186 362 378 0057AD62 003FF19F FCC4CE34 03D1DFEF
1 10 5 187 363 379 0093C4AE 045D88B4 04D53C08 FD8FA956
1 10 5 188 364 380 FF9F0C0B 08555861 FB5C2E31 F6A4A27F
1 10 5 189 365 381 0D0A851B 025926A5 FF58D37F F5E65E8F
1 10 5 190 366 382 FFF1ACC3 FDB3E4A8 0012525F FD52ADF4
1 10 5 191 367 383 FE638DE5 0428B932 00EED65B FF48AEDA
1 10 5 192 384 400 FB217AE0 03DB9B83 082F47AE 086EC70B
1 10 5 193 385 401 06CB2567 00E9006B FE033871 02D1D9E1
1 10 5 194 386 402 0251BB51 FFE7857F 032DFBD9 FCF507F5
1 10 5 195 387 403 05BD1DE5 0311419B 00EB3E05 F78B5213
1 10 5 196 388 404 04F6E078 F1EA8AE2 FF39D7D8 02D6B3D6
1 10 5 197 389 405 0B886AA6 F5B49DD6 01FAD0C0 00095CD2
1 10 5 198 390 406 FE4F02EC FACA0F65 FB587AFC FDD06853
1 10 5 199 391 407 069E3526 F475145E FD195862 FBFF502C
1 10 5 200 392 408 020A5CCC 01D8C0A4 FDDEC1EC FA48C0A4
1 10 5 201 393 409 FA28CCAC 018D0A8A 06BA7E50 07C5A3EC
1 10 5 202 394 410 FE51C53D 022B017F FFCAF439 058E0815
1 10 5 203 395 411 0C6B5B79 FEF22F6D 03E8B0B9 04176F93
1 10 5 204 396 412 0231CD36 FE9A9DFF FA1A703A FCB3E867
1 10 5 205 397 413 F9A49F2F F4457F9E F46A539D 0E550732
1 10 5 206 398 414 FE7BBEBE FD41FA29 00AD1F82 00A4AA47
1 10 5 207 399 415 03110725 F7C31282 FA916997 FBC86082
1 10 5 208 416 432 FC3450A2 08E701EA 03813000 F5395666
1 10 5 209 417 433 F2A2DF40 FA8177BE F61820C2 0391320C
1 10 5 210 418 434 F8061AE3 F859A134 FFA0A803 02D137EC
1 10 5 211 419 435 03E90412 0419CC7C FBB363C2 FF9CA57C
1 10 5 212 420 436 F49EE617 FC1EFAB0 06AB40F3 FEA830D4
1 10 5 213 421 437 087E8953 FA9CA90C 0C81B731 00A0F702
1 10 5 214 422 438 FFAC42EF FDFEDB48 096C7FC1 FF0BB55E
1 10 5 215 423 439 FAFD0F63 00DE2428 04392589 FB4D140A
1 10 5 216 424 440 FAE609EB FFB43947 FF037429 01FA7B33
1 10 5 217 425 441 047508D2 01C95108 04CF6C9E F9B6E804
1 10 5 218 426 442 0559AC0D FFEBBF88 01ABD4E3 FF6AF196
1 10 5 219 427 443 002BAC7A 01C2FD96 0B06A9CA 08DFF348
1 10 5 220 428 444 054F1126 FE123E59 FF37349C F191B9F7
1 10 5 221 429 445 00D22D42 062835ED FEE79CC8 046AF7D3
1 10 5 222 430 446 FF86C9CC F9CC9EF4 051B39EA 00F4CDD4
1 10 5 223 431 447 FDA15E39 FF153404 0CBD6713 044EC7F8
1 10 5 224 448 464 FA189997 FBACA4CB 00E93333 FDA6DD1F
1 10 5 225 449 465 004CD498 F63DDF9E FF346E82 FA7A7632
1 10 5 226 450 466 EE702447 0428B54A FB6E7CAF 0982E51A
1 10 5 227 451 467 02CD843E 0660BB40 FE0B809C FBCD7064
1 10 5 228 452 468 0C207E1D 07208D2D FDB9C09B FFE38E57
1 10 5 229 453 469 F48D08F4 051C3645 FC4F81A2 FA196D1B
1 10 5 230 454 470 FEDD1A10 05C5D0E7 05A1161C 03561B0B
1 10 5 231 455 471 00564D53 0C04B646 06A893EB F7AA2A24
1 10 5 232 456 472 FC24CE14 F8D72385 FDDE3C28 0234423D
1 10 5 233 457 473 FAB6205E 080D4256 053CAFBC FD4E806C
1 10 5 234 458 474 04522869 F873063C FC4172C7 FD63314A
1 10 5 235 459 475 F793C664 FCA61A84 FFDCE130 007ED390
1 10 5 236 460 476 FECA882D 00636160 0E026C4D F4E06838
1 10 5 237 461 477 01BBCE79 0562FF59 01E418D7 06FA540D
1 10 5 238 462 478 01BD4090 0A30DF9E 03006794 007CB470
1 10 5 239 463 479 013BDB40 FC13BCA4 F6888294 FDBA4E52
1 10 5 240 480 496 FE82228E FED3BDC1 F5D2199A FA3D5385
1 10 5 241 481 497 0BE206C5 01251F2C 0743DCC5 042A671A
1 10 5 242 482 498 FD0DD312 0283E942 0E5B733E FD4BE0C4
1 10 5 243 483 499 F90E5755 0318553C 031044DD FDFC1EC4
1 10 5 244 484 500 FABEC637 FC892E41 01AE4CFB 06124595
1 10 5 245 485 501 F5BEC84E FB9BE807 FDCDA1F8 075B6B73
1 10 5 246 486 502 F3A90501 0273815A FB30D71F FFE555B0
1 10 5 247 487 503 FE9E183E F1C5EDA5 022B7DC6 FF0A75B1
1 10 5 248 488 504 FE19BEB8 0414A800 FE0071EC 00736052
1 10 5 249 489 505 FF496CAD F7903669 FF5B9831 0C0268A5
1 10 5 250 490 506 FFC07310 FE250344 015B74B2 FB1FB3FC
1 10 5 251 491 507 FCFC1AF1 FB119CC2 FE039ED3 FBD5AF80
1 10 5 252 492 508 03508334 FDDD6E31 FC20D146 0819BA1F
1 10 5 253 493 509 0AF7B6EA 01322D16 0A0178F2 087DA976
1 10 5 254 494 510 F7215687 FCA00EA9 0986AC0F FAFCE343
1 10 5 255 495 511 FBFE7340 0188A9C8 0580CC44 03400C3A
1 10 6 0 0 32 FC3D951C 001D2664 FE6A9F5C FFF4AF0A
1 10 6 1 1 33 F6E65560 002D03BB 002471AE FF1AB31F
1 10 6 2 2 34 03DE01FE 0552625F 055D9A06 FD3E0823
1 10 6 3 3 35 FC35C99A 08F01F8D 019BE27A 017CBBB5
1 10 6 4 4 36 019E7D44 FF9A029E FDFC3E4C F9FEC222
1 10 6 5 5 37 FD8FEE19 FF7F765B FF86ABA5 03EE5B4B
1 10 6 6 6 38 FF2F2261 FF0420B4 0102EA8F 00D3B0F0
1 10 6 7 7 39 07E2983B FD69BCC5 000A8E2F 07A86B35
1 10 6 8 8 40 002E7CEC 0636075E 00E8AA1E F9BD47AC
1 10 6 9 9 41 070257AB 0196E072 03399049 019EB21C
1 10 6 10 10 42 0022918B FBC1B942 FC5E93E7 01180590
1 10 6 11 11 43 01226CD1 02824839 00965DCF 015D144D
1 10 6 12 12 44 FE0CD3CD FC17D101 FCD54677 FCCCC955
1 10 6 13 13 45 FFD7A49A 0397CA9A 010DC00A FE830DA2
1 10 6 14 14 46 01AFD4F1 F69541D4 051FFE99 072069A8
1 10 6 15 15 47 0218BF97 02353F0C FF34665B 0089E334
1 10 6 16 16 48 0072611E 00138BAD 09925A66 FCCFFC51
1 10 6 17 17 49 FFF8DD5B FAA1F9E3 016E32B5 027194F5
1 10 6 18 18 50 FF5A07F4 FF1C399D 00AC6276 FB4FF4C9
1 10 6 19 19 51 0295691F 0095F5FD FB61662D FCB6597D
1 10 6 20 20 52 FCB7C487 06014CCD 021F76F1 FFCC038F
1 10 6 21 21 53 03C0143C 03F128DD F90FAAD0 028F4AEF
1 10 6 22 22 54 FCEF60AA FE7E9463 01790D04 018AB471
1 10 6 23 23 55 00C39779 035C872B FF95B903 01D81CBB
1 10 6 24 24 56 022D5024 03C80B52 061F5642 007BB128
1 10 6 25 25 57 04BCD5E0 F45D2FFC 0355901A 025E3574
1 10 6 26 26 58 012791D5 0548FCFC 01765E6F 0832A10A
1 10 6 27 27 59 058A68E4 004CFF2F 00C04688 0473CBFD
1 10 6 28 28 60 F6A61EBE FE1FEA9C FCAB698C FEB020CC
1 10 6 29 29 61 018A4EE8 031F554F 04172080 05E235B5
1 10 6 30 30 62 FBBFBE11 FC4CB60D 048B150B 06481357
1 10 6 31 31 63 FED8599E F3C86B5B FED660E8 01F049CF
1 10 6 32 64 96 01B3B5C0 007DD708 002430A4 FCA3B0A4
1 10 6 33 65 97 03D49321 FC7508CC F8643573 08B6827E
1 10 6 34 66 98 FD486B89 052A1C8A FEED4697 0140DA72
1 10 6 35 67 99 F76FA680 0181ED8D 0039FDF2 01E9EABB
1 10 6 36 68 100 01DA4E9F 000045EE FC9BA925 F784E5BA
1 10 6 37 69 101 FA0D1C56 0353296C FC39A1F0 00EBCD72
1 10 6 38 70 102 008F45BF 02849DE8 019F0507 045FF6D0
1 10 6 39 71 103 01D1B018 06600D85 F609242C 007685B3
1 10 6 40 72 104 FC0008C6 F877B5D1 FF9C14FC FEA61BC7
1 10 6 41 73 105 00133411 0443FB53 FDC39C63 FC52D1D5
1 10 6 42 74 106 FBF0571B FEE6D26C FFE976F9 FFAE3886
1 10 6 43 75 107 FD51BDA9 FC6B2DA3 0080E71D 026818D9
1 10 6 44 76 108 023B9668 00350A80 0104EAF4 021FBE64
1 10 6 45 77 109 FFC60C24 FF954249 02BE0640 FFDF7BC1
1 10 6 46 78 110 FC5A6F1D 0931BB15 FD1BDA31 FED8AFEB
1 10 6 47 79 111 FE8DD2F1 FFCFAF04 0066D8CD FCA17DC8
1 10 6 48 80 112 FA3C1A3D FBAA751F 074F20A3 F90311EB
1 10 6 49 81 113 FC1BB48C F56E5183 FE9DB46C 07B72F8D
1 10 6 50 82 114 FF1E9376 00F9A558 01EF8BBA 043EFB10
1 10 6 51 83 115 F8B0002D FE2858BA FF68EFD1 FEEA716E
1 10 6 52 84 116 FBFFEF1D FC760644 FFE13BAD 07772996
1 10 6 53 85 117 FC9334C4 00BA6BDE 0096A2A0 02791008
1 10 6 54 86 118 049FA006 04E7078B 0083A840 00DEE1BD
1 10 6 55 87 119 0226D053 03819066 03646A4D 0272A578
1 10 6 56 88 120 FD71AEC1 0378C44F 004E0A87 03692C01
1 10 6 57 89 121 F9874C5A 030654B7 FEAC6064 00E0F893
1 10 6 58 90 122 FD2D25D6 0354646C 00EBE4FE FBB7037A
1 10 6 59 91 123 00DEECB3 FF96FE3B F77DD543 F9CE7C37
1 10 6 60 92 124 02A5E015 0424882B 01162A11 03690A73
1 10 6 61 93 125 FF6403D5 02303858 06BEB225 004C53E0
1 10 6 62 94 126 03760C2F 01BE3837 0433895B 022CDC37
1 10 6 63 95 127 02E7B068 09E0DDF6 01431212 00A87E84
1 10 6 64 128 160 01EE028D FC8A8545 01608CCD 056A2F85
1 10 6 65 129 161 01F5DEE5 FEFCE17C FA04370F FCB2C516
1 10 6 66 130 162 FE98F8D3 FA468922 00E1AB15 046BF42C
1 10 6 67 131 163 03D0EAEC F95569EB 04C8F3D4 FDDC2051
1 10 6 68 132 164 004F0EBD 058071FF FDA6EF4B 0BB1F1B3
1 10 6 69 133 165 01B16E8B F98621BF 026D614B FB432F15
1 10 6 70 134 166 0335402B 01E7A69B FB734043 FF06702B
1 10 6 71 135 167 073046DC 00E87C6F FB18F3C8 FDA89315
1 10 6 72 136 168 FE6E22DC FD0906D7 FF0CC4D2 FF2361CD
1 10 6 73 137 169 FEF9F4C7 FB5CF21D FD5CA24B FE3DACE9
1 10 6 74 138 170 FF0FAC52 02F67E50 FF812BA8 0154CB86
1 10 6 75 139 171 F8796451 FBC3B14A 01393CBD 005CFBFE
1 10 6 76 140 172 FF17D76C F8E17038 FF240BCE FDD9E1C8
1 10 6 77 141 173 FE29A503 04025CE7 F9B4EEB3 0701206B
1 10 6 78 142 174 FC1DE5EB 058E1781 FFBA1C4B FC1AC683
1 10 6 79 143 175 0238207A FB9B0E21 FD5B2DD8 FFFFF435
1 10 6 80 144 176 07D5B2E1 01D40784 FAAE7615 FD95B266
1 10 6 81 145 177 0190C6A6 FE9AF122 FEB8C6F2 FEDC48A0
1 10 6 82 146 178 FE2D8179 0199CA5D 00DDB3F9 035F9FDF
1 10 6 83 147 179 084C0DA3 04638C6F 090F26A5 FC8189B1
1 10 6 84 148 180 042CB8EA FC9E61C8 F8F01B9A FFD0FA86
1 10 6 85 149 181 FD39F542 023E2F4B 045FF2D0 030BD69F
1 10 6 86 150 182 FD0E9F21 01B60668 FD6ECB0B FD56AA0A
1 10 6 87 151 183 F8579DCF FFADDB8E FFC1F99D FBB746F8
1 10 6 88 152 184 027862EB 0330E294 FAC88C71 FFBF5D1A
1 10 6 89 153 185 FEA71A8A 081FFC05 00EC4730 FF5C9661
1 10 6 90 154 186 FF599FC0 0193F72D 070672BE 058C5109
1 10 6 91 155 187 00FC84E9 F8BED0F0 0482CE29 03596E56
1 10 6 92 156 188 FD0A40C1 FC97A887 00EA13B1 02739245
1 10 6 93 157 189 FE57A7FC 00E26164 F80DD66C FA4273AA
1 10 6 94 158 190 040E162D FC92276A FE358B13 FC9627D2
1 10 6 95 159 191 FFC5A267 FA4C85D8 05C2CF9F FFE60D50
1 10 6 96 192 224 FD8A00A1 FF953426 FCB6A333 FF0E0E14
1 10 6 97 193 225 F827B6C1 FEA9D1C8 FFE1F2BF FC876598
1 10 6 98 194 226 08C537E2 FCE21968 FDA3D804 F98F8C8A
1 10 6 99 195 227 0ADE7D25 FEDA71D5 FF52E97D FDD0D4EB
1 10 6 100 196 228 0154297C FF0610A1 FF8CC3E8 02736779
1 10 6 101 197 229 F8E383F6 05280CEF 0254447E 01D52B29
1 10 6 102 198 230 FCEFB0C1 0254D0A5 FEC14A6B FDAAFE93
1 10 6 103 199 231 FE297D23 048F024B 04BC1987 00230333
1 10 6 104 200 232 068FA5AD 04F8B4B2 F97B6F71 FDE96F76
1 10 6 105 201 233 0205692C 01773E31 02C0CCB0 FB20C1AF
1 10 6 106 202 234 00882953 0290B747 0423B43B FF25C11F
1 10 6 107 203 235 0232F2ED 03342DF8 F8AB9C51 FCCC13AA
1 10 6 108 204 236 03325C96 015080DE FD3F1E2C FDA93BA4
1 10 6 109 205 237 FE529F9F FE649142 FBC945E9 FE61BFD0
1 10 6 110 206 238 F5BD6DBD FD2F97B5 0287E53B 0284F4FB
1 10 6 111 207 239 02025F74 FE815B68 FC072EAC 011EE846
1 10 6 112 208 240 FF9F5F32 010C763D 023984A4 00216451
1 10 6 113 209 241 0022F5D2 FBA083A5 0061BE30 FBD05B9B
1 10 6 114 210 242 06662073 0107481F 0CD8EF65 FA9CC083
1 10 6 115 211 243 F52023D6 F9920B17 01D812DE F4A469BD
1 10 6 116 212 244 F8E84B3E 03B53097 064F40F8 FFF004BD
1 10 6 117 213 245 FFD20786 FD67A1E0 FE97E0BE 033879F8
1 10 6 118 214 246 03A32ABE FFE4B995 FAB72C56 0025319D
1 10 6 119 215 247 FC77F32D FAC7BA4A FDB75D1F FE2F8460
1 10 6 120 216 248 FA8A9E45 FFCB5099 FB59A8C5 FEC04431
1 10 6 121 217 249 08DD5327 FEBFFED7 F9E5BB09 FB50B40F
1 10 6 122 218 250 FF23D72A FC9F7204 FDFDAA40 FFE85F50
1 10 6 123 219 251 FEB27D9A 0149DF7C FB091498 FE202E5A
1 10 6 124 220 252 F5917EC9 09C47E3D 0485FD7D 03309BA5
1 10 6 125 221 253 FD59B544 01D48E62 017BA9F2 011057AC
1 10 6 126 222 254 069B5544 02E4B562 0301EFBE F4CCB6B4
1 10 6 127 223 255 FE12C132 03EFFEB8 FD12CAEC 088BD754
1 10 6 128 256 288 FB02C331 0044A597 03682999 FE8B3E8F
1 10 6 129 257 289 FDF85720 043406C2 FCE8B74A 052F66AC
1 10 6 130 258 290 079E594B F6791546 F69722D7 FCD81B62
1 10 6 131 259 291 FF36A19E F372A345 006F8994 FDA586D3
1 10 6 132 260 292 070F710C F8816097 F74A641A 0243D741
1 10 6 133 261 293 FC6B313B 044E47F0 0227FD9F 0031FEF8
1 10 6 134 262 294 018E62C3 FB616680 01057A73 02E6BD08
1 10 6 135 263 295 FD9982C0 FDE28756 05CFFBF4 02E57B20
1 10 6 136 264 296 FA52A8A3 021D7EF7 03D07DC3 FFF8D0B7
1 10 6 137 265 297 031C8766 03F92D6C FFECE36E FEF6033A
1 10 6 138 266 298 00532AEA FDF62924 FCD46862 0447D39A
1 10 6 139 267 299 FF3771D4 00267F1B 024CA058 04752EEB
1 10 6 140 268 300 FE153EF8 FF7A54ED FFA690B2 F56D11EF
1 10 6 141 269 301 FBBAB666 FB815A53 089B6A0E FFAFC03B
1 10 6 142 270 302 F5C44C82 F6DC4F28 FE6479BE FE8314D6
1 10 6 143 271 303 00E4C0D3 0060D21D FD5F3A4F FBC5D707
1 10 6 144 272 304 01862800 FDD1A91E FE63523E FE25C87A
1 10 6 145 273 305 FFEE5293 FDD219F3 FE71C5BD 05792B1B
1 10 6 146 274 306 00926414 01379F96 FFA85990 038F1F00
1 10 6 147 275 307 F8B470BF FC011366 FCD41D21 FB642E70
1 10 6 148 276 308 FD8B734C FBE5D3F8 0169C978 02DE78AA
1 10 6 149 277 309 011D929B 035E6B5E F8B0235B 048D9EF0
1 10 6 150 278 310 FE2418AA 07314926 FA6E33C4 010C88EE
1 10 6 151 279 311 FF53CD19 FFE813A4 02678C5D FDB7A5FA
1 10 6 152 280 312 01164723 009B5221 03151461 0117A207
1 10 6 153 281 313 051D43A1 FF81889C 0544CAB7 02F5CDE0
1 10 6 154 282 314 FFBD39DA FF7DFC01 FB3F00BE FABC1D1D
1 10 6 155 283 315 F87CDC7E 03A38622 F9F31328 F84C41A0
1 10 6 156 284 316 F96FCC5C F83EB095 00936686 0654EBBF
1 10 6 157 285 317 03B59AB0 FD5F459E 027E2BA6 F86CAE8C
1 10 6 158 286 318 03495FDD FD68B573 0326A5FB 03F63B2D
1 10 6 159 287 319 FE8F9197 02B8252F FA32CBB3 FD83A853
1 10 6 160 320 352 0018F84F FD0524A1 FC765EB9 051C74F5
1 10 6 161 321 353 01784F47 F8FF3B4E FC381F1B F88A536C
1 10 6 162 322 354 0307AB49 071C377A F84B800F FF0EB9A0
1 10 6 163 323 355 F9644FA9 FE5E4DBA FEF0FF01 FE1F499A
1 10 6 164 324 356 FF85C932 04BF4B2F FC029402 F6884B49
1 10 6 165 325 357 FF83ABAC FA0E2E92 FDA55C10 FF5EA99A
1 10 6 166 326 358 024B766C 018E981E FE81F1FA 0535E2DA
1 10 6 167 327 359 FC797A05 003F7B99 FE664F71 083DD6CF
1 10 6 168 328 360 0137EBDF 013F99F1 01B215B9 FEA70EB3
1 10 6 169 329 361 003B6A5C 01DC9565 040DC1EE FBA06923
1 10 6 170 330 362 00FACAD7 008CAAE7 0094E9C5 00B20B53
1 10 6 171 331 363 0524161B 00B34B04 0104D7FF FF26CD84
1 10 6 172 332 364 025FA233 0279445C FAD1C317 FEEF484E
1 10 6 173 333 365 FDCF6EDE FC5D540F F7C70D38 0829962B
1 10 6 174 334 366 FE349B03 FD1B3384 0078333F FD7FE3F6
1 10 6 175 335 367 03E95531 FFB1108D FFEE2C15 FDAE3DA7
1 10 6 176 336 368 05163A67 002958A4 F7C2CFD7 01FA6D1E
1 10 6 177 337 369 FB5BFC8B FACF7474 01E473B5 03D64946
1 10 6 178 338 370 04707342 0053CE11 FADB4716 FDFCC683
1 10 6 179 339 371 0133B148 01E58F47 FC174508 03E3B46D
1 10 6 180 340 372 03DD225B 02E2FD91 0219B6D5 0037C447
1 10 6 181 341 373 FB0C7364 FD8F1796 FE09FE58 037B216A
1 10 6 182 342 374 FD8985F2 010CCFEF FFBC262C 04815A6B
1 10 6 183 343 375 FDE627F0 0078DCC3 01F1A418 FDA3BC87
1 10 6 184 344 376 FE6BFC5D 08851488 02FF3F79 FC2FD18C
1 10 6 185 345 377 00A2DE9E F5B8158D 04D1595C FD923A03
1 10 6 186 346 378 02E83518 0049BE60 FE19213A 01AB4324
1 10 6 187 347 379 FAFDBC54 045906A8 006733FE 0479A4AA
1 10 6 188 348 380 FBAE0FA0 06FA3A33 FAF954AE FC8E9BAF
1 10 6 189 349 381 FFDA5840 067FD137 0228EF40 FCA4FF33
1 10 6 190 350 382 F833EE00 001A3C76 F8CB9ABC FD7DAA8E
1 10 6 191 351 383 048F4C85 014A7A34 058EF42D 00AB74A8
1 10 6 192 384 416 FBAAE5C1 06614EB6 FF76951F FD7A4CCC
1 10 6 193 385 417 FC7A5237 FE604CA3 0A50D32F 0288B3C7
1 10 6 194 386 418 FC80825D FCFA9651 05D138F3 02ECEF2D
1 10 6 195 387 419 0555E23E 02EDA2D9 00673BA6 00239EC1
1 10 6 196 388 420 FC7BBCC0 F957F56C 087B23B8 F8929576
1 10 6 197 389 421 083DFC77 F679869A 034A6E2F FF3B173C
1 10 6 198 390 422 FE7625E0 FCA6F4ED FFD8DD0C FE231A77
1 10 6 199 391 423 01A5B43F FC2758BF 04F880E7 F84DBB9F
1 10 6 200 392 424 FF1CAC5B 029F4DAD 02EDB071 FF3972F7
1 10 6 201 393 425 FF2F1739 FF9E90CA FAF9B573 01EE79C0
1 10 6 202 394 426 009CF118 FED672CD FDB4D424 03548EB1
1 10 6 203 395 427 0706D7D8 FFD0223A 056483A0 FF220D32
1 10 6 204 396 428 0138DD18 FC7B045C 00F8F01E 021F99A2
1 10 6 205 397 429 FFE2FC4D FAA2F5B1 F9C1A2E1 F9A289ED
1 10 6 206 398 430 FC279E4E FE4194D0 02542070 FF006558
1 10 6 207 399 431 00F5F327 FD03E1C5 021B13FD FABF30BD
1 10 6 208 400 432 FEB44F0A 0276CB85 097AF8A4 05F7FB85
1 10 6 209 401 433 01444AE6 0629FDB5 FCBEED8A FCA7DC2B
1 10 6 210 402 434 0301F7FF FE62EA99 002C03D9 FE921D5B
1 10 6 211 403 435 00E5D3E9 FDE2B083 00056A1B F9A8A18F
1 10 6 212 404 436 FDB76D09 FE987B1E 01826ACF 043E38B8
1 10 6 213 405 437 FE51BC27 FA5AE6A7 03A91499 05AE762B
1 10 6 214 406 438 FAA884E6 FB411705 00AFF616 028F514D
1 10 6 215 407 439 FB64CC3E FDDB5AB4 01B48C24 FE23F578
1 10 6 216 408 440 FFFBBAE1 FCCA9939 FDE3070B FD7E276B
1 10 6 217 409 441 FF82E40F 04CA22BE 07379A41 02FB812E
1 10 6 218 410 442 FF0A343E 028E238D 00C0BFFA 02FFE487
1 10 6 219 411 443 FF2F284C FB888FB6 04B9886C 088EDFDC
1 10 6 220 412 444 FAA717F3 052AECB5 FF735847 F788FBB1
1 10 6 221 413 445 FB5F7888 0536136B F90ADB14 091EF3C7
1 10 6 222 414 446 FDED6535 FF5AC3C3 02BFBA4D 0149E683
1 10 6 223 415 447 F727EA9C FB1F9C7C 03697EFA 00A8C406
1 10 6 224 448 480 FC4D5E12 FD403145 FDCB3B84 FE6C7385
1 10 6 225 449 481 061E75F1 FB1BB28F FA2E5EA7 FB222D0F
1 10 6 226 450 482 F6050BD2 0399B06A F86B1874 008F04E0
1 10 6 227 451 483 FE8733DC 05AD7C44 04465062 00B33EFC
1 10 6 228 452 484 02F9234F 02F80450 09275ACD 042888DC
1 10 6 229 453 485 F4B7F0A4 0309311B FFD51850 02130529
1 10 6 230 454 486 FAFB8BAF 07554F1B 03E18E61 FE7081CB
1 10 6 231 455 487 FB1F19C8 00F2EF6E 0537338A 0B11C6D8
1 10 6 232 456 488 FED7D2B6 FE88D130 FD4CFB5E FA4E5254
1 10 6 233 457 489 F9DE61A2 01A01CAB 00D7BEBC 066D25AB
1 10 6 234 458 490 0151F42B FBCFFCE1 0300343D FCA3095B
1 10 6 235 459 491 F8E74861 FE7DE1A6 FEAC7E03 FE2838DE
1 10 6 236 460 492 FF0B23D0 FE412416 FFBF645C 02223D4A
1 10 6 237 461 493 0307EA5C FD9E87E8 FEB3E41C 07C47770
1 10 6 238 462 494 FE597541 091DA9A5 0363CB4F 011335F9
1 10 6 239 463 495 012F0CB9 001B6A70 000CCE87 FBF85234
1 10 6 240 464 496 FD93435B 03EA61C2 0355EFD7 F9BC7B5C
1 10 6 241 465 497 0151B12D F96B8494 FDE2BD55 010EF19E
1 10 6 242 466 498 FAFD4C3D FDFA921D 00713071 0B8852FD
1 10 6 243 467 499 FD9D1694 FCBA5899 006E6A08 FF1317CB
1 10 6 244 468 500 01588713 FE0199B8 FC613987 01E1F49E
1 10 6 245 469 501 01EAD30B FC48C51A FA64AE97 FDD0A800
1 10 6 246 470 502 041B74E2 03B24DB8 0185A13A FFA3CD52
1 10 6 247 471 503 02452F45 FB4C4474 046364A5 FC5DE5B0
1 10 6 248 472 504 FFCCC441 01A63265 FE1177E7 008E0FD7
1 10 6 249 473 505 06AD169F FA37201E FE8F991D 0317604E
1 10 6 250 474 506 FC358348 00580BC7 000BEF7E FD0B2583
1 10 6 251 475 507 FFD348A6 028D7212 0009988A FDF1617E
1 10 6 252 476 508 0A57E173 F76FEA25 03AA8AD9 FD707E13
1 10 6 253 477 509 FD63F330 FDF95B34 048025A6 0900F8D8
1 10 6 254 478 510 FC572475 01C5AED0 06A9431F FEB705A0
1 10 6 255 479 511 F8B00840 FCFA1692 FDD87A54 00C037C0
1 10 7 0 0 64 FEF8A56E 004D7EB6 FD44EFAE FFCFA7AE
1 10 7 1 1 65 FD469DFD FE398132 F99FB763 01F38288
1 10 7 2 2 66 00D5B06F 055D26D1 0308518F FFF53B8D
1 10 7 3 3 67 F9FAE86E 05D7C671 023AE12C 0318591B
1 10 7 4 4 68 01B7DD86 FF9EDEE4 FFE69FBE FFFB23BA
1 10 7 5 5 69 FC4CBF62 0215931F 01432EB6 FD69E33B
1 10 7 6 6 70 0039ADED 00A1B2E4 FEF57473 FE626DD0
1 10 7 7 7 71 05DF707E 0166C3A7 020327BC FC02F91D
1 10 7 8 8 72 FCCD4271 00642EAD 03613A7B 05D1D8B1
1 10 7 9 9 73 04734A47 02B4E784 028F0D63 FEE1F8EE
1 10 7 10 10 74 FE048EC0 FE59EC45 021E02CA FD67CCFD
1 10 7 11 11 75 FE7F3B7D 00685A2E 02A33153 0219EE0A
1 10 7 12 12 76 0002C7B2 FD832E2D FE0A0C1A FE94A2D3
1 10 7 13 13 77 FFB4C10B 01B249DE 0022E38F 01E580BC
1 10 7 14 14 78 0259B0C9 00007C04 FF562427 F694C5D0
1 10 7 15 15 79 00730309 018505E3 01A5BC8D 00B03929
1 10 7 16 16 80 FCA71E09 008B4BD4 03CB4315 FF883FD8
1 10 7 17 17 81 FAC385D2 FB358E73 05355788 FF6C6B6F
1 10 7 18 18 82 FFC60021 00346D7A FF9407D3 FEE7CC22
1 10 7 19 19 83 FE5FB4BE 02AE5059 0435B460 FDE7A5A3
1 10 7 20 20 84 FBC6C2E0 03AEBA87 00F101A6 02529245
1 10 7 21 21 85 014E9BFE 03A08635 0271783E 0050A2A7
1 10 7 22 22 86 01B8183D FE5D2AEC FB37486D 00216976
1 10 7 23 23 87 026D3DDA 01752D00 FE56599E 01E75A2A
1 10 7 24 24 88 0234045D 03BC577D FFF94BC7 000BB3D5
1 10 7 25 25 89 02B3E624 FDBCF6E8 0208EFBC F6A03914
1 10 7 26 26 90 01C2B67F 047A131E FF64DB55 00CEE9DE
1 10 7 27 27 91 02AD5BA9 FFAD9E7C 02DD0D3B 009F60B2
1 10 7 28 28 92 FD9D41E5 FE2AFDC5 F908DCD9 FFF4ECD7
1 10 7 29 29 93 01CEC928 0205EA10 FFBB85C0 01196B3E
1 10 7 30 30 94 FEE954DC FC835674 FCD66934 FFC95F98
1 10 7 31 31 95 046D59D4 F8AEDB37 FA6AFFCA FB199023
1 10 7 32 32 96 FD872800 FFE83F33 00E3775C 000C6FD7
1 10 7 33 33 97 049BF0D9 03235BB7 FB8880D5 FBF75767
1 10 7 34 34 98 035BEB24 FF17FD84 0201AEE2 FE260A9E
1 10 7 35 35 99 01BBFE10 007DBE0D FFDFE46A 00FEFDA7
1 10 7 36 36 100 FB2A25B3 FF7CFDC5 02D21899 FA81C45D
1 10 7 37 37 101 00AB1B8E 03AF3BEE FEDB9016 003F1F5C
1 10 7 38 38 102 025D172F FF00B7C4 FEA5D35F 01D2F92C
1 10 7 39 39 103 01EABF28 08712317 FE1FCF06 FF37481D
1 10 7 40 40 104 FFE7AB1C FD4EFB35 0100FF02 FC6E4C77
1 10 7 41 41 105 006DBC2B 029B444E 02CBD41D FF036DCE
1 10 7 42 42 106 FE1089F0 00A93943 FE4E09F6 006ECC4D
1 10 7 43 43 107 01324537 FFD8E3F6 FF641897 01843056
1 10 7 44 44 108 FF0436FC FD62DFDF FDD10F7A FF69E975
1 10 7 45 45 109 FFA8B78C FE314553 0165087E 0051C84F
1 10 7 46 46 110 0308A1C9 050BF34C 02175CCF 0214765C
1 10 7 47 47 111 FE38222D 014075AD 00FC442D FF496D87
1 10 7 48 48 112 FFBB2D67 FE4AEEA6 09D72CFF FE850DAA
1 10 7 49 49 113 03D19779 FED403B9 FD9C9B3B 039D913B
1 10 7 50 50 114 00EF7387 FB66AAE1 FFBCEEEF FFE949E7
1 10 7 51 51 115 FD9AB28F FEF7A3A3 FDC6B39D FDBEB5D9
1 10 7 52 52 116 032F6B03 FCD4014C FEF00BED 02F80242
1 10 7 53 53 117 FCE9F5CA 00116D9C FC25B506 027DDD52
1 10 7 54 54 118 00B700CF 004409A7 00C20C35 0146AAC9
1 10 7 55 55 119 FEC84D90 FF172B26 00CD6B72 02C0F194
1 10 7 56 56 120 0392B1F0 FE9B8E64 028CA452 01E022C4
1 10 7 57 57 121 0270904F 00FE6644 00E4FFCB 015FCF30
1 10 7 58 58 122 FFAB1901 0603F38D 01CB456D 022EAD7D
1 10 7 59 59 123 03BFF556 06438659 FD005132 FE3045A3
1 10 7 60 60 124 FE22766F FD90CD2D FE88F31D 011F539F
1 10 7 61 61 125 FEBB2B26 024CAD42 055BF55A 03958872
1 10 7 62 62 126 0049A882 01DA3CA1 04416C88 046DD6B5
1 10 7 63 63 127 FECDFAFD 009C1208 000865EB 015437C6
1 10 7 64 128 192 FFBC0196 FE0FDCB5 023200F6 FE7AA88F
1 10 7 65 129 193 FD079772 FF04D450 04EE4772 FFF80D2C
1 10 7 66 130 194 03829377 FB283340 FB16655B FF1E55E2
1 10 7 67 131 195 07331829 FB4D6255 FC9DD2C3 FE080795
1 10 7 68 132 196 00B5F572 022479A3 FF99194A 035BF85B
1 10 7 69 133 197 FE062025 00207B9E 03AB4E65 F965A620
1 10 7 70 134 198 0079FAC2 02833826 02BB4568 FF646E74
1 10 7 71 135 199 037F3457 02E8E68B 03B11285 FDFF95E3
1 10 7 72 136 200 03327F87 FF8F0A5C FB3BA355 FD79FC7A
1 10 7 73 137 201 00B7103B FDE978A7 FE42E48B FD737975
1 10 7 74 138 202 005EAB1B 027CBDB4 FEB10137 0079C09C
1 10 7 75 139 203 FE00F372 FEB0E2B6 FA7870DE FD12CE94
1 10 7 76 140 204 013D9F8B FC1949AD FDDA37E1 FCC8268B
1 10 7 77 141 205 FDEDD57F 01DBD5FE 003BCF83 022686E8
1 10 7 78 142 206 F93340B4 04F1C09D 02EAA536 009C56E3
1 10 7 79 143 207 015A22EE FC930D4A 00DDFD8C FF0800D6
1 10 7 80 144 208 042799BA 016B1742 03AE1926 0068F042
1 10 7 81 145 209 FF3564AE FDC89CE6 025B61F8 00D2543C
1 10 7 82 146 210 0184203C FEA74384 FCA9613C 02F286D8
1 10 7 83 147 211 FE53D091 04A58DA0 09F83D11 FFBDFECE
1 10 7 84 148 212 01A8999C 0249B9EC 02841F4E FA54A7DC
1 10 7 85 149 213 FD743D3E 00880836 FFC5B804 01B62714
1 10 7 86 150 214 FF56C309 FF39F90B FDB7DC17 027C0D5D
1 10 7 87 151 215 F90E8E06 0051E4AB FF490FC8 FF5BF6E3
1 10 7 88 152 216 00187926 0413DFDA 025FE9C4 FF1D02BA
1 10 7 89 153 217 003B263D FFADBD19 FE6BF44D 08723EEB
1 10 7 90 154 218 FDEF31C2 00B5D6F0 016A6DFE 00DE203C
1 10 7 91 155 219 00F5BC28 FD293DE9 0006C8C0 FB959307
1 10 7 92 156 220 024AD456 045D54E1 FABF6C6A F83A53A5
1 10 7 93 157 221 FFE1CE41 01E30989 FE75D9BB FEFF57DB
1 10 7 94 158 222 03CA8190 FB23CA85 0043949C 016E5CE5
1 10 7 95 159 223 01CE1CCC FE3552A6 FDF7859A FC173332
1 10 7 96 160 224 00374D70 0459C629 01293F5C 0110695B
1 10 7 97 161 225 FB471276 FE7E3222 FEBD2498 FE3492F4
1 10 7 98 162 226 FD5A317C 03B3641D 03877998 00B8900F
1 10 7 99 163 227 015C9E97 FF6CB146 036C553D FE6F6F0A
1 10 7 100 164 228 00126118 05D4475E FD948E32 05DDAA54
1 10 7 101 165 229 01D1CDAB FC4764AA 009B939F FEFBCA6A
1 10 7 102 166 230 FCCA3BFC 00725CBA FEA90446 FE941370
1 10 7 103 167 231 FCD0CA84 FC93C214 FE482944 0114D100
1 10 7 104 168 232 FFCEB792 02FAC307 FF3E0D40 FC289EC5
1 10 7 105 169 233 FBE3E62F FEEAE6C9 0178BC1B FF52C61F
1 10 7 106 170 234 FE66926B FF0A8C2A 011A993D 024A3F5C
1 10 7 107 171 235 011F4EFC 0425F7D3 0019EDC0 FC37042B
1 10 7 108 172 236 FF5CE5CC 00B85191 FFC72602 FD219037
1 10 7 109 173 237 FD75661F 05AD2D71 FC3F8893 0153F2F9
1 10 7 110 174 238 0008D27A FC466485 FFB149D0 FFD461FD
1 10 7 111 175 239 006D4FC5 0118561D FCEDDE13 FEE79E17
1 10 7 112 176 240 FC99AF6C FDF5B123 FE14C6A8 FFA00143
1 10 7 113 177 241 FDD0562F 00DA549F 00E870C3 FE01F401
1 10 7 114 178 242 F9C22A06 FFB1A640 071B89F2 03ADF99E
1 10 7 115 179 243 0067F4BD 0243E183 08A731E7 FA3DA82D
1 10 7 116 180 244 F9D41659 FE2E702C FF1C0541 01A28A5A
1 10 7 117 181 245 039E594A 0080E68A 00C19986 028AF014
1 10 7 118 182 246 0114B5F8 FFD9CBB2 FC5A1512 FD7CDE58
1 10 7 119 183 247 0085F20F FF2A905F FF3C078D FC8CB699
1 10 7 120 184 248 FF4CF75C 015725A6 FB7B9514 FE683774
1 10 7 121 185 249 028B9C96 02EA0CA0 FE60AA9A FC7289C0
1 10 7 122 186 250 0475E376 031C1D65 02908F48 027033A3
1 10 7 123 187 251 046F867E 032FD706 001347AA 00299750
1 10 7 124 188 252 FE8CD5B6 FF385ED8 025D3DFA 033B336C
1 10 7 125 189 253 FB5F1FA8 FC7EAD1A FCAEB6C4 FDC3C690
1 10 7 126 190 254 FD0F2160 03B8129C 012669B2 F8DE1536
1 10 7 127 191 255 048D3E96 FBC0CA42 01359108 0425430E
1 10 7 128 256 320 FD8DDDBF FEA4E51B FD74E571 019FC07B
1 10 7 129 257 321 FF8C1D0B FE917674 FE6C3A15 05A2904E
1 10 7 130 258 322 05AA5995 FEA03EBC 01F3FFB5 F7D8D68A
1 10 7 131 259 323 FC37FDAC F966D7C1 02FEA3F2 FA0BCB83
1 10 7 132 260 324 03C256FD FEA09322 034D1A0F F9E0CD74
1 10 7 133 261 325 FD406872 FF5423B1 FF2AC8C8 04FA243F
1 10 7 134 262 326 021A20ED FE1A2676 FF7441D5 FD47400A
1 10 7 135 263 327 FD2E8F20 FFA72C61 006AF3A0 FE3B5AF5
1 10 7 136 264 328 FDF692EC 0166B390 FC5C15B6 00B6CB66
1 10 7 137 265 329 020F007E 02C74D0A 010D86E8 0131E062
1 10 7 138 266 330 00B95470 FEFDFF4D FF99D67A FEF829D7
1 10 7 139 267 331 01FE3B1E FF0DD750 FD3936B6 0118A7CA
1 10 7 140 268 332 00B7276E 001BA60E FD5E178A FF5EAEDE
1 10 7 141 269 333 FBE70632 FCF1DFB6 FFD3B034 FE8F7A9C
1 10 7 142 270 334 F9459C25 FAE18D48 FC7EB05D FBFAC1E0
1 10 7 143 271 335 01CAD54B FEC2EF55 FF19EB87 019DE2C7
1 10 7 144 272 336 029E17F9 FD2B0CE6 FEE81007 00A69C38
1 10 7 145 273 337 FC7C0F84 FEE31101 0372430E FEEF08F1
1 10 7 146 274 338 01D21174 FEFF2698 FEC052A0 023878FE
1 10 7 147 275 339 FD78DF86 FE1596FD FB3B9138 FDEB7C69
1 10 7 148 276 340 010BB8C0 FD24F8C7 FC7FBA8C FEC0DB31
1 10 7 149 277 341 FE3CF691 032E2EDD 02E09C09 00303C81
1 10 7 150 278 342 FEF3FACA 04EE051E FF301DE0 02434408
1 10 7 151 279 343 FF6D8D49 0100FAA2 FFE63FCF FEE71902
1 10 7 152 280 344 042D5EF3 02A9A1C0 FCE8E82F FDF1B060
1 10 7 153 281 345 FDD303AA FDB8C440 074A3FF6 01C8C45C
1 10 7 154 282 346 006DE99C FE659D5A FF4F503E 01185EA6
1 10 7 155 283 347 FDBE7BA6 04C6E711 FABE60D8 FEDC9F11
1 10 7 156 284 348 FFB7F540 FEEBEDAC F9B7D71C F952C2E8
1 10 7 157 285 349 050EEF7D FF3C5309 FEA6AB33 FE22F295
1 10 7 158 286 350 014FE985 0296DCF4 01F97657 FAD1D87E
1 10 7 159 287 351 000977A4 FF1D39F9 FE8619F2 039AEB35
1 10 7 160 288 352 04424F46 010A6FEB FF25DA52 FD80CEA3
1 10 7 161 289 353 FAD267C5 04A9EB7B 02164F85 00857B31
1 10 7 162 290 354 FB342FDA 024D5F82 FB62F2FC FA8ABBE0
1 10 7 163 291 355 FF5DE5FE FF7C107D 0111A396 FE297655
1 10 7 164 292 356 F76447E6 04033E58 FFE61C34 FE4098E8
1 10 7 165 293 357 010EF58C 0150E39E 01190812 FEE11B5A
1 10 7 166 294 358 03386A5E 0168918C FDCD1014 017E2B7C
1 10 7 167 295 359 070E4510 00D03A9B FEC1B6E4 02154085
1 10 7 168 296 360 00F5D759 FF75E33B 02DAA669 0082ED7B
1 10 7 169 297 361 FD1E8C15 FE9548FF 02CE5759 0060BA3B
1 10 7 170 298 362 FE959DA0 01B84853 FE3ECAC2 028F8B47
1 10 7 171 299 363 00861D8E 02028E44 01C682CA 0272A0A6
1 10 7 172 300 364 00D2503C FD29A9E6 FED44076 F8436808
1 10 7 173 301 365 0A07DEF7 00B6DC24 FE938B17 FEF8E416
1 10 7 174 302 366 FE14B467 FFDE2012 004FC557 FEA4F4C4
1 10 7 175 303 367 FDD9A19F FEB0E666 FF8598AF FD14F0A0
1 10 7 176 304 368 02CE66A7 01498AB7 FB94EB97 FCDC3DC3
1 10 7 177 305 369 FFCF3FC3 00AE01BC FEA285F9 04CB295E
1 10 7 178 306 370 012DAA70 04305C87 FE7AAF20 FF5EC279
1 10 7 179 307 371 012488A4 FD4C4603 FBAF947C FE17E86D
1 10 7 180 308 372 FFE4D5BC 00C2AE7C 0184F3BC 021BCA2E
1 10 7 181 309 373 FE146D0F 0149AD77 FA9BB64B 0343F179
1 10 7 182 310 374 FE64DE7F FE99AC53 FC095545 0272DC9B
1 10 7 183 311 375 FFD1AA68 FF8290B7 0295E1F4 FE351543
1 10 7 184 312 376 FF6D537C 01BBF2F0 03A7C0E4 FF5BAF16
1 10 7 185 313 377 FFF50728 01CFDF6B 054FC38E 0125EE75
1 10 7 186 314 378 FEC677BB FCD84A36 FC788903 FDE3D2E6
1 10 7 187 315 379 FD52AAC2 F9EDEF52 FCA06866 FE5E524E
1 10 7 188 316 380 026AAFD0 05583288 FE28B6B6 00FCB936
1 10 7 189 317 381 FFEE97CF FDB69FAE 028F93D7 FAB60EDE
1 10 7 190 318 382 05099800 03952146 FE1D0DFA 006119E6
1 10 7 191 319 383 FA56F97E FE494A07 FFDBD234 FF3A5E4B
1 10 7 192 384 448 FBFC21E9 01D0BFFD FFAEC3D7 04908EB9
1 10 7 193 385 449 012CBB68 FC984F0C FB4D96CE 01C7FD96
1 10 7 194 386 450 F9761C4A 00C52332 030A6612 FC35731E
1 10 7 195 387 451 025B37D5 046154B5 02FAAA69 FE8C4E23
1 10 7 196 388 452 FFFD428D FDD66EE1 FC7E7A33 FB81868B
1 10 7 197 389 453 FF04A8D8 FE1495C6 0939539E F864F0D4
1 10 7 198 390 454 FDE4FA17 02902452 00912BC9 FA16D09A
1 10 7 199 391 455 FEAFD0FF FF5868B8 02F5E33F FCCEF006
1 10 7 200 392 456 FEBDBAD7 00DB0293 005EF183 01C44B19
1 10 7 201 393 457 FD2B09F1 01DAE8EF 02040D47 FDC3A7DB
1 10 7 202 394 458 FFE6D1FD FD42D961 00B61F1B 0193996B
1 10 7 203 395 459 00150BD2 01157608 06F1CC06 FEBAAC32
1 10 7 204 396 460 FFBA808C FDC7BFEB 017E5C8C FEB34471
1 10 7 205 397 461 007393EF FB759A3F FF6F685D FF2D5B71
1 10 7 206 398 462 0054BB4D 032CCB1E FBD2E301 FB14C9B2
1 10 7 207 399 463 00F47371 FE26568E 00017FB5 FEDD8B36
1 10 7 208 400 464 FFE1155E 03793EAF FED339AC FEFD8CD5
1 10 7 209 401 465 FEA37DC1 00624486 02A0CD25 05C7B92E
1 10 7 210 402 466 FF221F5E 007D19CB 03DFD8A0 FDE5D0CD
1 10 7 211 403 467 FE6C8AA1 FEED3283 02794947 FEF57DFF
1 10 7 212 404 468 FE673957 FE2F3968 FF5033B1 006941B6
1 10 7 213 405 469 FE0F15F5 FB6670C7 0042A631 FEF475DF
1 10 7 214 406 470 FFED6047 FCAFEFD6 FABB249F FE91272E
1 10 7 215 407 471 FC0E8F53 FCE5A7C9 FF563CEB 00F5B2EB
1 10 7 216 408 472 00B717E0 FECDC068 FF44A300 FDFCD8D0
1 10 7 217 409 473 FE28297A FE4705E9 015ABA94 06831CD5
1 10 7 218 410 474 FF225F0E 0324328A FFE7D530 FF69F102
1 10 7 219 411 475 00CF13DC FE295B2E FE601470 FD5F3488
1 10 7 220 412 476 FA22E03E FCAD23B4 008437B4 087DC900
1 10 7 221 413 477 FC7E3643 03BF64F0 FEE14245 0176AE7A
1 10 7 222 414 478 FFAA875D 0195C9BD FE42DDD7 FDC4FA05
1 10 7 223 415 479 F9E38830 0123AFCD FD44626C F9FBECAF
1 10 7 224 416 480 FEF18451 FFD788A4 008510CD FDA2C428
1 10 7 225 417 481 02DECAA7 044AD8F5 07720887 FE3DDAD1
1 10 7 226 418 482 038EE6ED 05353B05 02425205 FDB7B427
1 10 7 227 419 483 003BFC2B FDE76E3B 002B3F7B 023C3085
1 10 7 228 420 484 056302BF F7644BED 031820F9 012E4989
1 10 7 229 421 485 02ABFB1F FF71D754 009E730F FFC93FE8
1 10 7 230 422 486 FE9D147E FD7025E9 013BC88E 00B2F48D
1 10 7 231 423 487 06D16E8D F7D4F46C FE271259 0078C732
1 10 7 232 424 488 FF59B372 01F2DB3D 0393FCFE FD4697B9
1 10 7 233 425 489 00365541 FF360791 FAC36031 02B8722F
1 10 7 234 426 490 FCA9B16B 012275B6 010B22B9 023218FA
1 10 7 235 427 491 023F32F7 009BE609 032550A9 FE862729
1 10 7 236 428 492 017182A2 0092EC26 FF876D7C 018CAD7C
1 10 7 237 429 493 006253F6 FB066157 F95F4EEA FE9C2895
1 10 7 238 430 494 00812B71 FDD97E88 01D2F4FF 0126E6D0
1 10 7 239 431 495 FF8B08D9 FEB545DD 02900B23 FC09EADF
1 10 7 240 432 496 0158A971 040500B9 08224F33 01F2FACB
1 10 7 241 433 497 FF82F668 FEA54D12 FD3BF722 FE028F18
1 10 7 242 434 498 0392BC53 FAB010B9 FC994785 03E20CA1
1 10 7 243 435 499 FF8FCCEE FD1292B5 00759D2C FC960ED9
1 10 7 244 436 500 02C8633F 02583005 FEBA078F 01E608B3
1 10 7 245 437 501 03AC5113 05380F91 FFFCC385 00766699
1 10 7 246 438 502 FF966FCD 01147A61 01198649 017AD6EB
1 10 7 247 439 503 FE17ABDF FFC63A5C 039CE045 FE5DBB1C
1 10 7 248 440 504 FFF1248F FEDC141B FDF1E27B FEA2134F
1 10 7 249 441 505 04CE89C1 00473E33 0269107F 02B442FB
1 10 7 250 442 506 FFECD031 02E85878 00D3EFC9 00178C0E
1 10 7 251 443 507 02182213 0545B0A9 02A16659 03492F33
1 10 7 252 444 508 FDAD7AA5 FCAA63C0 01C5DDA1 FADE97F0
1 10 7 253 445 509 FAF4B2AD FFC6F30E FE162867 095800B8
1 10 7 254 446 510 FDFF3868 00F511B1 04C081E4 0054D4D1
1 10 7 255 447 511 02CCE5AC 0001EBAC 009C994E 00A6D85A
1 10 8 0 0 128 FF5A5382 FF2EADB5 FF9E51EC 011ED101
1 10 8 1 1 129 FD242395 FEA888B9 00227A67 FF90F879
1 10 8 2 2 130 020D2D8F 002D5DBA FEC882DF 052FC916
1 10 8 3 3 131 00684155 00506847 F992A719 05875E29
1 10 8 4 4 132 01515AD4 00D76EBD 006682B2 FEC77027
1 10 8 5 5 133 FD2D52D0 0139DE2E FF1F6C92 00DBB4F0
1 10 8 6 6 134 00885BA6 018606A1 FFB15246 FF1BAC43
1 10 8 7 7 135 04E8696D 01D5D4FF 00F70711 FF90EEA7
1 10 8 8 8 136 FFECFDCE FFAADA6E FCE044A2 00B9543E
1 10 8 9 9 137 0258642D 00419FC7 021AE619 027347BD
1 10 8 10 10 138 FF7D8D6D 00564A27 FE870153 FE03A21D
1 10 8 11 11 139 FE1CA80A FFD6D7CF 00629372 0091825F
1 10 8 12 12 140 00086891 FCB5A2DB FFFA5F21 00CD8B51
1 10 8 13 13 141 FF294E90 020E34FE 008B727A FFA414E0
1 10 8 14 14 142 FECE8AF8 037958D1 038B25D0 FC872333
1 10 8 15 15 143 003D2BEE FEEB22E5 0035D71A 0299E2FD
1 10 8 16 16 144 00845BDC 0021DC70 FC22C22C 00696F64
1 10 8 17 17 145 FC922EF9 FCC07948 FE3156D9 FE75152A
1 10 8 18 18 146 0048BC3D FF2B6C2F FF7D43E3 0109014B
1 10 8 19 19 147 FF7C0ACA 03CAAE9B FEE3A9F4 FEE3A1BD
1 10 8 20 20 148 FF28ABC5 027591AE FC9E171B 013928D8
1 10 8 21 21 149 FFAD48ED 02AC10A1 01A15311 00F47593
1 10 8 22 22 150 00609080 FF0528E8 015787BC FF580204
1 10 8 23 23 151 FE5DB0F9 02B8A6C5 040F8CE1 FEBC863B
1 10 8 24 24 152 02462830 03895A99 FFEDDC2C 0032FCE3
1 10 8 25 25 153 015A7245 FEABD31E 015973DF FF1123CA
1 10 8 26 26 154 004324AE 0323925F 017F91D0 015680BF
1 10 8 27 27 155 00D7FAC6 FE6CBE55 01D560E2 0140E027
1 10 8 28 28 156 0113DBC7 000B3538 FC89661D FE1FC88C
1 10 8 29 29 157 0179B6A4 01C3B252 00551284 004237BE
1 10 8 30 30 158 FF3A6BB5 FB2ED908 FFAEE927 01547D6C
1 10 8 31 31 159 023FE08C FB1201F5 022D7948 FD9CD941
1 10 8 32 32 160 0060E68F 016A578C FD264171 FE7DE7A6
1 10 8 33 33 161 0021751D 02C27182 047A7BBB 0060EA34
1 10 8 34 34 162 02295716 01C53876 0132940E FD52C50E
1 10 8 35 35 163 01181433 FF8AC675 00A3E9DD 00F2F797
1 10 8 36 36 164 FFDBAD4A 0190BE0B FB4E7868 FDEC3FB9
1 10 8 37 37 165 FF6D5818 FFFAF7E4 013DC376 03B4440A
1 10 8 38 38 166 0067B5D1 00EC73C9 01F5615D FE1443FB
1 10 8 39 39 167 FEA4775D 04898D4E 034647CB 03E795C8
1 10 8 40 40 168 01234162 FF8FDD44 FEC469BA FDBF1DF0
1 10 8 41 41 169 FEA8601E 02BFF129 01C55C0C FFDB5325
1 10 8 42 42 170 FE35C2AE 00C51B6D FFDAC742 FFE41DD5
1 10 8 43 43 171 02ADF166 00752B84 FE8453D0 FF63B872
1 10 8 44 44 172 FFACF10A FF24CDC7 FF5745F2 FE3E1217
1 10 8 45 45 173 01CB19E8 0181E2B5 FDDD9DA4 FCAF629D
1 10 8 46 46 174 FFD72CE5 01B6212D 033174E3 0355D21F
1 10 8 47 47 175 FFB25C06 00A71099 FE85C626 00996513
1 10 8 48 48 176 FE45C7DC 00538FE8 0175658A FDF75EBE
1 10 8 49 49 177 01E9EF7F 00965F9C 01E7A7F9 FE3DA41C
1 10 8 50 50 178 FF45B28E 00965D4D 01A9C0F8 FAD04D93
1 10 8 51 51 179 FFF0F588 FFA56AAD FDA9BD06 FF5238F5
1 10 8 52 52 180 FFD3A400 011A5EE8 035BC702 FBB9A264
1 10 8 53 53 181 FF2EA29D FE5B8220 FDBB532D 01B5EB7C
1 10 8 54 54 182 006A96EF FF972B13 004C69DF 00ACDE93
1 10 8 55 55 183 FF0AB35E FF32DAD2 FFBD9A32 FFE45054
1 10 8 56 56 184 02602861 FFC70C38 0132898F FED4822C
1 10 8 57 57 185 02DF84E3 FF7DF55C FF910B6B 018070E8
1 10 8 58 58 186 01B3114D 01079F8E FDF807B3 04FC53FE
1 10 8 59 59 187 03BA5595 012031A6 00059FC1 052354B2
1 10 8 60 60 188 FE9BB4E1 FF774DEC FF86C18D FE197F40
1 10 8 61 61 189 FD728CF4 035427E8 01489E32 FEF8855A
1 10 8 62 62 190 01EDD38D 027C7723 FE5BD4F5 FF5DC57D
1 10 8 63 63 191 FD55D8AF FDFA40B9 0178224D 02A1D14F
1 10 8 64 64 192 FDDFCC1E FECED35C FF652390 0100D452
1 10 8 65 65 193 FCBC663E FE82E7D1 FCE35124 03709AB7
1 10 8 66 66 194 0132516C 027434F7 01D60022 FD810695
1 10 8 67 67 195 00420136 034EA06B 01F8DFF6 FFC9B8AF
1 10 8 68 68 196 01A44460 00069FC6 FE425B5E FFF483F4
1 10 8 69 69 197 FD2145B8 FD4A4567 0421E8FE 001F9DD3
1 10 8 70 70 198 FEFA7BFE FDE2C7AC FFFAF874 007FA624
1 10 8 71 71 199 FFB45AC0 FC5BB3C4 024ECCFC FFA74558
1 10 8 72 72 200 00EADCF5 057E6420 02765D85 00537490
1 10 8 73 73 201 0039F43C 00919F7F 02551926 FE50596F
1 10 8 74 74 202 0172C18B FF47962E 00AB413F FE2036CE
1 10 8 75 75 203 00A559D2 041B04F6 01FDD780 FDFEE914
1 10 8 76 76 204 FDCAA1FA 00C8F263 003F6A20 FDCBB06F
1 10 8 77 77 205 010D6EC6 0080021A FF1574C8 01657EA2
1 10 8 78 78 206 FF76E7DC F9D08C09 FFDF3C4A FCC439C7
1 10 8 79 79 207 00373BBD 001D2E63 016E80CF 00930AC5
1 10 8 80 80 208 0161D73F FDFCD91B 02696BD5 018B66BD
1 10 8 81 81 209 02808E41 FE77C829 02B4C947 00F4A345
1 10 8 82 82 210 01D5C154 0054E251 FDBE467E FE92E9D1
1 10 8 83 83 211 FFBF9C6B FA8ECED3 047617F5 0358D6CF
1 10 8 84 84 212 FD60B118 0163562D 0390508E 00EF3C17
1 10 8 85 85 213 0205B69D FFD5B12F 006BC1A1 007AF177
1 10 8 86 86 214 FF4292F5 0067B9BB FBF4B577 FFB9AFBB
1 10 8 87 87 215 FF16D19A 016CD564 FF3F8804 007A84C6
1 10 8 88 88 216 FEF568C9 FF482BDF 0103E2FD 00C387F5
1 10 8 89 89 217 04ECB763 F986C49A FD1C3859 FD19747A
1 10 8 90 90 218 FF9FAFBA FF93BD8A FFC52B9A 013B2C54
1 10 8 91 91 219 FFAED8ED 01A8C0C8 032E344D FEF69FEA
1 10 8 92 92 220 FB2DE965 047945A6 FDDAF373 FB7BA730
1 10 8 93 93 221 FFFD5045 0175C13F FFBE357B FFA3A9FF
1 10 8 94 94 222 FEDC3D1E FF50A194 FDFA2C16 0078BE04
1 10 8 95 95 223 FC7E88E6 FFA24E59 FDEC76E4 FB7741C9
1 10 8 96 96 224 0068F3D5 FF3CD154 007A8387 00CF9E82
1 10 8 97 97 225 FD9AC48C FF1159D8 FDEDBC48 FCE5FD8E
1 10 8 98 98 226 FFF01B34 FD9F45DB 021193AE 0086C4C3
1 10 8 99 99 227 FE2158D8 FFF8F43B 01BE8B92 0106096B
1 10 8 100 100 228 0434CB5A FBC0F845 FE9D4D3E FEC0CC17
1 10 8 101 101 229 FEE0694C 005645C9 FFFB26CA FFE8D993
1 10 8 102 102 230 FF704372 01E1CD03 FF358FEC FFF12C29
1 10 8 103 103 231 001367E8 FFA91C11 FE0C671E FF8E2C0B
1 10 8 104 104 232 FFBFF5FD 0005DB56 01410905 FC687120
1 10 8 105 105 233 00986F1E FF661CB6 023364FE FF9D5118
1 10 8 106 106 234 FF448495 FEF35647 FF098561 017B7605
1 10 8 107 107 235 FEB7F78D 0261411C 00AC2109 FF22EF3A
1 10 8 108 108 236 FE547DBA 0106374A FF7C91C0 FE63B22A
1 10 8 109 109 237 02ABE4AC 0068FCAF FEB923D2 FFE8CB9F
1 10 8 110 110 238 0125EF2F 012EC5CB 00F16D9F 00E5B091
1 10 8 111 111 239 01ACAB33 00C42A8B FF4F98F9 FE8542FB
1 10 8 112 112 240 05BC2350 FFCCDD4D 041B09AE FEB8305D
1 10 8 113 113 241 FE06171C 0292E3AC FF96841E 010AAD8E
1 10 8 114 114 242 FD24887D FD06B20E 02986671 02E297D8
1 10 8 115 115 243 F9E06AC2 003FDFEF 03E648DA FD7ED5E9
1 10 8 116 116 244 0021DA2B 00D4D5B2 FECE31C1 02232C90
1 10 8 117 117 245 FE0C5ED7 FFEB6F3A FE19562F 02926E18
1 10 8 118 118 246 01D7DAB9 024CB982 FEEA317B FEF9F146
1 10 8 119 119 247 00658B2B 0324DB63 0067E047 FF9C1631
1 10 8 120 120 248 0355A250 0228D8F4 FF370202 FFB749D0
1 10 8 121 121 249 00F15F04 0293730B FFF3A0C6 FECC5C25
1 10 8 122 122 250 FFCEB4D2 FFB27382 01FC909A 027C39FA
1 10 8 123 123 251 FE7922F0 FF02510E FE872E42 FF2DF494
1 10 8 124 124 252 FE3FDAE7 FED664BE 00491835 0248EEE0
1 10 8 125 125 253 04406AD8 0307588F 011B8A82 008E2FE3
1 10 8 126 126 254 0160E13B 05BF914E 02E08B4D FEAE4566
1 10 8 127 127 255 FF767B8F FE93D796 0091EA5B 02C06030
1 10 8 128 256 384 FCC4FFD3 003AD28B 00C8DDEB FE6A128F
1 10 8 129 257 385 0051AED1 FD915450 FF3A6E39 01002224
1 10 8 130 258 386 FF961035 FFDBA50D 0614495F FEC499AF
1 10 8 131 259 387 FF7209B2 FECC5F4E FCC5F3FA FA9A7872
1 10 8 132 260 388 01C4ACEC FE3CF90A 01FDAA10 00639A18
1 10 8 133 261 389 FE0566B0 FEC596F2 FF3B01C2 008E8CBE
1 10 8 134 262 390 00329C24 00792309 01E784C8 FDA1036D
1 10 8 135 263 391 FDE355AA FF9DC2BB FF4B3976 000969A5
1 10 8 136 264 392 FE729D3A 013E300B FF83F5B2 00288385
1 10 8 137 265 393 FFD9DB21 029AC336 0235255D 002C89D4
1 10 8 138 266 394 FFFB44E8 FE2DFD0A 00BE0F88 00D00242
1 10 8 139 267 395 012E4293 0009D1A2 00CFF88B FF0405AE
1 10 8 140 268 396 FFE7D8FC FF08054D 00CF4E72 0113A0C1
1 10 8 141 269 397 FD741156 FC3EF26F FE72F4DC 00B2ED47
1 10 8 142 270 398 FD539A6D FEE12667 FBF201B7 FC0066E1
1 10 8 143 271 399 01023788 FE588519 00C89DC2 006A6A3B
1 10 8 144 272 400 01EAEAF6 00363907 00B32D02 FCF4D3DF
1 10 8 145 273 401 FDB2A2AC FFE51145 FEC96CD8 FEFDFFBB
1 10 8 146 274 402 009F7D68 FFE78D6A 0132940C FF17992E
1 10 8 147 275 403 FDCA786B FEEAC418 FFAE671B FF2AD2E4
1 10 8 148 276 404 FF640E7D FE25E2DC 01A7AA43 FEFF15EA
1 10 8 149 277 405 FD24195B 00114396 0118DD35 031CEB46
1 10 8 150 278 406 FE980229 0110180B 005BF8A1 03DDED13
1 10 8 151 279 407 FD37E010 003EF755 0235AD38 00C2034D
1 10 8 152 280 408 020DBBB3 00A2A297 021FA33F 0206FF29
1 10 8 153 281 409 FDA9A980 FEAFF4CB 00295A2A FF08CF75
1 10 8 154 282 410 00CD7AA7 00B7CB6A FFA06EF5 FDADD1F0
1 10 8 155 283 411 FEA016DA 016A3B6E FF1E64CC 035CABA2
1 10 8 156 284 412 FC89E4E6 00094223 032E105A FEE2AB89
1 10 8 157 285 413 026CE30C 022E97CD 02A20C70 FD0DBB3B
1 10 8 158 286 414 01108C98 01FE768A 003F5CEC 0098666A
1 10 8 159 287 415 FE32C584 02139FE4 01D6B220 FD099A14
1 10 8 160 288 416 01B33849 00D68A49 028F16FD 0033E5A1
1 10 8 161 289 417 FFF47472 02C5BA6E FADDF352 01E4310C
1 10 8 162 290 418 00B9E14B 0194E7B2 FA7A4E8F 00B877D0
1 10 8 163 291 419 FEF764C1 FEF8163E 0066813D 0083FA3E
1 10 8 164 292 420 FA13D1CD FD319CEC FD507619 06D1A16C
1 10 8 165 293 421 0121D8FE FF6F1A2D FFED1C8E 01E1C971
1 10 8 166 294 422 002B18C2 007F7A46 030D519C 00E91746
1 10 8 167 295 423 0226D586 FB449133 04E76F8A 058BA967
1 10 8 168 296 424 011C1EBA 008AA815 FFD9B89E FEEB3B25
1 10 8 169 297 425 FE487D94 FEFDA9DC FED60E80 FF979F22
1 10 8 170 298 426 FEEBC6B7 02952F56 FFA9D6E9 FF2318FC
1 10 8 171 299 427 0114A297 002D7632 FF717AF7 01D51812
1 10 8 172 300 428 010109E7 FE14856D FFD14655 FF152479
1 10 8 173 301 429 02E13ACC FF113238 0726A42A 01A5A9EC
1 10 8 174 302 430 FE2D23AD FF3EFE67 FFE790B9 009F21AB
1 10 8 175 303 431 FE3DF026 FF4AE743 FF9BB178 FF65FF23
1 10 8 176 304 432 03847DFD 00CA7375 FF49E8A9 007F1741
1 10 8 177 305 433 FF2F6469 0052F1E7 009FDB59 005B0FD5
1 10 8 178 306 434 FEB0AEED FF8478E2 027CFB83 04ABE3A4
1 10 8 179 307 435 FF1CDE99 FE65DC61 0207AA0B FEE669A1
1 10 8 180 308 436 0178FC76 FF6398D2 FE6BD946 015F15AA
1 10 8 181 309 437 020B725E FF91E421 FC08FAB0 01B7C955
1 10 8 182 310 438 FFABB4B3 FFA1A03A FEB929CB FEF80C18
1 10 8 183 311 439 FF9725EC 00A92FB2 003A847C FED96104
1 10 8 184 312 440 FF260F2B 00C8C893 00474451 00F32A5D
1 10 8 185 313 441 0086CC2C FE8FCEB3 FF6E3AFC 034010B7
1 10 8 186 314 442 00D1F78C FEAC3E25 FDF4802E FE2C0C11
1 10 8 187 315 443 0167ECDA FC3F84B7 FBEABDE8 FDAE6A9B
1 10 8 188 316 444 FF6F753C 03AA16DF 02FB3A94 01AE1BA9
1 10 8 189 317 445 FFAB57D1 015D1C46 00433FFD FC598368
1 10 8 190 318 446 02F29A9C 02D0A9A8 0216FD64 00C4779E
1 10 8 191 319 447 FD353E02 FDBE5436 FD21BB7C 008AF5D0
1 10 8 192 320 448 0102BA14 00F87E52 FC722B5C 00A74228
1 10 8 193 321 449 0028CA58 0524B5B0 FE436FBC 007DDA9E
1 10 8 194 322 450 FF0233F3 FA7F7F17 02F1CBC1 FD595773
1 10 8 195 323 451 00A9EB81 FB97464F 0254B871 FE748533
1 10 8 196 324 452 FF961376 FEE7628C 03B70698 FAF96AE8
1 10 8 197 325 453 FB3EA69D FE606FDE 03EC222B 0699B460
1 10 8 198 326 454 FCC31515 FECAD6F4 02B12CBF FE7C6916
1 10 8 199 327 455 FE622B7D FDEE2671 0208C823 004D3483
1 10 8 200 328 456 FF029459 0000B7A1 FD59815D 00B613C5
1 10 8 201 329 457 FF37015F FFDBE2A0 01D68589 0155FDC2
1 10 8 202 330 458 007A8B80 FEF2B768 FF1F4AFA 0005726E
1 10 8 203 331 459 FD12BECE FD5F03E9 002677E8 03B9A3E1
1 10 8 204 332 460 FDD858CD FF28AFBB FF85BEBD 0035FF23
1 10 8 205 333 461 FF9C847E FFAD6CBA 00372BB6 FEE20DE2
1 10 8 206 334 462 FCA29DDC 00C8CC93 FFDC1280 FB31F54D
1 10 8 207 335 463 FF0531E3 010282AB 0014B9A3 009B601B
1 10 8 208 336 464 FF36318E 010FB314 FFB1DE78 FF96E924
1 10 8 209 337 465 03D5331E FD1826B5 FF9D0FF0 01D6E23B
1 10 8 210 338 466 FD98DF29 FFCEFA08 01277377 02697EF6
1 10 8 211 339 467 FC98641C FE16D30A FEA32D1C FFD4A95E
1 10 8 212 340 468 FE97B6FB FF9523B2 FDE80391 FF2BB77E
1 10 8 213 341 469 00EB7CF5 003D0E7E 01F51F13 FFF32E02
1 10 8 214 342 470 00557444 03C26802 FEDAA99C FE80DC06
1 10 8 215 343 471 00885352 FF79891B FF5DEC7C FF6D8FE7
1 10 8 216 344 472 FDD25487 FFD5D76E FF1693A7 FE1BD8F2
1 10 8 217 345 473 05EAD03A FE76ACCA 015F6FBC 03521792
1 10 8 218 346 474 FF7296FA 00C295FD FFDCB944 0055C8A9
1 10 8 219 347 475 FCD5EE4E 00E138B2 FDE8728A FDFB665E
1 10 8 220 348 476 FFFA28ED F9C4C100 F9BDAE2F FF8E01E8
1 10 8 221 349 477 003ED590 FF03AB5B FE67D5A2 FF1F4739
1 10 8 222 350 478 00BEA77D FECD9257 013ACED9 FC044627
1 10 8 223 351 479 FE069070 04DDC7DB 007F8982 FEBD2359
1 10 8 224 352 480 FE8DE74C FF67563A 0097F306 FE197868
1 10 8 225 353 481 FDBDBDEC FE5499B2 04589198 0230E17E
1 10 8 226 354 482 FC170706 FD5BA38C FF4BEBF6 FD2F1854
1 10 8 227 355 483 0133504B FE2DF9B8 FFDE534B FFFB7C9C
1 10 8 228 356 484 FF20C757 FDB03338 00C554DD 009065B0
1 10 8 229 357 485 003D3749 FF5564A8 00DBD0C9 FF8BB6B2
1 10 8 230 358 486 FE9D02E5 0019286C FF300D2F 01650310
1 10 8 231 359 487 0044F63A 016168D8 FE7CC0AA 00B3D7AC
1 10 8 232 360 488 FF2EC7F0 0064F4A8 03ABDE78 001DF8D2
1 10 8 233 361 489 0457C891 0070C996 FE768EC7 FFEFF0A4
1 10 8 234 362 490 FF3D5176 00120AB3 FF01794C 027D8093
1 10 8 235 363 491 FF27CA43 01173A5D 029EB887 015B6649
1 10 8 236 364 492 FFFCCAB7 FB8F33B1 FED775BF FCB43457
1 10 8 237 365 493 01EF88CD 0198CC10 FCA40249 FD601806
1 10 8 238 366 494 FF93DD96 FE695C18 00BBE7C0 003B98AC
1 10 8 239 367 495 FDC970DE FFD51616 01BC27D0 FD3FDA8A
1 10 8 240 368 496 FA6806A6 FBF92E04 012CE4F0 00E30FBE
1 10 8 241 369 497 003FE1B0 03D2A3B4 FE62A448 00F885AA
1 10 8 242 370 498 017EB2E6 FE6E114D FCFBFC3A 00F0B12B
1 10 8 243 371 499 FD16E0BC 00986BD5 FE98B3C0 FD7F7C97
1 10 8 244 372 500 01A4FCA2 0054A778 FFDFF71A 01C722B6
1 10 8 245 373 501 FD5F34A8 016958EB FD3C81A2 01DA988D
1 10 8 246 374 502 FDAA25E7 005F7C32 FE5F2F5D 02136068
1 10 8 247 375 503 FF59E97C FF8144A3 033BF878 FEB3D09F
1 10 8 248 376 504 02B3BDEC 008CC340 00F402F8 FECEEBD6
1 10 8 249 377 505 01B30FFA FF092E09 039CB394 021CC06B
1 10 8 250 378 506 FDD52CC1 FED6B7A5 FEA35C41 FF0D1B41
1 10 8 251 379 507 FD3583C5 FD648313 FF6AE4A1 00F9CF3B
1 10 8 252 380 508 FDF22584 02F5A76D 00369132 FE0711C9
1 10 8 253 381 509 02940B3A F8C44BFE FFFB889C 01F1C2E0
1 10 8 254 382 510 FCB11437 FFE85648 016BF9C3 0078C39E
1 10 8 255 383 511 FFA1AE90 FF47DDAC 003A23A4 FFF2809E
1 10 9 0 0 256 FE0FA9AA FFB4C01F 014AA9D8 FF79ED95
1 10 9 1 1 257 FEB716C5 FE1C731D FE6D0CCF 008C159B
1 10 9 2 2 258 00D130D6 0005CF85 013BFCB8 00278E35
1 10 9 3 3 259 FFE7887E FF911B00 0080B8D6 00BF4D46
1 10 9 4 4 260 017FADE5 FF7F5D3B FFD1ACEF 01581181
1 10 9 5 5 261 FD90340E 000F8E53 FF9D1EC2 012A4FDB
1 10 9 6 6 262 0061DF28 00FD8E13 00267C7E 0088788D
1 10 9 7 7 263 0162A860 00D12B0E 0385C10C 0104A9F0
1 10 9 8 8 264 FF405B08 00873ACE 00ACA2C6 FF239FA0
1 10 9 9 9 265 013DFD0D 016E42C6 011A671F FED35D00
1 10 9 10 10 266 FF9FE840 FF442D86 FFDDA52C 01121CA0
1 10 9 11 11 267 FFA4BE9A FFDBF263 FE77E970 FFFAE56B
1 10 9 12 12 268 FFE610E7 FDE1F191 002257A9 FED3B149
1 10 9 13 13 269 FE067F2D FF607488 0122CF63 02ADC076
1 10 9 14 14 270 FDFD9633 0169DC38 00D0F4C5 020F7C98
1 10 9 15 15 271 0076C0EC FE8DC67D FFC66B02 005D5C67
1 10 9 16 16 272 01383560 FFFBA1C6 FF4C267C 00263AAA
1 10 9 17 17 273 FD26015A FE90190A FF6C2D9E FE30603E
1 10 9 18 18 274 006F7F3A FF784F9F FFD93D02 FFB31C8F
1 10 9 19 19 275 FE8AE218 019FCF04 00F128B2 022ADF96
1 10 9 20 20 276 FF0F19A1 0067C706 00199223 020DCAA8
1 10 9 21 21 277 FE76F9BB 01BBA48C 01364F31 00F06C14
1 10 9 22 22 278 FFA717F6 0035B531 00B9788A FECF73B7
1 10 9 23 23 279 FDE1A550 01DDBCF4 007C0BA8 00DAE9D0
1 10 9 24 24 280 02363B28 01C62FEB 000FED08 01C32AAD
1 10 9 25 25 281 FF5D47B0 FF1015D7 01FD2A94 FF9BBD47
1 10 9 26 26 282 009FF3DC 01C8D0F0 FFA330D2 015AC16E
1 10 9 27 27 283 00008602 001AE130 00D774C4 FE51DD24
1 10 9 28 28 284 FEEA540C 009F3846 022987BA FF6BFCF2
1 10 9 29 29 285 0241298E 017B7B4F FF388D16 00483703
1 10 9 30 30 286 00783561 FE54819C FEC23653 FCDA576C
1 10 9 31 31 287 00AC830E FED57046 01935D7E FC3C91AE
1 10 9 32 32 288 01228C8A 00C4FFDA FF3E5A04 00A557B2
1 10 9 33 33 289 00973BA8 02A9A964 FF8A3974 0018C81E
1 10 9 34 34 290 01BBAE01 0176083A 006DA915 004F303C
1 10 9 35 35 291 FFDCCCB7 FF84831A 013B477B 0006435A
1 10 9 36 36 292 FCA6F520 00C7C921 0334B82A 00C8F4E9
1 10 9 37 37 293 0019225C FF7CCED2 FF5435BC 007E2912
1 10 9 38 38 294 0063C2AC 00A5786B 0003F324 0046FB5D
1 10 9 39 39 295 FF2FBEE0 FFAC47D3 FF74B87C 04DD457B
1 10 9 40 40 296 012F9895 FFC21B5C FFF3A8CD FFCDC1E8
1 10 9 41 41 297 FE5562B3 0158C58C 0052FD6B 01672B9C
1 10 9 42 42 298 FF45A80C 01C64583 FEF01AA2 FEFED5E9
1 10 9 43 43 299 01D9EBE1 0008935D 00D40585 006C9827
1 10 9 44 44 300 FFC65EF2 FE7D8D8A FFE69218 00A7403C
1 10 9 45 45 301 01E0BB86 FF99EA71 FFEA5E62 01E7F843
1 10 9 46 46 302 FEF2BEAF 01066B9B 00E46E35 00AFB591
1 10 9 47 47 303 FEEB2CD8 00825893 00C72F2E 0024B805
1 10 9 48 48 304 00D17FFA FF83CDCD FD7447E2 00CFC21B
1 10 9 49 49 305 00B66C39 00A86485 01338345 FFEDFB17
1 10 9 50 50 306 FEF63536 00793910 004F7D58 001D243C
1 10 9 51 51 307 FF245036 FF6F088E 00CCA552 0036621E
1 10 9 52 52 308 0052A328 FFDE1611 FF8100D8 013C48D7
1 10 9 53 53 309 0046457B FE63776A FEE85D21 FFF80AB6
1 10 9 54 54 310 FFF7095D FFC05064 00738D91 FFD6DAAE
1 10 9 55 55 311 FF91470E FFFC3AE8 FF796C50 FF369FEA
1 10 9 56 56 312 011B8837 0076422A 0144A029 FF50CA0E
1 10 9 57 57 313 012CCDE4 FF06B8B2 01B2B6FE 00773CAA
1 10 9 58 58 314 00BA1179 FFBE9B7B 00F8FFD3 01490413
1 10 9 59 59 315 0125DDE7 FEB11DED 029477AD 026F13B9
1 10 9 60 60 316 00534D21 0147B82E FE4867BF FE2F95BE
1 10 9 61 61 317 FF1110C2 0246C70B FE617C32 010D60DD
1 10 9 62 62 318 0300A2D8 013F089C FEED30B4 013D6E86
1 10 9 63 63 319 FCE16CA7 FF27FAAA 00746C07 FED2460E
1 10 9 64 64 320 FFA33974 FF63CB79 FE3C92AA FF6B07E3
1 10 9 65 65 321 0043A57E 00FEA078 FC78C0C0 FD844758
1 10 9 66 66 322 FE439B76 FFB06552 02EEB5F6 02C3CFA4
1 10 9 67 67 323 FEBD5646 FFE8F587 0184AAF0 0365AAE3
1 10 9 68 68 324 00469B5F FFCC53C5 015DA901 003A4C01
1 10 9 69 69 325 FC61C85D FFE37BE0 00BF7D5B FD66C986
1 10 9 70 70 326 FDF97B8B FFC64098 01010073 FE1C8714
1 10 9 71 71 327 FE8A3F54 FE219BFA 012A1B6C FE3A17CA
1 10 9 72 72 328 002552E9 03215F15 00C58A0B 025D050B
1 10 9 73 73 329 FFD01564 008BFD63 0069DED8 0005A21B
1 10 9 74 74 330 0074EDBB FF20A6FC 00FDD3CF 0026EF32
1 10 9 75 75 331 FE640BAF 026BE801 02414E23 01AF1CF5
1 10 9 76 76 332 FDEA8883 0101E45F FFE01977 FFC70E03
1 10 9 77 77 333 00481DED 005021A8 00C550D9 002FE072
1 10 9 78 78 334 FF158B61 FE823753 00615C7B FB4E54B5
1 10 9 79 79 335 003F4103 00BF1EAE FFF7FAB9 FF5E0FB4
1 10 9 80 80 336 00E9D165 FF9DCC30 007805D9 FE5F0CEA
1 10 9 81 81 337 01140DE1 FCD5D706 016C805F 01A1F122
1 10 9 82 82 338 00319EFA 01212C60 01A4225A FF33B5F0
1 10 9 83 83 339 FE2AF442 FE3A1D92 0194A828 FC54B140
1 10 9 84 84 340 FE25E7F6 0130B689 FF3AC922 00329FA3
1 10 9 85 85 341 0158857C FF947D4A 00AD3120 004133E4
1 10 9 86 86 342 01590901 00FBDDCD FDE989F3 FF6BDBED
1 10 9 87 87 343 FF71603C 005A48A0 FFA5715E 01128CC4
1 10 9 88 88 344 FEE4AB8C 00900F9C 0010BD3C FEB81C42
1 10 9 89 89 345 03249C44 F9C88342 01C81B1E FFBE4158
1 10 9 90 90 346 0006F4FD 0034C50F FF98BABD FF5EF87B
1 10 9 91 91 347 FF8AF703 0271C49C 0023E1E9 FF36FC2C
1 10 9 92 92 348 FAC4A9A9 00EA4042 00693FBB 038F0564
1 10 9 93 93 349 FF990882 0069C5E2 006447C2 010BFB5C
1 10 9 94 94 350 FF08ADE5 FF1313BE FFD38F39 003D8DD6
1 10 9 95 95 351 001837A0 01AED73C FC665146 FDF3771C
1 10 9 96 96 352 FFA72359 002C295B 00C1D07B FF10A7F9
1 10 9 97 97 353 FD9B9BC1 0045C860 FFFF28CB FECB9178
1 10 9 98 98 354 FE086A13 0028DF6C 01E7B121 FD76666E
1 10 9 99 99 355 FE6BCC0B FF1B42E0 FFB58CCD 00DDB15A
1 10 9 100 100 356 00DE30AC FDE5E39A 03569AAE FDDB14AA
1 10 9 101 101 357 FF297FA1 FFF27132 FFB6E9AB 0063D496
1 10 9 102 102 358 FF8C65C2 019D61A6 FFE3DDB0 00446B5C
1 10 9 103 103 359 00BC9201 FFE90C8F FF56D5E7 FFC00F81
1 10 9 104 104 360 FFF1EB15 0075AFAD FFCE0AE7 FF902BA9
1 10 9 105 105 361 011D369B FDACDFF5 FF7B3883 01B93CC1
1 10 9 106 106 362 FF90FD6C FFD9E3AE FFB38728 FF197298
1 10 9 107 107 363 FFC76FC5 01BCBE52 FEF087C7 00A482CA
1 10 9 108 108 364 FD027D9D FFFA8DC9 0152001D 010BA981
1 10 9 109 109 365 02560EFC FF72A8BE 0055D5B0 00F653F0
1 10 9 110 110 366 FFC0BD32 009F96E1 016531FC 008F2EE9
1 10 9 111 111 367 0086AB33 0172C7CE 0125FFFF FF5162BC
1 10 9 112 112 368 0058E140 02401902 05634210 FD8CC44A
1 10 9 113 113 369 00E9F04A 01839C74 FD1C26D2 010F4738
1 10 9 114 114 370 FDECF82D FDA474B7 FF37904F FF623D57
1 10 9 115 115 371 FD0045C3 019BDFCF FCE024FF FEA4001F
1 10 9 116 116 372 0059AE14 FFA06A3C FFC82C16 01346B76
1 10 9 117 117 373 FF8BF14F 015B5EE2 FE806D87 FE901058
1 10 9 118 118 374 00F6B892 0254E35C 00E12226 FFF7D626
1 10 9 119 119 375 FFEAA382 01DDFB16 007AE7A8 0146E04C
1 10 9 120 120 376 0212C319 FFC31E95 0142DF37 0265BA5F
1 10 9 121 121 377 0010645F 006668F7 00E0FAA5 022D0A13
1 10 9 122 122 378 FF3EB441 00E2F2B1 00900091 FECF80D1
1 10 9 123 123 379 FDD98DA0 00D14363 009F9550 FE310DAB
1 10 9 124 124 380 008D66B7 00846684 FDB2742F FE51FE3A
1 10 9 125 125 381 FE8F1FF8 0017CC20 05B14AE0 02EF8C6E
1 10 9 126 126 382 009A38D0 0486D325 00C6A86A 0138BE29
1 10 9 127 127 383 FF5E99F1 FF77F2A1 0017E19D FF1BE4F5
1 10 9 128 128 384 FF04323D 002AF98B 009A1FAF 00F3D775
1 10 9 129 129 385 00928283 0029B160 FF8FF7E3 FF674718
1 10 9 130 130 386 FEB382E2 FF91DB35 0014FFFC 059DEDE1
1 10 9 131 131 387 FA2639F3 0479DA67 FF6C6D25 010D83C1
1 10 9 132 132 388 00587DE4 FE62BF11 000E04CE 0064B115
1 10 9 133 133 389 FFDCE411 00CBCB34 FF428881 000FE9BC
1 10 9 134 134 390 FE980E70 FEB111D0 011943D6 006A9A72
1 10 9 135 135 391 0087F4E8 00221DCC 006F1228 FF6ED0DA
1 10 9 136 136 392 FE8A5F64 00986666 FE55E53E 0020EDD8
1 10 9 137 137 393 01046F4F 001E564D 011676C9 0254F16F
1 10 9 138 138 394 FF9F180A FE96C4DA FEE7E948 FF6CDD42
1 10 9 139 139 395 FFA67342 FFF2ABB8 00BC2030 009ED6A6
1 10 9 140 140 396 00764C3F FFEC0546 FF8412E1 00E1860A
1 10 9 141 141 397 00BD95D2 0087D4DE FFCDDCA8 FF1C4002
1 10 9 142 142 398 002607CD 009A6D9A 03651E03 FBECB598
1 10 9 143 143 399 003CDE00 00E0977F FFF8F91A 01B94B7D
1 10 9 144 144 400 FC81CE06 0028DC24 FFA0F426 00409340
1 10 9 145 145 401 FEBAA0B6 FFED2EDB FF76B622 FE87E64F
1 10 9 146 146 402 FF2BAA97 00086608 0051994B 01009B42
1 10 9 147 147 403 FF138E38 FFB2231E FFD01BBC FF317E9E
1 10 9 148 148 404 FD9EF75E FFEE4EE3 FEFF1FBC 014AD9F5
1 10 9 149 149 405 022E2CD8 FF8CE2E8 FF732638 016792AA
1 10 9 150 150 406 027C8871 FEFBAA73 FEDAFF4B 005C5791
1 10 9 151 151 407 02162971 FE339971 01F9636F 0088ECC9
1 10 9 152 152 408 00A05991 FECA0D3B FF4D829B 0168EFA7
1 10 9 153 153 409 0030A87C FF9A2F62 0128CB62 FF76F468
1 10 9 154 154 410 FFB4AE0E 0135D12A 01CAE3C2 0020AF94
1 10 9 155 155 411 02A65192 007F1C65 FF2F0F50 00C1C3C1
1 10 9 156 156 412 FD353FE6 FDC0B56C FF542636 005F1320
1 10 9 157 157 413 FE539AC4 FF6899D2 020177C0 00D99DEC
1 10 9 158 158 414 00132592 00714345 FF9BC394 00E33A27
1 10 9 159 159 415 FF5F43E1 FE80B430 02CE3567 FF1C2510
1 10 9 160 160 416 FE2DC0C7 FE066833 FEF880A9 00777F73
1 10 9 161 161 417 041E9D5B 022CF759 005BDE5F FE33F2DB
1 10 9 162 162 418 020C0E33 010A37AF FF2685DB FC488D5F
1 10 9 163 163 419 00789BD2 002F67C6 002B4E0A 00C38FD0
1 10 9 164 164 420 014F3B61 FEB7B73F F9FF3D07 FF348879
1 10 9 165 165 421 017B82C3 0178F517 FFC240B3 023B4EF3
1 10 9 166 166 422 00B324EE FD78C9AA 01423C6E 009B7A50
1 10 9 167 167 423 02F81EEA FE7FB3DF 004E28E0 0567E1E9
1 10 9 168 168 424 FEF12F10 FF31AC58 FFD33AAA FE8D7198
1 10 9 169 169 425 00FCCA11 00895612 00C891FB FF51FD12
1 10 9 170 170 426 FFA28557 004DFB68 003841EB FF96226C
1 10 9 171 171 427 0030B0C7 FF7952E1 FE53A309 FFEA6591
1 10 9 172 172 428 FF52ECED FF6F71B2 00045905 FECEA064
1 10 9 173 173 429 FDC21FF0 FADDD568 001B7DB4 01D18D34
1 10 9 174 174 430 01E27C52 018AAA0B 014EF890 01CB2813
1 10 9 175 175 431 FF1DB116 00A0BA4E FF681510 FFF8AAC4
1 10 9 176 176 432 01221E1B FF241570 0053476F FED3494E
1 10 9 177 177 433 00EC2766 FEC32783 00FB8092 FF7A7C99
1 10 9 178 178 434 02065D7F FB0B744F FFA36379 FFC4D943
1 10 9 179 179 435 FDCA8E74 FF2900F6 FFDF2E92 002937FE
1 10 9 180 180 436 02B343ED FE168ECD 00A88315 FDA31397
1 10 9 181 181 437 00BFF578 01E9B5E3 FCFB5DB4 FFCC3599
1 10 9 182 182 438 0022B3D0 012876B7 0029B60E FF8467DB
1 10 9 183 183 439 FF59824D 00375C3B 006417E5 FFACF419
1 10 9 184 184 440 00E0A5C5 FF0193C5 0051E3C9 FFD2EE67
1 10 9 185 185 441 0135C840 FFEC22B4 FE5B432A 01944E34
1 10 9 186 186 442 FEF5D062 03DD2FF4 FF023750 011F240A
1 10 9 187 187 443 007EAB3D 04DDCA35 FF86F483 00458A7D
1 10 9 188 188 444 FF62704A FD6192A3 00245142 00B7EC9D
1 10 9 189 189 445 FF371724 00A1A1C0 0211870E FE56E39A
1 10 9 190 190 446 FEBC9C7C FEA96AFB FF9F3878 00B45A81
1 10 9 191 191 447 01EE3064 02272795 FF89F1E8 007AA9B9
1 10 9 192 192 448 012F5EC1 0186F2C0 FE35C4CF FF79E192
1 10 9 193 193 449 FF3CB2A9 02267F46 FDA69E7B 014A1B70
1 10 9 194 194 450 FEF00D46 FEB261BA 02E5F2DC FECEA4DA
1 10 9 195 195 451 FF9B41B5 FFAAAC50 025D9E41 001F0C5E
1 10 9 196 196 452 FC10D6B8 00978E31 023184A6 FF5CF5C3
1 10 9 197 197 453 02C879FA FC4A508C 01596F04 03D54D46
1 10 9 198 198 454 FE79FB83 FFF17E31 0180FCF1 008E27F3
1 10 9 199 199 455 007902E1 FF0E7363 01D5CA1B 0098D1F5
1 10 9 200 200 456 027B2DDE 00BA927C FFFB2FA6 FF98E214
1 10 9 201 201 457 00DDB847 FE0FABC4 017760DF 0040ADAA
1 10 9 202 202 458 00AFE0CE FF53156F FFFB6070 FECD215F
1 10 9 203 203 459 021053EC FD785674 FFED8394 008692A0
1 10 9 204 204 460 0060E3A4 FEF492A1 FFDE867C FED71DCD
1 10 9 205 205 461 FF209EB9 0116761D FFF4D60F 004F0885
1 10 9 206 206 462 FE9C2C24 00634BA2 01431026 FC60EE24
1 10 9 207 207 463 00DAA84B 00039935 0093D883 008F718F
1 10 9 208 208 464 01380020 01071824 01316BB4 00844E98
1 10 9 209 209 465 02044004 FFCFF10F 00B08942 0124B235
1 10 9 210 210 466 FF078366 FDF593E3 FEB6C318 009D55ED
1 10 9 211 211 467 02C42A20 021A5D14 01B1EDD4 013E79BA
1 10 9 212 212 468 02777474 015C6ED2 0118DC1A FF92CD44
1 10 9 213 213 469 FF5A2B92 FFC4D7B1 0111960E 00B619C5
1 10 9 214 214 470 FE1B8BC5 00CBD143 FDD929B1 FEEDDE77
1 10 9 215 215 471 FFC374BE 00A47A99 FF7C1346 FFD60A2D
1 10 9 216 216 472 0076C230 016E4718 008D20CC FF5540DC
1 10 9 217 217 473 FEB5E337 FCC28445 FE665521 0056F035
1 10 9 218 218 474 00059FF1 007F3482 FFBF8BA9 00BBF7D2
1 10 9 219 219 475 02167329 00D8E578 0117C123 FE1DBA72
1 10 9 220 220 476 01A95935 FF47E33A FC319A3D FC33C3F6
1 10 9 221 221 477 0069DC46 008CFA22 FF545934 FF16AFDC
1 10 9 222 222 478 FD9E910E 01CEB56E 005B9B08 FEAA0896
1 10 9 223 223 479 FE7C0513 FE36E170 FF7071D1 FD406058
1 10 9 224 224 480 FF99F838 012B7C0D 00E08B4E FFA42275
1 10 9 225 225 481 FD5A7D22 FCA00DF9 00933F26 0045EF95
1 10 9 226 226 482 00DB11A0 01B415C4 0136820E FED2AEFE
1 10 9 227 227 483 00EE44CE 008B0006 00D046C4 007B0964
1 10 9 228 228 484 FF0A12E3 FEFB2E36 FF933A5B FFC59DE0
1 10 9 229 229 485 FF82BAE3 0007A6B9 00786BE7 FFE132D9
1 10 9 230 230 486 003580B1 FF6FB4CD FF000F3B 0081775B
1 10 9 231 231 487 FFD9F0DB FFABD68F FE327643 FFE2557B
1 10 9 232 232 488 FEE32B37 FD9D7758 025DDDCD FECAF9C8
1 10 9 233 233 489 01D46531 000D2A01 005EFFCD FF902717
1 10 9 234 234 490 00546E99 FFAC7853 FEB516C7 01CEFDB1
1 10 9 235 235 491 FF3E0BA6 FE940922 016E1562 008EE618
1 10 9 236 236 492 FFE79922 00EF2107 FF94F89E FD749123
1 10 9 237 237 493 00B14DEF 019E9B51 FE07D5E3 FE4A304D
1 10 9 238 238 494 002392B1 00412F1A 00CDDAED 00A48176
1 10 9 239 239 495 FE859C49 006D13FE 00C9FCAF FE182EFC
1 10 9 240 240 496 01901D2F FECF64F7 028AEC7F FFE8CB65
1 10 9 241 241 497 00AD302E 0031029F FEE953F0 00D9AAEF
1 10 9 242 242 498 02DD1A90 013CB660 FFBB4BE0 01A5E178
1 10 9 243 243 499 0271A3C2 00182515 0174A518 FD66B0D3
1 10 9 244 244 500 FF9854EA 0032D5BB FF35DCD6 01F056D5
1 10 9 245 245 501 008B225C 008DAEEB FD8E33D2 0204BF2D
1 10 9 246 246 502 0064761E FE8EC9B3 FE85BB5C 006B2793
1 10 9 247 247 503 FE862BD5 00457D1F 01E1B471 FF569911
1 10 9 248 248 504 FF132256 00677D1E 0023DFAC FF4FCCB2
1 10 9 249 249 505 FE445D5E FE3123CD 01AF4368 009B3857
1 10 9 250 250 506 01A33167 01C40E66 00595F33 00B82B94
1 10 9 251 251 507 FF95A91F FF1EE151 FEF18523 000F1343
1 10 9 252 252 508 FFFCE839 021F4AE0 004C2FFB 0029A400
1 10 9 253 253 509 0099297D FF4E7653 00826105 013FB98F
1 10 9 254 254 510 00BBD243 FF164E80 0224B909 FF97F6E6
1 10 9 255 255 511 002BCE9D 01669464 00661BBD 0159CBCC
1 11 1 0 0 1 1051EB85 00000000 0E666666 00000000
1 11 1 1 2 3 01EB851F 00000000 00000000 00000000
1 11 1 2 4 5 01EB851F 00000000 00000000 00000000
1 11 1 3 6 7 01EB851F 00000000 00000000 00000000
1 11 1 4 8 9 01EB851F 00000000 00000000 00000000
1 11 1 5 10 11 01EB851F 00000000 00000000 00000000
1 11 1 6 12 13 01EB851F 00000000 00000000 00000000
1 11 1 7 14 15 01EB851F 00000000 00000000 00000000
1 11 1 8 16 17 01EB851F 00000000 00000000 00000000
1 11 1 9 18 19 01EB851F 00000000 00000000 00000000
1 11 1 10 20 21 01EB851F 00000000 00000000 00000000
1 11 1 11 22 23 01EB851F 00000000 00000000 00000000
1 11 1 12 24 25 01EB851F 00000000 00000000 00000000
1 11 1 13 26 27 01EB851F 00000000 00000000 00000000
1 11 1 14 28 29 01EB851F 00000000 00000000 00000000
1 11 1 15 30 31 01EB851F 00000000 00000000 00000000
1 11 1 16 32 33 01EB851F 00000000 00000000 00000000
1 11 1 17 34 35 01EB851F 00000000 00000000 00000000
1 11 1 18 36 37 01EB851F 00000000 00000000 00000000
1 11 1 19 38 39 01EB851F 00000000 00000000 00000000
1 11 1 20 40 41 01EB851F 00000000 00000000 00000000
1 11 1 21 42 43 01EB851F 00000000 00000000 00000000
1 11 1 22 44 45 01EB851F 00000000 00000000 00000000
1 11 1 23 46 47 01EB851F 00000000 00000000 00000000
1 11 1 24 48 49 01EB851F 00000000 00000000 00000000
1 11 1 25 50 51 01EB851F 00000000 00000000 00000000
1 11 1 26 52 53 01EB851F 00000000 00000000 00000000
1 11 1 27 54 55 01EB851F 00000000 00000000 00000000
1 11 1 28 56 57 01EB851F 00000000 00000000 00000000
1 11 1 29 58 59 01EB851F 00000000 00000000 00000000
1 11 1 30 60 61 01EB851F 00000000 00000000 00000000
1 11 1 31 62 63 01EB851F 00000000 00000000 00000000
1 11 1 32 64 65 01EB851F 00000000 00000000 00000000
1 11 1 33 66 67 01EB851F 00000000 00000000 00000000
1 11 1 34 68 69 01EB851F 00000000 00000000 00000000
1 11 1 35 70 71 01EB851F 00000000 00000000 00000000
1 11 1 36 72 73 01EB851F 00000000 00000000 00000000
1 11 1 37 74 75 01EB851F 00000000 00000000 00000000
1 11 1 38 76 77 01EB851F 00000000 00000000 00000000
1 11 1 39 78 79 01EB851F 00000000 00000000 00000000
1 11 1 40 80 81 01EB851F 00000000 00000000 00000000
1 11 1 41 82 83 01EB851F 00000000 00000000 00000000
1 11 1 42 84 85 01EB851F 00000000 00000000 00000000
1 11 1 43 86 87 01EB851F 00000000 00000000 00000000
1 11 1 44 88 89 01EB851F 00000000 00000000 00000000
1 11 1 45 90 91 01EB851F 00000000 00000000 00000000
1 11 1 46 92 93 01EB851F 00000000 00000000 00000000
1 11 1 47 94 95 01EB851F 00000000 00000000 00000000
1 11 1 48 96 97 01EB851F 00000000 00000000 00000000
1 11 1 49 98 99 01EB851F 00000000 00000000 00000000
1 11 1 50 100 101 01EB851F 00000000 00000000 00000000
1 11 1 51 102 103 01EB851F 00000000 00000000 00000000
1 11 1 52 104 105 01EB851F 00000000 00000000 00000000
1 11 1 53 106 107 01EB851F 00000000 00000000 00000000
1 11 1 54 108 109 01EB851F 00000000 00000000 00000000
1 11 1 55 110 111 01EB851F 00000000 00000000 00000000
1 11 1 56 112 113 01EB851F 00000000 00000000 00000000
1 11 1 57 114 115 01EB851F 00000000 00000000 00000000
1 11 1 58 116 117 01EB851F 00000000 00000000 00000000
1 11 1 59 118 119 01EB851F 00000000 00000000 00000000
1 11 1 60 120 121 01EB851F 00000000 00000000 00000000
1 11 1 61 122 123 01EB851F 00000000 00000000 00000000
1 11 1 62 124 125 01EB851F 00000000 00000000 00000000
1 11 1 63 126 127 01EB851F 00000000 00000000 00000000
1 11 1 64 128 129 01EB851F 00000000 00000000 00000000
1 11 1 65 130 131 01EB851F 00000000 00000000 00000000
1 11 1 66 132 133 01EB851F 00000000 00000000 00000000
1 11 1 67 134 135 01EB851F 00000000 00000000 00000000
1 11 1 68 136 137 01EB851F 00000000 00000000 00000000
1 11 1 69 138 139 01EB851F 00000000 00000000 00000000
1 11 1 70 140 141 01EB851F 00000000 00000000 00000000
1 11 1 71 142 143 01EB851F 00000000 00000000 00000000
1 11 1 72 144 145 01EB851F 00000000 00000000 00000000
1 11 1 73 146 147 01EB851F 00000000 00000000 00000000
1 11 1 74 148 149 01EB851F 00000000 00000000 00000000
1 11 1 75 150 151 01EB851F 00000000 00000000 00000000
1 11 1 76 152 153 01EB851F 00000000 00000000 00000000
1 11 1 77 154 155 01EB851F 00000000 00000000 00000000
1 11 1 78 156 157 01EB851F 00000000 00000000 00000000
1 11 1 79 158 159 01EB851F 00000000 00000000 00000000
1 11 1 80 160 161 01EB851F 00000000 00000000 00000000
1 11 1 81 162 163 01EB851F 00000000 00000000 00000000
1 11 1 82 164 165 01EB851F 00000000 00000000 00000000
1 11 1 83 166 167 01EB851F 00000000 00000000 00000000
1 11 1 84 168 169 01EB851F 00000000 00000000 00000000
1 11 1 85 170 171 01EB851F F147AE14 00000000 F147AE14
1 11 1 86 172 173 01EB851F 00000000 00000000 00000000
1 11 1 87 174 175 01EB851F 00000000 00000000 00000000
1 11 1 88 176 177 01EB851F 00000000 00000000 00000000
1 11 1 89 178 179 01EB851F 00000000 00000000 00000000
1 11 1 90 180 181 01EB851F 00000000 00000000 00000000
1 11 1 91 182 183 01EB851F 00000000 00000000 00000000
1 11 1 92 184 185 01EB851F 00000000 00000000 00000000
1 11 1 93 186 187 01EB851F 00000000 00000000 00000000
1 11 1 94 188 189 01EB851F 00000000 00000000 00000000
1 11 1 95 190 191 01EB851F 00000000 00000000 00000000
1 11 1 96 192 193 01EB851F 00000000 00000000 00000000
1 11 1 97 194 195 01EB851F 00000000 00000000 00000000
1 11 1 98 196 197 01EB851F 00000000 00000000 00000000
1 11 1 99 198 199 01EB851F 00000000 00000000 00000000
1 11 1 100 200 201 01EB851F 00000000 00000000 00000000
1 11 1 101 202 203 01EB851F 00000000 00000000 00000000
1 11 1 102 204 205 01EB851F 00000000 00000000 00000000
1 11 1 103 206 207 01EB851F 00000000 00000000 00000000
1 11 1 104 208 209 01EB851F 00000000 00000000 00000000
1 11 1 105 210 211 01EB851F 00000000 00000000 00000000
1 11 1 106 212 213 01EB851F 00000000 00000000 00000000
1 11 1 107 214 215 01EB851F 00000000 00000000 00000000
1 11 1 108 216 217 01EB851F 00000000 00000000 00000000
1 11 1 109 218 219 01EB851F 00000000 00000000 00000000
1 11 1 110 220 221 01EB851F 00000000 00000000 00000000
1 11 1 111 222 223 01EB851F 00000000 00000000 00000000
1 11 1 112 224 225 01EB851F 00000000 00000000 00000000
1 11 1 113 226 227 01EB851F 00000000 00000000 00000000
1 11 1 114 228 229 01EB851F 00000000 00000000 00000000
1 11 1 115 230 231 01EB851F 00000000 00000000 00000000
1 11 1 116 232 233 01EB851F 00000000 00000000 00000000
1 11 1 117 234 235 01EB851F 00000000 00000000 00000000
1 11 1 118 236 237 01EB851F 00000000 00000000 00000000
1 11 1 119 238 239 01EB851F 00000000 00000000 00000000
1 11 1 120 240 241 01EB851F 00000000 00000000 00000000
1 11 1 121 242 243 01EB851F 00000000 00000000 00000000
1 11 1 122 244 245 01EB851F 00000000 00000000 00000000
1 11 1 123 246 247 01EB851F 00000000 00000000 00000000
1 11 1 124 248 249 01EB851F 00000000 00000000 00000000
1 11 1 125 250 251 01EB851F 00000000 00000000 00000000
1 11 1 126 252 253 01EB851F 00000000 00000000 00000000
1 11 1 127 254 255 01EB851F 00000000 00000000 00000000
1 11 1 128 256 257 FE147AE1 00000000 00000000 00000000
1 11 1 129 258 259 FE147AE1 00000000 00000000 00000000
1 11 1 130 260 261 FE147AE1 00000000 00000000 00000000
1 11 1 131 262 263 FE147AE1 00000000 00000000 00000000
1 11 1 132 264 265 FE147AE1 00000000 00000000 00000000
1 11 1 133 266 267 FE147AE1 00000000 00000000 00000000
1 11 1 134 268 269 FE147AE1 00000000 00000000 00000000
1 11 1 135 270 271 FE147AE1 00000000 00000000 00000000
1 11 1 136 272 273 FE147AE1 00000000 00000000 00000000
1 11 1 137 274 275 FE147AE1 00000000 00000000 00000000
1 11 1 138 276 277 FE147AE1 00000000 00000000 00000000
1 11 1 139 278 279 FE147AE1 00000000 00000000 00000000
1 11 1 140 280 281 FE147AE1 00000000 00000000 00000000
1 11 1 141 282 283 FE147AE1 00000000 00000000 00000000
1 11 1 142 284 285 FE147AE1 00000000 00000000 00000000
1 11 1 143 286 287 FE147AE1 00000000 00000000 00000000
1 11 1 144 288 289 FE147AE1 00000000 00000000 00000000
1 11 1 145 290 291 FE147AE1 00000000 00000000 00000000
1 11 1 146 292 293 FE147AE1 00000000 00000000 00000000
1 11 1 147 294 295 FE147AE1 00000000 00000000 00000000
1 11 1 148 296 297 FE147AE1 00000000 00000000 00000000
1 11 1 149 298 299 FE147AE1 00000000 00000000 00000000
1 11 1 150 300 301 FE147AE1 00000000 00000000 00000000
1 11 1 151 302 303 FE147AE1 00000000 00000000 00000000
1 11 1 152 304 305 FE147AE1 00000000 00000000 00000000
1 11 1 153 306 307 FE147AE1 00000000 00000000 00000000
1 11 1 154 308 309 FE147AE1 00000000 00000000 00000000
1 11 1 155 310 311 FE147AE1 00000000 00000000 00000000
1 11 1 156 312 313 FE147AE1 00000000 00000000 00000000
1 11 1 157 314 315 FE147AE1 00000000 00000000 00000000
1 11 1 158 316 317 FE147AE1 00000000 00000000 00000000
1 11 1 159 318 319 FE147AE1 00000000 00000000 00000000
1 11 1 160 320 321 FE147AE1 00000000 00000000 00000000
1 11 1 161 322 323 FE147AE1 00000000 00000000 00000000
1 11 1 162 324 325 FE147AE1 00000000 00000000 00000000
1 11 1 163 326 327 FE147AE1 00000000 00000000 00000000
1 11 1 164 328 329 FE147AE1 00000000 00000000 00000000
1 11 1 165 330 331 FE147AE1 00000000 00000000 00000000
1 11 1 166 332 333 FE147AE1 00000000 00000000 00000000
1 11 1 167 334 335 FE147AE1 00000000 00000000 00000000
1 11 1 168 336 337 FE147AE1 00000000 00000000 00000000
1 11 1 169 338 339 FE147AE1 00000000 00000000 00000000
1 11 1 170 340 341 FE147AE1 00000000 00000000 00000000
1 11 1 171 342 343 FE147AE1 00000000 00000000 00000000
1 11 1 172 344 345 FE147AE1 00000000 00000000 00000000
1 11 1 173 346 347 FE147AE1 00000000 00000000 00000000
1 11 1 174 348 349 FE147AE1 00000000 00000000 00000000
1 11 1 175 350 351 FE147AE1 00000000 00000000 00000000
1 11 1 176 352 353 FE147AE1 00000000 00000000 00000000
1 11 1 177 354 355 FE147AE1 00000000 00000000 00000000
1 11 1 178 356 357 FE147AE1 00000000 00000000 00000000
1 11 1 179 358 359 FE147AE1 00000000 00000000 00000000
1 11 1 180 360 361 FE147AE1 00000000 00000000 00000000
1 11 1 181 362 363 FE147AE1 00000000 00000000 00000000
1 11 1 182 364 365 FE147AE1 00000000 00000000 00000000
1 11 1 183 366 367 FE147AE1 00000000 00000000 00000000
1 11 1 184 368 369 FE147AE1 00000000 00000000 00000000
1 11 1 185 370 371 FE147AE1 00000000 00000000 00000000
1 11 1 186 372 373 FE147AE1 00000000 00000000 00000000
1 11 1 187 374 375 FE147AE1 00000000 00000000 00000000
1 11 1 188 376 377 FE147AE1 00000000 00000000 00000000
1 11 1 189 378 379 FE147AE1 00000000 00000000 00000000
1 11 1 190 380 381 FE147AE1 00000000 00000000 00000000
1 11 1 191 382 383 FE147AE1 00000000 00000000 00000000
1 11 1 192 384 385 FE147AE1 00000000 00000000 00000000
1 11 1 193 386 387 FE147AE1 00000000 00000000 00000000
1 11 1 194 388 389 FE147AE1 00000000 00000000 00000000
1 11 1 195 390 391 FE147AE1 00000000 00000000 00000000
1 11 1 196 392 393 FE147AE1 00000000 00000000 00000000
1 11 1 197 394 395 FE147AE1 00000000 00000000 00000000
1 11 1 198 396 397 FE147AE1 00000000 00000000 00000000
1 11 1 199 398 399 FE147AE1 00000000 00000000 00000000
1 11 1 200 400 401 FE147AE1 00000000 00000000 00000000
1 11 1 201 402 403 FE147AE1 00000000 00000000 00000000
1 11 1 202 404 405 FE147AE1 00000000 00000000 00000000
1 11 1 203 406 407 FE147AE1 00000000 00000000 00000000
1 11 1 204 408 409 FE147AE1 00000000 00000000 00000000
1 11 1 205 410 411 FE147AE1 00000000 00000000 00000000
1 11 1 206 412 413 FE147AE1 00000000 00000000 00000000
1 11 1 207 414 415 FE147AE1 00000000 00000000 00000000
1 11 1 208 416 417 FE147AE1 00000000 00000000 00000000
1 11 1 209 418 419 FE147AE1 00000000 00000000 00000000
1 11 1 210 420 421 FE147AE1 00000000 00000000 00000000
1 11 1 211 422 423 FE147AE1 00000000 00000000 00000000
1 11 1 212 424 425 FE147AE1 00000000 00000000 00000000
1 11 1 213 426 427 FE147AE1 00000000 00000000 00000000
1 11 1 214 428 429 FE147AE1 00000000 00000000 00000000
1 11 1 215 430 431 FE147AE1 00000000 00000000 00000000
1 11 1 216 432 433 FE147AE1 00000000 00000000 00000000
1 11 1 217 434 435 FE147AE1 00000000 00000000 00000000
1 11 1 218 436 437 FE147AE1 00000000 00000000 00000000
1 11 1 219 438 439 FE147AE1 00000000 00000000 00000000
1 11 1 220 440 441 FE147AE1 00000000 00000000 00000000
1 11 1 221 442 443 FE147AE1 00000000 00000000 00000000
1 11 1 222 444 445 FE147AE1 00000000 00000000 00000000
1 11 1 223 446 447 FE147AE1 00000000 00000000 00000000
1 11 1 224 448 449 FE147AE1 00000000 00000000 00000000
1 11 1 225 450 451 FE147AE1 00000000 00000000 00000000
1 11 1 226 452 453 FE147AE1 00000000 00000000 00000000
1 11 1 227 454 455 FE147AE1 00000000 00000000 00000000
1 11 1 228 456 457 FE147AE1 00000000 00000000 00000000
1 11 1 229 458 459 FE147AE1 00000000 00000000 00000000
1 11 1 230 460 461 FE147AE1 00000000 00000000 00000000
1 11 1 231 462 463 FE147AE1 00000000 00000000 00000000
1 11 1 232 464 465 FE147AE1 00000000 00000000 00000000
1 11 1 233 466 467 FE147AE1 00000000 00000000 00000000
1 11 1 234 468 469 FE147AE1 00000000 00000000 00000000
1 11 1 235 470 471 FE147AE1 00000000 00000000 00000000
1 11 1 236 472 473 FE147AE1 00000000 00000000 00000000
1 11 1 237 474 475 FE147AE1 00000000 00000000 00000000
1 11 1 238 476 477 FE147AE1 00000000 00000000 00000000
1 11 1 239 478 479 FE147AE1 00000000 00000000 00000000
1 11 1 240 480 481 FE147AE1 00000000 00000000 00000000
1 11 1 241 482 483 FE147AE1 00000000 00000000 00000000
1 11 1 242 484 485 FE147AE1 00000000 00000000 00000000
1 11 1 243 486 487 FE147AE1 00000000 00000000 00000000
1 11 1 244 488 489 FE147AE1 00000000 00000000 00000000
1 11 1 245 490 491 FE147AE1 00000000 00000000 00000000
1 11 1 246 492 493 FE147AE1 00000000 00000000 00000000
1 11 1 247 494 495 FE147AE1 00000000 00000000 00000000
1 11 1 248 496 497 FE147AE1 00000000 00000000 00000000
1 11 1 249 498 499 FE147AE1 00000000 00000000 00000000
1 11 1 250 500 501 FE147AE1 00000000 00000000 00000000
1 11 1 251 502 503 FE147AE1 00000000 00000000 00000000
1 11 1 252 504 505 FE147AE1 00000000 00000000 00000000
1 11 1 253 506 507 FE147AE1 00000000 00000000 00000000
1 11 1 254 508 509 FE147AE1 00000000 00000000 00000000
1 11 1 255 510 511 FE147AE1 00000000 00000000 00000000
1 11 2 0 0 2 123D70A4 00000000 0E666666 00000000
1 11 2 1 1 3 0E666666 00000000 0E666666 00000000
1 11 2 2 4 6 03D70A3E 00000000 00000000 00000000
1 11 2 3 5 7 00000000 00000000 00000000 00000000
1 11 2 4 8 10 03D70A3E 00000000 00000000 00000000
1 11 2 5 9 11 00000000 00000000 00000000 00000000
1 11 2 6 12 14 03D70A3E 00000000 00000000 00000000
1 11 2 7 13 15 00000000 00000000 00000000 00000000
1 11 2 8 16 18 03D70A3E 00000000 00000000 00000000
1 11 2 9 17 19 00000000 00000000 00000000 00000000
1 11 2 10 20 22 03D70A3E 00000000 00000000 00000000
1 11 2 11 21 23 00000000 00000000 00000000 00000000
1 11 2 12 24 26 03D70A3E 00000000 00000000 00000000
1 11 2 13 25 27 00000000 00000000 00000000 00000000
1 11 2 14 28 30 03D70A3E 00000000 00000000 00000000
1 11 2 15 29 31 00000000 00000000 00000000 00000000
1 11 2 16 32 34 03D70A3E 00000000 00000000 00000000
1 11 2 17 33 35 00000000 00000000 00000000 00000000
1 11 2 18 36 38 03D70A3E 00000000 00000000 00000000
1 11 2 19 37 39 00000000 00000000 00000000 00000000
1 11 2 20 40 42 03D70A3E 00000000 00000000 00000000
1 11 2 21 41 43 00000000 00000000 00000000 00000000
1 11 2 22 44 46 03D70A3E 00000000 00000000 00000000
1 11 2 23 45 47 00000000 00000000 00000000 00000000
1 11 2 24 48 50 03D70A3E 00000000 00000000 00000000
1 11 2 25 49 51 00000000 00000000 00000000 00000000
1 11 2 26 52 54 03D70A3E 00000000 00000000 00000000
1 11 2 27 53 55 00000000 00000000 00000000 00000000
1 11 2 28 56 58 03D70A3E 00000000 00000000 00000000
1 11 2 29 57 59 00000000 00000000 00000000 00000000
1 11 2 30 60 62 03D70A3E 00000000 00000000 00000000
1 11 2 31 61 63 00000000 00000000 00000000 00000000
1 11 2 32 64 66 03D70A3E 00000000 00000000 00000000
1 11 2 33 65 67 00000000 00000000 00000000 00000000
1 11 2 34 68 70 03D70A3E 00000000 00000000 00000000
1 11 2 35 69 71 00000000 00000000 00000000 00000000
1 11 2 36 72 74 03D70A3E 00000000 00000000 00000000
1 11 2 37 73 75 00000000 00000000 00000000 00000000
1 11 2 38 76 78 03D70A3E 00000000 00000000 00000000
1 11 2 39 77 79 00000000 00000000 00000000 00000000
1 11 2 40 80 82 03D70A3E 00000000 00000000 00000000
1 11 2 41 81 83 00000000 00000000 00000000 00000000
1 11 2 42 84 86 03D70A3E 00000000 00000000 00000000
1 11 2 43 85 87 00000000 00000000 00000000 00000000
1 11 2 44 88 90 03D70A3E 00000000 00000000 00000000
1 11 2 45 89 91 00000000 00000000 00000000 00000000
1 11 2 46 92 94 03D70A3E 00000000 00000000 00000000
1 11 2 47 93 95 00000000 00000000 00000000 00000000
1 11 2 48 96 98 03D70A3E 00000000 00000000 00000000
1 11 2 49 97 99 00000000 00000000 00000000 00000000
1 11 2 50 100 102 03D70A3E 00000000 00000000 00000000
1 11 2 51 101 103 00000000 00000000 00000000 00000000
1 11 2 52 104 106 03D70A3E 00000000 00000000 00000000
1 11 2 53 105 107 00000000 00000000 00000000 00000000
1 11 2 54 108 110 03D70A3E 00000000 00000000 00000000
1 11 2 55 109 111 00000000 00000000 00000000 00000000
1 11 2 56 112 114 03D70A3E 00000000 00000000 00000000
1 11 2 57 113 115 00000000 00000000 00000000 00000000
1 11 2 58 116 118 03D70A3E 00000000 00000000 00000000
1 11 2 59 117 119 00000000 00000000 00000000 00000000
1 11 2 60 120 122 03D70A3E 00000000 00000000 00000000
1 11 2 61 121 123 00000000 00000000 00000000 00000000
1 11 2 62 124 126 03D70A3E 00000000 00000000 00000000
1 11 2 63 125 127 00000000 00000000 00000000 00000000
1 11 2 64 128 130 03D70A3E 00000000 00000000 00000000
1 11 2 65 129 131 00000000 00000000 00000000 00000000
1 11 2 66 132 134 03D70A3E 00000000 00000000 00000000
1 11 2 67 133 135 00000000 00000000 00000000 00000000
1 11 2 68 136 138 03D70A3E 00000000 00000000 00000000
1 11 2 69 137 139 00000000 00000000 00000000 00000000
1 11 2 70 140 142 03D70A3E 00000000 00000000 00000000
1 11 2 71 141 143 00000000 00000000 00000000 00000000
1 11 2 72 144 146 03D70A3E 00000000 00000000 00000000
1 11 2 73 145 147 00000000 00000000 00000000 00000000
1 11 2 74 148 150 03D70A3E 00000000 00000000 00000000
1 11 2 75 149 151 00000000 00000000 00000000 00000000
1 11 2 76 152 154 03D70A3E 00000000 00000000 00000000
1 11 2 77 153 155 00000000 00000000 00000000 00000000
1 11 2 78 156 158 03D70A3E 00000000 00000000 00000000
1 11 2 79 157 159 00000000 00000000 00000000 00000000
1 11 2 80 160 162 03D70A3E 00000000 00000000 00000000
1 11 2 81 161 163 00000000 00000000 00000000 00000000
1 11 2 82 164 166 03D70A3E 00000000 00000000 00000000
1 11 2 83 165 167 00000000 00000000 00000000 00000000
1 11 2 84 168 170 03D70A3E F147AE14 00000000 0EB851EC
1 11 2 85 169 171 F147AE14 00000000 0EB851EC 00000000
1 11 2 86 172 174 03D70A3E 00000000 00000000 00000000
1 11 2 87 173 175 00000000 00000000 00000000 00000000
1 11 2 88 176 178 03D70A3E 00000000 00000000 00000000
1 11 2 89 177 179 00000000 00000000 00000000 00000000
1 11 2 90 180 182 03D70A3E 00000000 00000000 00000000
1 11 2 91 181 183 00000000 00000000 00000000 00000000
1 11 2 92 184 186 03D70A3E 00000000 00000000 00000000
1 11 2 93 185 187 00000000 00000000 00000000 00000000
1 11 2 94 188 190 03D70A3E 00000000 00000000 00000000
1 11 2 95 189 191 00000000 00000000 00000000 00000000
1 11 2 96 192 194 03D70A3E 00000000 00000000 00000000
1 11 2 97 193 195 00000000 00000000 00000000 00000000
1 11 2 98 196 198 03D70A3E 00000000 00000000 00000000
1 11 2 99 197 199 00000000 00000000 00000000 00000000
1 11 2 100 200 202 03D70A3E 00000000 00000000 00000000
1 11 2 101 201 203 00000000 00000000 00000000 00000000
1 11 2 102 204 206 03D70A3E 00000000 00000000 00000000
1 11 2 103 205 207 00000000 00000000 00000000 00000000
1 11 2 104 208 210 03D70A3E 00000000 00000000 00000000
1 11 2 105 209 211 00000000 00000000 00000000 00000000
1 11 2 106 212 214 03D70A3E 00000000 00000000 00000000
1 11 2 107 213 215 00000000 00000000 00000000 00000000
1 11 2 108 216 218 03D70A3E 00000000 00000000 00000000
1 11 2 109 217 219 00000000 00000000 00000000 00000000
1 11 2 110 220 222 03D70A3E 00000000 00000000 00000000
1 11 2 111 221 223 00000000 00000000 00000000 00000000
1 11 2 112 224 226 03D70A3E 00000000 00000000 00000000
1 11 2 113 225 227 00000000 00000000 00000000 00000000
1 11 2 114 228 230 03D70A3E 00000000 00000000 00000000
1 11 2 115 229 231 00000000 00000000 00000000 00000000
1 11 2 116 232 234 03D70A3E 00000000 00000000 00000000
1 11 2 117 233 235 00000000 00000000 00000000 00000000
1 11 2 118 236 238 03D70A3E 00000000 00000000 00000000
1 11 2 119 237 239 00000000 00000000 00000000 00000000
1 11 2 120 240 242 03D70A3E 00000000 00000000 00000000
1 11 2 121 241 243 00000000 00000000 00000000 00000000
1 11 2 122 244 246 03D70A3E 00000000 00000000 00000000
1 11 2 123 245 247 00000000 00000000 00000000 00000000
1 11 2 124 248 250 03D70A3E 00000000 00000000 00000000
1 11 2 125 249 251 00000000 00000000 00000000 00000000
1 11 2 126 252 254 03D70A3E 00000000 00000000 00000000
1 11 2 127 253 255 00000000 00000000 00000000 00000000
1 11 2 128 256 258 FC28F5C2 00000000 00000000 00000000
1 11 2 129 257 259 00000000 00000000 00000000 00000000
1 11 2 130 260 262 FC28F5C2 00000000 00000000 00000000
1 11 2 131 261 263 00000000 00000000 00000000 00000000
1 11 2 132 264 266 FC28F5C2 00000000 00000000 00000000
1 11 2 133 265 267 00000000 00000000 00000000 00000000
1 11 2 134 268 270 FC28F5C2 00000000 00000000 00000000
1 11 2 135 269 271 00000000 00000000 00000000 00000000
1 11 2 136 272 274 FC28F5C2 00000000 00000000 00000000
1 11 2 137 273 275 00000000 00000000 00000000 00000000
1 11 2 138 276 278 FC28F5C2 00000000 00000000 00000000
1 11 2 139 277 279 00000000 00000000 00000000 00000000
1 11 2 140 280 282 FC28F5C2 00000000 00000000 00000000
1 11 2 141 281 283 00000000 00000000 00000000 00000000
1 11 2 142 284 286 FC28F5C2 00000000 00000000 00000000
1 11 2 143 285 287 00000000 00000000 00000000 00000000
1 11 2 144 288 290 FC28F5C2 00000000 00000000 00000000
1 11 2 145 289 291 00000000 00000000 00000000 00000000
1 11 2 146 292 294 FC28F5C2 00000000 00000000 00000000
1 11 2 147 293 295 00000000 00000000 00000000 00000000
1 11 2 148 296 298 FC28F5C2 00000000 00000000 00000000
1 11 2 149 297 299 00000000 00000000 00000000 00000000
1 11 2 150 300 302 FC28F5C2 00000000 00000000 00000000
1 11 2 151 301 303 00000000 00000000 00000000 00000000
1 11 2 152 304 306 FC28F5C2 00000000 00000000 00000000
1 11 2 153 305 307 00000000 00000000 00000000 00000000
1 11 2 154 308 310 FC28F5C2 00000000 00000000 00000000
1 11 2 155 309 311 00000000 00000000 00000000 00000000
1 11 2 156 312 314 FC28F5C2 00000000 00000000 00000000
1 11 2 157 313 315 00000000 00000000 00000000 00000000
1 11 2 158 316 318 FC28F5C2 00000000 00000000 00000000
1 11 2 159 317 319 00000000 00000000 00000000 00000000
1 11 2 160 320 322 FC28F5C2 00000000 00000000 00000000
1 11 2 161 321 323 00000000 00000000 00000000 00000000
1 11 2 162 324 326 FC28F5C2 00000000 00000000 00000000
1 11 2 163 325 327 00000000 00000000 00000000 00000000
1 11 2 164 328 330 FC28F5C2 00000000 00000000 00000000
1 11 2 165 329 331 00000000 00000000 00000000 00000000
1 11 2 166 332 334 FC28F5C2 00000000 00000000 00000000
1 11 2 167 333 335 00000000 00000000 00000000 00000000
1 11 2 168 336 338 FC28F5C2 00000000 00000000 00000000
1 11 2 169 337 339 00000000 00000000 00000000 00000000
1 11 2 170 340 342 FC28F5C2 00000000 00000000 00000000
1 11 2 171 341 343 00000000 00000000 00000000 00000000
1 11 2 172 344 346 FC28F5C2 00000000 00000000 00000000
1 11 2 173 345 347 00000000 00000000 00000000 00000000
1 11 2 174 348 350 FC28F5C2 00000000 00000000 00000000
1 11 2 175 349 351 00000000 00000000 00000000 00000000
1 11 2 176 352 354 FC28F5C2 00000000 00000000 00000000
1 11 2 177 353 355 00000000 00000000 00000000 00000000
1 11 2 178 356 358 FC28F5C2 00000000 00000000 00000000
1 11 2 179 357 359 00000000 00000000 00000000 00000000
1 11 2 180 360 362 FC28F5C2 00000000 00000000 00000000
1 11 2 181 361 363 00000000 00000000 00000000 00000000
1 11 2 182 364 366 FC28F5C2 00000000 00000000 00000000
1 11 2 183 365 367 00000000 00000000 00000000 00000000
1 11 2 184 368 370 FC28F5C2 00000000 00000000 00000000
1 11 2 185 369 371 00000000 00000000 00000000 00000000
1 11 2 186 372 374 FC28F5C2 00000000 00000000 00000000
1 11 2 187 373 375 00000000 00000000 00000000 00000000
1 11 2 188 376 378 FC28F5C2 00000000 00000000 00000000
1 11 2 189 377 379 00000000 00000000 00000000 00000000
1 11 2 190 380 382 FC28F5C2 00000000 00000000 00000000
1 11 2 191 381 383 00000000 00000000 00000000 00000000
1 11 2 192 384 386 FC28F5C2 00000000 00000000 00000000
1 11 2 193 385 387 00000000 00000000 00000000 00000000
1 11 2 194 388 390 FC28F5C2 00000000 00000000 00000000
1 11 2 195 389 391 00000000 00000000 00000000 00000000
1 11 2 196 392 394 FC28F5C2 00000000 00000000 00000000
1 11 2 197 393 395 00000000 00000000 00000000 00000000
1 11 2 198 396 398 FC28F5C2 00000000 00000000 00000000
1 11 2 199 397 399 00000000 00000000 00000000 00000000
1 11 2 200 400 402 FC28F5C2 00000000 00000000 00000000
1 11 2 201 401 403 00000000 00000000 00000000 00000000
1 11 2 202 404 406 FC28F5C2 00000000 00000000 00000000
1 11 2 203 405 407 00000000 00000000 00000000 00000000
1 11 2 204 408 410 FC28F5C2 00000000 00000000 00000000
1 11 2 205 409 411 00000000 00000000 00000000 00000000
1 11 2 206 412 414 FC28F5C2 00000000 00000000 00000000
1 11 2 207 413 415 00000000 00000000 00000000 00000000
1 11 2 208 416 418 FC28F5C2 00000000 00000000 00000000
1 11 2 209 417 419 00000000 00000000 00000000 00000000
1 11 2 210 420 422 FC28F5C2 00000000 00000000 00000000
1 11 2 211 421 423 00000000 00000000 00000000 00000000
1 11 2 212 424 426 FC28F5C2 00000000 00000000 00000000
1 11 2 213 425 427 00000000 00000000 00000000 00000000
1 11 2 214 428 430 FC28F5C2 00000000 00000000 00000000
1 11 2 215 429 431 00000000 00000000 00000000 00000000
1 11 2 216 432 434 FC28F5C2 00000000 00000000 00000000
1 11 2 217 433 435 00000000 00000000 00000000 00000000
1 11 2 218 436 438 FC28F5C2 00000000 00000000 00000000
1 11 2 219 437 439 00000000 00000000 00000000 00000000
1 11 2 220 440 442 FC28F5C2 00000000 00000000 00000000
1 11 2 221 441 443 00000000 00000000 00000000 00000000
1 11 2 222 444 446 FC28F5C2 00000000 00000000 00000000
1 11 2 223 445 447 00000000 00000000 00000000 00000000
1 11 2 224 448 450 FC28F5C2 00000000 00000000 00000000
1 11 2 225 449 451 00000000 00000000 00000000 00000000
1 11 2 226 452 454 FC28F5C2 00000000 00000000 00000000
1 11 2 227 453 455 00000000 00000000 00000000 00000000
1 11 2 228 456 458 FC28F5C2 00000000 00000000 00000000
1 11 2 229 457 459 00000000 00000000 00000000 00000000
1 11 2 230 460 462 FC28F5C2 00000000 00000000 00000000
1 11 2 231 461 463 00000000 00000000 00000000 00000000
1 11 2 232 464 466 FC28F5C2 00000000 00000000 00000000
1 11 2 233 465 467 00000000 00000000 00000000 00000000
1 11 2 234 468 470 FC28F5C2 00000000 00000000 00000000
1 11 2 235 469 471 00000000 00000000 00000000 00000000
1 11 2 236 472 474 FC28F5C2 00000000 00000000 00000000
1 11 2 237 473 475 00000000 00000000 00000000 00000000
1 11 2 238 476 478 FC28F5C2 00000000 00000000 00000000
1 11 2 239 477 479 00000000 00000000 00000000 00000000
1 11 2 240 480 482 FC28F5C2 00000000 00000000 00000000
1 11 2 241 481 483 00000000 00000000 00000000 00000000
1 11 2 242 484 486 FC28F5C2 00000000 00000000 00000000
1 11 2 243 485 487 00000000 00000000 00000000 00000000
1 11 2 244 488 490 FC28F5C2 00000000 00000000 00000000
1 11 2 245 489 491 00000000 00000000 00000000 00000000
1 11 2 246 492 494 FC28F5C2 00000000 00000000 00000000
1 11 2 247 493 495 00000000 00000000 00000000 00000000
1 11 2 248 496 498 FC28F5C2 00000000 00000000 00000000
1 11 2 249 497 499 00000000 00000000 00000000 00000000
1 11 2 250 500 502 FC28F5C2 00000000 00000000 00000000
1 11 2 251 501 503 00000000 00000000 00000000 00000000
1 11 2 252 504 506 FC28F5C2 00000000 00000000 00000000
1 11 2 253 505 507 00000000 00000000 00000000 00000000
1 11 2 254 508 510 FC28F5C2 00000000 00000000 00000000
1 11 2 255 509 511 00000000 00000000 00000000 00000000
1 11 3 0 0 4 0B0A3D71 00000000 07333333 00000000
1 11 3 1 1 5 07333333 00000000 07333333 00000000
1 11 3 2 2 6 07333333 00000000 07333333 00000000
1 11 3 3 3 7 07333333 00000000 07333333 00000000
1 11 3 4 8 12 03D70A3E 00000000 00000000 00000000
1 11 3 5 9 13 00000000 00000000 00000000 00000000
1 11 3 6 10 14 00000000 00000000 00000000 00000000
1 11 3 7 11 15 00000000 00000000 00000000 00000000
1 11 3 8 16 20 03D70A3E 00000000 00000000 00000000
1 11 3 9 17 21 00000000 00000000 00000000 00000000
1 11 3 10 18 22 00000000 00000000 00000000 00000000
1 11 3 11 19 23 00000000 00000000 00000000 00000000
1 11 3 12 24 28 03D70A3E 00000000 00000000 00000000
1 11 3 13 25 29 00000000 00000000 00000000 00000000
1 11 3 14 26 30 00000000 00000000 00000000 00000000
1 11 3 15 27 31 00000000 00000000 00000000 00000000
1 11 3 16 32 36 03D70A3E 00000000 00000000 00000000
1 11 3 17 33 37 00000000 00000000 00000000 00000000
1 11 3 18 34 38 00000000 00000000 00000000 00000000
1 11 3 19 35 39 00000000 00000000 00000000 00000000
1 11 3 20 40 44 03D70A3E 00000000 00000000 00000000
1 11 3 21 41 45 00000000 00000000 00000000 00000000
1 11 3 22 42 46 00000000 00000000 00000000 00000000
1 11 3 23 43 47 00000000 00000000 00000000 00000000
1 11 3 24 48 52 03D70A3E 00000000 00000000 00000000
1 11 3 25 49 53 00000000 00000000 00000000 00000000
1 11 3 26 50 54 00000000 00000000 00000000 00000000
1 11 3 27 51 55 00000000 00000000 00000000 00000000
1 11 3 28 56 60 03D70A3E 00000000 00000000 00000000
1 11 3 29 57 61 00000000 00000000 00000000 00000000
1 11 3 30 58 62 00000000 00000000 00000000 00000000
1 11 3 31 59 63 00000000 00000000 00000000 00000000
1 11 3 32 64 68 03D70A3E 00000000 00000000 00000000
1 11 3 33 65 69 00000000 00000000 00000000 00000000
1 11 3 34 66 70 00000000 00000000 00000000 00000000
1 11 3 35 67 71 00000000 00000000 00000000 00000000
1 11 3 36 72 76 03D70A3E 00000000 00000000 00000000
1 11 3 37 73 77 00000000 00000000 00000000 00000000
1 11 3 38 74 78 00000000 00000000 00000000 00000000
1 11 3 39 75 79 00000000 00000000 00000000 00000000
1 11 3 40 80 84 03D70A3E 00000000 00000000 00000000
1 11 3 41 81 85 00000000 00000000 00000000 00000000
1 11 3 42 82 86 00000000 00000000 00000000 00000000
1 11 3 43 83 87 00000000 00000000 00000000 00000000
1 11 3 44 88 92 03D70A3E 00000000 00000000 00000000
1 11 3 45 89 93 00000000 00000000 00000000 00000000
1 11 3 46 90 94 00000000 00000000 00000000 00000000
1 11 3 47 91 95 00000000 00000000 00000000 00000000
1 11 3 48 96 100 03D70A3E 00000000 00000000 00000000
1 11 3 49 97 101 00000000 00000000 00000000 00000000
1 11 3 50 98 102 00000000 00000000 00000000 00000000
1 11 3 51 99 103 00000000 00000000 00000000 00000000
1 11 3 52 104 108 03D70A3E 00000000 00000000 00000000
1 11 3 53 105 109 00000000 00000000 00000000 00000000
1 11 3 54 106 110 00000000 00000000 00000000 00000000
1 11 3 55 107 111 00000000 00000000 00000000 00000000
1 11 3 56 112 116 03D70A3E 00000000 00000000 00000000
1 11 3 57 113 117 00000000 00000000 00000000 00000000
1 11 3 58 114 118 00000000 00000000 00000000 00000000
1 11 3 59 115 119 00000000 00000000 00000000 00000000
1 11 3 60 120 124 03D70A3E 00000000 00000000 00000000
1 11 3 61 121 125 00000000 00000000 00000000 00000000
1 11 3 62 122 126 00000000 00000000 00000000 00000000
1 11 3 63 123 127 00000000 00000000 00000000 00000000
1 11 3 64 128 132 03D70A3E 00000000 00000000 00000000
1 11 3 65 129 133 00000000 00000000 00000000 00000000
1 11 3 66 130 134 00000000 00000000 00000000 00000000
1 11 3 67 131 135 00000000 00000000 00000000 00000000
1 11 3 68 136 140 03D70A3E 00000000 00000000 00000000
1 11 3 69 137 141 00000000 00000000 00000000 00000000
1 11 3 70 138 142 00000000 00000000 00000000 00000000
1 11 3 71 139 143 00000000 00000000 00000000 00000000
1 11 3 72 144 148 03D70A3E 00000000 00000000 00000000
1 11 3 73 145 149 00000000 00000000 00000000 00000000
1 11 3 74 146 150 00000000 00000000 00000000 00000000
1 11 3 75 147 151 00000000 00000000 00000000 00000000
1 11 3 76 152 156 03D70A3E 00000000 00000000 00000000
1 11 3 77 153 157 00000000 00000000 00000000 00000000
1 11 3 78 154 158 00000000 00000000 00000000 00000000
1 11 3 79 155 159 00000000 00000000 00000000 00000000
1 11 3 80 160 164 03D70A3E 00000000 00000000 00000000
1 11 3 81 161 165 00000000 00000000 00000000 00000000
1 11 3 82 162 166 00000000 00000000 00000000 00000000
1 11 3 83 163 167 00000000 00000000 00000000 00000000
1 11 3 84 168 172 03D70A3E F8A3D70A 00000000 F8A3D70A
1 11 3 85 169 173 F8A3D70A 00000000 F8A3D70A 00000000
1 11 3 86 170 174 00000000 075C28F6 00000000 075C28F6
1 11 3 87 171 175 075C28F6 00000000 075C28F6 00000000
1 11 3 88 176 180 03D70A3E 00000000 00000000 00000000
1 11 3 89 177 181 00000000 00000000 00000000 00000000
1 11 3 90 178 182 00000000 00000000 00000000 00000000
1 11 3 91 179 183 00000000 00000000 00000000 00000000
1 11 3 92 184 188 03D70A3E 00000000 00000000 00000000
1 11 3 93 185 189 00000000 00000000 00000000 00000000
1 11 3 94 186 190 00000000 00000000 00000000 00000000
1 11 3 95 187 191 00000000 00000000 00000000 00000000
1 11 3 96 192 196 03D70A3E 00000000 00000000 00000000
1 11 3 97 193 197 00000000 00000000 00000000 00000000
1 11 3 98 194 198 00000000 00000000 00000000 00000000
1 11 3 99 195 199 00000000 00000000 00000000 00000000
1 11 3 100 200 204 03D70A3E 00000000 00000000 00000000
1 11 3 101 201 205 00000000 00000000 00000000 00000000
1 11 3 102 202 206 00000000 00000000 00000000 00000000
1 11 3 103 203 207 00000000 00000000 00000000 00000000
1 11 3 104 208 212 03D70A3E 00000000 00000000 00000000
1 11 3 105 209 213 00000000 00000000 00000000 00000000
1 11 3 106 210 214 00000000 00000000 00000000 00000000
1 11 3 107 211 215 00000000 00000000 00000000 00000000
1 11 3 108 216 220 03D70A3E 00000000 00000000 00000000
1 11 3 109 217 221 00000000 00000000 00000000 00000000
1 11 3 110 218 222 00000000 00000000 00000000 00000000
1 11 3 111 219 223 00000000 00000000 00000000 00000000
1 11 3 112 224 228 03D70A3E 00000000 00000000 00000000
1 11 3 113 225 229 00000000 00000000 00000000 00000000
1 11 3 114 226 230 00000000 00000000 00000000 00000000
1 11 3 115 227 231 00000000 00000000 00000000 00000000
1 11 3 116 232 236 03D70A3E 00000000 00000000 00000000
1 11 3 117 233 237 00000000 00000000 00000000 00000000
1 11 3 118 234 238 00000000 00000000 00000000 00000000
1 11 3 119 235 239 00000000 00000000 00000000 00000000
1 11 3 120 240 244 03D70A3E 00000000 00000000 00000000
1 11 3 121 241 245 00000000 00000000 00000000 00000000
1 11 3 122 242 246 00000000 00000000 00000000 00000000
1 11 3 123 243 247 00000000 00000000 00000000 00000000
1 11 3 124 248 252 03D70A3E 00000000 00000000 00000000
1 11 3 125 249 253 00000000 00000000 00000000 00000000
1 11 3 126 250 254 00000000 00000000 00000000 00000000
1 11 3 127 251 255 00000000 00000000 00000000 00000000
1 11 3 128 256 260 FC28F5C2 00000000 00000000 00000000
1 11 3 129 257 261 00000000 00000000 00000000 00000000
1 11 3 130 258 262 00000000 00000000 00000000 00000000
1 11 3 131 259 263 00000000 00000000 00000000 00000000
1 11 3 132 264 268 FC28F5C2 00000000 00000000 00000000
1 11 3 133 265 269 00000000 00000000 00000000 00000000
1 11 3 134 266 270 00000000 00000000 00000000 00000000
1 11 3 135 267 271 00000000 00000000 00000000 00000000
1 11 3 136 272 276 FC28F5C2 00000000 00000000 00000000
1 11 3 137 273 277 00000000 00000000 00000000 00000000
1 11 3 138 274 278 00000000 00000000 00000000 00000000
1 11 3 139 275 279 00000000 00000000 00000000 00000000
1 11 3 140 280 284 FC28F5C2 00000000 00000000 00000000
1 11 3 141 281 285 00000000 00000000 00000000 00000000
1 11 3 142 282 286 00000000 00000000 00000000 00000000
1 11 3 143 283 287 00000000 00000000 00000000 00000000
1 11 3 144 288 292 FC28F5C2 00000000 00000000 00000000
1 11 3 145 289 293 00000000 00000000 00000000 00000000
1 11 3 146 290 294 00000000 00000000 00000000 00000000
1 11 3 147 291 295 00000000 00000000 00000000 00000000
1 11 3 148 296 300 FC28F5C2 00000000 00000000 00000000
1 11 3 149 297 301 00000000 00000000 00000000 00000000
1 11 3 150 298 302 00000000 00000000 00000000 00000000
1 11 3 151 299 303 00000000 00000000 00000000 00000000
1 11 3 152 304 308 FC28F5C2 00000000 00000000 00000000
1 11 3 153 305 309 00000000 00000000 00000000 00000000
1 11 3 154 306 310 00000000 00000000 00000000 00000000
1 11 3 155 307 311 00000000 00000000 00000000 00000000
1 11 3 156 312 316 FC28F5C2 00000000 00000000 00000000
1 11 3 157 313 317 00000000 00000000 00000000 00000000
1 11 3 158 314 318 00000000 00000000 00000000 00000000
1 11 3 159 315 319 00000000 00000000 00000000 00000000
1 11 3 160 320 324 FC28F5C2 00000000 00000000 00000000
1 11 3 161 321 325 00000000 00000000 00000000 00000000
1 11 3 162 322 326 00000000 00000000 00000000 00000000
1 11 3 163 323 327 00000000 00000000 00000000 00000000
1 11 3 164 328 332 FC28F5C2 00000000 00000000 00000000
1 11 3 165 329 333 00000000 00000000 00000000 00000000
1 11 3 166 330 334 00000000 00000000 00000000 00000000
1 11 3 167 331 335 00000000 00000000 00000000 00000000
1 11 3 168 336 340 FC28F5C2 00000000 00000000 00000000
1 11 3 169 337 341 00000000 00000000 00000000 00000000
1 11 3 170 338 342 00000000 00000000 00000000 00000000
1 11 3 171 339 343 00000000 00000000 00000000 00000000
1 11 3 172 344 348 FC28F5C2 00000000 00000000 00000000
1 11 3 173 345 349 00000000 00000000 00000000 00000000
1 11 3 174 346 350 00000000 00000000 00000000 00000000
1 11 3 175 347 351 00000000 00000000 00000000 00000000
1 11 3 176 352 356 FC28F5C2 00000000 00000000 00000000
1 11 3 177 353 357 00000000 00000000 00000000 00000000
1 11 3 178 354 358 00000000 00000000 00000000 00000000
1 11 3 179 355 359 00000000 00000000 00000000 00000000
1 11 3 180 360 364 FC28F5C2 00000000 00000000 00000000
1 11 3 181 361 365 00000000 00000000 00000000 00000000
1 11 3 182 362 366 00000000 00000000 00000000 00000000
1 11 3 183 363 367 00000000 00000000 00000000 00000000
1 11 3 184 368 372 FC28F5C2 00000000 00000000 00000000
1 11 3 185 369 373 00000000 00000000 00000000 00000000
1 11 3 186 370 374 00000000 00000000 00000000 00000000
1 11 3 187 371 375 00000000 00000000 00000000 00000000
1 11 3 188 376 380 FC28F5C2 00000000 00000000 00000000
1 11 3 189 377 381 00000000 00000000 00000000 00000000
1 11 3 190 378 382 00000000 00000000 00000000 00000000
1 11 3 191 379 383 00000000 00000000 00000000 00000000
1 11 3 192 384 388 FC28F5C2 00000000 00000000 00000000
1 11 3 193 385 389 00000000 00000000 00000000 00000000
1 11 3 194 386 390 00000000 00000000 00000000 00000000
1 11 3 195 387 391 00000000 00000000 00000000 00000000
1 11 3 196 392 396 FC28F5C2 00000000 00000000 00000000
1 11 3 197 393 397 00000000 00000000 00000000 00000000
1 11 3 198 394 398 00000000 00000000 00000000 00000000
1 11 3 199 395 399 00000000 00000000 00000000 00000000
1 11 3 200 400 404 FC28F5C2 00000000 00000000 00000000
1 11 3 201 401 405 00000000 00000000 00000000 00000000
1 11 3 202 402 406 00000000 00000000 00000000 00000000
1 11 3 203 403 407 00000000 00000000 00000000 00000000
1 11 3 204 408 412 FC28F5C2 00000000 00000000 00000000
1 11 3 205 409 413 00000000 00000000 00000000 00000000
1 11 3 206 410 414 00000000 00000000 00000000 00000000
1 11 3 207 411 415 00000000 00000000 00000000 00000000
1 11 3 208 416 420 FC28F5C2 00000000 00000000 00000000
1 11 3 209 417 421 00000000 00000000 00000000 00000000
1 11 3 210 418 422 00000000 00000000 00000000 00000000
1 11 3 211 419 423 00000000 00000000 00000000 00000000
1 11 3 212 424 428 FC28F5C2 00000000 00000000 00000000
1 11 3 213 425 429 00000000 00000000 00000000 00000000
1 11 3 214 426 430 00000000 00000000 00000000 00000000
1 11 3 215 427 431 00000000 00000000 00000000 00000000
1 11 3 216 432 436 FC28F5C2 00000000 00000000 00000000
1 11 3 217 433 437 00000000 00000000 00000000 00000000
1 11 3 218 434 438 00000000 00000000 00000000 00000000
1 11 3 219 435 439 00000000 00000000 00000000 00000000
1 11 3 220 440 444 FC28F5C2 00000000 00000000 00000000
1 11 3 221 441 445 00000000 00000000 00000000 00000000
1 11 3 222 442 446 00000000 00000000 00000000 00000000
1 11 3 223 443 447 00000000 00000000 00000000 00000000
1 11 3 224 448 452 FC28F5C2 00000000 00000000 00000000
1 11 3 225 449 453 00000000 00000000 00000000 00000000
1 11 3 226 450 454 00000000 00000000 00000000 00000000
1 11 3 227 451 455 00000000 00000000 00000000 00000000
1 11 3 228 456 460 FC28F5C2 00000000 00000000 00000000
1 11 3 229 457 461 00000000 00000000 00000000 00000000
1 11 3 230 458 462 00000000 00000000 00000000 00000000
1 11 3 231 459 463 00000000 00000000 00000000 00000000
1 11 3 232 464 468 FC28F5C2 00000000 00000000 00000000
1 11 3 233 465 469 00000000 00000000 00000000 00000000
1 11 3 234 466 470 00000000 00000000 00000000 00000000
1 11 3 235 467 471 00000000 00000000 00000000 00000000
1 11 3 236 472 476 FC28F5C2 00000000 00000000 00000000
1 11 3 237 473 477 00000000 00000000 00000000 00000000
1 11 3 238 474 478 00000000 00000000 00000000 00000000
1 11 3 239 475 479 00000000 00000000 00000000 00000000
1 11 3 240 480 484 FC28F5C2 00000000 00000000 00000000
1 11 3 241 481 485 00000000 00000000 00000000 00000000
1 11 3 242 482 486 00000000 00000000 00000000 00000000
1 11 3 243 483 487 00000000 00000000 00000000 00000000
1 11 3 244 488 492 FC28F5C2 00000000 00000000 00000000
1 11 3 245 489 493 00000000 00000000 00000000 00000000
1 11 3 246 490 494 00000000 00000000 00000000 00000000
1 11 3 247 491 495 00000000 00000000 00000000 00000000
1 11 3 248 496 500 FC28F5C2 00000000 00000000 00000000
1 11 3 249 497 501 00000000 00000000 00000000 00000000
1 11 3 250 498 502 00000000 00000000 00000000 00000000
1 11 3 251 499 503 00000000 00000000 00000000 00000000
1 11 3 252 504 508 FC28F5C2 00000000 00000000 00000000
1 11 3 253 505 509 00000000 00000000 00000000 00000000
1 11 3 254 506 510 00000000 00000000 00000000 00000000
1 11 3 255 507 511 00000000 00000000 00000000 00000000
1 11 4 0 0 8 0770A3D7 00000000 03999999 00000000
1 11 4 1 1 9 03999999 00000000 03999999 00000000
1 11 4 2 2 10 03999999 00000000 03999999 00000000
1 11 4 3 3 11 03999999 00000000 03999999 00000000
1 11 4 4 4 12 03999999 00000000 03999999 00000000
1 11 4 5 5 13 03999999 00000000 03999999 00000000
1 11 4 6 6 14 03999999 00000000 03999999 00000000
1 11 4 7 7 15 03999999 00000000 03999999 00000000
1 11 4 8 16 24 03D70A3E 00000000 00000000 00000000
1 11 4 9 17 25 00000000 00000000 00000000 00000000
1 11 4 10 18 26 00000000 00000000 00000000 00000000
1 11 4 11 19 27 00000000 00000000 00000000 00000000
1 11 4 12 20 28 00000000 00000000 00000000 00000000
1 11 4 13 21 29 00000000 00000000 00000000 00000000
1 11 4 14 22 30 00000000 00000000 00000000 00000000
1 11 4 15 23 31 00000000 00000000 00000000 00000000
1 11 4 16 32 40 03D70A3E 00000000 00000000 00000000
1 11 4 17 33 41 00000000 00000000 00000000 00000000
1 11 4 18 34 42 00000000 00000000 00000000 00000000
1 11 4 19 35 43 00000000 00000000 00000000 00000000
1 11 4 20 36 44 00000000 00000000 00000000 00000000
1 11 4 21 37 45 00000000 00000000 00000000 00000000
1 11 4 22 38 46 00000000 00000000 00000000 00000000
1 11 4 23 39 47 00000000 00000000 00000000 00000000
1 11 4 24 48 56 03D70A3E 00000000 00000000 00000000
1 11 4 25 49 57 00000000 00000000 00000000 00000000
1 11 4 26 50 58 00000000 00000000 00000000 00000000
1 11 4 27 51 59 00000000 00000000 00000000 00000000
1 11 4 28 52 60 00000000 00000000 00000000 00000000
1 11 4 29 53 61 00000000 00000000 00000000 00000000
1 11 4 30 54 62 00000000 00000000 00000000 00000000
1 11 4 31 55 63 00000000 00000000 00000000 00000000
1 11 4 32 64 72 03D70A3E 00000000 00000000 00000000
1 11 4 33 65 73 00000000 00000000 00000000 00000000
1 11 4 34 66 74 00000000 00000000 00000000 00000000
1 11 4 35 67 75 00000000 00000000 00000000 00000000
1 11 4 36 68 76 00000000 00000000 00000000 00000000
1 11 4 37 69 77 00000000 00000000 00000000 00000000
1 11 4 38 70 78 00000000 00000000 00000000 00000000
1 11 4 39 71 79 00000000 00000000 00000000 00000000
1 11 4 40 80 88 03D70A3E 00000000 00000000 00000000
1 11 4 41 81 89 00000000 00000000 00000000 00000000
1 11 4 42 82 90 00000000 00000000 00000000 00000000
1 11 4 43 83 91 00000000 00000000 00000000 00000000
1 11 4 44 84 92 00000000 00000000 00000000 00000000
1 11 4 45 85 93 00000000 00000000 00000000 00000000
1 11 4 46 86 94 00000000 00000000 00000000 00000000
1 11 4 47 87 95 00000000 00000000 00000000 00000000
1 11 4 48 96 104 03D70A3E 00000000 00000000 00000000
1 11 4 49 97 105 00000000 00000000 00000000 00000000
1 11 4 50 98 106 00000000 00000000 00000000 00000000
1 11 4 51 99 107 00000000 00000000 00000000 00000000
1 11 4 52 100 108 00000000 00000000 00000000 00000000
1 11 4 53 101 109 00000000 00000000 00000000 00000000
1 11 4 54 102 110 00000000 00000000 00000000 00000000
1 11 4 55 103 111 00000000 00000000 00000000 00000000
1 11 4 56 112 120 03D70A3E 00000000 00000000 00000000
1 11 4 57 113 121 00000000 00000000 00000000 00000000
1 11 4 58 114 122 00000000 00000000 00000000 00000000
1 11 4 59 115 123 00000000 00000000 00000000 00000000
1 11 4 60 116 124 00000000 00000000 00000000 00000000
1 11 4 61 117 125 00000000 00000000 00000000 00000000
1 11 4 62 118 126 00000000 00000000 00000000 00000000
1 11 4 63 119 127 00000000 00000000 00000000 00000000
1 11 4 64 128 136 03D70A3E 00000000 00000000 00000000
1 11 4 65 129 137 00000000 00000000 00000000 00000000
1 11 4 66 130 138 00000000 00000000 00000000 00000000
1 11 4 67 131 139 00000000 00000000 00000000 00000000
1 11 4 68 132 140 00000000 00000000 00000000 00000000
1 11 4 69 133 141 00000000 00000000 00000000 00000000
1 11 4 70 134 142 00000000 00000000 00000000 00000000
1 11 4 71 135 143 00000000 00000000 00000000 00000000
1 11 4 72 144 152 03D70A3E 00000000 00000000 00000000
1 11 4 73 145 153 00000000 00000000 00000000 00000000
1 11 4 74 146 154 00000000 00000000 00000000 00000000
1 11 4 75 147 155 00000000 00000000 00000000 00000000
1 11 4 76 148 156 00000000 00000000 00000000 00000000
1 11 4 77 149 157 00000000 00000000 00000000 00000000
1 11 4 78 150 158 00000000 00000000 00000000 00000000
1 11 4 79 151 159 00000000 00000000 00000000 00000000
1 11 4 80 160 168 03D70A3E FC51EB85 00000000 03AE147B
1 11 4 81 161 169 FC999F5C 01688667 036660A4 FE977999
1 11 4 82 162 170 029A2333 029A2333 FD65DCCD FD65DCCD
1 11 4 83 163 171 01688666 FC999F5D FE97799A 036660A3
1 11 4 84 164 172 FC51EB85 00000000 03AE147B 00000000
1 11 4 85 165 173 01688667 036660A4 FE977999 FC999F5C
1 11 4 86 166 174 029A2333 FD65DCCD FD65DCCD 029A2333
1 11 4 87 167 175 FC999F5D FE97799A 036660A3 01688666
1 11 4 88 176 184 03D70A3E 00000000 00000000 00000000
1 11 4 89 177 185 00000000 00000000 00000000 00000000
1 11 4 90 178 186 00000000 00000000 00000000 00000000
1 11 4 91 179 187 00000000 00000000 00000000 00000000
1 11 4 92 180 188 00000000 00000000 00000000 00000000
1 11 4 93 181 189 00000000 00000000 00000000 00000000
1 11 4 94 182 190 00000000 00000000 00000000 00000000
1 11 4 95 183 191 00000000 00000000 00000000 00000000
1 11 4 96 192 200 03D70A3E 00000000 00000000 00000000
1 11 4 97 193 201 00000000 00000000 00000000 00000000
1 11 4 98 194 202 00000000 00000000 00000000 00000000
1 11 4 99 195 203 00000000 00000000 00000000 00000000
1 11 4 100 196 204 00000000 00000000 00000000 00000000
1 11 4 101 197 205 00000000 00000000 00000000 00000000
1 11 4 102 198 206 00000000 00000000 00000000 00000000
1 11 4 103 199 207 00000000 00000000 00000000 00000000
1 11 4 104 208 216 03D70A3E 00000000 00000000 00000000
1 11 4 105 209 217 00000000 00000000 00000000 00000000
1 11 4 106 210 218 00000000 00000000 00000000 00000000
1 11 4 107 211 219 00000000 00000000 00000000 00000000
1 11 4 108 212 220 00000000 00000000 00000000 00000000
1 11 4 109 213 221 00000000 00000000 00000000 00000000
1 11 4 110 214 222 00000000 00000000 00000000 00000000
1 11 4 111 215 223 00000000 00000000 00000000 00000000
1 11 4 112 224 232 03D70A3E 00000000 00000000 00000000
1 11 4 113 225 233 00000000 00000000 00000000 00000000
1 11 4 114 226 234 00000000 00000000 00000000 00000000
1 11 4 115 227 235 00000000 00000000 00000000 00000000
1 11 4 116 228 236 00000000 00000000 00000000 00000000
1 11 4 117 229 237 00000000 00000000 00000000 00000000
1 11 4 118 230 238 00000000 00000000 00000000 00000000
1 11 4 119 231 239 00000000 00000000 00000000 00000000
1 11 4 120 240 248 03D70A3E 00000000 00000000 00000000
1 11 4 121 241 249 00000000 00000000 00000000 00000000
1 11 4 122 242 250 00000000 00000000 00000000 00000000
1 11 4 123 243 251 00000000 00000000 00000000 00000000
1 11 4 124 244 252 00000000 00000000 00000000 00000000
1 11 4 125 245 253 00000000 00000000 00000000 00000000
1 11 4 126 246 254 00000000 00000000 00000000 00000000
1 11 4 127 247 255 00000000 00000000 00000000 00000000
1 11 4 128 256 264 FC28F5C2 00000000 00000000 00000000
1 11 4 129 257 265 00000000 00000000 00000000 00000000
1 11 4 130 258 266 00000000 00000000 00000000 00000000
1 11 4 131 259 267 00000000 00000000 00000000 00000000
1 11 4 132 260 268 00000000 00000000 00000000 00000000
1 11 4 133 261 269 00000000 00000000 00000000 00000000
1 11 4 134 262 270 00000000 00000000 00000000 00000000
1 11 4 135 263 271 00000000 00000000 00000000 00000000
1 11 4 136 272 280 FC28F5C2 00000000 00000000 00000000
1 11 4 137 273 281 00000000 00000000 00000000 00000000
1 11 4 138 274 282 00000000 00000000 00000000 00000000
1 11 4 139 275 283 00000000 00000000 00000000 00000000
1 11 4 140 276 284 00000000 00000000 00000000 00000000
1 11 4 141 277 285 00000000 00000000 00000000 00000000
1 11 4 142 278 286 00000000 00000000 00000000 00000000
1 11 4 143 279 287 00000000 00000000 00000000 00000000
1 11 4 144 288 296 FC28F5C2 00000000 00000000 00000000
1 11 4 145 289 297 00000000 00000000 00000000 00000000
1 11 4 146 290 298 00000000 00000000 00000000 00000000
1 11 4 147 291 299 00000000 00000000 00000000 00000000
1 11 4 148 292 300 00000000 00000000 00000000 00000000
1 11 4 149 293 301 00000000 00000000 00000000 00000000
1 11 4 150 294 302 00000000 00000000 00000000 00000000
1 11 4 151 295 303 00000000 00000000 00000000 00000000
1 11 4 152 304 312 FC28F5C2 00000000 00000000 00000000
1 11 4 153 305 313 00000000 00000000 00000000 00000000
1 11 4 154 306 314 00000000 00000000 00000000 00000000
1 11 4 155 307 315 00000000 00000000 00000000 00000000
1 11 4 156 308 316 00000000 00000000 00000000 00000000
1 11 4 157 309 317 00000000 00000000 00000000 00000000
1 11 4 158 310 318 00000000 00000000 00000000 00000000
1 11 4 159 311 319 00000000 00000000 00000000 00000000
1 11 4 160 320 328 FC28F5C2 00000000 00000000 00000000
1 11 4 161 321 329 00000000 00000000 00000000 00000000
1 11 4 162 322 330 00000000 00000000 00000000 00000000
1 11 4 163 323 331 00000000 00000000 00000000 00000000
1 11 4 164 324 332 00000000 00000000 00000000 00000000
1 11 4 165 325 333 00000000 00000000 00000000 00000000
1 11 4 166 326 334 00000000 00000000 00000000 00000000
1 11 4 167 327 335 00000000 00000000 00000000 00000000
1 11 4 168 336 344 FC28F5C2 00000000 00000000 00000000
1 11 4 169 337 345 00000000 00000000 00000000 00000000
1 11 4 170 338 346 00000000 00000000 00000000 00000000
1 11 4 171 339 347 00000000 00000000 00000000 00000000
1 11 4 172 340 348 00000000 00000000 00000000 00000000
1 11 4 173 341 349 00000000 00000000 00000000 00000000
1 11 4 174 342 350 00000000 00000000 00000000 00000000
1 11 4 175 343 351 00000000 00000000 00000000 00000000
1 11 4 176 352 360 FC28F5C2 00000000 00000000 00000000
1 11 4 177 353 361 00000000 00000000 00000000 00000000
1 11 4 178 354 362 00000000 00000000 00000000 00000000
1 11 4 179 355 363 00000000 00000000 00000000 00000000
1 11 4 180 356 364 00000000 00000000 00000000 00000000
1 11 4 181 357 365 00000000 00000000 00000000 00000000
1 11 4 182 358 366 00000000 00000000 00000000 00000000
1 11 4 183 359 367 00000000 00000000 00000000 00000000
1 11 4 184 368 376 FC28F5C2 00000000 00000000 00000000
1 11 4 185 369 377 00000000 00000000 00000000 00000000
1 11 4 186 370 378 00000000 00000000 00000000 00000000
1 11 4 187 371 379 00000000 00000000 00000000 00000000
1 11 4 188 372 380 00000000 00000000 00000000 00000000
1 11 4 189 373 381 00000000 00000000 00000000 00000000
1 11 4 190 374 382 00000000 00000000 00000000 00000000
1 11 4 191 375 383 00000000 00000000 00000000 00000000
1 11 4 192 384 392 FC28F5C2 00000000 00000000 00000000
1 11 4 193 385 393 00000000 00000000 00000000 00000000
1 11 4 194 386 394 00000000 00000000 00000000 00000000
1 11 4 195 387 395 00000000 00000000 00000000 00000000
1 11 4 196 388 396 00000000 00000000 00000000 00000000
1 11 4 197 389 397 00000000 00000000 00000000 00000000
1 11 4 198 390 398 00000000 00000000 00000000 00000000
1 11 4 199 391 399 00000000 00000000 00000000 00000000
1 11 4 200 400 408 FC28F5C2 00000000 00000000 00000000
1 11 4 201 401 409 00000000 00000000 00000000 00000000
1 11 4 202 402 410 00000000 00000000 00000000 00000000
1 11 4 203 403 411 00000000 00000000 00000000 00000000
1 11 4 204 404 412 00000000 00000000 00000000 00000000
1 11 4 205 405 413 00000000 00000000 00000000 00000000
1 11 4 206 406 414 00000000 00000000 00000000 00000000
1 11 4 207 407 415 00000000 00000000 00000000 00000000
1 11 4 208 416 424 FC28F5C2 00000000 00000000 00000000
1 11 4 209 417 425 00000000 00000000 00000000 00000000
1 11 4 210 418 426 00000000 00000000 00000000 00000000
1 11 4 211 419 427 00000000 00000000 00000000 00000000
1 11 4 212 420 428 00000000 00000000 00000000 00000000
1 11 4 213 421 429 00000000 00000000 00000000 00000000
1 11 4 214 422 430 00000000 00000000 00000000 00000000
1 11 4 215 423 431 00000000 00000000 00000000 00000000
1 11 4 216 432 440 FC28F5C2 00000000 00000000 00000000
1 11 4 217 433 441 00000000 00000000 00000000 00000000
1 11 4 218 434 442 00000000 00000000 00000000 00000000
1 11 4 219 435 443 00000000 00000000 00000000 00000000
1 11 4 220 436 444 00000000 00000000 00000000 00000000
1 11 4 221 437 445 00000000 00000000 00000000 00000000
1 11 4 222 438 446 00000000 00000000 00000000 00000000
1 11 4 223 439 447 00000000 00000000 00000000 00000000
1 11 4 224 448 456 FC28F5C2 00000000 00000000 00000000
1 11 4 225 449 457 00000000 00000000 00000000 00000000
1 11 4 226 450 458 00000000 00000000 00000000 00000000
1 11 4 227 451 459 00000000 00000000 00000000 00000000
1 11 4 228 452 460 00000000 00000000 00000000 00000000
1 11 4 229 453 461 00000000 00000000 00000000 00000000
1 11 4 230 454 462 00000000 00000000 00000000 00000000
1 11 4 231 455 463 00000000 00000000 00000000 00000000
1 11 4 232 464 472 FC28F5C2 00000000 00000000 00000000
1 11 4 233 465 473 00000000 00000000 00000000 00000000
1 11 4 234 466 474 00000000 00000000 00000000 00000000
1 11 4 235 467 475 00000000 00000000 00000000 00000000
1 11 4 236 468 476 00000000 00000000 00000000 00000000
1 11 4 237 469 477 00000000 00000000 00000000 00000000
1 11 4 238 470 478 00000000 00000000 00000000 00000000
1 11 4 239 471 479 00000000 00000000 00000000 00000000
1 11 4 240 480 488 FC28F5C2 00000000 00000000 00000000
1 11 4 241 481 489 00000000 00000000 00000000 00000000
1 11 4 242 482 490 00000000 00000000 00000000 00000000
1 11 4 243 483 491 00000000 00000000 00000000 00000000
1 11 4 244 484 492 00000000 00000000 00000000 00000000
1 11 4 245 485 493 00000000 00000000 00000000 00000000
1 11 4 246 486 494 00000000 00000000 00000000 00000000
1 11 4 247 487 495 00000000 00000000 00000000 00000000
1 11 4 248 496 504 FC28F5C2 00000000 00000000 00000000
1 11 4 249 497 505 00000000 00000000 00000000 00000000
1 11 4 250 498 506 00000000 00000000 00000000 00000000
1 11 4 251 499 507 00000000 00000000 00000000 00000000
1 11 4 252 500 508 00000000 00000000 00000000 00000000
1 11 4 253 501 509 00000000 00000000 00000000 00000000
1 11 4 254 502 510 00000000 00000000 00000000 00000000
1 11 4 255 503 511 00000000 00000000 00000000 00000000
1 11 5 0 0 16 05A3D70A 00000000 01CCCCCC 00000000
1 11 5 1 1 17 01CCCCCC 00000000 01CCCCCC 00000000
1 11 5 2 2 18 01CCCCCC 00000000 01CCCCCC 00000000
1 11 5 3 3 19 01CCCCCC 00000000 01CCCCCC 00000000
1 11 5 4 4 20 01CCCCCC 00000000 01CCCCCC 00000000
1 11 5 5 5 21 01CCCCCC 00000000 01CCCCCC 00000000
1 11 5 6 6 22 01CCCCCC 00000000 01CCCCCC 00000000
1 11 5 7 7 23 01CCCCCC 00000000 01CCCCCC 00000000
1 11 5 8 8 24 01CCCCCC 00000000 01CCCCCC 00000000
1 11 5 9 9 25 01CCCCCC 00000000 01CCCCCC 00000000
1 11 5 10 10 26 01CCCCCC 00000000 01CCCCCC 00000000
1 11 5 11 11 27 01CCCCCC 00000000 01CCCCCC 00000000
1 11 5 12 12 28 01CCCCCC 00000000 01CCCCCC 00000000
1 11 5 13 13 29 01CCCCCC 00000000 01CCCCCC 00000000
1 11 5 14 14 30 01CCCCCC 00000000 01CCCCCC 00000000
1 11 5 15 15 31 01CCCCCC 00000000 01CCCCCC 00000000
1 11 5 16 32 48 03D70A3E 00000000 00000000 00000000
1 11 5 17 33 49 00000000 00000000 00000000 00000000
1 11 5 18 34 50 00000000 00000000 00000000 00000000
1 11 5 19 35 51 00000000 00000000 00000000 00000000
1 11 5 20 36 52 00000000 00000000 00000000 00000000
1 11 5 21 37 53 00000000 00000000 00000000 00000000
1 11 5 22 38 54 00000000 00000000 00000000 00000000
1 11 5 23 39 55 00000000 00000000 00000000 00000000
1 11 5 24 40 56 00000000 00000000 00000000 00000000
1 11 5 25 41 57 00000000 00000000 00000000 00000000
1 11 5 26 42 58 00000000 00000000 00000000 00000000
1 11 5 27 43 59 00000000 00000000 00000000 00000000
1 11 5 28 44 60 00000000 00000000 00000000 00000000
1 11 5 29 45 61 00000000 00000000 00000000 00000000
1 11 5 30 46 62 00000000 00000000 00000000 00000000
1 11 5 31 47 63 00000000 00000000 00000000 00000000
1 11 5 32 64 80 03D70A3E 00000000 00000000 00000000
1 11 5 33 65 81 00000000 00000000 00000000 00000000
1 11 5 34 66 82 00000000 00000000 00000000 00000000
1 11 5 35 67 83 00000000 00000000 00000000 00000000
1 11 5 36 68 84 00000000 00000000 00000000 00000000
1 11 5 37 69 85 00000000 00000000 00000000 00000000
1 11 5 38 70 86 00000000 00000000 00000000 00000000
1 11 5 39 71 87 00000000 00000000 00000000 00000000
1 11 5 40 72 88 00000000 00000000 00000000 00000000
1 11 5 41 73 89 00000000 00000000 00000000 00000000
1 11 5 42 74 90 00000000 00000000 00000000 00000000
1 11 5 43 75 91 00000000 00000000 00000000 00000000
1 11 5 44 76 92 00000000 00000000 00000000 00000000
1 11 5 45 77 93 00000000 00000000 00000000 00000000
1 11 5 46 78 94 00000000 00000000 00000000 00000000
1 11 5 47 79 95 00000000 00000000 00000000 00000000
1 11 5 48 96 112 03D70A3E 00000000 00000000 00000000
1 11 5 49 97 113 00000000 00000000 00000000 00000000
1 11 5 50 98 114 00000000 00000000 00000000 00000000
1 11 5 51 99 115 00000000 00000000 00000000 00000000
1 11 5 52 100 116 00000000 00000000 00000000 00000000
1 11 5 53 101 117 00000000 00000000 00000000 00000000
1 11 5 54 102 118 00000000 00000000 00000000 00000000
1 11 5 55 103 119 00000000 00000000 00000000 00000000
1 11 5 56 104 120 00000000 00000000 00000000 00000000
1 11 5 57 105 121 00000000 00000000 00000000 00000000
1 11 5 58 106 122 00000000 00000000 00000000 00000000
1 11 5 59 107 123 00000000 00000000 00000000 00000000
1 11 5 60 108 124 00000000 00000000 00000000 00000000
1 11 5 61 109 125 00000000 00000000 00000000 00000000
1 11 5 62 110 126 00000000 00000000 00000000 00000000
1 11 5 63 111 127 00000000 00000000 00000000 00000000
1 11 5 64 128 144 03D70A3E 00000000 00000000 00000000
1 11 5 65 129 145 00000000 00000000 00000000 00000000
1 11 5 66 130 146 00000000 00000000 00000000 00000000
1 11 5 67 131 147 00000000 00000000 00000000 00000000
1 11 5 68 132 148 00000000 00000000 00000000 00000000
1 11 5 69 133 149 00000000 00000000 00000000 00000000
1 11 5 70 134 150 00000000 00000000 00000000 00000000
1 11 5 71 135 151 00000000 00000000 00000000 00000000
1 11 5 72 136 152 00000000 00000000 00000000 00000000
1 11 5 73 137 153 00000000 00000000 00000000 00000000
1 11 5 74 138 154 00000000 00000000 00000000 00000000
1 11 5 75 139 155 00000000 00000000 00000000 00000000
1 11 5 76 140 156 00000000 00000000 00000000 00000000
1 11 5 77 141 157 00000000 00000000 00000000 00000000
1 11 5 78 142 158 00000000 00000000 00000000 00000000
1 11 5 79 143 159 00000000 00000000 00000000 00000000
1 11 5 80 160 176 03D70A3E FE28F5C2 00000000 FE28F5C2
1 11 5 81 161 177 FE4CCFAE 00B44333 FE4CCFAE 00B44333
1 11 5 82 162 178 014D1199 014D1199 014D1199 014D1199
1 11 5 83 163 179 00B44333 FE4CCFAE 00B44333 FE4CCFAE
1 11 5 84 164 180 FE28F5C2 00000000 FE28F5C2 00000000
1 11 5 85 165 181 00B44333 01B33052 00B44333 01B33052
1 11 5 86 166 182 014D1199 FEB2EE66 014D1199 FEB2EE66
1 11 5 87 167 183 FE4CCFAE FF4BBCCD FE4CCFAE FF4BBCCD
1 11 5 88 168 184 00000000 01D70A3D 00000000 01D70A3D
1 11 5 89 169 185 01B33052 FF4BBCCC 01B33052 FF4BBCCC
1 11 5 90 170 186 FEB2EE66 FEB2EE66 FEB2EE66 FEB2EE66
1 11 5 91 171 187 FF4BBCCD 01B33051 FF4BBCCD 01B33051
1 11 5 92 172 188 01D70A3D 00000000 01D70A3D 00000000
1 11 5 93 173 189 FF4BBCCC FE4CCFAE FF4BBCCC FE4CCFAE
1 11 5 94 174 190 FEB2EE66 014D1199 FEB2EE66 014D1199
1 11 5 95 175 191 01B33051 00B44333 01B33051 00B44333
1 11 5 96 192 208 03D70A3E 00000000 00000000 00000000
1 11 5 97 193 209 00000000 00000000 00000000 00000000
1 11 5 98 194 210 00000000 00000000 00000000 00000000
1 11 5 99 195 211 00000000 00000000 00000000 00000000
1 11 5 100 196 212 00000000 00000000 00000000 00000000
1 11 5 101 197 213 00000000 00000000 00000000 00000000
1 11 5 102 198 214 00000000 00000000 00000000 00000000
1 11 5 103 199 215 00000000 00000000 00000000 00000000
1 11 5 104 200 216 00000000 00000000 00000000 00000000
1 11 5 105 201 217 00000000 00000000 00000000 00000000
1 11 5 106 202 218 00000000 00000000 00000000 00000000
1 11 5 107 203 219 00000000 00000000 00000000 00000000
1 11 5 108 204 220 00000000 00000000 00000000 00000000
1 11 5 109 205 221 00000000 00000000 00000000 00000000
1 11 5 110 206 222 00000000 00000000 00000000 00000000
1 11 5 111 207 223 00000000 00000000 00000000 00000000
1 11 5 112 224 240 03D70A3E 00000000 00000000 00000000
1 11 5 113 225 241 00000000 00000000 00000000 00000000
1 11 5 114 226 242 00000000 00000000 00000000 00000000
1 11 5 115 227 243 00000000 00000000 00000000 00000000
1 11 5 116 228 244 00000000 00000000 00000000 00000000
1 11 5 117 229 245 00000000 00000000 00000000 00000000
1 11 5 118 230 246 00000000 00000000 00000000 00000000
1 11 5 119 231 247 00000000 00000000 00000000 00000000
1 11 5 120 232 248 00000000 00000000 00000000 00000000
1 11 5 121 233 249 00000000 00000000 00000000 00000000
1 11 5 122 234 250 00000000 00000000 00000000 00000000
1 11 5 123 235 251 00000000 00000000 00000000 00000000
1 11 5 124 236 252 00000000 00000000 00000000 00000000
1 11 5 125 237 253 00000000 00000000 00000000 00000000
1 11 5 126 238 254 00000000 00000000 00000000 00000000
1 11 5 127 239 255 00000000 00000000 00000000 00000000
1 11 5 128 256 272 FC28F5C2 00000000 00000000 00000000
1 11 5 129 257 273 00000000 00000000 00000000 00000000
1 11 5 130 258 274 00000000 00000000 00000000 00000000
1 11 5 131 259 275 00000000 00000000 00000000 00000000
1 11 5 132 260 276 00000000 00000000 00000000 00000000
1 11 5 133 261 277 00000000 00000000 00000000 00000000
1 11 5 134 262 278 00000000 00000000 00000000 00000000
1 11 5 135 263 279 00000000 00000000 00000000 00000000
1 11 5 136 264 280 00000000 00000000 00000000 00000000
1 11 5 137 265 281 00000000 00000000 00000000 00000000
1 11 5 138 266 282 00000000 00000000 00000000 00000000
1 11 5 139 267 283 00000000 00000000 00000000 00000000
1 11 5 140 268 284 00000000 00000000 00000000 00000000
1 11 5 141 269 285 00000000 00000000 00000000 00000000
1 11 5 142 270 286 00000000 00000000 00000000 00000000
1 11 5 143 271 287 00000000 00000000 00000000 00000000
1 11 5 144 288 304 FC28F5C2 00000000 00000000 00000000
1 11 5 145 289 305 00000000 00000000 00000000 00000000
1 11 5 146 290 306 00000000 00000000 00000000 00000000
1 11 5 147 291 307 00000000 00000000 00000000 00000000
1 11 5 148 292 308 00000000 00000000 00000000 00000000
1 11 5 149 293 309 00000000 00000000 00000000 00000000
1 11 5 150 294 310 00000000 00000000 00000000 00000000
1 11 5 151 295 311 00000000 00000000 00000000 00000000
1 11 5 152 296 312 00000000 00000000 00000000 00000000
1 11 5 153 297 313 00000000 00000000 00000000 00000000
1 11 5 154 298 314 00000000 00000000 00000000 00000000
1 11 5 155 299 315 00000000 00000000 00000000 00000000
1 11 5 156 300 316 00000000 00000000 00000000 00000000
1 11 5 157 301 317 00000000 00000000 00000000 00000000
1 11 5 158 302 318 00000000 00000000 00000000 00000000
1 11 5 159 303 319 00000000 00000000 00000000 00000000
1 11 5 160 320 336 FC28F5C2 00000000 00000000 00000000
1 11 5 161 321 337 00000000 00000000 00000000 00000000
1 11 5 162 322 338 00000000 00000000 00000000 00000000
1 11 5 163 323 339 00000000 00000000 00000000 00000000
1 11 5 164 324 340 00000000 00000000 00000000 00000000
1 11 5 165 325 341 00000000 00000000 00000000 00000000
1 11 5 166 326 342 00000000 00000000 00000000 00000000
1 11 5 167 327 343 00000000 00000000 00000000 00000000
1 11 5 168 328 344 00000000 00000000 00000000 00000000
1 11 5 169 329 345 00000000 00000000 00000000 00000000
1 11 5 170 330 346 00000000 00000000 00000000 00000000
1 11 5 171 331 347 00000000 00000000 00000000 00000000
1 11 5 172 332 348 00000000 00000000 00000000 00000000
1 11 5 173 333 349 00000000 00000000 00000000 00000000
1 11 5 174 334 350 00000000 00000000 00000000 00000000
1 11 5 175 335 351 00000000 00000000 00000000 00000000
1 11 5 176 352 368 FC28F5C2 00000000 00000000 00000000
1 11 5 177 353 369 00000000 00000000 00000000 00000000
1 11 5 178 354 370 00000000 00000000 00000000 00000000
1 11 5 179 355 371 00000000 00000000 00000000 00000000
1 11 5 180 356 372 00000000 00000000 00000000 00000000
1 11 5 181 357 373 00000000 00000000 00000000 00000000
1 11 5 182 358 374 00000000 00000000 00000000 00000000
1 11 5 183 359 375 00000000 00000000 00000000 00000000
1 11 5 184 360 376 00000000 00000000 00000000 00000000
1 11 5 185 361 377 00000000 00000000 00000000 00000000
1 11 5 186 362 378 00000000 00000000 00000000 00000000
1 11 5 187 363 379 00000000 00000000 00000000 00000000
1 11 5 188 364 380 00000000 00000000 00000000 00000000
1 11 5 189 365 381 00000000 00000000 00000000 00000000
1 11 5 190 366 382 00000000 00000000 00000000 00000000
1 11 5 191 367 383 00000000 00000000 00000000 00000000
1 11 5 192 384 400 FC28F5C2 00000000 00000000 00000000
1 11 5 193 385 401 00000000 00000000 00000000 00000000
1 11 5 194 386 402 00000000 00000000 00000000 00000000
1 11 5 195 387 403 00000000 00000000 00000000 00000000
1 11 5 196 388 404 00000000 00000000 00000000 00000000
1 11 5 197 389 405 00000000 00000000 00000000 00000000
1 11 5 198 390 406 00000000 00000000 00000000 00000000
1 11 5 199 391 407 00000000 00000000 00000000 00000000
1 11 5 200 392 408 00000000 00000000 00000000 00000000
1 11 5 201 393 409 00000000 00000000 00000000 00000000
1 11 5 202 394 410 00000000 00000000 00000000 00000000
1 11 5 203 395 411 00000000 00000000 00000000 00000000
1 11 5 204 396 412 00000000 00000000 00000000 00000000
1 11 5 205 397 413 00000000 00000000 00000000 00000000
1 11 5 206 398 414 00000000 00000000 00000000 00000000
1 11 5 207 399 415 00000000 00000000 00000000 00000000
1 11 5 208 416 432 FC28F5C2 00000000 00000000 00000000
1 11 5 209 417 433 00000000 00000000 00000000 00000000
1 11 5 210 418 434 00000000 00000000 00000000 00000000
1 11 5 211 419 435 00000000 00000000 00000000 00000000
1 11 5 212 420 436 00000000 00000000 00000000 00000000
1 11 5 213 421 437 00000000 00000000 00000000 00000000
1 11 5 214 422 438 00000000 00000000 00000000 00000000
1 11 5 215 423 439 00000000 00000000 00000000 00000000
1 11 5 216 424 440 00000000 00000000 00000000 00000000
1 11 5 217 425 441 00000000 00000000 00000000 00000000
1 11 5 218 426 442 00000000 00000000 00000000 00000000
1 11 5 219 427 443 00000000 00000000 00000000 00000000
1 11 5 220 428 444 00000000 00000000 00000000 00000000
1 11 5 221 429 445 00000000 00000000 00000000 00000000
1 11 5 222 430 446 00000000 00000000 00000000 00000000
1 11 5 223 431 447 00000000 00000000 00000000 00000000
1 11 5 224 448 464 FC28F5C2 00000000 00000000 00000000
1 11 5 225 449 465 00000000 00000000 00000000 00000000
1 11 5 226 450 466 00000000 00000000 00000000 00000000
1 11 5 227 451 467 00000000 00000000 00000000 00000000
1 11 5 228 452 468 00000000 00000000 00000000 00000000
1 11 5 229 453 469 00000000 00000000 00000000 00000000
1 11 5 230 454 470 00000000 00000000 00000000 00000000
1 11 5 231 455 471 00000000 00000000 00000000 00000000
1 11 5 232 456 472 00000000 00000000 00000000 00000000
1 11 5 233 457 473 00000000 00000000 00000000 00000000
1 11 5 234 458 474 00000000 00000000 00000000 00000000
1 11 5 235 459 475 00000000 00000000 00000000 00000000
1 11 5 236 460 476 00000000 00000000 00000000 00000000
1 11 5 237 461 477 00000000 00000000 00000000 00000000
1 11 5 238 462 478 00000000 00000000 00000000 00000000
1 11 5 239 463 479 00000000 00000000 00000000 00000000
1 11 5 240 480 496 FC28F5C2 00000000 00000000 00000000
1 11 5 241 481 497 00000000 00000000 00000000 00000000
1 11 5 242 482 498 00000000 00000000 00000000 00000000
1 11 5 243 483 499 00000000 00000000 00000000 00000000
1 11 5 244 484 500 00000000 00000000 00000000 00000000
1 11 5 245 485 501 00000000 00000000 00000000 00000000
1 11 5 246 486 502 00000000 00000000 00000000 00000000
1 11 5 247 487 503 00000000 00000000 00000000 00000000
1 11 5 248 488 504 00000000 00000000 00000000 00000000
1 11 5 249 489 505 00000000 00000000 00000000 00000000
1 11 5 250 490 506 00000000 00000000 00000000 00000000
1 11 5 251 491 507 00000000 00000000 00000000 00000000
1 11 5 252 492 508 00000000 00000000 00000000 00000000
1 11 5 253 493 509 00000000 00000000 00000000 00000000
1 11 5 254 494 510 00000000 00000000 00000000 00000000
1 11 5 255 495 511 00000000 00000000 00000000 00000000
1 11 6 0 0 32 04BD70A4 00000000 00E66666 00000000
1 11 6 1 1 33 00E66666 00000000 00E66666 00000000
1 11 6 2 2 34 00E66666 00000000 00E66666 00000000
1 11 6 3 3 35 00E66666 00000000 00E66666 00000000
1 11 6 4 4 36 00E66666 00000000 00E66666 00000000
1 11 6 5 5 37 00E66666 00000000 00E66666 00000000
1 11 6 6 6 38 00E66666 00000000 00E66666 00000000
1 11 6 7 7 39 00E66666 00000000 00E66666 00000000
1 11 6 8 8 40 00E66666 00000000 00E66666 00000000
1 11 6 9 9 41 00E66666 00000000 00E66666 00000000
1 11 6 10 10 42 00E66666 00000000 00E66666 00000000
1 11 6 11 11 43 00E66666 00000000 00E66666 00000000
1 11 6 12 12 44 00E66666 00000000 00E66666 00000000
1 11 6 13 13 45 00E66666 00000000 00E66666 00000000
1 11 6 14 14 46 00E66666 00000000 00E66666 00000000
1 11 6 15 15 47 00E66666 00000000 00E66666 00000000
1 11 6 16 16 48 00E66666 00000000 00E66666 00000000
1 11 6 17 17 49 00E66666 00000000 00E66666 00000000
1 11 6 18 18 50 00E66666 00000000 00E66666 00000000
1 11 6 19 19 51 00E66666 00000000 00E66666 00000000
1 11 6 20 20 52 00E66666 00000000 00E66666 00000000
1 11 6 21 21 53 00E66666 00000000 00E66666 00000000
1 11 6 22 22 54 00E66666 00000000 00E66666 00000000
1 11 6 23 23 55 00E66666 00000000 00E66666 00000000
1 11 6 24 24 56 00E66666 00000000 00E66666 00000000
1 11 6 25 25 57 00E66666 00000000 00E66666 00000000
1 11 6 26 26 58 00E66666 00000000 00E66666 00000000
1 11 6 27 27 59 00E66666 00000000 00E66666 00000000
1 11 6 28 28 60 00E66666 00000000 00E66666 00000000
1 11 6 29 29 61 00E66666 00000000 00E66666 00000000
1 11 6 30 30 62 00E66666 00000000 00E66666 00000000
1 11 6 31 31 63 00E66666 00000000 00E66666 00000000
1 11 6 32 64 96 03D70A3E 00000000 00000000 00000000
1 11 6 33 65 97 00000000 00000000 00000000 00000000
1 11 6 34 66 98 00000000 00000000 00000000 00000000
1 11 6 35 67 99 00000000 00000000 00000000 00000000
1 11 6 36 68 100 00000000 00000000 00000000 00000000
1 11 6 37 69 101 00000000 00000000 00000000 00000000
1 11 6 38 70 102 00000000 00000000 00000000 00000000
1 11 6 39 71 103 00000000 00000000 00000000 00000000
1 11 6 40 72 104 00000000 00000000 00000000 00000000
1 11 6 41 73 105 00000000 00000000 00000000 00000000
1 11 6 42 74 106 00000000 00000000 00000000 00000000
1 11 6 43 75 107 00000000 00000000 00000000 00000000
1 11 6 44 76 108 00000000 00000000 00000000 00000000
1 11 6 45 77 109 00000000 00000000 00000000 00000000
1 11 6 46 78 110 00000000 00000000 00000000 00000000
1 11 6 47 79 111 00000000 00000000 00000000 00000000
1 11 6 48 80 112 00000000 00000000 00000000 00000000
1 11 6 49 81 113 00000000 00000000 00000000 00000000
1 11 6 50 82 114 00000000 00000000 00000000 00000000
1 11 6 51 83 115 00000000 00000000 00000000 00000000
1 11 6 52 84 116 00000000 00000000 00000000 00000000
1 11 6 53 85 117 00000000 00000000 00000000 00000000
1 11 6 54 86 118 00000000 00000000 00000000 00000000
1 11 6 55 87 119 00000000 00000000 00000000 00000000
1 11 6 56 88 120 00000000 00000000 00000000 00000000
1 11 6 57 89 121 00000000 00000000 00000000 00000000
1 11 6 58 90 122 00000000 00000000 00000000 00000000
1 11 6 59 91 123 00000000 00000000 00000000 00000000
1 11 6 60 92 124 00000000 00000000 00000000 00000000
1 11 6 61 93 125 00000000 00000000 00000000 00000000
1 11 6 62 94 126 00000000 00000000 00000000 00000000
1 11 6 63 95 127 00000000 00000000 00000000 00000000
1 11 6 64 128 160 03D70A3E FF147AE1 00000000 00EB851F
1 11 6 65 129 161 FF304A29 006F069B 00CFB5D7 FF90F965
1 11 6 66 130 162 00C3D2BF 0082D787 FF3C2D41 FF7D2879
1 11 6 67 131 163 0017160F FF159C9A FFE8E9F1 00EA6366
1 11 6 68 132 164 FF2667D6 005A219A 00D9982A FFA5DE66
1 11 6 69 133 165 00B61075 00956A05 FF49EF8B FF6A95FB
1 11 6 70 134 166 002DF2C9 FF1901FC FFD20D37 00E6FE04
1 11 6 71 135 167 FF1E9E3B 00445E8E 00E161C5 FFBBA172
1 11 6 72 136 168 00A688CC 00A688CC FF597734 FF597734
1 11 6 73 137 169 00445E8D FF1E9E3B FFBBA173 00E161C5
1 11 6 74 138 170 FF1901FB 002DF2CB 00E6FE05 FFD20D35
1 11 6 75 139 171 00956A04 00B61076 FF6A95FC FF49EF8A
1 11 6 76 140 172 005A2199 FF2667D8 FFA5DE67 00D99828
1 11 6 77 141 173 FF159C98 00171610 00EA6368 FFE8E9F0
1 11 6 78 142 174 0082D786 00C3D2C0 FF7D287A FF3C2D40
1 11 6 79 143 175 006F069A FF304A2B FF90F966 00CFB5D5
1 11 6 80 144 176 FF147AE1 00000000 00EB851F 00000000
1 11 6 81 145 177 006F069B 00CFB5D7 FF90F965 FF304A29
1 11 6 82 146 178 0082D787 FF3C2D41 FF7D2879 00C3D2BF
1 11 6 83 147 179 FF159C9A FFE8E9F1 00EA6366 0017160F
1 11 6 84 148 180 005A219A 00D9982A FFA5DE66 FF2667D6
1 11 6 85 149 181 00956A05 FF49EF8B FF6A95FB 00B61075
1 11 6 86 150 182 FF1901FC FFD20D37 00E6FE04 002DF2C9
1 11 6 87 151 183 00445E8E 00E161C5 FFBBA172 FF1E9E3B
1 11 6 88 152 184 00A688CC FF597734 FF597734 00A688CC
1 11 6 89 153 185 FF1E9E3B FFBBA173 00E161C5 00445E8D
1 11 6 90 154 186 002DF2CB 00E6FE05 FFD20D35 FF1901FB
1 11 6 91 155 187 00B61076 FF6A95FC FF49EF8A 00956A04
1 11 6 92 156 188 FF2667D8 FFA5DE67 00D99828 005A2199
1 11 6 93 157 189 00171610 00EA6368 FFE8E9F0 FF159C98
1 11 6 94 158 190 00C3D2C0 FF7D287A FF3C2D40 0082D786
1 11 6 95 159 191 FF304A2B FF90F966 00CFB5D5 006F069A
1 11 6 96 192 224 03D70A3E 00000000 00000000 00000000
1 11 6 97 193 225 00000000 00000000 00000000 00000000
1 11 6 98 194 226 00000000 00000000 00000000 00000000
1 11 6 99 195 227 00000000 00000000 00000000 00000000
1 11 6 100 196 228 00000000 00000000 00000000 00000000
1 11 6 101 197 229 00000000 00000000 00000000 00000000
1 11 6 102 198 230 00000000 00000000 00000000 00000000
1 11 6 103 199 231 00000000 00000000 00000000 00000000
1 11 6 104 200 232 00000000 00000000 00000000 00000000
1 11 6 105 201 233 00000000 00000000 00000000 00000000
1 11 6 106 202 234 00000000 00000000 00000000 00000000
1 11 6 107 203 235 00000000 00000000 00000000 00000000
1 11 6 108 204 236 00000000 00000000 00000000 00000000
1 11 6 109 205 237 00000000 00000000 00000000 00000000
1 11 6 110 206 238 00000000 00000000 00000000 00000000
1 11 6 111 207 239 00000000 00000000 00000000 00000000
1 11 6 112 208 240 00000000 00000000 00000000 00000000
1 11 6 113 209 241 00000000 00000000 00000000 00000000
1 11 6 114 210 242 00000000 00000000 00000000 00000000
1 11 6 115 211 243 00000000 00000000 00000000 00000000
1 11 6 116 212 244 00000000 00000000 00000000 00000000
1 11 6 117 213 245 00000000 00000000 00000000 00000000
1 11 6 118 214 246 00000000 00000000 00000000 00000000
1 11 6 119 215 247 00000000 00000000 00000000 00000000
1 11 6 120 216 248 00000000 00000000 00000000 00000000
1 11 6 121 217 249 00000000 00000000 00000000 00000000
1 11 6 122 218 250 00000000 00000000 00000000 00000000
1 11 6 123 219 251 00000000 00000000 00000000 00000000
1 11 6 124 220 252 00000000 00000000 00000000 00000000
1 11 6 125 221 253 00000000 00000000 00000000 00000000
1 11 6 126 222 254 00000000 00000000 00000000 00000000
1 11 6 127 223 255 00000000 00000000 00000000 00000000
1 11 6 128 256 288 FC28F5C2 00000000 00000000 00000000
1 11 6 129 257 289 00000000 00000000 00000000 00000000
1 11 6 130 258 290 00000000 00000000 00000000 00000000
1 11 6 131 259 291 00000000 00000000 00000000 00000000
1 11 6 132 260 292 00000000 00000000 00000000 00000000
1 11 6 133 261 293 00000000 00000000 00000000 00000000
1 11 6 134 262 294 00000000 00000000 00000000 00000000
1 11 6 135 263 295 00000000 00000000 00000000 00000000
1 11 6 136 264 296 00000000 00000000 00000000 00000000
1 11 6 137 265 297 00000000 00000000 00000000 00000000
1 11 6 138 266 298 00000000 00000000 00000000 00000000
1 11 6 139 267 299 00000000 00000000 00000000 00000000
1 11 6 140 268 300 00000000 00000000 00000000 00000000
1 11 6 141 269 301 00000000 00000000 00000000 00000000
1 11 6 142 270 302 00000000 00000000 00000000 00000000
1 11 6 143 271 303 00000000 00000000 00000000 00000000
1 11 6 144 272 304 00000000 00000000 00000000 00000000
1 11 6 145 273 305 00000000 00000000 00000000 00000000
1 11 6 146 274 306 00000000 00000000 00000000 00000000
1 11 6 147 275 307 00000000 00000000 00000000 00000000
1 11 6 148 276 308 00000000 00000000 00000000 00000000
1 11 6 149 277 309 00000000 00000000 00000000 00000000
1 11 6 150 278 310 00000000 00000000 00000000 00000000
1 11 6 151 279 311 00000000 00000000 00000000 00000000
1 11 6 152 280 312 00000000 00000000 00000000 00000000
1 11 6 153 281 313 00000000 00000000 00000000 00000000
1 11 6 154 282 314 00000000 00000000 00000000 00000000
1 11 6 155 283 315 00000000 00000000 00000000 00000000
1 11 6 156 284 316 00000000 00000000 00000000 00000000
1 11 6 157 285 317 00000000 00000000 00000000 00000000
1 11 6 158 286 318 00000000 00000000 00000000 00000000
1 11 6 159 287 319 00000000 00000000 00000000 00000000
1 11 6 160 320 352 FC28F5C2 00000000 00000000 00000000
1 11 6 161 321 353 00000000 00000000 00000000 00000000
1 11 6 162 322 354 00000000 00000000 00000000 00000000
1 11 6 163 323 355 00000000 00000000 00000000 00000000
1 11 6 164 324 356 00000000 00000000 00000000 00000000
1 11 6 165 325 357 00000000 00000000 00000000 00000000
1 11 6 166 326 358 00000000 00000000 00000000 00000000
1 11 6 167 327 359 00000000 00000000 00000000 00000000
1 11 6 168 328 360 00000000 00000000 00000000 00000000
1 11 6 169 329 361 00000000 00000000 00000000 00000000
1 11 6 170 330 362 00000000 00000000 00000000 00000000
1 11 6 171 331 363 00000000 00000000 00000000 00000000
1 11 6 172 332 364 00000000 00000000 00000000 00000000
1 11 6 173 333 365 00000000 00000000 00000000 00000000
1 11 6 174 334 366 00000000 00000000 00000000 00000000
1 11 6 175 335 367 00000000 00000000 00000000 00000000
1 11 6 176 336 368 00000000 00000000 00000000 00000000
1 11 6 177 337 369 00000000 00000000 00000000 00000000
1 11 6 178 338 370 00000000 00000000 00000000 00000000
1 11 6 179 339 371 00000000 00000000 00000000 00000000
1 11 6 180 340 372 00000000 00000000 00000000 00000000
1 11 6 181 341 373 00000000 00000000 00000000 00000000
1 11 6 182 342 374 00000000 00000000 00000000 00000000
1 11 6 183 343 375 00000000 00000000 00000000 00000000
1 11 6 184 344 376 00000000 00000000 00000000 00000000
1 11 6 185 345 377 00000000 00000000 00000000 00000000
1 11 6 186 346 378 00000000 00000000 00000000 00000000
1 11 6 187 347 379 00000000 00000000 00000000 00000000
1 11 6 188 348 380 00000000 00000000 00000000 00000000
1 11 6 189 349 381 00000000 00000000 00000000 00000000
1 11 6 190 350 382 00000000 00000000 00000000 00000000
1 11 6 191 351 383 00000000 00000000 00000000 00000000
1 11 6 192 384 416 FC28F5C2 00000000 00000000 00000000
1 11 6 193 385 417 00000000 00000000 00000000 00000000
1 11 6 194 386 418 00000000 00000000 00000000 00000000
1 11 6 195 387 419 00000000 00000000 00000000 00000000
1 11 6 196 388 420 00000000 00000000 00000000 00000000
1 11 6 197 389 421 00000000 00000000 00000000 00000000
1 11 6 198 390 422 00000000 00000000 00000000 00000000
1 11 6 199 391 423 00000000 00000000 00000000 00000000
1 11 6 200 392 424 00000000 00000000 00000000 00000000
1 11 6 201 393 425 00000000 00000000 00000000 00000000
1 11 6 202 394 426 00000000 00000000 00000000 00000000
1 11 6 203 395 427 00000000 00000000 00000000 00000000
1 11 6 204 396 428 00000000 00000000 00000000 00000000
1 11 6 205 397 429 00000000 00000000 00000000 00000000
1 11 6 206 398 430 00000000 00000000 00000000 00000000
1 11 6 207 399 431 00000000 00000000 00000000 00000000
1 11 6 208 400 432 00000000 00000000 00000000 00000000
1 11 6 209 401 433 00000000 00000000 00000000 00000000
1 11 6 210 402 434 00000000 00000000 00000000 00000000
1 11 6 211 403 435 00000000 00000000 00000000 00000000
1 11 6 212 404 436 00000000 00000000 00000000 00000000
1 11 6 213 405 437 00000000 00000000 00000000 00000000
1 11 6 214 406 438 00000000 00000000 00000000 00000000
1 11 6 215 407 439 00000000 00000000 00000000 00000000
1 11 6 216 408 440 00000000 00000000 00000000 00000000
1 11 6 217 409 441 00000000 00000000 00000000 00000000
1 11 6 218 410 442 00000000 00000000 00000000 00000000
1 11 6 219 411 443 00000000 00000000 00000000 00000000
1 11 6 220 412 444 00000000 00000000 00000000 00000000
1 11 6 221 413 445 00000000 00000000 00000000 00000000
1 11 6 222 414 446 00000000 00000000 00000000 00000000
1 11 6 223 415 447 00000000 00000000 00000000 00000000
1 11 6 224 448 480 FC28F5C2 00000000 00000000 00000000
1 11 6 225 449 481 00000000 00000000 00000000 00000000
1 11 6 226 450 482 00000000 00000000 00000000 00000000
1 11 6 227 451 483 00000000 00000000 00000000 00000000
1 11 6 228 452 484 00000000 00000000 00000000 00000000
1 11 6 229 453 485 00000000 00000000 00000000 00000000
1 11 6 230 454 486 00000000 00000000 00000000 00000000
1 11 6 231 455 487 00000000 00000000 00000000 00000000
1 11 6 232 456 488 00000000 00000000 00000000 00000000
1 11 6 233 457 489 00000000 00000000 00000000 00000000
1 11 6 234 458 490 00000000 00000000 00000000 00000000
1 11 6 235 459 491 00000000 00000000 00000000 00000000
1 11 6 236 460 492 00000000 00000000 00000000 00000000
1 11 6 237 461 493 00000000 00000000 00000000 00000000
1 11 6 238 462 494 00000000 00000000 00000000 00000000
1 11 6 239 463 495 00000000 00000000 00000000 00000000
1 11 6 240 464 496 00000000 00000000 00000000 00000000
1 11 6 241 465 497 00000000 00000000 00000000 00000000
1 11 6 242 466 498 00000000 00000000 00000000 00000000
1 11 6 243 467 499 00000000 00000000 00000000 00000000
1 11 6 244 468 500 00000000 00000000 00000000 00000000
1 11 6 245 469 501 00000000 00000000 00000000 00000000
1 11 6 246 470 502 00000000 00000000 00000000 00000000
1 11 6 247 471 503 00000000 00000000 00000000 00000000
1 11 6 248 472 504 00000000 00000000 00000000 00000000
1 11 6 249 473 505 00000000 00000000 00000000 00000000
1 11 6 250 474 506 00000000 00000000 00000000 00000000
1 11 6 251 475 507 00000000 00000000 00000000 00000000
1 11 6 252 476 508 00000000 00000000 00000000 00000000
1 11 6 253 477 509 00000000 00000000 00000000 00000000
1 11 6 254 478 510 00000000 00000000 00000000 00000000
1 11 6 255 479 511 00000000 00000000 00000000 00000000
1 11 7 0 0 64 044A3D71 00000000 00733333 00000000
1 11 7 1 1 65 00733333 00000000 00733333 00000000
1 11 7 2 2 66 00733333 00000000 00733333 00000000
1 11 7 3 3 67 00733333 00000000 00733333 00000000
1 11 7 4 4 68 00733333 00000000 00733333 00000000
1 11 7 5 5 69 00733333 00000000 00733333 00000000
1 11 7 6 6 70 00733333 00000000 00733333 00000000
1 11 7 7 7 71 00733333 00000000 00733333 00000000
1 11 7 8 8 72 00733333 00000000 00733333 00000000
1 11 7 9 9 73 00733333 00000000 00733333 00000000
1 11 7 10 10 74 00733333 00000000 00733333 00000000
1 11 7 11 11 75 00733333 00000000 00733333 00000000
1 11 7 12 12 76 00733333 00000000 00733333 00000000
1 11 7 13 13 77 00733333 00000000 00733333 00000000
1 11 7 14 14 78 00733333 00000000 00733333 00000000
1 11 7 15 15 79 00733333 00000000 00733333 00000000
1 11 7 16 16 80 00733333 00000000 00733333 00000000
1 11 7 17 17 81 00733333 00000000 00733333 00000000
1 11 7 18 18 82 00733333 00000000 00733333 00000000
1 11 7 19 19 83 00733333 00000000 00733333 00000000
1 11 7 20 20 84 00733333 00000000 00733333 00000000
1 11 7 21 21 85 00733333 00000000 00733333 00000000
1 11 7 22 22 86 00733333 00000000 00733333 00000000
1 11 7 23 23 87 00733333 00000000 00733333 00000000
1 11 7 24 24 88 00733333 00000000 00733333 00000000
1 11 7 25 25 89 00733333 00000000 00733333 00000000
1 11 7 26 26 90 00733333 00000000 00733333 00000000
1 11 7 27 27 91 00733333 00000000 00733333 00000000
1 11 7 28 28 92 00733333 00000000 00733333 00000000
1 11 7 29 29 93 00733333 00000000 00733333 00000000
1 11 7 30 30 94 00733333 00000000 00733333 00000000
1 11 7 31 31 95 00733333 00000000 00733333 00000000
1 11 7 32 32 96 00733333 00000000 00733333 00000000
1 11 7 33 33 97 00733333 00000000 00733333 00000000
1 11 7 34 34 98 00733333 00000000 00733333 00000000
1 11 7 35 35 99 00733333 00000000 00733333 00000000
1 11 7 36 36 100 00733333 00000000 00733333 00000000
1 11 7 37 37 101 00733333 00000000 00733333 00000000
1 11 7 38 38 102 00733333 00000000 00733333 00000000
1 11 7 39 39 103 00733333 00000000 00733333 00000000
1 11 7 40 40 104 00733333 00000000 00733333 00000000
1 11 7 41 41 105 00733333 00000000 00733333 00000000
1 11 7 42 42 106 00733333 00000000 00733333 00000000
1 11 7 43 43 107 00733333 00000000 00733333 00000000
1 11 7 44 44 108 00733333 00000000 00733333 00000000
1 11 7 45 45 109 00733333 00000000 00733333 00000000
1 11 7 46 46 110 00733333 00000000 00733333 00000000
1 11 7 47 47 111 00733333 00000000 00733333 00000000
1 11 7 48 48 112 00733333 00000000 00733333 00000000
1 11 7 49 49 113 00733333 00000000 00733333 00000000
1 11 7 50 50 114 00733333 00000000 00733333 00000000
1 11 7 51 51 115 00733333 00000000 00733333 00000000
1 11 7 52 52 116 00733333 00000000 00733333 00000000
1 11 7 53 53 117 00733333 00000000 00733333 00000000
1 11 7 54 54 118 00733333 00000000 00733333 00000000
1 11 7 55 55 119 00733333 00000000 00733333 00000000
1 11 7 56 56 120 00733333 00000000 00733333 00000000
1 11 7 57 57 121 00733333 00000000 00733333 00000000
1 11 7 58 58 122 00733333 00000000 00733333 00000000
1 11 7 59 59 123 00733333 00000000 00733333 00000000
1 11 7 60 60 124 00733333 00000000 00733333 00000000
1 11 7 61 61 125 00733333 00000000 00733333 00000000
1 11 7 62 62 126 00733333 00000000 00733333 00000000
1 11 7 63 63 127 00733333 00000000 00733333 00000000
1 11 7 64 128 192 03D70A3E FF8A3D70 00000000 FF8A3D70
1 11 7 65 129 193 FF982514 0037834D FF982514 0037834D
1 11 7 66 130 194 0061E95F 00416BC3 0061E95F 00416BC3
1 11 7 67 131 195 000B8B07 FF8ACE4D 000B8B07 FF8ACE4D
1 11 7 68 132 196 FF9333EB 002D10CD FF9333EB 002D10CD
1 11 7 69 133 197 005B083A 004AB502 005B083A 004AB502
1 11 7 70 134 198 0016F964 FF8C80FE 0016F964 FF8C80FE
1 11 7 71 135 199 FF8F4F1D 00222F47 FF8F4F1D 00222F47
1 11 7 72 136 200 00534466 00534466 00534466 00534466
1 11 7 73 137 201 00222F46 FF8F4F1D 00222F46 FF8F4F1D
1 11 7 74 138 202 FF8C80FD 0016F965 FF8C80FD 0016F965
1 11 7 75 139 203 004AB502 005B083B 004AB502 005B083B
1 11 7 76 140 204 002D10CC FF9333EC 002D10CC FF9333EC
1 11 7 77 141 205 FF8ACE4C 000B8B08 FF8ACE4C 000B8B08
1 11 7 78 142 206 00416BC3 0061E960 00416BC3 0061E960
1 11 7 79 143 207 0037834D FF982515 0037834D FF982515
1 11 7 80 144 208 FF8A3D70 00000000 FF8A3D70 00000000
1 11 7 81 145 209 0037834D 0067DAEB 0037834D 0067DAEB
1 11 7 82 146 210 00416BC3 FF9E16A0 00416BC3 FF9E16A0
1 11 7 83 147 211 FF8ACE4D FFF474F8 FF8ACE4D FFF474F8
1 11 7 84 148 212 002D10CD 006CCC15 002D10CD 006CCC15
1 11 7 85 149 213 004AB502 FFA4F7C5 004AB502 FFA4F7C5
1 11 7 86 150 214 FF8C80FE FFE9069B FF8C80FE FFE9069B
1 11 7 87 151 215 00222F47 0070B0E2 00222F47 0070B0E2
1 11 7 88 152 216 00534466 FFACBB9A 00534466 FFACBB9A
1 11 7 89 153 217 FF8F4F1D FFDDD0B9 FF8F4F1D FFDDD0B9
1 11 7 90 154 218 0016F965 00737F02 0016F965 00737F02
1 11 7 91 155 219 005B083B FFB54AFE 005B083B FFB54AFE
1 11 7 92 156 220 FF9333EC FFD2EF33 FF9333EC FFD2EF33
1 11 7 93 157 221 000B8B08 007531B4 000B8B08 007531B4
1 11 7 94 158 222 0061E960 FFBE943D 0061E960 FFBE943D
1 11 7 95 159 223 FF982515 FFC87CB3 FF982515 FFC87CB3
1 11 7 96 160 224 00000000 0075C28F 00000000 0075C28F
1 11 7 97 161 225 0067DAEB FFC87CB2 0067DAEB FFC87CB2
1 11 7 98 162 226 FF9E16A0 FFBE943C FF9E16A0 FFBE943C
1 11 7 99 163 227 FFF474F8 007531B3 FFF474F8 007531B3
1 11 7 100 164 228 006CCC15 FFD2EF33 006CCC15 FFD2EF33
1 11 7 101 165 229 FFA4F7C5 FFB54AFD FFA4F7C5 FFB54AFD
1 11 7 102 166 230 FFE9069B 00737F02 FFE9069B 00737F02
1 11 7 103 167 231 0070B0E2 FFDDD0B9 0070B0E2 FFDDD0B9
1 11 7 104 168 232 FFACBB9A FFACBB9A FFACBB9A FFACBB9A
1 11 7 105 169 233 FFDDD0B9 0070B0E2 FFDDD0B9 0070B0E2
1 11 7 106 170 234 00737F02 FFE9069A 00737F02 FFE9069A
1 11 7 107 171 235 FFB54AFE FFA4F7C5 FFB54AFE FFA4F7C5
1 11 7 108 172 236 FFD2EF33 006CCC14 FFD2EF33 006CCC14
1 11 7 109 173 237 007531B4 FFF474F8 007531B4 FFF474F8
1 11 7 110 174 238 FFBE943D FF9E16A0 FFBE943D FF9E16A0
1 11 7 111 175 239 FFC87CB3 0067DAEA FFC87CB3 0067DAEA
1 11 7 112 176 240 0075C28F 00000000 0075C28F 00000000
1 11 7 113 177 241 FFC87CB2 FF982514 FFC87CB2 FF982514
1 11 7 114 178 242 FFBE943C 0061E95F FFBE943C 0061E95F
1 11 7 115 179 243 007531B3 000B8B07 007531B3 000B8B07
1 11 7 116 180 244 FFD2EF33 FF9333EB FFD2EF33 FF9333EB
1 11 7 117 181 245 FFB54AFD 005B083A FFB54AFD 005B083A
1 11 7 118 182 246 00737F02 0016F964 00737F02 0016F964
1 11 7 119 183 247 FFDDD0B9 FF8F4F1D FFDDD0B9 FF8F4F1D
1 11 7 120 184 248 FFACBB9A 00534466 FFACBB9A 00534466
1 11 7 121 185 249 0070B0E2 00222F46 0070B0E2 00222F46
1 11 7 122 186 250 FFE9069A FF8C80FD FFE9069A FF8C80FD
1 11 7 123 187 251 FFA4F7C5 004AB502 FFA4F7C5 004AB502
1 11 7 124 188 252 006CCC14 002D10CC 006CCC14 002D10CC
1 11 7 125 189 253 FFF474F8 FF8ACE4C FFF474F8 FF8ACE4C
1 11 7 126 190 254 FF9E16A0 00416BC3 FF9E16A0 00416BC3
1 11 7 127 191 255 0067DAEA 0037834D 0067DAEA 0037834D
1 11 7 128 256 320 FC28F5C2 00000000 00000000 00000000
1 11 7 129 257 321 00000000 00000000 00000000 00000000
1 11 7 130 258 322 00000000 00000000 00000000 00000000
1 11 7 131 259 323 00000000 00000000 00000000 00000000
1 11 7 132 260 324 00000000 00000000 00000000 00000000
1 11 7 133 261 325 00000000 00000000 00000000 00000000
1 11 7 134 262 326 00000000 00000000 00000000 00000000
1 11 7 135 263 327 00000000 00000000 00000000 00000000
1 11 7 136 264 328 00000000 00000000 00000000 00000000
1 11 7 137 265 329 00000000 00000000 00000000 00000000
1 11 7 138 266 330 00000000 00000000 00000000 00000000
1 11 7 139 267 331 00000000 00000000 00000000 00000000
1 11 7 140 268 332 00000000 00000000 00000000 00000000
1 11 7 141 269 333 00000000 00000000 00000000 00000000
1 11 7 142 270 334 00000000 00000000 00000000 00000000
1 11 7 143 271 335 00000000 00000000 00000000 00000000
1 11 7 144 272 336 00000000 00000000 00000000 00000000
1 11 7 145 273 337 00000000 00000000 00000000 00000000
1 11 7 146 274 338 00000000 00000000 00000000 00000000
1 11 7 147 275 339 00000000 00000000 00000000 00000000
1 11 7 148 276 340 00000000 00000000 00000000 00000000
1 11 7 149 277 341 00000000 00000000 00000000 00000000
1 11 7 150 278 342 00000000 00000000 00000000 00000000
1 11 7 151 279 343 00000000 00000000 00000000 00000000
1 11 7 152 280 344 00000000 00000000 00000000 00000000
1 11 7 153 281 345 00000000 00000000 00000000 00000000
1 11 7 154 282 346 00000000 00000000 00000000 00000000
1 11 7 155 283 347 00000000 00000000 00000000 00000000
1 11 7 156 284 348 00000000 00000000 00000000 00000000
1 11 7 157 285 349 00000000 00000000 00000000 00000000
1 11 7 158 286 350 00000000 00000000 00000000 00000000
1 11 7 159 287 351 00000000 00000000 00000000 00000000
1 11 7 160 288 352 00000000 00000000 00000000 00000000
1 11 7 161 289 353 00000000 00000000 00000000 00000000
1 11 7 162 290 354 00000000 00000000 00000000 00000000
1 11 7 163 291 355 00000000 00000000 00000000 00000000
1 11 7 164 292 356 00000000 00000000 00000000 00000000
1 11 7 165 293 357 00000000 00000000 00000000 00000000
1 11 7 166 294 358 00000000 00000000 00000000 00000000
1 11 7 167 295 359 00000000 00000000 00000000 00000000
1 11 7 168 296 360 00000000 00000000 00000000 00000000
1 11 7 169 297 361 00000000 00000000 00000000 00000000
1 11 7 170 298 362 00000000 00000000 00000000 00000000
1 11 7 171 299 363 00000000 00000000 00000000 00000000
1 11 7 172 300 364 00000000 00000000 00000000 00000000
1 11 7 173 301 365 00000000 00000000 00000000 00000000
1 11 7 174 302 366 00000000 00000000 00000000 00000000
1 11 7 175 303 367 00000000 00000000 00000000 00000000
1 11 7 176 304 368 00000000 00000000 00000000 00000000
1 11 7 177 305 369 00000000 00000000 00000000 00000000
1 11 7 178 306 370 00000000 00000000 00000000 00000000
1 11 7 179 307 371 00000000 00000000 00000000 00000000
1 11 7 180 308 372 00000000 00000000 00000000 00000000
1 11 7 181 309 373 00000000 00000000 00000000 00000000
1 11 7 182 310 374 00000000 00000000 00000000 00000000
1 11 7 183 311 375 00000000 00000000 00000000 00000000
1 11 7 184 312 376 00000000 00000000 00000000 00000000
1 11 7 185 313 377 00000000 00000000 00000000 00000000
1 11 7 186 314 378 00000000 00000000 00000000 00000000
1 11 7 187 315 379 00000000 00000000 00000000 00000000
1 11 7 188 316 380 00000000 00000000 00000000 00000000
1 11 7 189 317 381 00000000 00000000 00000000 00000000
1 11 7 190 318 382 00000000 00000000 00000000 00000000
1 11 7 191 319 383 00000000 00000000 00000000 00000000
1 11 7 192 384 448 FC28F5C2 00000000 00000000 00000000
1 11 7 193 385 449 00000000 00000000 00000000 00000000
1 11 7 194 386 450 00000000 00000000 00000000 00000000
1 11 7 195 387 451 00000000 00000000 00000000 00000000
1 11 7 196 388 452 00000000 00000000 00000000 00000000
1 11 7 197 389 453 00000000 00000000 00000000 00000000
1 11 7 198 390 454 00000000 00000000 00000000 00000000
1 11 7 199 391 455 00000000 00000000 00000000 00000000
1 11 7 200 392 456 00000000 00000000 00000000 00000000
1 11 7 201 393 457 00000000 00000000 00000000 00000000
1 11 7 202 394 458 00000000 00000000 00000000 00000000
1 11 7 203 395 459 00000000 00000000 00000000 00000000
1 11 7 204 396 460 00000000 00000000 00000000 00000000
1 11 7 205 397 461 00000000 00000000 00000000 00000000
1 11 7 206 398 462 00000000 00000000 00000000 00000000
1 11 7 207 399 463 00000000 00000000 00000000 00000000
1 11 7 208 400 464 00000000 00000000 00000000 00000000
1 11 7 209 401 465 00000000 00000000 00000000 00000000
1 11 7 210 402 466 00000000 00000000 00000000 00000000
1 11 7 211 403 467 00000000 00000000 00000000 00000000
1 11 7 212 404 468 00000000 00000000 00000000 00000000
1 11 7 213 405 469 00000000 00000000 00000000 00000000
1 11 7 214 406 470 00000000 00000000 00000000 00000000
1 11 7 215 407 471 00000000 00000000 00000000 00000000
1 11 7 216 408 472 00000000 00000000 00000000 00000000
1 11 7 217 409 473 00000000 00000000 00000000 00000000
1 11 7 218 410 474 00000000 00000000 00000000 00000000
1 11 7 219 411 475 00000000 00000000 00000000 00000000
1 11 7 220 412 476 00000000 00000000 00000000 00000000
1 11 7 221 413 477 00000000 00000000 00000000 00000000
1 11 7 222 414 478 00000000 00000000 00000000 00000000
1 11 7 223 415 479 00000000 00000000 00000000 00000000
1 11 7 224 416 480 00000000 00000000 00000000 00000000
1 11 7 225 417 481 00000000 00000000 00000000 00000000
1 11 7 226 418 482 00000000 00000000 00000000 00000000
1 11 7 227 419 483 00000000 00000000 00000000 00000000
1 11 7 228 420 484 00000000 00000000 00000000 00000000
1 11 7 229 421 485 00000000 00000000 00000000 00000000
1 11 7 230 422 486 00000000 00000000 00000000 00000000
1 11 7 231 423 487 00000000 00000000 00000000 00000000
1 11 7 232 424 488 00000000 00000000 00000000 00000000
1 11 7 233 425 489 00000000 00000000 00000000 00000000
1 11 7 234 426 490 00000000 00000000 00000000 00000000
1 11 7 235 427 491 00000000 00000000 00000000 00000000
1 11 7 236 428 492 00000000 00000000 00000000 00000000
1 11 7 237 429 493 00000000 00000000 00000000 00000000
1 11 7 238 430 494 00000000 00000000 00000000 00000000
1 11 7 239 431 495 00000000 00000000 00000000 00000000
1 11 7 240 432 496 00000000 00000000 00000000 00000000
1 11 7 241 433 497 00000000 00000000 00000000 00000000
1 11 7 242 434 498 00000000 00000000 00000000 00000000
1 11 7 243 435 499 00000000 00000000 00000000 00000000
1 11 7 244 436 500 00000000 00000000 00000000 00000000
1 11 7 245 437 501 00000000 00000000 00000000 00000000
1 11 7 246 438 502 00000000 00000000 00000000 00000000
1 11 7 247 439 503 00000000 00000000 00000000 00000000
1 11 7 248 440 504 00000000 00000000 00000000 00000000
1 11 7 249 441 505 00000000 00000000 00000000 00000000
1 11 7 250 442 506 00000000 00000000 00000000 00000000
1 11 7 251 443 507 00000000 00000000 00000000 00000000
1 11 7 252 444 508 00000000 00000000 00000000 00000000
1 11 7 253 445 509 00000000 00000000 00000000 00000000
1 11 7 254 446 510 00000000 00000000 00000000 00000000
1 11 7 255 447 511 00000000 00000000 00000000 00000000
1 11 8 0 0 128 0410A3D7 FFC51EB8 00399999 003AE148
1 11 8 1 1 129 00065E89 001D05A7 006CD4A9 FFE2FA59
1 11 8 2 2 130 006C1A49 001E44E9 000718E9 FFE1BB17
1 11 8 3 3 131 003B0B5D FFC5232E 003827D5 003ADCD2
1 11 8 4 4 132 0005AC22 001BC1A7 006D8710 FFE43E59
1 11 8 5 5 133 006B58BE 001F806E 0007DA74 FFE07F92
1 11 8 6 6 134 003C7D45 FFC5312D 0036B5ED 003ACED3
1 11 8 7 7 135 00050162 001A7945 006E31D0 FFE586BB
1 11 8 8 8 136 006A8E48 0020B5E1 0008A4EA FFDF4A1F
1 11 8 9 9 137 003DEE4F FFC5472F 003544E3 003AB8D1
1 11 8 10 10 138 00045FA8 00192CAE 006ED38A FFE6D352
1 11 8 11 11 139 0069BD98 0021E77B 0009759A FFDE1885
1 11 8 12 12 140 003F5F1C FFC56726 0033D416 003A98DA
1 11 8 13 13 141 0003C569 0017DC8E 006F6DC9 FFE82372
1 11 8 14 14 142 0068E427 0023133E 000A4F0B FFDCECC2
1 11 8 15 15 143 0040CED1 FFC59025 00326461 003A6FDB
1 11 8 16 16 144 0003338E 00168867 006FFFA4 FFE97799
1 11 8 17 17 145 006804C4 00243991 000B2E6E FFDBC66F
1 11 8 18 18 146 00423D26 FFC5C24A 0030F60C 003A3DB6
1 11 8 19 19 147 0002AA3C 001530DF 007088F6 FFEACF21
1 11 8 20 20 148 00671DB6 00255A82 000C157C FFDAA57E
1 11 8 21 21 149 0043AA99 FFC5FC65 002F8899 003A039B
1 11 8 22 22 150 00022992 0013D5DF 007109A0 FFEC2A21
1 11 8 23 23 151 00662F7A 0026757D 000D03B8 FFD98A83
1 11 8 24 24 152 0045164A FFC6407F 002E1CE8 0039BF81
1 11 8 25 25 153 0001B0B4 0012782C 0071827E FFED87D4
1 11 8 26 26 154 00653A35 00278AA9 000DF8FD FFD87557
1 11 8 27 27 155 0046807B FFC68C84 002CB2B7 0039737C
1 11 8 28 28 156 00014127 001117A3 0071F20B FFEEE85D
1 11 8 29 29 157 00643E72 0028999D 000EF4C0 FFD76663
1 11 8 30 30 158 0047E7DF FFC6E2E9 002B4B53 00391D17
1 11 8 31 31 159 0000DA3C 000FB438 007258F6 FFF04BC8
1 11 8 32 32 160 00633BCC 0029A233 000FF766 FFD65DCD
1 11 8 33 33 161 00494DCF FFC740A3 0029E563 0038BF5D
1 11 8 34 34 162 00007C81 000E4E47 0072B6B1 FFF1B1B9
1 11 8 35 35 163 00623334 002AA4DA 0010FFFE FFD55B26
1 11 8 36 36 164 004AB13C FFC7A78F 002881F6 00385871
1 11 8 37 37 165 0000261C 000CE6E3 00730D16 FFF3191D
1 11 8 38 38 166 00612441 002BA09D 00120EF1 FFD45F63
1 11 8 39 39 167 004C11C3 FFC8171C 0027216F 0037E8E4
1 11 8 40 40 168 FFFFDA17 000B7CB2 0073591B FFF4834E
1 11 8 41 41 169 00600F15 002C95E2 0013241D FFD36A1E
1 11 8 42 42 170 004D6F76 FFC88FFA 0025C3BC 00377006
1 11 8 43 43 171 FFFF95FD 000A1101 00739D35 FFF5EEFF
1 11 8 44 44 172 005EF419 002D841E 00143F19 FFD27BE2
1 11 8 45 45 173 004ECA77 FFC910A4 002468BB 0036EF5C
1 11 8 46 46 174 FFFF5BE2 0008A38E 0073D750 FFF75C72
1 11 8 47 47 175 005DD329 002E6B2C 00156009 FFD194D4
1 11 8 48 48 176 005021FF FFC999F6 00231133 0036660A
1 11 8 49 49 177 FFFF29BC 00073539 00740976 FFF8CAC7
1 11 8 50 50 178 005CACD5 002F4A8F 0016865D FFD0B571
1 11 8 51 51 179 00517626 FFCA2BD1 0021BD0C 0035D42F
1 11 8 52 52 180 FFFF00BE 0005C584 00743274 FFFA3A7C
1 11 8 53 53 181 005B8112 00302401 0017B220 FFCFDBFF
1 11 8 54 54 182 0052C646 FFCAC611 00206CEC 003539EF
1 11 8 55 55 183 FFFEE0C7 000454B7 0074526B FFFBAB49
1 11 8 56 56 184 005A4F79 0030F4B0 0018E3B9 FFCF0B50
1 11 8 57 57 185 005412DC FFCB67CB 001F2056 00349835
1 11 8 58 58 186 FFFECAC3 0002E3AE 0074686F FFFD1C52
1 11 8 59 59 187 00591A06 0031BF26 001A192C FFCE40DA
1 11 8 60 60 188 00555B3E FFCC128A 001DD7F4 0033ED76
1 11 8 61 61 189 FFFEBCC6 000171C5 0074766C FFFE8E3B
1 11 8 62 62 190 0057DE81 003280B2 001B54B1 FFCD7F4E
1 11 8 63 63 191 00569F3F FFCCC4F2 001C93F3 00333B0E
1 11 8 64 64 192 FFFEB851 00000000 00747AE1 00000000
1 11 8 65 65 193 00569F40 00333B10 001C93F2 FFCCC4F0
1 11 8 66 66 194 0057DE82 FFCD7F50 001B54B0 003280B0
1 11 8 67 67 195 FFFEBCC7 FFFE8E3C 0074766B 000171C4
1 11 8 68 68 196 00555B40 0033ED77 001DD7F2 FFCC1289
1 11 8 69 69 197 00591A07 FFCE40DB 001A192B 0031BF25
1 11 8 70 70 198 FFFECAC6 FFFD1C54 0074686C 0002E3AC
1 11 8 71 71 199 005412DE 00349837 001F2054 FFCB67C9
1 11 8 72 72 200 005A4F7A FFCF0B51 0018E3B8 0030F4AF
1 11 8 73 73 201 FFFEE0C8 FFFBAB4A 0074526A 000454B6
1 11 8 74 74 202 0052C647 003539F1 00206CEB FFCAC60F
1 11 8 75 75 203 005B8114 FFCFDC01 0017B21E 003023FF
1 11 8 76 76 204 FFFF00BF FFFA3A7D 00743273 0005C583
1 11 8 77 77 205 00517627 0035D430 0021BD0B FFCA2BD0
1 11 8 78 78 206 005CACD7 FFD0B572 0016865B 002F4A8E
1 11 8 79 79 207 FFFF29BE FFF8CAC8 00740974 00073538
1 11 8 80 80 208 00502200 0036660B 00231132 FFC999F5
1 11 8 81 81 209 005DD32A FFD194D5 00156008 002E6B2B
1 11 8 82 82 210 FFFF5BE3 FFF75C73 0073D74F 0008A38D
1 11 8 83 83 211 004ECA78 0036EF5D 002468BA FFC910A3
1 11 8 84 84 212 005EF41B FFD27BE3 00143F17 002D841D
1 11 8 85 85 213 FFFF95FE FFF5EF00 00739D34 000A1100
1 11 8 86 86 214 004D6F78 00377007 0025C3BA FFC88FF9
1 11 8 87 87 215 00600F16 FFD36A1F 0013241C 002C95E1
1 11 8 88 88 216 FFFFDA18 FFF4834F 0073591A 000B7CB1
1 11 8 89 89 217 004C11C5 0037E8E5 0027216D FFC8171B
1 11 8 90 90 218 00612442 FFD45F64 00120EF0 002BA09C
1 11 8 91 91 219 0000261D FFF3191E 00730D15 000CE6E2
1 11 8 92 92 220 004AB13C 00385872 002881F6 FFC7A78E
1 11 8 93 93 221 00623336 FFD55B27 0010FFFC 002AA4D9
1 11 8 94 94 222 00007C82 FFF1B1BA 0072B6B0 000E4E46
1 11 8 95 95 223 00494DD1 0038BF5D 0029E561 FFC740A3
1 11 8 96 96 224 00633BCC FFD65DCD 000FF766 0029A233
1 11 8 97 97 225 0000DA3C FFF04BCA 007258F6 000FB436
1 11 8 98 98 226 0047E7E0 00391D18 002B4B52 FFC6E2E8
1 11 8 99 99 227 00643E73 FFD76665 000EF4BF 0028999B
1 11 8 100 100 228 00014128 FFEEE85D 0071F20A 001117A3
1 11 8 101 101 229 0046807C 0039737D 002CB2B6 FFC68C83
1 11 8 102 102 230 00653A36 FFD87558 000DF8FC 00278AA8
1 11 8 103 103 231 0001B0B5 FFED87D6 0071827D 0012782A
1 11 8 104 104 232 0045164B 0039BF82 002E1CE7 FFC6407E
1 11 8 105 105 233 00662F7B FFD98A84 000D03B7 0026757C
1 11 8 106 106 234 00022993 FFEC2A23 0071099F 0013D5DD
1 11 8 107 107 235 0043AA9A 003A039C 002F8898 FFC5FC64
1 11 8 108 108 236 00671DB7 FFDAA580 000C157B 00255A80
1 11 8 109 109 237 0002AA3D FFEACF22 007088F5 001530DE
1 11 8 110 110 238 00423D27 003A3DB7 0030F60B FFC5C249
1 11 8 111 111 239 006804C5 FFDBC670 000B2E6D 00243990
1 11 8 112 112 240 0003338F FFE9779A 006FFFA3 00168866
1 11 8 113 113 241 0040CED2 003A6FDD 00326460 FFC59023
1 11 8 114 114 242 0068E428 FFDCECC4 000A4F0A 0023133C
1 11 8 115 115 243 0003C56A FFE82373 006F6DC8 0017DC8D
1 11 8 116 116 244 003F5F1D 003A98DB 0033D415 FFC56725
1 11 8 117 117 245 0069BD9A FFDE1887 00097598 0021E779
1 11 8 118 118 246 00045FAA FFE6D353 006ED388 00192CAD
1 11 8 119 119 247 003DEE50 003AB8D2 003544E2 FFC5472E
1 11 8 120 120 248 006A8E49 FFDF4A20 0008A4E9 0020B5E0
1 11 8 121 121 249 00050164 FFE586BD 006E31CE 001A7943
1 11 8 122 122 250 003C7D47 003ACED6 0036B5EB FFC5312A
1 11 8 123 123 251 006B58BF FFE07F93 0007DA73 001F806D
1 11 8 124 124 252 0005AC23 FFE43E5B 006D870F 001BC1A5
1 11 8 125 125 253 003B0B5E 003ADCD3 003827D4 FFC5232D
1 11 8 126 126 254 006C1A4B FFE1BB18 000718E7 001E44E8
1 11 8 127 127 255 00065E8B FFE2FA5A 006CD4A7 001D05A6
1 11 8 128 256 384 FC28F5C2 00000000 00000000 00000000
1 11 8 129 257 385 00000000 00000000 00000000 00000000
1 11 8 130 258 386 00000000 00000000 00000000 00000000
1 11 8 131 259 387 00000000 00000000 00000000 00000000
1 11 8 132 260 388 00000000 00000000 00000000 00000000
1 11 8 133 261 389 00000000 00000000 00000000 00000000
1 11 8 134 262 390 00000000 00000000 00000000 00000000
1 11 8 135 263 391 00000000 00000000 00000000 00000000
1 11 8 136 264 392 00000000 00000000 00000000 00000000
1 11 8 137 265 393 00000000 00000000 00000000 00000000
1 11 8 138 266 394 00000000 00000000 00000000 00000000
1 11 8 139 267 395 00000000 00000000 00000000 00000000
1 11 8 140 268 396 00000000 00000000 00000000 00000000
1 11 8 141 269 397 00000000 00000000 00000000 00000000
1 11 8 142 270 398 00000000 00000000 00000000 00000000
1 11 8 143 271 399 00000000 00000000 00000000 00000000
1 11 8 144 272 400 00000000 00000000 00000000 00000000
1 11 8 145 273 401 00000000 00000000 00000000 00000000
1 11 8 146 274 402 00000000 00000000 00000000 00000000
1 11 8 147 275 403 00000000 00000000 00000000 00000000
1 11 8 148 276 404 00000000 00000000 00000000 00000000
1 11 8 149 277 405 00000000 00000000 00000000 00000000
1 11 8 150 278 406 00000000 00000000 00000000 00000000
1 11 8 151 279 407 00000000 00000000 00000000 00000000
1 11 8 152 280 408 00000000 00000000 00000000 00000000
1 11 8 153 281 409 00000000 00000000 00000000 00000000
1 11 8 154 282 410 00000000 00000000 00000000 00000000
1 11 8 155 283 411 00000000 00000000 00000000 00000000
1 11 8 156 284 412 00000000 00000000 00000000 00000000
1 11 8 157 285 413 00000000 00000000 00000000 00000000
1 11 8 158 286 414 00000000 00000000 00000000 00000000
1 11 8 159 287 415 00000000 00000000 00000000 00000000
1 11 8 160 288 416 00000000 00000000 00000000 00000000
1 11 8 161 289 417 00000000 00000000 00000000 00000000
1 11 8 162 290 418 00000000 00000000 00000000 00000000
1 11 8 163 291 419 00000000 00000000 00000000 00000000
1 11 8 164 292 420 00000000 00000000 00000000 00000000
1 11 8 165 293 421 00000000 00000000 00000000 00000000
1 11 8 166 294 422 00000000 00000000 00000000 00000000
1 11 8 167 295 423 00000000 00000000 00000000 00000000
1 11 8 168 296 424 00000000 00000000 00000000 00000000
1 11 8 169 297 425 00000000 00000000 00000000 00000000
1 11 8 170 298 426 00000000 00000000 00000000 00000000
1 11 8 171 299 427 00000000 00000000 00000000 00000000
1 11 8 172 300 428 00000000 00000000 00000000 00000000
1 11 8 173 301 429 00000000 00000000 00000000 00000000
1 11 8 174 302 430 00000000 00000000 00000000 00000000
1 11 8 175 303 431 00000000 00000000 00000000 00000000
1 11 8 176 304 432 00000000 00000000 00000000 00000000
1 11 8 177 305 433 00000000 00000000 00000000 00000000
1 11 8 178 306 434 00000000 00000000 00000000 00000000
1 11 8 179 307 435 00000000 00000000 00000000 00000000
1 11 8 180 308 436 00000000 00000000 00000000 00000000
1 11 8 181 309 437 00000000 00000000 00000000 00000000
1 11 8 182 310 438 00000000 00000000 00000000 00000000
1 11 8 183 311 439 00000000 00000000 00000000 00000000
1 11 8 184 312 440 00000000 00000000 00000000 00000000
1 11 8 185 313 441 00000000 00000000 00000000 00000000
1 11 8 186 314 442 00000000 00000000 00000000 00000000
1 11 8 187 315 443 00000000 00000000 00000000 00000000
1 11 8 188 316 444 00000000 00000000 00000000 00000000
1 11 8 189 317 445 00000000 00000000 00000000 00000000
1 11 8 190 318 446 00000000 00000000 00000000 00000000
1 11 8 191 319 447 00000000 00000000 00000000 00000000
1 11 8 192 320 448 00000000 00000000 00000000 00000000
1 11 8 193 321 449 00000000 00000000 00000000 00000000
1 11 8 194 322 450 00000000 00000000 00000000 00000000
1 11 8 195 323 451 00000000 00000000 00000000 00000000
1 11 8 196 324 452 00000000 00000000 00000000 00000000
1 11 8 197 325 453 00000000 00000000 00000000 00000000
1 11 8 198 326 454 00000000 00000000 00000000 00000000
1 11 8 199 327 455 00000000 00000000 00000000 00000000
1 11 8 200 328 456 00000000 00000000 00000000 00000000
1 11 8 201 329 457 00000000 00000000 00000000 00000000
1 11 8 202 330 458 00000000 00000000 00000000 00000000
1 11 8 203 331 459 00000000 00000000 00000000 00000000
1 11 8 204 332 460 00000000 00000000 00000000 00000000
1 11 8 205 333 461 00000000 00000000 00000000 00000000
1 11 8 206 334 462 00000000 00000000 00000000 00000000
1 11 8 207 335 463 00000000 00000000 00000000 00000000
1 11 8 208 336 464 00000000 00000000 00000000 00000000
1 11 8 209 337 465 00000000 00000000 00000000 00000000
1 11 8 210 338 466 00000000 00000000 00000000 00000000
1 11 8 211 339 467 00000000 00000000 00000000 00000000
1 11 8 212 340 468 00000000 00000000 00000000 00000000
1 11 8 213 341 469 00000000 00000000 00000000 00000000
1 11 8 214 342 470 00000000 00000000 00000000 00000000
1 11 8 215 343 471 00000000 00000000 00000000 00000000
1 11 8 216 344 472 00000000 00000000 00000000 00000000
1 11 8 217 345 473 00000000 00000000 00000000 00000000
1 11 8 218 346 474 00000000 00000000 00000000 00000000
1 11 8 219 347 475 00000000 00000000 00000000 00000000
1 11 8 220 348 476 00000000 00000000 00000000 00000000
1 11 8 221 349 477 00000000 00000000 00000000 00000000
1 11 8 222 350 478 00000000 00000000 00000000 00000000
1 11 8 223 351 479 00000000 00000000 00000000 00000000
1 11 8 224 352 480 00000000 00000000 00000000 00000000
1 11 8 225 353 481 00000000 00000000 00000000 00000000
1 11 8 226 354 482 00000000 00000000 00000000 00000000
1 11 8 227 355 483 00000000 00000000 00000000 00000000
1 11 8 228 356 484 00000000 00000000 00000000 00000000
1 11 8 229 357 485 00000000 00000000 00000000 00000000
1 11 8 230 358 486 00000000 00000000 00000000 00000000
1 11 8 231 359 487 00000000 00000000 00000000 00000000
1 11 8 232 360 488 00000000 00000000 00000000 00000000
1 11 8 233 361 489 00000000 00000000 00000000 00000000
1 11 8 234 362 490 00000000 00000000 00000000 00000000
1 11 8 235 363 491 00000000 00000000 00000000 00000000
1 11 8 236 364 492 00000000 00000000 00000000 00000000
1 11 8 237 365 493 00000000 00000000 00000000 00000000
1 11 8 238 366 494 00000000 00000000 00000000 00000000
1 11 8 239 367 495 00000000 00000000 00000000 00000000
1 11 8 240 368 496 00000000 00000000 00000000 00000000
1 11 8 241 369 497 00000000 00000000 00000000 00000000
1 11 8 242 370 498 00000000 00000000 00000000 00000000
1 11 8 243 371 499 00000000 00000000 00000000 00000000
1 11 8 244 372 500 00000000 00000000 00000000 00000000
1 11 8 245 373 501 00000000 00000000 00000000 00000000
1 11 8 246 374 502 00000000 00000000 00000000 00000000
1 11 8 247 375 503 00000000 00000000 00000000 00000000
1 11 8 248 376 504 00000000 00000000 00000000 00000000
1 11 8 249 377 505 00000000 00000000 00000000 00000000
1 11 8 250 378 506 00000000 00000000 00000000 00000000
1 11 8 251 379 507 00000000 00000000 00000000 00000000
1 11 8 252 380 508 00000000 00000000 00000000 00000000
1 11 8 253 381 509 00000000 00000000 00000000 00000000
1 11 8 254 382 510 00000000 00000000 00000000 00000000
1 11 8 255 383 511 00000000 00000000 00000000 00000000
1 11 9 0 0 256 001CCCCC FFE28F5C 03F3D70A FFE28F5C
1 11 9 1 1 257 00032F44 000E82D3 00032F44 000E82D3
1 11 9 2 2 258 00360D24 000F2274 00360D24 000F2274
1 11 9 3 3 259 001D85AE FFE29197 001D85AE FFE29197
1 11 9 4 4 260 0002D611 000DE0D3 0002D611 000DE0D3
1 11 9 5 5 261 0035AC5F 000FC037 0035AC5F 000FC037
1 11 9 6 6 262 001E3EA2 FFE29896 001E3EA2 FFE29896
1 11 9 7 7 263 000280B1 000D3CA2 000280B1 000D3CA2
1 11 9 8 8 264 00354724 00105AF0 00354724 00105AF0
1 11 9 9 9 265 001EF727 FFE2A397 001EF727 FFE2A397
1 11 9 10 10 266 00022FD4 000C9657 00022FD4 000C9657
1 11 9 11 11 267 0034DECC 0010F3BD 0034DECC 0010F3BD
1 11 9 12 12 268 001FAF8E FFE2B393 001FAF8E FFE2B393
1 11 9 13 13 269 0001E2B4 000BEE47 0001E2B4 000BEE47
1 11 9 14 14 270 00347213 0011899F 00347213 0011899F
1 11 9 15 15 271 00206768 FFE2C812 00206768 FFE2C812
1 11 9 16 16 272 000199C7 000B4433 000199C7 000B4433
1 11 9 17 17 273 00340262 00121CC8 00340262 00121CC8
1 11 9 18 18 274 00211E93 FFE2E125 00211E93 FFE2E125
1 11 9 19 19 275 0001551E 000A986F 0001551E 000A986F
1 11 9 20 20 276 00338EDB 0012AD41 00338EDB 0012AD41
1 11 9 21 21 277 0021D54C FFE2FE32 0021D54C FFE2FE32
1 11 9 22 22 278 000114C9 0009EAEF 000114C9 0009EAEF
1 11 9 23 23 279 003317BD 00133ABE 003317BD 00133ABE
1 11 9 24 24 280 00228B25 FFE3203F 00228B25 FFE3203F
1 11 9 25 25 281 0000D85A 00093C16 0000D85A 00093C16
1 11 9 26 26 282 00329D1A 0013C554 00329D1A 0013C554
1 11 9 27 27 283 0023403D FFE34642 0023403D FFE34642
1 11 9 28 28 284 0000A093 00088BD1 0000A093 00088BD1
1 11 9 29 29 285 00321F39 00144CCE 00321F39 00144CCE
1 11 9 30 30 286 0023F3EF FFE37174 0023F3EF FFE37174
1 11 9 31 31 287 00006D1E 0007DA1C 00006D1E 0007DA1C
1 11 9 32 32 288 00319DE6 0014D119 00319DE6 0014D119
1 11 9 33 33 289 0024A6E7 FFE3A051 0024A6E7 FFE3A051
1 11 9 34 34 290 00003E40 00072723 00003E40 00072723
1 11 9 35 35 291 0031199A 0015526D 0031199A 0015526D
1 11 9 36 36 292 0025589E FFE3D3C7 0025589E FFE3D3C7
1 11 9 37 37 293 0000130E 00067371 0000130E 00067371
1 11 9 38 38 294 00309220 0015D04E 00309220 0015D04E
1 11 9 39 39 295 002608E1 FFE40B8E 002608E1 FFE40B8E
1 11 9 40 40 296 FFFFED0B 0005BE59 FFFFED0B 0005BE59
1 11 9 41 41 297 0030078A 00164AF1 0030078A 00164AF1
1 11 9 42 42 298 0026B7BB FFE447FD 0026B7BB FFE447FD
1 11 9 43 43 299 FFFFCAFE 00050880 FFFFCAFE 00050880
1 11 9 44 44 300 002F7A0C 0016C20F 002F7A0C 0016C20F
1 11 9 45 45 301 0027653B FFE48852 0027653B FFE48852
1 11 9 46 46 302 FFFFADF1 000451C7 FFFFADF1 000451C7
1 11 9 47 47 303 002EE994 00173596 002EE994 00173596
1 11 9 48 48 304 002810FF FFE4CCFB 002810FF FFE4CCFB
1 11 9 49 49 305 FFFF94DE 00039A9C FFFF94DE 00039A9C
1 11 9 50 50 306 002E566A 0017A547 002E566A 0017A547
1 11 9 51 51 307 0028BB13 FFE515E8 0028BB13 FFE515E8
1 11 9 52 52 308 FFFF805F 0002E2C2 FFFF805F 0002E2C2
1 11 9 53 53 309 002DC089 00181200 002DC089 00181200
1 11 9 54 54 310 00296323 FFE56308 00296323 FFE56308
1 11 9 55 55 311 FFFF7063 00022A5B FFFF7063 00022A5B
1 11 9 56 56 312 002D27BC 00187A58 002D27BC 00187A58
1 11 9 57 57 313 002A096E FFE5B3E5 002A096E FFE5B3E5
1 11 9 58 58 314 FFFF6561 000171D7 FFFF6561 000171D7
1 11 9 59 59 315 002C8D03 0018DF93 002C8D03 0018DF93
1 11 9 60 60 316 002AAD9F FFE60945 002AAD9F FFE60945
1 11 9 61 61 317 FFFF5E63 0000B8E2 FFFF5E63 0000B8E2
1 11 9 62 62 318 002BEF40 00194059 002BEF40 00194059
1 11 9 63 63 319 002B4F9F FFE66279 002B4F9F FFE66279
1 11 9 64 64 320 FFFF5C28 00000000 FFFF5C28 00000000
1 11 9 65 65 321 002B4FA0 00199D88 002B4FA0 00199D88
1 11 9 66 66 322 002BEF41 FFE6BFA8 002BEF41 FFE6BFA8
1 11 9 67 67 323 FFFF5E63 FFFF471E FFFF5E63 FFFF471E
1 11 9 68 68 324 002AADA0 0019F6BB 002AADA0 0019F6BB
1 11 9 69 69 325 002C8D03 FFE7206D 002C8D03 FFE7206D
1 11 9 70 70 326 FFFF6563 FFFE8E2A FFFF6563 FFFE8E2A
1 11 9 71 71 327 002A096F 001A4C1B 002A096F 001A4C1B
1 11 9 72 72 328 002D27BD FFE785A8 002D27BD FFE785A8
1 11 9 73 73 329 FFFF7064 FFFDD5A5 FFFF7064 FFFDD5A5
1 11 9 74 74 330 00296323 001A9CF8 00296323 001A9CF8
1 11 9 75 75 331 002DC08A FFE7EE00 002DC08A FFE7EE00
1 11 9 76 76 332 FFFF805F FFFD1D3E FFFF805F FFFD1D3E
1 11 9 77 77 333 0028BB13 001AEA18 0028BB13 001AEA18
1 11 9 78 78 334 002E566B FFE85AB9 002E566B FFE85AB9
1 11 9 79 79 335 FFFF94DF FFFC6564 FFFF94DF FFFC6564
1 11 9 80 80 336 00281100 001B3305 00281100 001B3305
1 11 9 81 81 337 002EE995 FFE8CA6A 002EE995 FFE8CA6A
1 11 9 82 82 338 FFFFADF1 FFFBAE39 FFFFADF1 FFFBAE39
1 11 9 83 83 339 0027653C 001B77AE 0027653C 001B77AE
1 11 9 84 84 340 002F7A0D FFE93DF1 002F7A0D FFE93DF1
1 11 9 85 85 341 FFFFCAFF FFFAF780 FFFFCAFF FFFAF780
1 11 9 86 86 342 0026B7BC 001BB803 0026B7BC 001BB803
1 11 9 87 87 343 0030078B FFE9B50F 0030078B FFE9B50F
1 11 9 88 88 344 FFFFED0C FFFA41A7 FFFFED0C FFFA41A7
1 11 9 89 89 345 002608E2 001BF472 002608E2 001BF472
1 11 9 90 90 346 00309221 FFEA2FB2 00309221 FFEA2FB2
1 11 9 91 91 347 0000130E FFF98C8F 0000130E FFF98C8F
1 11 9 92 92 348 0025589E 001C2C39 0025589E 001C2C39
1 11 9 93 93 349 0031199B FFEAAD93 0031199B FFEAAD93
1 11 9 94 94 350 00003E41 FFF8D8DD 00003E41 FFF8D8DD
1 11 9 95 95 351 0024A6E8 001C5FAE 0024A6E8 001C5FAE
1 11 9 96 96 352 00319DE6 FFEB2EE6 00319DE6 FFEB2EE6
1 11 9 97 97 353 00006D1E FFF825E5 00006D1E FFF825E5
1 11 9 98 98 354 0023F3F0 001C8E8C 0023F3F0 001C8E8C
1 11 9 99 99 355 00321F39 FFEBB332 00321F39 FFEBB332
1 11 9 100 100 356 0000A094 FFF7742E 0000A094 FFF7742E
1 11 9 101 101 357 0023403E 001CB9BE 0023403E 001CB9BE
1 11 9 102 102 358 00329D1B FFEC3AAC 00329D1B FFEC3AAC
1 11 9 103 103 359 0000D85A FFF6C3EB 0000D85A FFF6C3EB
1 11 9 104 104 360 00228B25 001CDFC1 00228B25 001CDFC1
1 11 9 105 105 361 003317BD FFECC542 003317BD FFECC542
1 11 9 106 106 362 000114C9 FFF61511 000114C9 FFF61511
1 11 9 107 107 363 0021D54D 001D01CE 0021D54D 001D01CE
1 11 9 108 108 364 00338EDB FFED52C0 00338EDB FFED52C0
1 11 9 109 109 365 0001551E FFF56791 0001551E FFF56791
1 11 9 110 110 366 00211E93 001D1EDB 00211E93 001D1EDB
1 11 9 111 111 367 00340262 FFEDE338 00340262 FFEDE338
1 11 9 112 112 368 000199C7 FFF4BBCD 000199C7 FFF4BBCD
1 11 9 113 113 369 00206769 001D37EE 00206769 001D37EE
1 11 9 114 114 370 00347214 FFEE7662 00347214 FFEE7662
1 11 9 115 115 371 0001E2B5 FFF411B9 0001E2B5 FFF411B9
1 11 9 116 116 372 001FAF8E 001D4C6D 001FAF8E 001D4C6D
1 11 9 117 117 373 0034DECD FFEF0C43 0034DECD FFEF0C43
1 11 9 118 118 374 00022FD5 FFF369A9 00022FD5 FFF369A9
1 11 9 119 119 375 001EF728 001D5C69 001EF728 001D5C69
1 11 9 120 120 376 00354724 FFEFA510 00354724 FFEFA510
1 11 9 121 121 377 000280B2 FFF2C35E 000280B2 FFF2C35E
1 11 9 122 122 378 001E3EA3 001D676B 001E3EA3 001D676B
1 11 9 123 123 379 0035AC5F FFF03FC9 0035AC5F FFF03FC9
1 11 9 124 124 380 0002D611 FFF21F2D 0002D611 FFF21F2D
1 11 9 125 125 381 001D85AF 001D6E69 001D85AF 001D6E69
1 11 9 126 126 382 00360D25 FFF0DD8C 00360D25 FFF0DD8C
1 11 9 127 127 383 00032F45 FFF17D2D 00032F45 FFF17D2D
1 11 9 128 128 384 001CCCCC 001D70A4 001CCCCC 001D70A4
1 11 9 129 129 385 00366A54 FFF17D2C 00366A54 FFF17D2C
1 11 9 130 130 386 00038C74 FFF0DD8B 00038C74 FFF0DD8B
1 11 9 131 131 387 001C13EA 001D6E69 001C13EA 001D6E69
1 11 9 132 132 388 0036C388 FFF21F2C 0036C388 FFF21F2C
1 11 9 133 133 389 0003ED3A FFF03FC9 0003ED3A FFF03FC9
1 11 9 134 134 390 001B5AF6 001D6769 001B5AF6 001D6769
1 11 9 135 135 391 003718E8 FFF2C35D 003718E8 FFF2C35D
1 11 9 136 136 392 00045275 FFEFA50F 00045275 FFEFA50F
1 11 9 137 137 393 001AA271 001D5C68 001AA271 001D5C68
1 11 9 138 138 394 003769C5 FFF369A9 003769C5 FFF369A9
1 11 9 139 139 395 0004BACD FFEF0C42 0004BACD FFEF0C42
1 11 9 140 140 396 0019EA0B 001D4C6D 0019EA0B 001D4C6D
1 11 9 141 141 397 0037B6E4 FFF411B9 0037B6E4 FFF411B9
1 11 9 142 142 398 00052785 FFEE7661 00052785 FFEE7661
1 11 9 143 143 399 00193230 001D37ED 00193230 001D37ED
1 11 9 144 144 400 0037FFD2 FFF4BBCC 0037FFD2 FFF4BBCC
1 11 9 145 145 401 00059737 FFEDE337 00059737 FFEDE337
1 11 9 146 146 402 00187B06 001D1EDB 00187B06 001D1EDB
1 11 9 147 147 403 0038447B FFF56790 0038447B FFF56790
1 11 9 148 148 404 00060ABE FFED52BF 00060ABE FFED52BF
1 11 9 149 149 405 0017C44C 001D01CD 0017C44C 001D01CD
1 11 9 150 150 406 003884D0 FFF61510 003884D0 FFF61510
1 11 9 151 151 407 000681DC FFECC541 000681DC FFECC541
1 11 9 152 152 408 00170E74 001CDFC0 00170E74 001CDFC0
1 11 9 153 153 409 0038C13F FFF6C3EA 0038C13F FFF6C3EA
1 11 9 154 154 410 0006FC7E FFEC3AAB 0006FC7E FFEC3AAB
1 11 9 155 155 411 0016595B 001CB9BE 0016595B 001CB9BE
1 11 9 156 156 412 0038F905 FFF7742E 0038F905 FFF7742E
1 11 9 157 157 413 00077A60 FFEBB331 00077A60 FFEBB331
1 11 9 158 158 414 0015A5A9 001C8E8B 0015A5A9 001C8E8B
1 11 9 159 159 415 00392C7B FFF825E4 00392C7B FFF825E4
1 11 9 160 160 416 0007FBB3 FFEB2EE6 0007FBB3 FFEB2EE6
1 11 9 161 161 417 0014F2B1 001C5FAE 0014F2B1 001C5FAE
1 11 9 162 162 418 00395B58 FFF8D8DC 00395B58 FFF8D8DC
1 11 9 163 163 419 00087FFF FFEAAD93 00087FFF FFEAAD93
1 11 9 164 164 420 001440FB 001C2C38 001440FB 001C2C38
1 11 9 165 165 421 0039868B FFF98C8E 0039868B FFF98C8E
1 11 9 166 166 422 00090778 FFEA2FB1 00090778 FFEA2FB1
1 11 9 167 167 423 001390B7 001BF472 001390B7 001BF472
1 11 9 168 168 424 0039AC8D FFFA41A7 0039AC8D FFFA41A7
1 11 9 169 169 425 0009920E FFE9B50F 0009920E FFE9B50F
1 11 9 170 170 426 0012E1DE 001BB803 0012E1DE 001BB803
1 11 9 171 171 427 0039CE9A FFFAF77F 0039CE9A FFFAF77F
1 11 9 172 172 428 000A1F8C FFE93DF1 000A1F8C FFE93DF1
1 11 9 173 173 429 0012345D 001B77AE 0012345D 001B77AE
1 11 9 174 174 430 0039EBA8 FFFBAE39 0039EBA8 FFFBAE39
1 11 9 175 175 431 000AB004 FFE8CA6A 000AB004 FFE8CA6A
1 11 9 176 176 432 00118899 001B3305 00118899 001B3305
1 11 9 177 177 433 003A04BB FFFC6563 003A04BB FFFC6563
1 11 9 178 178 434 000B432E FFE85AB8 000B432E FFE85AB8
1 11 9 179 179 435 0010DE86 001AEA17 0010DE86 001AEA17
1 11 9 180 180 436 003A193A FFFD1D3E 003A193A FFFD1D3E
1 11 9 181 181 437 000BD910 FFE7EDFF 000BD910 FFE7EDFF
1 11 9 182 182 438 00103676 001A9CF7 00103676 001A9CF7
1 11 9 183 183 439 003A2935 FFFDD5A4 003A2935 FFFDD5A4
1 11 9 184 184 440 000C71DC FFE785A8 000C71DC FFE785A8
1 11 9 185 185 441 000F902B 001A4C1A 000F902B 001A4C1A
1 11 9 186 186 442 003A3437 FFFE8E29 003A3437 FFFE8E29
1 11 9 187 187 443 000D0C96 FFE7206D 000D0C96 FFE7206D
1 11 9 188 188 444 000EEBFA 0019F6BB 000EEBFA 0019F6BB
1 11 9 189 189 445 003A3B36 FFFF471D 003A3B36 FFFF471D
1 11 9 190 190 446 000DAA58 FFE6BFA7 000DAA58 FFE6BFA7
1 11 9 191 191 447 000E49F9 00199D87 000E49F9 00199D87
1 11 9 192 192 448 003A3D70 00000000 003A3D70 00000000
1 11 9 193 193 449 000E49F9 FFE66278 000E49F9 FFE66278
1 11 9 194 194 450 000DAA58 00194058 000DAA58 00194058
1 11 9 195 195 451 003A3B35 0000B8E2 003A3B35 0000B8E2
1 11 9 196 196 452 000EEBF9 FFE60944 000EEBF9 FFE60944
1 11 9 197 197 453 000D0C95 0018DF92 000D0C95 0018DF92
1 11 9 198 198 454 003A3436 000171D6 003A3436 000171D6
1 11 9 199 199 455 000F902A FFE5B3E4 000F902A FFE5B3E4
1 11 9 200 200 456 000C71DC 00187A57 000C71DC 00187A57
1 11 9 201 201 457 003A2935 00022A5B 003A2935 00022A5B
1 11 9 202 202 458 00103675 FFE56307 00103675 FFE56307
1 11 9 203 203 459 000BD90F 001811FF 000BD90F 001811FF
1 11 9 204 204 460 003A1939 0002E2C1 003A1939 0002E2C1
1 11 9 205 205 461 0010DE85 FFE515E8 0010DE85 FFE515E8
1 11 9 206 206 462 000B432D 0017A547 000B432D 0017A547
1 11 9 207 207 463 003A04BA 00039A9C 003A04BA 00039A9C
1 11 9 208 208 464 00118899 FFE4CCFA 00118899 FFE4CCFA
1 11 9 209 209 465 000AB004 00173595 000AB004 00173595
1 11 9 210 210 466 0039EBA7 000451C6 0039EBA7 000451C6
1 11 9 211 211 467 0012345D FFE48851 0012345D FFE48851
1 11 9 212 212 468 000A1F8B 0016C20E 000A1F8B 0016C20E
1 11 9 213 213 469 0039CE9A 00050880 0039CE9A 00050880
1 11 9 214 214 470 0012E1DD FFE447FC 0012E1DD FFE447FC
1 11 9 215 215 471 0009920E 00164AF0 0009920E 00164AF0
1 11 9 216 216 472 0039AC8D 0005BE58 0039AC8D 0005BE58
1 11 9 217 217 473 001390B6 FFE40B8D 001390B6 FFE40B8D
1 11 9 218 218 474 00090778 0015D04E 00090778 0015D04E
1 11 9 219 219 475 0039868A 00067371 0039868A 00067371
1 11 9 220 220 476 001440FB FFE3D3C7 001440FB FFE3D3C7
1 11 9 221 221 477 00087FFE 0015526C 00087FFE 0015526C
1 11 9 222 222 478 00395B58 00072723 00395B58 00072723
1 11 9 223 223 479 0014F2B0 FFE3A051 0014F2B0 FFE3A051
1 11 9 224 224 480 0007FBB3 0014D119 0007FBB3 0014D119
1 11 9 225 225 481 00392C7B 0007DA1B 00392C7B 0007DA1B
1 11 9 226 226 482 0015A5A9 FFE37174 0015A5A9 FFE37174
1 11 9 227 227 483 00077A5F 00144CCD 00077A5F 00144CCD
1 11 9 228 228 484 0038F905 00088BD1 0038F905 00088BD1
1 11 9 229 229 485 0016595B FFE34641 0016595B FFE34641
1 11 9 230 230 486 0006FC7E 0013C554 0006FC7E 0013C554
1 11 9 231 231 487 0038C13E 00093C15 0038C13E 00093C15
1 11 9 232 232 488 00170E73 FFE3203F 00170E73 FFE3203F
1 11 9 233 233 489 000681DB 00133ABE 000681DB 00133ABE
1 11 9 234 234 490 003884CF 0009EAEE 003884CF 0009EAEE
1 11 9 235 235 491 0017C44C FFE2FE32 0017C44C FFE2FE32
1 11 9 236 236 492 00060ABD 0012AD40 00060ABD 0012AD40
1 11 9 237 237 493 0038447A 000A986F 0038447A 000A986F
1 11 9 238 238 494 00187B05 FFE2E124 00187B05 FFE2E124
1 11 9 239 239 495 00059736 00121CC8 00059736 00121CC8
1 11 9 240 240 496 0037FFD1 000B4433 0037FFD1 000B4433
1 11 9 241 241 497 00193230 FFE2C811 00193230 FFE2C811
1 11 9 242 242 498 00052785 0011899E 00052785 0011899E
1 11 9 243 243 499 0037B6E4 000BEE46 0037B6E4 000BEE46
1 11 9 244 244 500 0019EA0A FFE2B392 0019EA0A FFE2B392
1 11 9 245 245 501 0004BACC 0010F3BC 0004BACC 0010F3BC
1 11 9 246 246 502 003769C4 000C9656 003769C4 000C9656
1 11 9 247 247 503 001AA271 FFE2A397 001AA271 FFE2A397
1 11 9 248 248 504 00045274 00105AF0 00045274 00105AF0
1 11 9 249 249 505 003718E7 000D3CA1 003718E7 000D3CA1
1 11 9 250 250 506 001B5AF5 FFE29895 001B5AF5 FFE29895
1 11 9 251 251 507 0003ED39 000FC036 0003ED39 000FC036
1 11 9 252 252 508 0036C387 000DE0D2 0036C387 000DE0D2
1 11 9 253 253 509 001C13EA FFE29196 001C13EA FFE29196
1 11 9 254 254 510 00038C73 000F2274 00038C73 000F2274
1 11 9 255 255 511 00366A53 000E82D3 00366A53 000E82D3
